review_id,collected_at,source_url,country,language,stars,normalized_score_0_1,normalized_score_0_100,sentiment,primary_topic,review_date,review_year,text,clean_text,has_text,char_count,word_count,app_version,helpful_count,has_developer_reply,developer_reply,replied_at,notes
5d754a8e-1fde-4133-bfaa-4b5fe53bf14c,2026-09-26 00:43:31,https://play.google.com/store/apps/details?id=id.trimegah.tplus.android,ID,id,5,1.0,100.0,Positive,Transaksi & Portofolio Saham,2026-09-24 10:32:36,2026,"Menurut aku Trima+ cukup membantu karena fitur investasinya lengkap dalam satu aplikasi. Tim call center dan adminnya juga responsif dan membantu banget. Fitur Watchlist dan Form Order juga lengkap, jadi cukup membantu buat trader saham. Selain itu, ada Trima+ Picks dan Trima+ Ideas yang bisa bantu cari ide investasi. Yang paling praktis, di satu aplikasi ini bisa beli saham, reksa dana, dan obligasi sekaligus.","Menurut aku Trima+ cukup membantu karena fitur investasinya lengkap dalam satu aplikasi. Tim call center dan adminnya juga responsif dan membantu banget. Fitur Watchlist dan Form Order juga lengkap, jadi cukup membantu buat trader saham. Selain itu, ada Trima+ Picks dan Trima+ Ideas yang bisa bantu cari ide investasi. Yang paling praktis, di satu aplikasi ini bisa beli saham, reksa dana, dan obligasi sekaligus.",True,414,64,Tidak Tercatat,0,Tidak,,,Sampel ulasan publik Play Store
d23c151d-36d5-41ea-b90e-db4d55925ceb,2026-09-26 00:43:31,https://play.google.com/store/apps/details?id=id.trimegah.tplus.android,ID,id,5,1.0,100.0,Positive,Transaksi & Portofolio Saham,2026-09-24 10:15:36,2026,"aplikasi yang pas untuk pemula, fitur trima+ picks dan trima+ ideas membantu untuk mencari ide bersaham, watchlist dan form order nya juga lengkap bisa beli saham, reksa dana dan obligasi juga dalam 1 aplikasi. tim call center dan admin nya juga sangat responsif dan membantu ketika ada yang belum paham.","aplikasi yang pas untuk pemula, fitur trima+ picks dan trima+ ideas membantu untuk mencari ide bersaham, watchlist dan form order nya juga lengkap bisa beli saham, reksa dana dan obligasi juga dalam 1 aplikasi. tim call center dan admin nya juga sangat responsif dan membantu ketika ada yang belum paham.",True,304,50,1.13.5,0,Tidak,,,Sampel ulasan publik Play Store
ef53c4ea-5b32-46c8-9201-642f638c7287,2026-09-26 00:43:31,https://play.google.com/store/apps/details?id=id.trimegah.tplus.android,ID,id,5,1.0,100.0,Positive,Transaksi & Portofolio Saham,2026-09-24 09:57:01,2026,"Trima+ menurutku cukup enak dipakai, fiturnya lengkap dan nggak ribet buat dipahami. Ada watchlist, form order, sampai Trima+ Picks yang lumayan membantu pas lagi cari referensi saham","Trima+ menurutku cukup enak dipakai, fiturnya lengkap dan nggak ribet buat dipahami. Ada watchlist, form order, sampai Trima+ Picks yang lumayan membantu pas lagi cari referensi saham",True,183,27,1.13.5,0,Tidak,,,Sampel ulasan publik Play Store
6dff4f73-b61e-464d-a0f6-2d5a260cc5a3,2026-09-26 00:43:31,https://play.google.com/store/apps/details?id=id.trimegah.tplus.android,ID,id,5,1.0,100.0,Positive,Customer Service & Layanan,2026-09-24 09:56:23,2026,"Aplikasinya lumayan gampang dipahami lengkap juga fitur fiturnya, ada juga watchlist sama fitur Trima+ ideas buat cari referensi saham 👍🏻","Aplikasinya lumayan gampang dipahami lengkap juga fitur fiturnya, ada juga watchlist sama fitur Trima+ ideas buat cari referensi saham 👍🏻",True,137,20,1.13.5,0,Tidak,,,Sampel ulasan publik Play Store
5f387a8b-b971-4159-b0f7-8d7d791a7fbc,2026-09-26 00:43:31,https://play.google.com/store/apps/details?id=id.trimegah.tplus.android,ID,id,5,1.0,100.0,Positive,Transaksi & Portofolio Saham,2026-09-24 09:54:24,2026,"aplikasi yg menarik dalam satu aplikasi bisa beli saham reksadana dan obligasi , fitur yang lengkap dan mudah dipahami","aplikasi yg menarik dalam satu aplikasi bisa beli saham reksadana dan obligasi , fitur yang lengkap dan mudah dipahami",True,118,19,1.13.5,0,Tidak,,,Sampel ulasan publik Play Store
7367684a-d1ae-4c5f-9da7-16966a4fdb32,2026-09-26 00:43:31,https://play.google.com/store/apps/details?id=id.trimegah.tplus.android,ID,id,5,1.0,100.0,Positive,Fitur Analisis & Data Pasar,2026-09-24 09:52:48,2026,"Trima Picks lumayan membantu buat cari insight sebelum menentukan saham yang mau dipantau, Chart-nya juga cukup lengkap buat lihat pergerakan harga saham.","Trima Picks lumayan membantu buat cari insight sebelum menentukan saham yang mau dipantau, Chart-nya juga cukup lengkap buat lihat pergerakan harga saham.",True,154,22,1.13.5,0,Tidak,,,Sampel ulasan publik Play Store
7b198a37-7c9a-45dc-af2e-940826d847bc,2026-09-26 00:43:31,https://play.google.com/store/apps/details?id=id.trimegah.tplus.android,ID,id,5,1.0,100.0,Positive,Transaksi & Portofolio Saham,2026-09-24 08:45:47,2026,"Yang paling kepake buatku fitur Watchlist sama form ordernya, jadi kalau lagi mantau saham atau mau order, lebih praktis. Plus bisa investasi reksa dana dan obligasi juga 🤩👍🏻","Yang paling kepake buatku fitur Watchlist sama form ordernya, jadi kalau lagi mantau saham atau mau order, lebih praktis. Plus bisa investasi reksa dana dan obligasi juga 🤩👍🏻",True,174,28,Tidak Tercatat,0,Tidak,,,Sampel ulasan publik Play Store
4573e3fa-9dd1-4d25-b6e7-fcb149886a23,2026-09-26 00:43:31,https://play.google.com/store/apps/details?id=id.trimegah.tplus.android,ID,id,5,1.0,100.0,Positive,Transaksi & Portofolio Saham,2026-09-24 06:40:56,2026,"Sejauh ini nyaman banget pakai Trima+. Mau pantau saham atau cari referensi investasi jadi lebih praktis karena semuanya tersedia dalam satu aplikasi. Saya juga suka karena pilihan investasinya beragam, mulai dari saham, reksa dana, sampai obligasi. Kalau ada kendala, respons dari tim support-nya juga cepat dan ramah. Cocok buat yang ingin mengelola investasi tanpa ribet.","Sejauh ini nyaman banget pakai Trima+. Mau pantau saham atau cari referensi investasi jadi lebih praktis karena semuanya tersedia dalam satu aplikasi. Saya juga suka karena pilihan investasinya beragam, mulai dari saham, reksa dana, sampai obligasi. Kalau ada kendala, respons dari tim support-nya juga cepat dan ramah. Cocok buat yang ingin mengelola investasi tanpa ribet.",True,374,55,1.13.5,0,Tidak,,,Sampel ulasan publik Play Store
f25845e0-565f-47f3-b9bf-801ae4ea8904,2026-09-26 00:43:31,https://play.google.com/store/apps/details?id=id.trimegah.tplus.android,ID,id,5,1.0,100.0,Positive,Fitur Analisis & Data Pasar,2026-09-24 00:10:03,2026,"cuma saran aja, biar ritel makin banyak pake (LG). jangan pake saldo mengendap seperti rata rata sekuritas lain. dan belum bisa share hasil return, terus belum ada fitur foreign flow. semoga kedepannya di hadirkan fitur fitur tersebut","cuma saran aja, biar ritel makin banyak pake (LG). jangan pake saldo mengendap seperti rata rata sekuritas lain. dan belum bisa share hasil return, terus belum ada fitur foreign flow. semoga kedepannya di hadirkan fitur fitur tersebut",True,234,37,1.13.5,3,Tidak,,,Sampel ulasan publik Play Store
aa0ddc1b-1362-416f-bd99-6d46e2578a6b,2026-09-26 00:43:31,https://play.google.com/store/apps/details?id=id.trimegah.tplus.android,ID,id,5,1.0,100.0,Positive,Login & Autentikasi,2026-09-23 17:33:53,2026,"Gila sih, investasi di sini tuh praktis pisan. Mau beli saham, reksa dana, sampe obligasi bisa cukup di satu aplikasi doang, gak ribet pindah-pindah platform. Untung ada fitur Trima+ Picks & Ideas, jadi ngebantu banget pas lagi buntu nyari ide saham. Watchlist sama form order-nya juga lengkap parah. Oh ya, pernah nanya soal kendala dan admin sama tim call center-nya gercep banget balesnya, ngebantu pol!","Gila sih, investasi di sini tuh praktis pisan. Mau beli saham, reksa dana, sampe obligasi bisa cukup di satu aplikasi doang, gak ribet pindah-pindah platform. Untung ada fitur Trima+ Picks & Ideas, jadi ngebantu banget pas lagi buntu nyari ide saham. Watchlist sama form order-nya juga lengkap parah. Oh ya, pernah nanya soal kendala dan admin sama tim call center-nya gercep banget balesnya, ngebantu pol!",True,406,65,1.13.5,0,Tidak,,,Sampel ulasan publik Play Store
7977f6ca-668f-46ee-851b-2d52c608c30d,2026-09-26 00:43:31,https://play.google.com/store/apps/details?id=id.trimegah.tplus.android,ID,id,5,1.0,100.0,Positive,Apresiasi Umum & Kepuasan,2026-09-23 13:50:58,2026,"Sejauh ini aplikasi ini sangat mudah digunakan, tidak ada iklan","Sejauh ini aplikasi ini sangat mudah digunakan, tidak ada iklan",True,63,10,Tidak Tercatat,0,Tidak,,,Sampel ulasan publik Play Store
60f62229-e5c1-4dc8-9eda-cc405e64e5cd,2026-09-26 00:43:31,https://play.google.com/store/apps/details?id=id.trimegah.tplus.android,ID,id,5,1.0,100.0,Positive,Transaksi & Portofolio Saham,2026-09-23 13:41:06,2026,"Dapet rekomendasi dari temen pake app Trima plus, bisa beli saham, obligasi dan Reksadana dalam satu aplikasi aja, dipakainya juga mudah bisa watchlist dan form ordernya juga lengkap banget udah gitu bisa bantu buat trader saham mantull lah pokoknya👍🏻","Dapet rekomendasi dari temen pake app Trima plus, bisa beli saham, obligasi dan Reksadana dalam satu aplikasi aja, dipakainya juga mudah bisa watchlist dan form ordernya juga lengkap banget udah gitu bisa bantu buat trader saham mantull lah pokoknya👍🏻",True,251,39,1.13.5,0,Tidak,,,Sampel ulasan publik Play Store
f7634a7d-0a61-4ea1-9cae-8563a3b6f5ec,2026-09-26 00:43:31,https://play.google.com/store/apps/details?id=id.trimegah.tplus.android,ID,id,5,1.0,100.0,Positive,Apresiasi Umum & Kepuasan,2026-09-23 13:22:11,2026,"Aplikasinya bagus manfaat buat kita semuanya, tidak ada iklan dan lancar terus","Aplikasinya bagus manfaat buat kita semuanya, tidak ada iklan dan lancar terus",True,78,12,1.13.5,0,Tidak,,,Sampel ulasan publik Play Store
794d6ce5-5e3d-464b-abdb-8acaf5caf085,2026-09-26 00:43:31,https://play.google.com/store/apps/details?id=id.trimegah.tplus.android,ID,id,5,1.0,100.0,Positive,Transaksi & Portofolio Saham,2026-09-23 13:19:15,2026,"Tim call center dan admin sangat responsif dan membantu banget trus juga Watchlist dan form order lengkap banget, ngebantu buat trader saham dan Fitur Trima+ Picks dan Trima+ Ideas ngebantu cari ide. Dan pasti nya memudahkan untuk Bisa beli saham , reksa dana dan obligasi dalam 1 aplikasi","Tim call center dan admin sangat responsif dan membantu banget trus juga Watchlist dan form order lengkap banget, ngebantu buat trader saham dan Fitur Trima+ Picks dan Trima+ Ideas ngebantu cari ide. Dan pasti nya memudahkan untuk Bisa beli saham , reksa dana dan obligasi dalam 1 aplikasi",True,289,48,Tidak Tercatat,0,Tidak,,,Sampel ulasan publik Play Store
3d9663b2-cd98-45bf-ab2b-c0d886730874,2026-09-26 00:43:31,https://play.google.com/store/apps/details?id=id.trimegah.tplus.android,ID,id,5,1.0,100.0,Positive,Transaksi & Portofolio Saham,2026-09-23 13:05:21,2026,"trima+ punya fitur picks dan ideas yang bisa kasih solusi kalo mau bingung beli saham apa, selain itu disini jg bisa beli obligasi dan reksa dana dalam 1 aplikasi yang sama, keren bgt pokoknya 😍😍😍","trima+ punya fitur picks dan ideas yang bisa kasih solusi kalo mau bingung beli saham apa, selain itu disini jg bisa beli obligasi dan reksa dana dalam 1 aplikasi yang sama, keren bgt pokoknya 😍😍😍",True,196,35,1.13.5,0,Tidak,,,Sampel ulasan publik Play Store
b2676ce8-a7bb-469a-bba4-5f1347d1a1b2,2026-09-26 00:43:31,https://play.google.com/store/apps/details?id=id.trimegah.tplus.android,ID,id,5,1.0,100.0,Positive,Transaksi & Portofolio Saham,2026-09-23 13:03:17,2026,"Cocok Untuk: Investor medium-to-long term atau trader yang membutuhkan platform semua ada dalam satu aplikasi (saham, reksa dana, SBN/obligasi) dengan dukungan riset tepercaya dari sekuritas institusional.","Cocok Untuk: Investor medium-to-long term atau trader yang membutuhkan platform semua ada dalam satu aplikasi (saham, reksa dana, SBN/obligasi) dengan dukungan riset tepercaya dari sekuritas institusional.",True,205,26,1.13.5,0,Tidak,,,Sampel ulasan publik Play Store
2754d332-ed26-49b3-8613-a39b57d25452,2026-09-26 00:43:31,https://play.google.com/store/apps/details?id=id.trimegah.tplus.android,ID,id,5,1.0,100.0,Positive,Transaksi & Portofolio Saham,2026-09-23 13:01:13,2026,"Aplikasi investasi yang oke banget buat pemula maupun trader aktif! Pilihan instrumennya lengkap, dalam satu aplikasi udah bisa transaksi saham, reksa dana, sampai obligasi sekaligus. Fitur kaya Trima+ Picks dan Trima+ Ideas-nya juga ngebantu banget buat nyari ide/rekomendasi saham yang potensial. Selain itu, watchlist dan form order-nya lengkap banget buat analisa trader. Nilai plus lainnya, tim call center dan adminnya super responsif kalau ada kendala. Recommended!","Aplikasi investasi yang oke banget buat pemula maupun trader aktif! Pilihan instrumennya lengkap, dalam satu aplikasi udah bisa transaksi saham, reksa dana, sampai obligasi sekaligus. Fitur kaya Trima+ Picks dan Trima+ Ideas-nya juga ngebantu banget buat nyari ide/rekomendasi saham yang potensial. Selain itu, watchlist dan form order-nya lengkap banget buat analisa trader. Nilai plus lainnya, tim call center dan adminnya super responsif kalau ada kendala. Recommended!",True,472,66,1.13.5,0,Tidak,,,Sampel ulasan publik Play Store
c9a034c2-915d-475d-a613-83a4d25c9ded,2026-09-26 00:43:31,https://play.google.com/store/apps/details?id=id.trimegah.tplus.android,ID,id,5,1.0,100.0,Positive,Transaksi & Portofolio Saham,2026-09-23 13:00:06,2026,"aplikasi yg paket komplit ibarat nyaa karena untuk beli saham, reksa dana dan obligasi jadi satu di Trima+ iniii. apalagi admin nya responsif membantu bangett untuk yg baru cobaa aplikasi inii","aplikasi yg paket komplit ibarat nyaa karena untuk beli saham, reksa dana dan obligasi jadi satu di Trima+ iniii. apalagi admin nya responsif membantu bangett untuk yg baru cobaa aplikasi inii",True,192,31,1.13.5,0,Tidak,,,Sampel ulasan publik Play Store
74ed1008-3fff-4ea7-8f0e-362d68a386f4,2026-09-26 00:43:31,https://play.google.com/store/apps/details?id=id.trimegah.tplus.android,ID,id,5,1.0,100.0,Positive,Transaksi & Portofolio Saham,2026-09-23 12:59:41,2026,"Aplikasi TRIMA+ sangat membantu untuk investasi! Fitur super lengkap bisa trading saham, reksa dana, obligasi, sampai IPO dalam satu aplikasi. Daftarnya cepat, ada akun simulasi juga jadi bisa belajar dulu. Tampilan modern, ada riset teknikal & fundamental dan portfolio allocation yang jelas. Withdraw RDN juga cepat cair. Recommended banget buat pemula maupun yang sudah pro, investasi jadi mudah!","Aplikasi TRIMA+ sangat membantu untuk investasi! Fitur super lengkap bisa trading saham, reksa dana, obligasi, sampai IPO dalam satu aplikasi. Daftarnya cepat, ada akun simulasi juga jadi bisa belajar dulu. Tampilan modern, ada riset teknikal & fundamental dan portfolio allocation yang jelas. Withdraw RDN juga cepat cair. Recommended banget buat pemula maupun yang sudah pro, investasi jadi mudah!",True,399,58,1.13.5,0,Tidak,,,Sampel ulasan publik Play Store
819f018c-1eb5-4428-a423-a4c22fdc09f0,2026-09-26 00:43:31,https://play.google.com/store/apps/details?id=id.trimegah.tplus.android,ID,id,5,1.0,100.0,Positive,Transaksi & Portofolio Saham,2026-09-23 12:59:38,2026,"> Pakai Trima+ awalnya karena rekomendasi teman. Ternyata enak, tampilannya simpel nggak ribet. Paling sering pakai watchlist buat pantau saham dan fitur reksa dananya gampang banget. Penarikan dana RDN juga bisa di hari yang sama. CS nya responsif.","> Pakai Trima+ awalnya karena rekomendasi teman. Ternyata enak, tampilannya simpel nggak ribet. Paling sering pakai watchlist buat pantau saham dan fitur reksa dananya gampang banget. Penarikan dana RDN juga bisa di hari yang sama. CS nya responsif.",True,249,38,1.13.5,0,Tidak,,,Sampel ulasan publik Play Store
f0c6bbbb-5570-4877-97fb-579278a6ce1f,2026-09-26 00:43:31,https://play.google.com/store/apps/details?id=id.trimegah.tplus.android,ID,id,5,1.0,100.0,Positive,Transaksi & Portofolio Saham,2026-09-23 12:59:37,2026,"sejauh ini puas banget pakai aplikasinya. tim call center dan adminnya responsif banget kalau ada kendala, terus watchlist dan form ordernya juga lengkap jadi lebih gampang buat mantau saham. fitur Trima+ Picks dan Trima+ Ideas lumayan membantu buat cari ide saham, apalagi bisa beli saham, reksa dana, sampai obligasi dalam satu aplikasi","sejauh ini puas banget pakai aplikasinya. tim call center dan adminnya responsif banget kalau ada kendala, terus watchlist dan form ordernya juga lengkap jadi lebih gampang buat mantau saham. fitur Trima+ Picks dan Trima+ Ideas lumayan membantu buat cari ide saham, apalagi bisa beli saham, reksa dana, sampai obligasi dalam satu aplikasi",True,338,52,Tidak Tercatat,0,Tidak,,,Sampel ulasan publik Play Store
d18a6315-cf05-4b3d-9a52-61e5cd0d2c81,2026-09-26 00:43:31,https://play.google.com/store/apps/details?id=id.trimegah.tplus.android,ID,id,5,1.0,100.0,Positive,Transaksi & Portofolio Saham,2026-09-23 12:59:23,2026,"Aplikasi Trima+ sangat membantu untuk aktivitas investasi saham. Fitur watchlist dan form ordernya lengkap sehingga memudahkan memantau dan melakukan transaksi. Selain itu, fitur Trima+ Picks dan Trima+ Ideas juga membantu mendapatkan referensi ide investasi. Pelayanan tim admin dan call center juga responsif saat membutuhkan bantuan.","Aplikasi Trima+ sangat membantu untuk aktivitas investasi saham. Fitur watchlist dan form ordernya lengkap sehingga memudahkan memantau dan melakukan transaksi. Selain itu, fitur Trima+ Picks dan Trima+ Ideas juga membantu mendapatkan referensi ide investasi. Pelayanan tim admin dan call center juga responsif saat membutuhkan bantuan.",True,336,45,Tidak Tercatat,0,Tidak,,,Sampel ulasan publik Play Store
14a465ae-b007-49a3-aa27-efb703e8cacf,2026-09-26 00:43:31,https://play.google.com/store/apps/details?id=id.trimegah.tplus.android,ID,id,5,1.0,100.0,Positive,Transaksi & Portofolio Saham,2026-09-23 12:58:42,2026,"Aplikasi investasi saham yang sangat recommended! Tim call center dan admin sangat responsif dan membantu banget kalau ada kendala. Selain itu, fitur watchlist dan form order lengkap banget, ngebantu buat trader saham pemula maupun profesional. Mantapnya lagi, sekarang bisa beli saham, reksa dana, dan obligasi di dalam 1 aplikasi saja. Praktis dan efisien!","Aplikasi investasi saham yang sangat recommended! Tim call center dan admin sangat responsif dan membantu banget kalau ada kendala. Selain itu, fitur watchlist dan form order lengkap banget, ngebantu buat trader saham pemula maupun profesional. Mantapnya lagi, sekarang bisa beli saham, reksa dana, dan obligasi di dalam 1 aplikasi saja. Praktis dan efisien!",True,358,53,1.13.5,0,Tidak,,,Sampel ulasan publik Play Store
7dd67711-9c2f-4484-9edf-01e29a1a8e4c,2026-09-26 00:43:31,https://play.google.com/store/apps/details?id=id.trimegah.tplus.android,ID,id,5,1.0,100.0,Positive,Transaksi & Portofolio Saham,2026-09-23 12:57:44,2026,"aplikasinya berguna banget selain bisa beli saham, reksa dana dan bisa obligasi di dalam 1 aplikasi fiturnya juga sangat lengkap","aplikasinya berguna banget selain bisa beli saham, reksa dana dan bisa obligasi di dalam 1 aplikasi fiturnya juga sangat lengkap",True,128,20,Tidak Tercatat,0,Tidak,,,Sampel ulasan publik Play Store
47bc3404-6c4d-4909-8f0a-98253a8facf7,2026-09-26 00:43:31,https://play.google.com/store/apps/details?id=id.trimegah.tplus.android,ID,id,3,0.5,50.0,Neutral,Registrasi & Onboarding (KYC),2026-09-22 22:22:24,2026,pas daftar kok bisanya hanya 1 bank aja gak bisa pakai. bank lain??,pas daftar kok bisanya hanya 1 bank aja gak bisa pakai. bank lain??,True,67,13,1.13.5,0,Tidak,,,Sampel ulasan publik Play Store
967e98a1-9cd1-4eb4-af20-65bffc8d8f80,2026-09-26 00:43:31,https://play.google.com/store/apps/details?id=id.trimegah.tplus.android,ID,id,5,1.0,100.0,Positive,Transaksi & Portofolio Saham,2026-09-22 21:07:06,2026,"Awalnya coba Trima+ karena penasaran, ternyata cukup nyaman dipakai. Menu saham, watchlist, portfolio sampai order menurut saya gampang dicari dan nggak terlalu ribet. Saya juga suka karena bisa pantau pergerakan harga lewat chart dan melihat posisi profit/loss di portfolio. Selain saham ada reksa dana dan obligasi juga, jadi lumayan praktis karena nggak perlu pakai banyak aplikasi. Semoga ke depannya makin ringan dan stabil, terutama pas kondisi market lagi ramai.","Awalnya coba Trima+ karena penasaran, ternyata cukup nyaman dipakai. Menu saham, watchlist, portfolio sampai order menurut saya gampang dicari dan nggak terlalu ribet. Saya juga suka karena bisa pantau pergerakan harga lewat chart dan melihat posisi profit/loss di portfolio. Selain saham ada reksa dana dan obligasi juga, jadi lumayan praktis karena nggak perlu pakai banyak aplikasi. Semoga ke depannya makin ringan dan stabil, terutama pas kondisi market lagi ramai.",True,469,69,1.13.5,0,Tidak,,,Sampel ulasan publik Play Store
0c45f5ad-56f5-465d-8884-de8d19d4c671,2026-09-26 00:43:31,https://play.google.com/store/apps/details?id=id.trimegah.tplus.android,ID,id,5,1.0,100.0,Positive,Transaksi & Portofolio Saham,2026-09-22 13:22:30,2026,"aplikasi yang sangan membantu untuk trader saham,bisa untuk beli saham, reksadana dan obligasi","aplikasi yang sangan membantu untuk trader saham,bisa untuk beli saham, reksadana dan obligasi",True,94,13,1.13.5,0,Tidak,,,Sampel ulasan publik Play Store
2ba2a09d-e9b3-4953-82fc-75019e82fa56,2026-09-26 00:43:31,https://play.google.com/store/apps/details?id=id.trimegah.tplus.android,ID,id,5,1.0,100.0,Positive,Customer Service & Layanan,2026-09-22 13:09:19,2026,"sangat recommended pakai aplikasi Trima, tim call center dan admin sangat responsif dan membantu banget ,ga nyesel udah download aplikasi ini","sangat recommended pakai aplikasi Trima, tim call center dan admin sangat responsif dan membantu banget ,ga nyesel udah download aplikasi ini",True,141,21,1.13.5,0,Tidak,,,Sampel ulasan publik Play Store
e51e253c-afd7-4e41-b841-ad6343dcb0e7,2026-09-26 00:43:31,https://play.google.com/store/apps/details?id=id.trimegah.tplus.android,ID,id,5,1.0,100.0,Positive,Transaksi & Portofolio Saham,2026-09-22 13:02:56,2026,"Aplikasi Trima+ benar2 menjadi penyelamat bagi saya sebagai seorang trader saham.!Pelayanannya luar biasa krn setiap kali saya ada kendala atau pertanyaan, mereka langsung memberikan solusi dengan cepat & ramah.Fitur trading nya yg sangat menunjang,hal ini membuat proses analisis & eksekusi transaksi menjadi jauh lebih efisien.Poin paling juara adalah kita bisa beli saham,reksa dana, & obligasi di dalam 1 aplikasi saja. Aplikasi yg direkomendasikan utk pemula maupun trader profesional.!","Aplikasi Trima+ benar2 menjadi penyelamat bagi saya sebagai seorang trader saham.!Pelayanannya luar biasa krn setiap kali saya ada kendala atau pertanyaan, mereka langsung memberikan solusi dengan cepat & ramah.Fitur trading nya yg sangat menunjang,hal ini membuat proses analisis & eksekusi transaksi menjadi jauh lebih efisien.Poin paling juara adalah kita bisa beli saham,reksa dana, & obligasi di dalam 1 aplikasi saja. Aplikasi yg direkomendasikan utk pemula maupun trader profesional.!",True,491,68,1.13.5,0,Tidak,,,Sampel ulasan publik Play Store
563c492b-baa4-429c-b065-fc3dfb5a479b,2026-09-26 00:43:31,https://play.google.com/store/apps/details?id=id.trimegah.tplus.android,ID,id,5,1.0,100.0,Positive,Transaksi & Portofolio Saham,2026-09-22 12:48:52,2026,"appsnya seru bgt all in one, bisa buat beli saham, obligasi, sama reksadana. jujur ngebantu bgt buat yg baru mau nabung kaya aku","appsnya seru bgt all in one, bisa buat beli saham, obligasi, sama reksadana. jujur ngebantu bgt buat yg baru mau nabung kaya aku",True,128,23,1.13.5,0,Tidak,,,Sampel ulasan publik Play Store
efe78b25-b5d1-4273-9fcf-bd603daa8fef,2026-09-26 00:43:31,https://play.google.com/store/apps/details?id=id.trimegah.tplus.android,ID,id,5,1.0,100.0,Positive,UI/UX & Performa (Loading/Navigasi),2026-09-22 12:48:51,2026,"aplikasi nya cukup ringan, tampilan juga simple, jadi gampang dipakai","aplikasi nya cukup ringan, tampilan juga simple, jadi gampang dipakai",True,69,10,Tidak Tercatat,0,Tidak,,,Sampel ulasan publik Play Store
c4f61368-9f37-4557-a819-8a421fda0bab,2026-09-26 00:43:31,https://play.google.com/store/apps/details?id=id.trimegah.tplus.android,ID,id,5,1.0,100.0,Positive,Login & Autentikasi,2026-09-22 12:48:33,2026,"Gua suka banget sama nih aplikasi. sebab semua instrumen investasi favorit gua seperti saham, rekasadana, dan obligasi ada di satu aplikasi. Ini tuh bantu gua banget buat ngecek porto tanpa harus pindah-pindah. Sehingga gua gak perlu makan RAM hp banyak-banyak cuma buat investasi. keren banget aplikasi ini","Gua suka banget sama nih aplikasi. sebab semua instrumen investasi favorit gua seperti saham, rekasadana, dan obligasi ada di satu aplikasi. Ini tuh bantu gua banget buat ngecek porto tanpa harus pindah-pindah. Sehingga gua gak perlu makan RAM hp banyak-banyak cuma buat investasi. keren banget aplikasi ini",True,307,47,1.13.5,1,Tidak,,,Sampel ulasan publik Play Store
7aa52299-8996-4950-bdb8-63dca6168a9a,2026-09-26 00:43:31,https://play.google.com/store/apps/details?id=id.trimegah.tplus.android,ID,id,5,1.0,100.0,Positive,UI/UX & Performa (Loading/Navigasi),2026-09-22 12:48:20,2026,"Suka pakai Trima+, tampilannya sederhana dan penggunaannya cukup nyaman.","Suka pakai Trima+, tampilannya sederhana dan penggunaannya cukup nyaman.",True,72,9,1.13.5,0,Tidak,,,Sampel ulasan publik Play Store
5c6929c8-98d3-4e22-9871-7346bb28a8b4,2026-09-26 00:43:31,https://play.google.com/store/apps/details?id=id.trimegah.tplus.android,ID,id,5,1.0,100.0,Positive,Transaksi & Portofolio Saham,2026-09-22 12:48:09,2026,"aplikasi yang cukup membantu untuk pemula yang ingin terjun ke dunia saham, bisa beli saham, reksa dana dan obligasi dalam satu aplikasi. Sangat membantu","aplikasi yang cukup membantu untuk pemula yang ingin terjun ke dunia saham, bisa beli saham, reksa dana dan obligasi dalam satu aplikasi. Sangat membantu",True,153,24,Tidak Tercatat,0,Tidak,,,Sampel ulasan publik Play Store
e9833f9f-7a15-4618-8ba6-0d1526a8ede7,2026-09-26 00:43:31,https://play.google.com/store/apps/details?id=id.trimegah.tplus.android,ID,id,5,1.0,100.0,Positive,Transaksi & Portofolio Saham,2026-09-22 12:48:03,2026,"aku sangat menyukai fleksibilitas aplikasi ini karena bisa digunakan untuk berinvestasi di berbagai instrumen sekaligus dalam satu genggaman, bisa beli saham, reksa dana, dan obligasi di dalam 1 aplikasi, terdapat fitur yg menyajikan riset harian, analisis pasar, serta rekomendasi saham pilihan langsung dari tim ahli dan riset Trimegah yang berpengalaman, fleksibilitas modal & registrasi yang mudah, modal awal terjangkau ada kebijakan tanpa minimum deposit untuk pembukaan akun","aku sangat menyukai fleksibilitas aplikasi ini karena bisa digunakan untuk berinvestasi di berbagai instrumen sekaligus dalam satu genggaman, bisa beli saham, reksa dana, dan obligasi di dalam 1 aplikasi, terdapat fitur yg menyajikan riset harian, analisis pasar, serta rekomendasi saham pilihan langsung dari tim ahli dan riset Trimegah yang berpengalaman, fleksibilitas modal & registrasi yang mudah, modal awal terjangkau ada kebijakan tanpa minimum deposit untuk pembukaan akun",True,481,67,1.13.5,0,Tidak,,,Sampel ulasan publik Play Store
cc68a5c9-af6b-4ee5-8a5d-b8183c159dc5,2026-09-26 00:43:31,https://play.google.com/store/apps/details?id=id.trimegah.tplus.android,ID,id,5,1.0,100.0,Positive,Fitur Analisis & Data Pasar,2026-09-22 12:47:20,2026,"applikasi nya cukup membantu untuk pemula, dari satu aplikasi udh ada fitur yg lengkap, memudahkan banget, beruntung udah download aplikasi trima, makin berkembang terus untuk fitur fitur nya.","applikasi nya cukup membantu untuk pemula, dari satu aplikasi udh ada fitur yg lengkap, memudahkan banget, beruntung udah download aplikasi trima, makin berkembang terus untuk fitur fitur nya.",True,192,28,1.13.5,0,Tidak,,,Sampel ulasan publik Play Store
c7bbb3fb-b476-4ba7-a808-5573eab1604f,2026-09-26 00:43:31,https://play.google.com/store/apps/details?id=id.trimegah.tplus.android,ID,id,5,1.0,100.0,Positive,Login & Autentikasi,2026-09-22 12:47:01,2026,"baru nyobain aplikasi ini ternyata gampang banget buat beli saham, reksa dana, obligasi tanpa harus pindah pindah aplikasi.. dan juga team cs nya gampang bgt dihubungi jadi ga perlu khawatir bebelian disini deh","baru nyobain aplikasi ini ternyata gampang banget buat beli saham, reksa dana, obligasi tanpa harus pindah pindah aplikasi.. dan juga team cs nya gampang bgt dihubungi jadi ga perlu khawatir bebelian disini deh",True,210,33,Tidak Tercatat,0,Tidak,,,Sampel ulasan publik Play Store
be26f58d-5b77-4f11-825d-9e56d417a1da,2026-09-26 00:43:31,https://play.google.com/store/apps/details?id=id.trimegah.tplus.android,ID,id,5,1.0,100.0,Positive,Apresiasi Umum & Kepuasan,2026-09-22 12:45:57,2026,"lumayan nyaman pakai,. proses nya juga cepat.. untuk pemula yang baru mau coba pakai ga bingung deh","lumayan nyaman pakai,. proses nya juga cepat.. untuk pemula yang baru mau coba pakai ga bingung deh",True,99,17,Tidak Tercatat,0,Tidak,,,Sampel ulasan publik Play Store
8d673de9-cd6d-4c67-8fc4-722eb48bfb4b,2026-09-26 00:43:31,https://play.google.com/store/apps/details?id=id.trimegah.tplus.android,ID,id,5,1.0,100.0,Positive,Customer Service & Layanan,2026-09-22 12:45:39,2026,Tim call center dan Adminnya sangat responsif dan membantu bangetttt,Tim call center dan Adminnya sangat responsif dan membantu bangetttt,True,68,10,1.13.5,0,Tidak,,,Sampel ulasan publik Play Store
585fd298-089b-4727-883c-beebb6389705,2026-09-26 00:43:31,https://play.google.com/store/apps/details?id=id.trimegah.tplus.android,ID,id,5,1.0,100.0,Positive,Transaksi & Portofolio Saham,2026-09-22 12:45:38,2026,"Aplikasinya lengkap dan cukup membantu buat aktivitas trading saham. Watchlist dan form ordernya juga lengkap, jadi lebih praktis 👍","Aplikasinya lengkap dan cukup membantu buat aktivitas trading saham. Watchlist dan form ordernya juga lengkap, jadi lebih praktis 👍",True,131,19,Tidak Tercatat,0,Tidak,,,Sampel ulasan publik Play Store
78f73e91-ce1b-435e-bdc1-d6b5df759f5e,2026-09-26 00:43:31,https://play.google.com/store/apps/details?id=id.trimegah.tplus.android,ID,id,5,1.0,100.0,Positive,Transaksi & Portofolio Saham,2026-09-22 12:45:28,2026,"bagi yang mau nabung atau investasi bisa coba aplikasi ini. bisa beli saham, reksadana ataupun obligasi dalam 1 aplikasi udah mencakup semuanya. selain itu adminnya juga responsif bgt. rekomen deh","bagi yang mau nabung atau investasi bisa coba aplikasi ini. bisa beli saham, reksadana ataupun obligasi dalam 1 aplikasi udah mencakup semuanya. selain itu adminnya juga responsif bgt. rekomen deh",True,196,30,1.13.5,0,Tidak,,,Sampel ulasan publik Play Store
7c082e2d-7ab4-4136-9741-a01285a6bfc3,2026-09-26 00:43:31,https://play.google.com/store/apps/details?id=id.trimegah.tplus.android,ID,id,5,1.0,100.0,Positive,Login & Autentikasi,2026-09-22 12:45:26,2026,"Selama pakai aplikasi Trima+ ini,fitur nya lengakap,gampang digunakan. Bisa akses saham, reksa dana, dan obligasi dalam satu aplikasi. Gak perlu pindah-pindah aplikasi lagi","Selama pakai aplikasi Trima+ ini,fitur nya lengakap,gampang digunakan. Bisa akses saham, reksa dana, dan obligasi dalam satu aplikasi. Gak perlu pindah-pindah aplikasi lagi",True,172,23,1.13.5,0,Tidak,,,Sampel ulasan publik Play Store
f62c8633-0a15-42fb-94de-adadbbcbc72c,2026-09-26 00:43:31,https://play.google.com/store/apps/details?id=id.trimegah.tplus.android,ID,id,5,1.0,100.0,Positive,Transaksi & Portofolio Saham,2026-09-22 12:45:04,2026,"Fitur trima+ sangat wow""Sebagai pekerja sibuk, waktu sangat berharga bagi saya. Untungnya pakai Trima, karena saya bisa beli saham, reksa dana, dan obligasi dalam 1 aplikasi.","Fitur trima+ sangat wow""Sebagai pekerja sibuk, waktu sangat berharga bagi saya. Untungnya pakai Trima, karena saya bisa beli saham, reksa dana, dan obligasi dalam 1 aplikasi.",True,174,26,1.13.5,0,Tidak,,,Sampel ulasan publik Play Store
dd745f34-9be3-4b84-b071-f790877b18ef,2026-09-26 00:43:31,https://play.google.com/store/apps/details?id=id.trimegah.tplus.android,ID,id,5,1.0,100.0,Positive,Customer Service & Layanan,2026-09-22 12:43:04,2026,"salah satu keunggulan trima+ adalah call center dan adminnya luar biasa ramah dan responsif, jadi kalo kalian bingung, langsung hubungi aja guys","salah satu keunggulan trima+ adalah call center dan adminnya luar biasa ramah dan responsif, jadi kalo kalian bingung, langsung hubungi aja guys",True,144,22,1.13.5,0,Tidak,,,Sampel ulasan publik Play Store
617250b4-3be0-46e9-b69e-53e1eb83e38d,2026-09-26 00:43:31,https://play.google.com/store/apps/details?id=id.trimegah.tplus.android,ID,id,5,1.0,100.0,Positive,UI/UX & Performa (Loading/Navigasi),2026-09-22 12:42:50,2026,"Suka sama fitur trima+ picks lumayan ngebantu kalau lagi bingung cari ide saham. Tinggal lihat rekomendasi yang ada, jd gampang buat nentuin saham yg mau dipantau.","Suka sama fitur trima+ picks lumayan ngebantu kalau lagi bingung cari ide saham. Tinggal lihat rekomendasi yang ada, jd gampang buat nentuin saham yg mau dipantau.",True,163,26,Tidak Tercatat,0,Tidak,,,Sampel ulasan publik Play Store
a17b7eea-f295-4ceb-9fc0-64446921261e,2026-09-26 00:43:31,https://play.google.com/store/apps/details?id=id.trimegah.tplus.android,ID,id,5,1.0,100.0,Positive,Transaksi & Portofolio Saham,2026-09-22 12:42:40,2026,"pengalaman pake aplikasi ini, sumpah enak dan gampang banget digunainnya, buat yg mau beli saham bia pake aplikasi ini karena gampang prosesnya","pengalaman pake aplikasi ini, sumpah enak dan gampang banget digunainnya, buat yg mau beli saham bia pake aplikasi ini karena gampang prosesnya",True,143,22,Tidak Tercatat,0,Tidak,,,Sampel ulasan publik Play Store
61206484-13e3-4ce7-a5ab-598b48056c26,2026-09-26 00:43:31,https://play.google.com/store/apps/details?id=id.trimegah.tplus.android,ID,id,5,1.0,100.0,Positive,Customer Service & Layanan,2026-09-22 12:42:01,2026,"Sejauh pakai Trima+ cukup puas. Tim call center dan adminnya responsif banget, ramah, dan sangat membantu saat ada kendala. 👍","Sejauh pakai Trima+ cukup puas. Tim call center dan adminnya responsif banget, ramah, dan sangat membantu saat ada kendala. 👍",True,125,20,Tidak Tercatat,0,Tidak,,,Sampel ulasan publik Play Store
d545f876-e170-457d-81ec-0795a9b848f1,2026-09-26 00:43:31,https://play.google.com/store/apps/details?id=id.trimegah.tplus.android,ID,id,5,1.0,100.0,Positive,Customer Service & Layanan,2026-09-22 12:40:55,2026,terimakaksih tim call center dan admin yang sangat responsif dan membantu kami banget 👍,terimakaksih tim call center dan admin yang sangat responsif dan membantu kami banget 👍,True,87,14,Tidak Tercatat,0,Tidak,,,Sampel ulasan publik Play Store
0038540d-71c1-4baa-887d-962276ae931a,2026-09-26 00:43:31,https://play.google.com/store/apps/details?id=id.trimegah.tplus.android,ID,id,5,1.0,100.0,Positive,UI/UX & Performa (Loading/Navigasi),2026-09-22 12:40:02,2026,"baru coba Trima+ dan ternyata lumayan menarik juga 😭 awalnya kirain bakal ribet, tapi ternyata tampilannya cukup gampang dipahami. semoga makin berkembang dan makin banyak yang kenal Trima+ ✨","baru coba Trima+ dan ternyata lumayan menarik juga 😭 awalnya kirain bakal ribet, tapi ternyata tampilannya cukup gampang dipahami. semoga makin berkembang dan makin banyak yang kenal Trima+ ✨",True,191,29,Tidak Tercatat,0,Tidak,,,Sampel ulasan publik Play Store
f708213d-9513-46f3-ac87-b93764831fa3,2026-09-26 00:43:31,https://play.google.com/store/apps/details?id=id.trimegah.tplus.android,ID,id,5,1.0,100.0,Positive,Transaksi & Portofolio Saham,2026-09-21 19:50:30,2026,"Trema adalah jawaban untuk semua kebutuhan investasi modern. UI/UX aplikasinya sangat ramah pengguna, apalagi kita bisa beli saham reksa dana dan obligasi dalam 1 aplikasi","Trema adalah jawaban untuk semua kebutuhan investasi modern. UI/UX aplikasinya sangat ramah pengguna, apalagi kita bisa beli saham reksa dana dan obligasi dalam 1 aplikasi",True,171,25,1.13.4,0,Tidak,,,Sampel ulasan publik Play Store
7840a0a9-d14a-488b-9dd9-c59f60d687e5,2026-09-26 00:43:31,https://play.google.com/store/apps/details?id=id.trimegah.tplus.android,ID,id,5,1.0,100.0,Positive,Transaksi & Portofolio Saham,2026-09-21 19:16:26,2026,"Dulu saya harus punya tiga aplikasi berbeda untuk mengelola aset, tapi sekarang cukup pakai Trema. Hanya di sini saya bisa beli saham reksa dana dan obligasi dalam 1 aplikasi","Dulu saya harus punya tiga aplikasi berbeda untuk mengelola aset, tapi sekarang cukup pakai Trema. Hanya di sini saya bisa beli saham reksa dana dan obligasi dalam 1 aplikasi",True,174,29,1.13.4,0,Tidak,,,Sampel ulasan publik Play Store
717bd877-b240-4320-975e-fce8853ae023,2026-09-26 00:43:31,https://play.google.com/store/apps/details?id=id.trimegah.tplus.android,ID,id,5,1.0,100.0,Positive,Transaksi & Portofolio Saham,2026-09-21 18:00:44,2026,"Trima bener-bener dengerin kebutuhan investor. Gak perlu install banyak aplikasi lagi karena di sini kita bisa beli saham, reksa dana, dan obligasi dalam 1 aplikasi.","Trima bener-bener dengerin kebutuhan investor. Gak perlu install banyak aplikasi lagi karena di sini kita bisa beli saham, reksa dana, dan obligasi dalam 1 aplikasi.",True,165,25,1.13.4,0,Tidak,,,Sampel ulasan publik Play Store
c2c77c14-003e-456c-9b08-fc2a8d2ff2f4,2026-09-26 00:43:31,https://play.google.com/store/apps/details?id=id.trimegah.tplus.android,ID,id,2,0.25,25.0,Negative,Keluhan Umum Aplikasi,2026-09-21 00:15:41,2026,"mode gelap tidak ada, ukuran font terlalu kecil","mode gelap tidak ada, ukuran font terlalu kecil",True,47,8,1.13.5,0,Tidak,,,Sampel ulasan publik Play Store
f9cd70e5-3cfd-4e73-8c29-d33119098fc3,2026-09-26 00:43:31,https://play.google.com/store/apps/details?id=id.trimegah.tplus.android,ID,id,5,1.0,100.0,Positive,Transaksi & Portofolio Saham,2026-09-19 20:09:37,2026,"Sebagai investor yang suka bagi-bagi risiko, Trima Plus ini ngebantu banget. Menu navigasinya intuitif, jadi kita bisa beli saham, reksa dana, dan obligasi dalam 1 aplikasi","Sebagai investor yang suka bagi-bagi risiko, Trima Plus ini ngebantu banget. Menu navigasinya intuitif, jadi kita bisa beli saham, reksa dana, dan obligasi dalam 1 aplikasi",True,172,26,1.13.4,0,Tidak,,,Sampel ulasan publik Play Store
4acc598a-4e38-48db-bfce-25a7bd78a282,2026-09-26 00:43:31,https://play.google.com/store/apps/details?id=id.trimegah.tplus.android,ID,id,5,1.0,100.0,Positive,Apresiasi Umum & Kepuasan,2026-09-19 13:15:28,2026,terbaik,terbaik,True,7,1,Tidak Tercatat,0,Tidak,,,Sampel ulasan publik Play Store
2ea0d5f1-a735-461c-a0e9-f75fc3d88538,2026-09-26 00:43:31,https://play.google.com/store/apps/details?id=id.trimegah.tplus.android,ID,id,5,1.0,100.0,Positive,Transaksi & Portofolio Saham,2026-09-18 16:08:42,2026,"Pengalaman Investasi yang Mulus""Sudah coba beberapa aplikasi sekuritas, tapi Trima tetap jadi favorit. Transaksinya lancar dan menunya rapi. Poin paling plus adalah kita bisa beli saham, reksa dana, dan obligasi dalam 1 aplikasi. Sangat mendukung buat yang mau konsisten menerapkan strategi diversifikasi aset.""","Pengalaman Investasi yang Mulus""Sudah coba beberapa aplikasi sekuritas, tapi Trima tetap jadi favorit. Transaksinya lancar dan menunya rapi. Poin paling plus adalah kita bisa beli saham, reksa dana, dan obligasi dalam 1 aplikasi. Sangat mendukung buat yang mau konsisten menerapkan strategi diversifikasi aset.""",True,311,43,1.13.4,0,Tidak,,,Sampel ulasan publik Play Store
bc2fd3ab-b3b8-4277-9a3c-410e61cf2509,2026-09-26 00:43:31,https://play.google.com/store/apps/details?id=id.trimegah.tplus.android,ID,id,5,1.0,100.0,Positive,Transaksi & Portofolio Saham,2026-09-18 16:07:18,2026,"Keamanan Terjamin dan Pilihan Lengkap""Investasi jadi terasa lebih aman dan nyaman. Trima terbukti tepercaya dan fiturnya lengkap sekali. Keren banget karena kita bisa beli saham, reksa dana, dan obligasi dalam 1 aplikasi. Fitur analisis pasarnya juga sangat membantu saya dalam mengambil keputusan investasi","Keamanan Terjamin dan Pilihan Lengkap""Investasi jadi terasa lebih aman dan nyaman. Trima terbukti tepercaya dan fiturnya lengkap sekali. Keren banget karena kita bisa beli saham, reksa dana, dan obligasi dalam 1 aplikasi. Fitur analisis pasarnya juga sangat membantu saya dalam mengambil keputusan investasi",True,307,43,Tidak Tercatat,0,Tidak,,,Sampel ulasan publik Play Store
cca62fa8-73d5-40f4-bf2b-256b05cbbfed,2026-09-26 00:43:31,https://play.google.com/store/apps/details?id=id.trimegah.tplus.android,ID,id,5,1.0,100.0,Positive,Transaksi & Portofolio Saham,2026-09-18 16:03:05,2026,"Fitur All-in-One yang Hemat Waktu""Sebagai pekerja sibuk, waktu sangat berharga bagi saya. Untungnya pakai Trima, karena saya bisa beli saham, reksa dana, dan obligasi dalam 1 aplikasi. Tidak perlu lagi download banyak aplikasi yang bikin memori HP penuh. Semua kebutuhan investasi masa depan saya terpenuhi di sini.","Fitur All-in-One yang Hemat Waktu""Sebagai pekerja sibuk, waktu sangat berharga bagi saya. Untungnya pakai Trima, karena saya bisa beli saham, reksa dana, dan obligasi dalam 1 aplikasi. Tidak perlu lagi download banyak aplikasi yang bikin memori HP penuh. Semua kebutuhan investasi masa depan saya terpenuhi di sini.",True,315,47,1.13.5,2,Tidak,,,Sampel ulasan publik Play Store
15a4b6b9-28b7-49c7-ae74-10d64db673ba,2026-09-26 00:43:31,https://play.google.com/store/apps/details?id=id.trimegah.tplus.android,ID,id,5,1.0,100.0,Positive,Login & Autentikasi,2026-09-18 16:02:34,2026,"Aplikasi Trima ini sangat praktis dan mempermudah hidup saya sebagai investor. Sekarang, saya bisa beli saham, reksa dana, dan obligasi dalam 1 aplikasi tanpa perlu repot pindah platform lagi. Proses pendaftaran cepat dan performa aplikasinya sangat stabil untuk memantau seluruh portofolio investasi saya.""","Aplikasi Trima ini sangat praktis dan mempermudah hidup saya sebagai investor. Sekarang, saya bisa beli saham, reksa dana, dan obligasi dalam 1 aplikasi tanpa perlu repot pindah platform lagi. Proses pendaftaran cepat dan performa aplikasinya sangat stabil untuk memantau seluruh portofolio investasi saya.""",True,307,43,Tidak Tercatat,0,Tidak,,,Sampel ulasan publik Play Store
3872146d-a540-491f-9908-7b3c10aae4ca,2026-09-26 00:43:31,https://play.google.com/store/apps/details?id=id.trimegah.tplus.android,ID,id,1,0.0,0.0,Negative,Registrasi & Onboarding (KYC),2026-09-18 15:10:59,2026,"udah punya rekening bca sekarang masalah nya ada di aplikasi, jadi yaa g jadi registrasi deh.","udah punya rekening bca sekarang masalah nya ada di aplikasi, jadi yaa g jadi registrasi deh.",True,93,16,1.13.4,0,Tidak,,,Sampel ulasan publik Play Store
1af2725b-5b69-4dd0-948b-b8ac382a884e,2026-09-26 00:43:31,https://play.google.com/store/apps/details?id=id.trimegah.tplus.android,ID,id,2,0.25,25.0,Negative,Transaksi & Portofolio Saham,2026-09-18 10:38:20,2026,dana tidak bisa di tarik aneh,dana tidak bisa di tarik aneh,True,29,6,1.13.4,0,Tidak,,,Sampel ulasan publik Play Store
065d3454-345f-4b0c-a33c-d8292eff1b56,2026-09-26 00:43:31,https://play.google.com/store/apps/details?id=id.trimegah.tplus.android,ID,id,5,1.0,100.0,Positive,UI/UX & Performa (Loading/Navigasi),2026-09-18 06:19:48,2026,cara registrasi di aplikasi ini sangat memudahkan fiturnya juga sangat mudah karna tampilannya sekarang jauh lebih enak dan nyaman dilihat ada notifikasi harganya juga,cara registrasi di aplikasi ini sangat memudahkan fiturnya juga sangat mudah karna tampilannya sekarang jauh lebih enak dan nyaman dilihat ada notifikasi harganya juga,True,167,24,Tidak Tercatat,0,Tidak,,,Sampel ulasan publik Play Store
60fd0c93-b3e6-4d5d-b83e-9a60554ebdd0,2026-09-26 00:43:31,https://play.google.com/store/apps/details?id=id.trimegah.tplus.android,ID,id,5,1.0,100.0,Positive,Transaksi & Portofolio Saham,2026-09-17 18:34:06,2026,Proses pendaftaran cepat dan nggak ribet. Dalam hitungan hari akun RDN sudah aktif dan bisa langsung trading,Proses pendaftaran cepat dan nggak ribet. Dalam hitungan hari akun RDN sudah aktif dan bisa langsung trading,True,108,17,Tidak Tercatat,0,Tidak,,,Sampel ulasan publik Play Store
4486c233-bd06-4916-b204-50a88443f71a,2026-09-26 00:43:31,https://play.google.com/store/apps/details?id=id.trimegah.tplus.android,ID,id,5,1.0,100.0,Positive,Apresiasi Umum & Kepuasan,2026-09-17 18:25:17,2026,Aplikasi tergolong ringan dan jarang lag pas jam buka bursa. Mantap Trimegah,Aplikasi tergolong ringan dan jarang lag pas jam buka bursa. Mantap Trimegah,True,76,12,1.13.4,0,Tidak,,,Sampel ulasan publik Play Store
a05f23ec-f55f-43c7-bc1e-897482ac6c66,2026-09-26 00:43:31,https://play.google.com/store/apps/details?id=id.trimegah.tplus.android,ID,id,5,1.0,100.0,Positive,Transaksi & Portofolio Saham,2026-09-17 18:19:53,2026,"Satu aplikasi udah bisa buat investasi saham sekaligus reksadana, serba praktis!","Satu aplikasi udah bisa buat investasi saham sekaligus reksadana, serba praktis!",True,80,11,1.13.4,0,Tidak,,,Sampel ulasan publik Play Store
b6bd5409-ceeb-4024-a76c-191d2404530f,2026-09-26 00:43:31,https://play.google.com/store/apps/details?id=id.trimegah.tplus.android,ID,id,5,1.0,100.0,Positive,Fitur Analisis & Data Pasar,2026-09-17 18:19:20,2026,Notifikasi rekomendasi saham harian sangat membantu buat yang nggak sempat analisis teknikal sendiri,Notifikasi rekomendasi saham harian sangat membantu buat yang nggak sempat analisis teknikal sendiri,True,100,13,Tidak Tercatat,0,Tidak,,,Sampel ulasan publik Play Store
c2704497-bcea-4c2e-ac13-a34b50b0be0d,2026-09-26 00:43:31,https://play.google.com/store/apps/details?id=id.trimegah.tplus.android,ID,id,5,1.0,100.0,Positive,Customer Service & Layanan,2026-09-17 18:09:51,2026,Customer service dari Trimegah Sekuritas sangat responsif dan membantu saat ada kendala teknis,Customer service dari Trimegah Sekuritas sangat responsif dan membantu saat ada kendala teknis,True,94,13,Tidak Tercatat,0,Tidak,,,Sampel ulasan publik Play Store
249c5d73-a18c-4b8c-b057-1b1c99e90ee7,2026-09-26 00:43:31,https://play.google.com/store/apps/details?id=id.trimegah.tplus.android,ID,id,5,1.0,100.0,Positive,Fitur Analisis & Data Pasar,2026-09-16 22:21:55,2026,"Saya sebagai nasabah baru LG cocok banget buat pemula. tapi kekurangan cuma masih ada saldo mengendap 100rb aja, saran kalo bisa di hilangkan aja saldo mengendap nya. dan belum ada fitur share hasil trade Win/loss nya.","Saya sebagai nasabah baru LG cocok banget buat pemula. tapi kekurangan cuma masih ada saldo mengendap 100rb aja, saran kalo bisa di hilangkan aja saldo mengendap nya. dan belum ada fitur share hasil trade Win/loss nya.",True,218,36,Tidak Tercatat,0,Tidak,,,Sampel ulasan publik Play Store
8cc58500-3702-47b5-bd7c-bebf257e9204,2026-09-26 00:43:31,https://play.google.com/store/apps/details?id=id.trimegah.tplus.android,ID,id,5,1.0,100.0,Positive,Customer Service & Layanan,2026-09-16 20:46:53,2026,"aplikasinya mudah banget digunakan.. ga khawatir sama kendala krna ada Tim call center dan tim admin yang ready, sangat responsif dan membantu bgt mengatasi keresahan..","aplikasinya mudah banget digunakan.. ga khawatir sama kendala krna ada Tim call center dan tim admin yang ready, sangat responsif dan membantu bgt mengatasi keresahan..",True,168,25,1.13.4,0,Tidak,,,Sampel ulasan publik Play Store
9be2e631-18ed-4a75-8b60-289946140390,2026-09-26 00:43:31,https://play.google.com/store/apps/details?id=id.trimegah.tplus.android,ID,id,5,1.0,100.0,Positive,Transaksi & Portofolio Saham,2026-09-16 00:23:33,2026,"Fitur Trima+ lengkap banget Dalam 1 app bisa saham, reksa dana & obligasi. UI barunya clean, buka akun online cepat, ada Trima+ Picks & Ideas, watchlist akurat, order obligasi IPO bisa langsung. Penarikan dana same-day. All-in-one investment paling praktis!","Fitur Trima+ lengkap banget Dalam 1 app bisa saham, reksa dana & obligasi. UI barunya clean, buka akun online cepat, ada Trima+ Picks & Ideas, watchlist akurat, order obligasi IPO bisa langsung. Penarikan dana same-day. All-in-one investment paling praktis!",True,257,39,1.13.4,0,Tidak,,,Sampel ulasan publik Play Store
eec3223e-cb4b-4fcc-bc41-ac29cc3e76bd,2026-09-26 00:43:31,https://play.google.com/store/apps/details?id=id.trimegah.tplus.android,ID,id,5,1.0,100.0,Positive,Transaksi & Portofolio Saham,2026-09-15 14:02:36,2026,tim admin nya gercep aplikasi lengkap ga lemot definisi 3in1 sihh karena bisa beli saham reksa dana dan obligasi dalam 1aplikasi ajaa,tim admin nya gercep aplikasi lengkap ga lemot definisi 3in1 sihh karena bisa beli saham reksa dana dan obligasi dalam 1aplikasi ajaa,True,133,22,Tidak Tercatat,0,Tidak,,,Sampel ulasan publik Play Store
ec406af2-e8e0-4193-aab8-93ffd1b9fa39,2026-09-26 00:43:31,https://play.google.com/store/apps/details?id=id.trimegah.tplus.android,ID,id,5,1.0,100.0,Positive,Transaksi & Portofolio Saham,2026-09-14 18:22:12,2026,"Fitur nya tidak bikin pusing, selain itu bisa beli saham obligasi dalam 1 aplikasi kereeeeeennnn","Fitur nya tidak bikin pusing, selain itu bisa beli saham obligasi dalam 1 aplikasi kereeeeeennnn",True,96,15,1.13.4,0,Tidak,,,Sampel ulasan publik Play Store
c1f5adfb-6eeb-4888-8d62-a2e92e607ff9,2026-09-26 00:43:31,https://play.google.com/store/apps/details?id=id.trimegah.tplus.android,ID,id,5,1.0,100.0,Positive,Login & Autentikasi,2026-09-14 16:09:02,2026,"Gak perlu pindah-pindah platform, kamu bisa beli saham, reksa dana, dan obligasi langsung di satu aplikasi.","Gak perlu pindah-pindah platform, kamu bisa beli saham, reksa dana, dan obligasi langsung di satu aplikasi.",True,107,16,Tidak Tercatat,0,Tidak,,,Sampel ulasan publik Play Store
d6e4a323-f645-4dad-a846-f20e19e8717c,2026-09-26 00:43:31,https://play.google.com/store/apps/details?id=id.trimegah.tplus.android,ID,id,5,1.0,100.0,Positive,Transaksi & Portofolio Saham,2026-09-14 15:52:59,2026,"kelola portofolio saham, reksa dana, dan obligasi kamu secara efisien hanya melalui satu aplikasi","kelola portofolio saham, reksa dana, dan obligasi kamu secara efisien hanya melalui satu aplikasi",True,97,14,1.13.4,0,Tidak,,,Sampel ulasan publik Play Store
9814cff9-3f14-433c-89d0-2f5dd5c570e1,2026-09-26 00:43:31,https://play.google.com/store/apps/details?id=id.trimegah.tplus.android,ID,id,5,1.0,100.0,Positive,Transaksi & Portofolio Saham,2026-09-13 13:57:21,2026,"bisa beli saham ,reksa dana dan obligasi dalam 1 aplikasi. nyaman digunakan ui nya .","bisa beli saham ,reksa dana dan obligasi dalam 1 aplikasi. nyaman digunakan ui nya .",True,84,15,Tidak Tercatat,0,Tidak,,,Sampel ulasan publik Play Store
ec0f2050-cf1f-4695-b1ee-e47c8338ba41,2026-09-26 00:43:31,https://play.google.com/store/apps/details?id=id.trimegah.tplus.android,ID,id,5,1.0,100.0,Positive,Customer Service & Layanan,2026-09-13 13:47:03,2026,"Tim call center dan admin sangat responsif dan membantu banget, rekomendasi","Tim call center dan admin sangat responsif dan membantu banget, rekomendasi",True,75,11,Tidak Tercatat,0,Tidak,,,Sampel ulasan publik Play Store
51445bbf-66c5-4398-ae0a-c71e2bcf3066,2026-09-26 00:43:31,https://play.google.com/store/apps/details?id=id.trimegah.tplus.android,ID,id,5,1.0,100.0,Positive,Transaksi & Portofolio Saham,2026-09-13 13:42:18,2026,Fitur trima picks dan trima membantu cari ide bersalamhm bsa membeli saham reksa dana dan oblihasi dlm 1 apk,Fitur trima picks dan trima membantu cari ide bersalamhm bsa membeli saham reksa dana dan oblihasi dlm 1 apk,True,108,19,Tidak Tercatat,0,Tidak,,,Sampel ulasan publik Play Store
f315dd70-7a18-49ca-9f1d-7f83b08c9772,2026-09-26 00:43:31,https://play.google.com/store/apps/details?id=id.trimegah.tplus.android,ID,id,5,1.0,100.0,Positive,Transaksi & Portofolio Saham,2026-09-13 13:39:34,2026,"Fitur Terima+ Ideas ngebantu banget cari ide besaran. Saya awalnya cuma punya warung kelontong, abis baca ide 'Jualan Frozen Food' langsung coba. Sekarang ada tambahan income 2 juta/bulan. Kontennya simpel & gampang dipraktekin","Fitur Terima+ Ideas ngebantu banget cari ide besaran. Saya awalnya cuma punya warung kelontong, abis baca ide 'Jualan Frozen Food' langsung coba. Sekarang ada tambahan income 2 juta/bulan. Kontennya simpel & gampang dipraktekin",True,227,33,Tidak Tercatat,0,Tidak,,,Sampel ulasan publik Play Store
bc5fa74f-88ce-45a3-b047-c55a1dd689e8,2026-09-26 00:43:31,https://play.google.com/store/apps/details?id=id.trimegah.tplus.android,ID,id,5,1.0,100.0,Positive,UI/UX & Performa (Loading/Navigasi),2026-09-12 18:54:08,2026,"sudah bagus menurut saya, namun tolong disediakan mode gelapnya biar lebih nyaman di mata","sudah bagus menurut saya, namun tolong disediakan mode gelapnya biar lebih nyaman di mata",True,89,14,1.13.4,0,Tidak,,,Sampel ulasan publik Play Store
dcb6ba56-5629-4a76-b294-78821c02c781,2026-09-26 00:43:31,https://play.google.com/store/apps/details?id=id.trimegah.tplus.android,ID,id,5,1.0,100.0,Positive,Transaksi & Portofolio Saham,2026-09-11 15:48:21,2026,"Watchlist dan form order lengkap banget, ngebantu buat trader saham dan pengguna senantiasa menjaga keutuhan apk","Watchlist dan form order lengkap banget, ngebantu buat trader saham dan pengguna senantiasa menjaga keutuhan apk",True,112,16,Tidak Tercatat,0,Tidak,,,Sampel ulasan publik Play Store
99efca2c-dc80-432a-8693-5ad1b46256dd,2026-09-26 00:43:31,https://play.google.com/store/apps/details?id=id.trimegah.tplus.android,ID,id,5,1.0,100.0,Positive,Fitur Analisis & Data Pasar,2026-09-11 15:45:03,2026,Fitur Trima+ Picks trima plus banyak banget dan berguna,Fitur Trima+ Picks trima plus banyak banget dan berguna,True,55,9,1.13.4,0,Tidak,,,Sampel ulasan publik Play Store
5cba538e-4e3c-4834-956f-19ab96326bbc,2026-09-26 00:43:31,https://play.google.com/store/apps/details?id=id.trimegah.tplus.android,ID,id,1,0.0,0.0,Negative,Keluhan Umum Aplikasi,2026-09-11 15:25:21,2026,segala dipersulit,segala dipersulit,True,17,2,1.13.4,0,Tidak,,,Sampel ulasan publik Play Store
e7dc13f5-0443-4de1-84a3-f5c7c67e7665,2026-09-26 00:43:31,https://play.google.com/store/apps/details?id=id.trimegah.tplus.android,ID,id,5,1.0,100.0,Positive,UI/UX & Performa (Loading/Navigasi),2026-09-11 15:12:29,2026,Fitur Trima+ Picks dan Trima+ Ideas ngebantu cari ide berlajar saham dan di setujui,Fitur Trima+ Picks dan Trima+ Ideas ngebantu cari ide berlajar saham dan di setujui,True,83,14,1.13.4,0,Tidak,,,Sampel ulasan publik Play Store
18739fb2-4151-47df-81d1-c44acaf80e00,2026-09-26 00:43:31,https://play.google.com/store/apps/details?id=id.trimegah.tplus.android,ID,id,5,1.0,100.0,Positive,Transaksi & Portofolio Saham,2026-09-11 15:00:47,2026,Analisis grafik yang interaktif dan lengkap membantu kamu memahami tren dan pola pergerakan harga saham dan reksa dana,Analisis grafik yang interaktif dan lengkap membantu kamu memahami tren dan pola pergerakan harga saham dan reksa dana,True,118,18,Tidak Tercatat,0,Tidak,,,Sampel ulasan publik Play Store
d8caeb99-da1a-4caf-b83d-f3978198194a,2026-09-26 00:43:31,https://play.google.com/store/apps/details?id=id.trimegah.tplus.android,ID,id,5,1.0,100.0,Positive,Transaksi & Portofolio Saham,2026-09-11 14:25:56,2026,"Bisa beli saham, reksa dana, dan obligasi di dalam 1 aplikasi pake aplikasi trima plus emang gak ada obat","Bisa beli saham, reksa dana, dan obligasi di dalam 1 aplikasi pake aplikasi trima plus emang gak ada obat",True,105,19,1.13.4,0,Tidak,,,Sampel ulasan publik Play Store
a4a34fcb-d711-48e6-89cd-2e520983d95b,2026-09-26 00:43:31,https://play.google.com/store/apps/details?id=id.trimegah.tplus.android,ID,id,5,1.0,100.0,Positive,Transaksi & Portofolio Saham,2026-09-10 22:43:49,2026,"disini bisa satu aplikasi untuk membeli saham, reksa dana, dan obligasi secara praktis dan mudah, sangatt woww.","disini bisa satu aplikasi untuk membeli saham, reksa dana, dan obligasi secara praktis dan mudah, sangatt woww.",True,111,17,1.13.4,0,Tidak,,,Sampel ulasan publik Play Store
382a8ddb-7fef-4035-9f03-3f7d2e3be9c7,2026-09-26 00:43:31,https://play.google.com/store/apps/details?id=id.trimegah.tplus.android,ID,id,5,1.0,100.0,Positive,Transaksi & Portofolio Saham,2026-09-10 21:16:45,2026,"Menurut saya aplikasinya cukup mudah digunakan. Fitur watchlist dan form order juga lengkap, jadi lebih praktis saat memantau saham. Tampilan aplikasinya cukup nyaman dan informasinya mudah ditemukan","Menurut saya aplikasinya cukup mudah digunakan. Fitur watchlist dan form order juga lengkap, jadi lebih praktis saat memantau saham. Tampilan aplikasinya cukup nyaman dan informasinya mudah ditemukan",True,199,27,1.13.4,0,Tidak,,,Sampel ulasan publik Play Store
63067c82-2104-4ea4-85a0-9d3f3ccacc13,2026-09-26 00:43:31,https://play.google.com/store/apps/details?id=id.trimegah.tplus.android,ID,id,5,1.0,100.0,Positive,Transaksi & Portofolio Saham,2026-09-10 20:20:36,2026,"Trima+ memudahkan investasi saya! Bisa beli saham, reksa dana, dan obligasi dalam satu aplikasi. Fitur Trima+ Picks membantu banget cari ide investasi yang bagus. Watchlist dan fitur transaksinya lengkap, call center ramah dan cepat tanggap. Mantap!","Trima+ memudahkan investasi saya! Bisa beli saham, reksa dana, dan obligasi dalam satu aplikasi. Fitur Trima+ Picks membantu banget cari ide investasi yang bagus. Watchlist dan fitur transaksinya lengkap, call center ramah dan cepat tanggap. Mantap!",True,249,36,Tidak Tercatat,0,Tidak,,,Sampel ulasan publik Play Store
4b79f4b0-03fc-48cf-817a-1a2ff241675f,2026-09-26 00:43:31,https://play.google.com/store/apps/details?id=id.trimegah.tplus.android,ID,id,5,1.0,100.0,Positive,Transaksi & Portofolio Saham,2026-09-10 20:17:06,2026,"makin semangat utk belajar trading saham & cari cuan. CS selalu membantu dgn ramah dan cepat. praktis banget karena bisa beli saham, reksa dana, n obligasi disini","makin semangat utk belajar trading saham & cari cuan. CS selalu membantu dgn ramah dan cepat. praktis banget karena bisa beli saham, reksa dana, n obligasi disini",True,162,27,Tidak Tercatat,0,Tidak,,,Sampel ulasan publik Play Store
6c586e76-d674-48f9-8fb7-842828eccb24,2026-09-26 00:43:31,https://play.google.com/store/apps/details?id=id.trimegah.tplus.android,ID,id,5,1.0,100.0,Positive,Transaksi & Portofolio Saham,2026-09-10 20:08:33,2026,"Pengalaman pakainya sangat nyaman. Watchlist dan form order lengkap banget, ngebantu banget buat pantau pasar. Trima+ Ideas dan rekomendasi sahamnya akurat dan bermanfaat. Semua kebutuhan investasi ada di satu aplikasi, call center responsif dan ramah","Pengalaman pakainya sangat nyaman. Watchlist dan form order lengkap banget, ngebantu banget buat pantau pasar. Trima+ Ideas dan rekomendasi sahamnya akurat dan bermanfaat. Semua kebutuhan investasi ada di satu aplikasi, call center responsif dan ramah",True,251,35,1.13.4,0,Tidak,,,Sampel ulasan publik Play Store
563e66e4-07e7-48ee-a7fe-b99c1a0e6df6,2026-09-26 00:43:31,https://play.google.com/store/apps/details?id=id.trimegah.tplus.android,ID,id,5,1.0,100.0,Positive,UI/UX & Performa (Loading/Navigasi),2026-09-10 20:07:54,2026,"Aplikasinya mudah digunakan, tampilannya simpel, prosesnya cepat, dan fitur-fiturnya cukup lengkap untuk kebutuhan sehari-hari.","Aplikasinya mudah digunakan, tampilannya simpel, prosesnya cepat, dan fitur-fiturnya cukup lengkap untuk kebutuhan sehari-hari.",True,127,14,1.13.4,0,Tidak,,,Sampel ulasan publik Play Store
e20f4f86-5442-4b4b-b65b-d3d3d54e52c8,2026-09-26 00:43:31,https://play.google.com/store/apps/details?id=id.trimegah.tplus.android,ID,id,5,1.0,100.0,Positive,Fitur Analisis & Data Pasar,2026-09-10 19:03:23,2026,Fitur Trima+ Picks dan Trima+ Ideas cukup membantu untuk menemukan referensi sebelum menentukan pilihan investasi.,Fitur Trima+ Picks dan Trima+ Ideas cukup membantu untuk menemukan referensi sebelum menentukan pilihan investasi.,True,114,15,1.13.4,0,Tidak,,,Sampel ulasan publik Play Store
590116a7-95f8-4747-a1a4-c4efceb909d8,2026-09-26 00:43:31,https://play.google.com/store/apps/details?id=id.trimegah.tplus.android,ID,id,5,1.0,100.0,Positive,Transaksi & Portofolio Saham,2026-09-10 18:23:57,2026,"Sejauh ini Trima+ cukup membantu, fitur watchlist dan form order praktis untuk trader saham. Trima+ Picks dan Ideas juga lumayan membantu cari ide investasi.","Sejauh ini Trima+ cukup membantu, fitur watchlist dan form order praktis untuk trader saham. Trima+ Picks dan Ideas juga lumayan membantu cari ide investasi.",True,157,24,1.13.4,0,Tidak,,,Sampel ulasan publik Play Store
8980c074-5816-44ef-80f9-8baf1a568d9d,2026-09-26 00:43:31,https://play.google.com/store/apps/details?id=id.trimegah.tplus.android,ID,id,5,1.0,100.0,Positive,Transaksi & Portofolio Saham,2026-09-10 17:54:48,2026,"Menurutku Trima+ cukup lengkap buat yang lagi aktif trading saham, apalagi ada Watchlist, form order, Trima+ Picks, dan Trima+ Ideas yang bikin cari ide investasi jadi lebih praktis. Belum lagi saham, reksa dana, sampai obligasi bisa diakses dalam satu aplikasi, dan tim call center serta adminnya juga responsif saat butuh bantuan.","Menurutku Trima+ cukup lengkap buat yang lagi aktif trading saham, apalagi ada Watchlist, form order, Trima+ Picks, dan Trima+ Ideas yang bikin cari ide investasi jadi lebih praktis. Belum lagi saham, reksa dana, sampai obligasi bisa diakses dalam satu aplikasi, dan tim call center serta adminnya juga responsif saat butuh bantuan.",True,332,51,Tidak Tercatat,0,Tidak,,,Sampel ulasan publik Play Store
d1458d5d-1536-4c46-9c4f-4f67d4eb511a,2026-09-26 00:43:31,https://play.google.com/store/apps/details?id=id.trimegah.tplus.android,ID,id,5,1.0,100.0,Positive,UI/UX & Performa (Loading/Navigasi),2026-09-10 17:41:32,2026,"Sejauh ini nyaman banget dipakai, tampilannya jelas dan fitur-fiturnya cukup lengkap. Buat yang baru mulai investasi juga menurutku aplikasinya cukup membantu karena informasinya mudah ditemukan dan proses transaksinya praktis.","Sejauh ini nyaman banget dipakai, tampilannya jelas dan fitur-fiturnya cukup lengkap. Buat yang baru mulai investasi juga menurutku aplikasinya cukup membantu karena informasinya mudah ditemukan dan proses transaksinya praktis.",True,227,29,1.13.4,0,Tidak,,,Sampel ulasan publik Play Store
e6a767f4-c6d3-433e-9445-c504a83f2408,2026-09-26 00:43:31,https://play.google.com/store/apps/details?id=id.trimegah.tplus.android,ID,id,5,1.0,100.0,Positive,Customer Service & Layanan,2026-09-10 17:19:13,2026,"aplikasi nya bagus mudah digunakan interface simpel,proses cepat,aman dan terpercaya,customer service ramah transaksi lancar,aplikasi ringan,fitur lengkap","aplikasi nya bagus mudah digunakan interface simpel,proses cepat,aman dan terpercaya,customer service ramah transaksi lancar,aplikasi ringan,fitur lengkap",True,154,16,1.13.4,0,Tidak,,,Sampel ulasan publik Play Store
e5e36b14-d77d-4ed4-a8b5-40b35053a5a8,2026-09-26 00:43:31,https://play.google.com/store/apps/details?id=id.trimegah.tplus.android,ID,id,5,1.0,100.0,Positive,Transaksi & Portofolio Saham,2026-09-10 17:05:08,2026,"Aplikasinya enak buat pemula, bisa beli saham, reksa dana, dan obligasi dalam 1 aplikasi. Fitur Trima+ Picks dan Trima+ Ideas ngebantu cari ide. Watchlist dan form order lengkap banget ngebantu buat trader saham. Tim call center dan admin sangat responsif dan membantu banget pas aku nanya.","Aplikasinya enak buat pemula, bisa beli saham, reksa dana, dan obligasi dalam 1 aplikasi. Fitur Trima+ Picks dan Trima+ Ideas ngebantu cari ide. Watchlist dan form order lengkap banget ngebantu buat trader saham. Tim call center dan admin sangat responsif dan membantu banget pas aku nanya.",True,290,46,1.13.4,2,Tidak,,,Sampel ulasan publik Play Store
da98210e-dc10-4ed6-a214-58513d2ae8f8,2026-09-26 00:43:31,https://play.google.com/store/apps/details?id=id.trimegah.tplus.android,ID,id,5,1.0,100.0,Positive,Transaksi & Portofolio Saham,2026-09-10 16:43:00,2026,"Aplikasi yang sangat bagus di gunakan , saya akan mencoba beli dan belajar saham , reksa dana dan obligasi disni. terimakasih Trima+","Aplikasi yang sangat bagus di gunakan , saya akan mencoba beli dan belajar saham , reksa dana dan obligasi disni. terimakasih Trima+",True,132,22,1.13.4,0,Tidak,,,Sampel ulasan publik Play Store
9080a1bd-17bf-497c-a3f6-6772d136e70f,2026-09-26 00:43:31,https://play.google.com/store/apps/details?id=id.trimegah.tplus.android,ID,id,5,1.0,100.0,Positive,UI/UX & Performa (Loading/Navigasi),2026-09-10 16:39:40,2026,"Aplikasi TRIMA+ cukup mudah dipahami dan tampilannya juga simpel. Fitur-fiturnya jelas, jadi nggak butuh waktu lama buat terbiasa pakainya. Sejauh ini pengalaman menggunakan Trima Plus cukup nyaman.","Aplikasi TRIMA+ cukup mudah dipahami dan tampilannya juga simpel. Fitur-fiturnya jelas, jadi nggak butuh waktu lama buat terbiasa pakainya. Sejauh ini pengalaman menggunakan Trima Plus cukup nyaman.",True,198,27,Tidak Tercatat,0,Tidak,,,Sampel ulasan publik Play Store
a2e0d35f-19a2-4e8c-b12a-cc8f7f3d0f0f,2026-09-26 00:43:31,https://play.google.com/store/apps/details?id=id.trimegah.tplus.android,ID,id,5,1.0,100.0,Positive,Customer Service & Layanan,2026-09-10 16:37:09,2026,"Fitur Trima Picks membantu trader saham, admin sangat responsif banget...","Fitur Trima Picks membantu trader saham, admin sangat responsif banget...",True,73,10,1.13.4,0,Tidak,,,Sampel ulasan publik Play Store
13948738-914b-4dfe-8d69-c65b10dc505d,2026-09-26 00:43:31,https://play.google.com/store/apps/details?id=id.trimegah.tplus.android,ID,id,5,1.0,100.0,Positive,Customer Service & Layanan,2026-09-10 16:23:28,2026,Pengalaman pertama kali pakai Trima+ dan kaget tim call center dan admin sangat responsif dan membantu banget. Pas ada kendala langsung dibales dan dikasih solusi. Puas banget sama pelayanannya.,Pengalaman pertama kali pakai Trima+ dan kaget tim call center dan admin sangat responsif dan membantu banget. Pas ada kendala langsung dibales dan dikasih solusi. Puas banget sama pelayanannya.,True,194,29,Tidak Tercatat,0,Tidak,,,Sampel ulasan publik Play Store
d56c590d-ec7c-4730-b658-17b2d6254c67,2026-09-26 00:43:31,https://play.google.com/store/apps/details?id=id.trimegah.tplus.android,ID,id,5,1.0,100.0,Positive,Transaksi & Portofolio Saham,2026-09-10 16:22:58,2026,"trader saham, obligasi dan rekasadana lengkap, fitur nya pake, cs nya juga responsif","trader saham, obligasi dan rekasadana lengkap, fitur nya pake, cs nya juga responsif",True,84,13,1.13.4,0,Tidak,,,Sampel ulasan publik Play Store
6ac3d388-bac2-450a-9217-5a9ebbd42b0a,2026-09-26 00:43:31,https://play.google.com/store/apps/details?id=id.trimegah.tplus.android,ID,id,5,1.0,100.0,Positive,Fitur Analisis & Data Pasar,2026-09-10 16:19:39,2026,Trima+ fitur nya banyak banget dan sangat membantu call center juga ramah best 😊,Trima+ fitur nya banyak banget dan sangat membantu call center juga ramah best 😊,True,80,14,Tidak Tercatat,0,Tidak,,,Sampel ulasan publik Play Store
54e96ffd-ae12-4467-91c4-721a02d592ca,2026-09-26 00:43:31,https://play.google.com/store/apps/details?id=id.trimegah.tplus.android,ID,id,5,1.0,100.0,Positive,UI/UX & Performa (Loading/Navigasi),2026-09-10 16:05:13,2026,"Trima+ enak banget dipake, tampilannya simpel dan gampang dipahami. Prosesnya juga praktis, jadi nggak ribet 😍","Trima+ enak banget dipake, tampilannya simpel dan gampang dipahami. Prosesnya juga praktis, jadi nggak ribet 😍",True,110,16,Tidak Tercatat,0,Tidak,,,Sampel ulasan publik Play Store
0177ee31-c97c-4bd6-8136-d1d6ad529ac6,2026-09-26 00:43:31,https://play.google.com/store/apps/details?id=id.trimegah.tplus.android,ID,id,5,1.0,100.0,Positive,Transaksi & Portofolio Saham,2026-09-10 15:55:04,2026,"suka bgt karena di satu aplikasi bisa beli saham, reksa dana, sampai obligasi, jadi lebih praktis","suka bgt karena di satu aplikasi bisa beli saham, reksa dana, sampai obligasi, jadi lebih praktis",True,97,16,1.13.4,0,Tidak,,,Sampel ulasan publik Play Store
efdfee0c-153b-4aa2-8c87-23377abfbb4e,2026-09-26 00:43:31,https://play.google.com/store/apps/details?id=id.trimegah.tplus.android,ID,id,5,1.0,100.0,Positive,Transaksi & Portofolio Saham,2026-09-10 15:53:42,2026,"Fitur Watchlist dan form order di Trima+ lengkap banget. Sangat membantu buat trader saham, jadi lebih praktis untuk pantau dan transaksi. 👍","Fitur Watchlist dan form order di Trima+ lengkap banget. Sangat membantu buat trader saham, jadi lebih praktis untuk pantau dan transaksi. 👍",True,140,22,Tidak Tercatat,0,Tidak,,,Sampel ulasan publik Play Store
deda91b9-17fc-481e-9953-70566cb77f0f,2026-09-26 00:43:31,https://play.google.com/store/apps/details?id=id.trimegah.tplus.android,ID,id,5,1.0,100.0,Positive,Transaksi & Portofolio Saham,2026-09-10 15:50:42,2026,"Aplikasi Trima+ cukup mudah digunakan dan fiturnya cukup lengkap. Aku suka karena bisa mengakses informasi saham, reksa dana, dan obligasi dalam satu aplikasi. Fitur watchlist juga membantu untuk memantau pilihan investasi.","Aplikasi Trima+ cukup mudah digunakan dan fiturnya cukup lengkap. Aku suka karena bisa mengakses informasi saham, reksa dana, dan obligasi dalam satu aplikasi. Fitur watchlist juga membantu untuk memantau pilihan investasi.",True,223,31,1.13.4,0,Tidak,,,Sampel ulasan publik Play Store
75dbe819-dd81-4a1f-995c-71d8b1834da5,2026-09-26 00:43:31,https://play.google.com/store/apps/details?id=id.trimegah.tplus.android,ID,id,5,1.0,100.0,Positive,Customer Service & Layanan,2026-09-10 15:49:59,2026,tim call center dan admin sangat responsif terus untuk fitur fiturnya juga banyak yg membantu,tim call center dan admin sangat responsif terus untuk fitur fiturnya juga banyak yg membantu,True,93,15,Tidak Tercatat,0,Tidak,,,Sampel ulasan publik Play Store
0cd83d95-ef16-4db8-bc9a-50860a040c30,2026-09-26 00:43:31,https://play.google.com/store/apps/details?id=id.trimegah.tplus.android,ID,id,5,1.0,100.0,Positive,Transaksi & Portofolio Saham,2026-09-10 15:49:58,2026,"Aplikasi Trima+ cukup lengkap dan mudah digunakan. Watchlist, form order, serta fitur Trima+ Picks dan Trima+ Ideas sangat membantu mencari informasi dan ide investasi.","Aplikasi Trima+ cukup lengkap dan mudah digunakan. Watchlist, form order, serta fitur Trima+ Picks dan Trima+ Ideas sangat membantu mencari informasi dan ide investasi.",True,168,24,1.13.4,0,Tidak,,,Sampel ulasan publik Play Store
72e875ba-a56f-427b-ad54-b003182b2360,2026-09-26 00:43:31,https://play.google.com/store/apps/details?id=id.trimegah.tplus.android,ID,id,5,1.0,100.0,Positive,Transaksi & Portofolio Saham,2026-09-10 15:40:28,2026,"Sejauh ini setelah pakai Trima+ di Android, menurutku aplikasinya cukup nyaman dan fiturnya juga lumayan lengkap. Yang paling kerasa membantu itu bagian watchlist karena jadi lebih gampang buat mantau saham yang lagi diperhatiin tanpa harus cari dari awal terus. Form order-nya juga cukup lengkap, jadi buat yang memang sering trading saham menurutku ini lumayan ngebantu saat mau melakukan transaksi.","Sejauh ini setelah pakai Trima+ di Android, menurutku aplikasinya cukup nyaman dan fiturnya juga lumayan lengkap. Yang paling kerasa membantu itu bagian watchlist karena jadi lebih gampang buat mantau saham yang lagi diperhatiin tanpa harus cari dari awal terus. Form order-nya juga cukup lengkap, jadi buat yang memang sering trading saham menurutku ini lumayan ngebantu saat mau melakukan transaksi.",True,401,59,1.13.4,2,Tidak,,,Sampel ulasan publik Play Store
29092430-77ef-4caf-aabf-7107b6d36d4a,2026-09-26 00:43:31,https://play.google.com/store/apps/details?id=id.trimegah.tplus.android,ID,id,5,1.0,100.0,Positive,Transaksi & Portofolio Saham,2026-09-10 15:38:04,2026,Watchlist dan form order-nya lengkap banget. Jadi lebih enak buat mantau saham incaran dan melakukan order tanpa ribet.,Watchlist dan form order-nya lengkap banget. Jadi lebih enak buat mantau saham incaran dan melakukan order tanpa ribet.,True,119,18,1.13.4,0,Tidak,,,Sampel ulasan publik Play Store
747893dc-b6e7-4619-903c-efa0c74e45e7,2026-09-26 00:43:31,https://play.google.com/store/apps/details?id=id.trimegah.tplus.android,ID,id,5,1.0,100.0,Positive,Transaksi & Portofolio Saham,2026-09-10 15:35:53,2026,"mantap dan praktis, fitur trime+ picks ngebantu buat cari ide saham harian. fleksibel dan bisa akses reksa dana, saham, top lah","mantap dan praktis, fitur trime+ picks ngebantu buat cari ide saham harian. fleksibel dan bisa akses reksa dana, saham, top lah",True,127,21,1.13.4,0,Tidak,,,Sampel ulasan publik Play Store
85426195-e343-4803-8338-a3bfcac964eb,2026-09-26 00:43:31,https://play.google.com/store/apps/details?id=id.trimegah.tplus.android,ID,id,5,1.0,100.0,Positive,Transaksi & Portofolio Saham,2026-09-10 15:34:32,2026,"Aplikasinya lengkap! Tim call center responsif banget. Watchlist & form order ngebantu buat trader. Ada Trima+ Picks & Ideas buat cari ide saham. Terus bisa beli saham, reksa dana, obligasi dalam 1 aplikasi. Mantap!","Aplikasinya lengkap! Tim call center responsif banget. Watchlist & form order ngebantu buat trader. Ada Trima+ Picks & Ideas buat cari ide saham. Terus bisa beli saham, reksa dana, obligasi dalam 1 aplikasi. Mantap!",True,215,34,1.13.4,0,Tidak,,,Sampel ulasan publik Play Store
e34acd3c-29b2-475e-8736-03ad27451f3c,2026-09-26 00:43:31,https://play.google.com/store/apps/details?id=id.trimegah.tplus.android,ID,id,5,1.0,100.0,Positive,Transaksi & Portofolio Saham,2026-09-10 15:33:18,2026,"Aplikasi investasi terkelola dan sangat lengkap! Bisa beli saham, reksa dana, sampai obligasi hanya dalam 1 aplikasi. Fitur Trima+ Picks dan Trima+ Ideas-nya sangat membantu cari ide saham potensial. Sukses terus Trima Plus!","Aplikasi investasi terkelola dan sangat lengkap! Bisa beli saham, reksa dana, sampai obligasi hanya dalam 1 aplikasi. Fitur Trima+ Picks dan Trima+ Ideas-nya sangat membantu cari ide saham potensial. Sukses terus Trima Plus!",True,224,33,1.13.4,0,Tidak,,,Sampel ulasan publik Play Store
b4a4fc35-fb0d-4b52-bebd-f5e3a22ce04a,2026-09-26 00:43:31,https://play.google.com/store/apps/details?id=id.trimegah.tplus.android,ID,id,5,1.0,100.0,Positive,Transaksi & Portofolio Saham,2026-09-10 15:30:52,2026,nyaman banget sama aplikasi Trima+ soalnya fitur lengkap mudah dipahami ada Reksadana saham semuanya ada disini.m,nyaman banget sama aplikasi Trima+ soalnya fitur lengkap mudah dipahami ada Reksadana saham semuanya ada disini.m,True,113,16,Tidak Tercatat,0,Tidak,,,Sampel ulasan publik Play Store
85a4b124-906b-448d-8d96-b00fea8e2c40,2026-09-26 00:43:31,https://play.google.com/store/apps/details?id=id.trimegah.tplus.android,ID,id,5,1.0,100.0,Positive,Customer Service & Layanan,2026-09-10 01:19:06,2026,tambahin customer service yang bisa mempermudah pleasee sama tambah daily stockpic🙏,tambahin customer service yang bisa mempermudah pleasee sama tambah daily stockpic🙏,True,83,11,Tidak Tercatat,0,Tidak,,,Sampel ulasan publik Play Store
c31a709d-5b9b-49dd-8816-e12aa61629f5,2026-09-26 00:43:31,https://play.google.com/store/apps/details?id=id.trimegah.tplus.android,ID,id,3,0.5,50.0,Neutral,UI/UX & Performa (Loading/Navigasi),2026-09-09 10:31:53,2026,"tampilan versi tabletnya kok sama dengan yang di hp ya, bisa di bedain dikit gak tampilannya supaya rada mirip di desktop","tampilan versi tabletnya kok sama dengan yang di hp ya, bisa di bedain dikit gak tampilannya supaya rada mirip di desktop",True,121,21,Tidak Tercatat,0,Tidak,,,Sampel ulasan publik Play Store
dd88658f-d246-4163-8383-e7c06c434435,2026-09-26 00:43:31,https://play.google.com/store/apps/details?id=id.trimegah.tplus.android,ID,id,5,1.0,100.0,Positive,UI/UX & Performa (Loading/Navigasi),2026-09-09 07:09:31,2026,ok vertisipikasi lambat,ok vertisipikasi lambat,True,23,3,1.13.4,0,Tidak,,,Sampel ulasan publik Play Store
ed789e10-22c6-4718-81db-698859cdf13f,2026-09-26 00:43:31,https://play.google.com/store/apps/details?id=id.trimegah.tplus.android,ID,id,1,0.0,0.0,Negative,Login & Autentikasi,2026-09-08 16:00:46,2026,aplikasi suka terlog out dan saat lupa password ribet bgt cuma ada opsi username gabisa pakai opsi email,aplikasi suka terlog out dan saat lupa password ribet bgt cuma ada opsi username gabisa pakai opsi email,True,104,18,1.13.4,1,Tidak,,,Sampel ulasan publik Play Store
916d87fa-6d63-4697-8832-d8e710c698b0,2026-09-26 00:43:31,https://play.google.com/store/apps/details?id=id.trimegah.tplus.android,ID,id,5,1.0,100.0,Positive,Transaksi & Portofolio Saham,2026-09-08 10:28:07,2026,"tampilan makin bagus, lag sudah jauh berkurang, mantep banget pokonya. Next bisa kali minimal withdrawnya jadiin 10k aja","tampilan makin bagus, lag sudah jauh berkurang, mantep banget pokonya. Next bisa kali minimal withdrawnya jadiin 10k aja",True,120,18,1.13.4,1,Tidak,,,Sampel ulasan publik Play Store
24c1913b-a1b4-4a9c-b084-2f5b8e114a28,2026-09-26 00:43:31,https://play.google.com/store/apps/details?id=id.trimegah.tplus.android,ID,id,5,1.0,100.0,Positive,Login & Autentikasi,2026-09-07 20:10:28,2026,"baru tau sekarang trima+ bisa login pake nomer hp doang, semenjak ganti hp dan sekarang instal lagi apknya. watchlist nya lengkap bgt dan juga form order nya juga lengkap jadi ngebantu bgt buat trader saham. good jobs lahh","baru tau sekarang trima+ bisa login pake nomer hp doang, semenjak ganti hp dan sekarang instal lagi apknya. watchlist nya lengkap bgt dan juga form order nya juga lengkap jadi ngebantu bgt buat trader saham. good jobs lahh",True,222,38,1.13.4,0,Tidak,,,Sampel ulasan publik Play Store
8a2083d2-a667-43de-b422-ecba0fe99d50,2026-09-26 00:43:31,https://play.google.com/store/apps/details?id=id.trimegah.tplus.android,ID,id,4,0.75,75.0,Positive,Transaksi & Portofolio Saham,2026-09-04 12:24:02,2026,tampilan sudah semakin bagus & informatif khususnya di bagian portofolio. kenapa untuk stok portofolio nya tidak bisa di urut by abjat a-z,tampilan sudah semakin bagus & informatif khususnya di bagian portofolio. kenapa untuk stok portofolio nya tidak bisa di urut by abjat a-z,True,138,22,1.13.4,0,Tidak,,,Sampel ulasan publik Play Store
b2560164-c568-4d14-92b5-15b9da9438df,2026-09-26 00:43:31,https://play.google.com/store/apps/details?id=id.trimegah.tplus.android,ID,id,1,0.0,0.0,Negative,UI/UX & Performa (Loading/Navigasi),2026-09-04 10:49:42,2026,"ribet rekening yg sebelumnya yg di daftarkan tidak bisa menarik uang. awalnya bisa jadi ga bisa. dan beberapakali mengubungi Trimegah, dan akhirnya harus ngirim surat lewat expedisi ke kantor harus mengulangi lagi pendaftaran. aplikasi terrepot","ribet rekening yg sebelumnya yg di daftarkan tidak bisa menarik uang. awalnya bisa jadi ga bisa. dan beberapakali mengubungi Trimegah, dan akhirnya harus ngirim surat lewat expedisi ke kantor harus mengulangi lagi pendaftaran. aplikasi terrepot",True,244,35,1.13.4,2,Tidak,,,Sampel ulasan publik Play Store
db55d283-a8a9-42ef-849d-8c459b8daa77,2026-09-26 00:43:31,https://play.google.com/store/apps/details?id=id.trimegah.tplus.android,ID,id,1,0.0,0.0,Negative,Login & Autentikasi,2026-09-04 10:29:18,2026,tidak diverifikasi 1x24 jam atau 1x24 tahun 🤦🏻‍♀️,tidak diverifikasi 1x24 jam atau 1x24 tahun 🤦🏻‍♀️,True,49,8,1.13.4,0,Tidak,,,Sampel ulasan publik Play Store
b4f8119c-36ec-4bea-b1b8-fbe98ce659f0,2026-09-26 00:43:31,https://play.google.com/store/apps/details?id=id.trimegah.tplus.android,ID,id,5,1.0,100.0,Positive,Apresiasi Umum & Kepuasan,2026-09-03 11:23:52,2026,sangat bermanfaat terima kasih,sangat bermanfaat terima kasih,True,30,4,Tidak Tercatat,0,Tidak,,,Sampel ulasan publik Play Store
e66831f5-935e-48c9-b3a2-38974fcb1c14,2026-09-26 00:43:31,https://play.google.com/store/apps/details?id=id.trimegah.tplus.android,ID,id,1,0.0,0.0,Negative,Customer Service & Layanan,2026-09-02 09:27:53,2026,sering gangguan saat awal buka market shg rawan rugi pagi investor saham.,sering gangguan saat awal buka market shg rawan rugi pagi investor saham.,True,73,12,1.13.4,1,Tidak,,,Sampel ulasan publik Play Store
95caa850-ad6c-4c5c-84d1-d54f49160c67,2026-09-26 00:43:31,https://play.google.com/store/apps/details?id=id.trimegah.tplus.android,ID,id,5,1.0,100.0,Positive,Apresiasi Umum & Kepuasan,2026-09-02 00:45:19,2026,Menarik,Menarik,True,7,1,1.13.2,0,Tidak,,,Sampel ulasan publik Play Store
c8a5528d-cc0e-4fe6-b165-4149fa5187cd,2026-09-26 00:43:31,https://play.google.com/store/apps/details?id=id.trimegah.tplus.android,ID,id,5,1.0,100.0,Positive,Apresiasi Umum & Kepuasan,2026-09-01 20:58:00,2026,good perfom and Safe,good perfom and Safe,True,20,4,Tidak Tercatat,0,Tidak,,,Sampel ulasan publik Play Store
9f9d1753-e46c-4d52-be53-3918c952f0d9,2026-09-26 00:43:31,https://play.google.com/store/apps/details?id=id.trimegah.tplus.android,ID,id,1,0.0,0.0,Negative,Stabilitas Sistem & Bug (Crash/Error),2026-09-01 12:02:22,2026,"aplikasi masih sangat banyak bug, untuk ukuran aplikasi sekuritas besar harusnya tidak layak. chart banyak yang tidak muncul, informasi sangat minim. fitur sangat tidak lengkap. sungguh sangat tidak layak menjadi aplikasi dari sekuritas besar. mohon di perbaiki agar bisa lebih layak. penilaian akan saya rubah jika kualitasnya sudah bagus.","aplikasi masih sangat banyak bug, untuk ukuran aplikasi sekuritas besar harusnya tidak layak. chart banyak yang tidak muncul, informasi sangat minim. fitur sangat tidak lengkap. sungguh sangat tidak layak menjadi aplikasi dari sekuritas besar. mohon di perbaiki agar bisa lebih layak. penilaian akan saya rubah jika kualitasnya sudah bagus.",True,340,49,1.13.4,3,Tidak,,,Sampel ulasan publik Play Store
66894dff-cdd4-4719-92c6-5ebbbe1f8544,2026-09-26 00:43:31,https://play.google.com/store/apps/details?id=id.trimegah.tplus.android,ID,id,5,1.0,100.0,Positive,UI/UX & Performa (Loading/Navigasi),2026-09-01 10:11:10,2026,"Baru sadar kalau cek fitur-fiturnya bisa cuma pakai nomor HP aja di awal. Pas dicoba, langsung suka banget sama menu Trima+ Ideas-nya yang update banget soal berita market. Tampilan nya juga ga ribett.","Baru sadar kalau cek fitur-fiturnya bisa cuma pakai nomor HP aja di awal. Pas dicoba, langsung suka banget sama menu Trima+ Ideas-nya yang update banget soal berita market. Tampilan nya juga ga ribett.",True,201,33,1.13.4,1,Tidak,,,Sampel ulasan publik Play Store
f0421188-6e1e-4700-9138-a215eed166b6,2026-09-26 00:43:31,https://play.google.com/store/apps/details?id=id.trimegah.tplus.android,ID,id,5,1.0,100.0,Positive,Customer Service & Layanan,2026-08-31 20:45:12,2026,"trima + apk nya mantap ,sangat mudah di gunakan dan di fahami,apk nya juga fast respon dan terpercaya wajib download apk nya ni","trima + apk nya mantap ,sangat mudah di gunakan dan di fahami,apk nya juga fast respon dan terpercaya wajib download apk nya ni",True,127,23,1.13.4,0,Tidak,,,Sampel ulasan publik Play Store
cd880d33-62f0-4214-b8b0-eacccce3aa75,2026-09-26 00:43:31,https://play.google.com/store/apps/details?id=id.trimegah.tplus.android,ID,id,5,1.0,100.0,Positive,Transaksi & Portofolio Saham,2026-08-31 20:39:16,2026,"Awalnya saya masih sering bingung mau beli saham apa dan harus mulai analisis dari mana. Setelah coba aplikasi Trima+, saya merasa terbantu banget, terutama dengan fitur Trima+ Picks Trima+ Ideas. Fitur ini bikin proses mencari ide saham jadi lebih praktis. Saya bisa melihat pilihan dan insight yang tersedia, lalu menjadikannya bahan pertimbangan sebelum menentukan saham yang mau dibeli. Jadi nggak cuma asal ikut tren, tapi punya referensi untuk mulai melakukan analisis sendiri.","Awalnya saya masih sering bingung mau beli saham apa dan harus mulai analisis dari mana. Setelah coba aplikasi Trima+, saya merasa terbantu banget, terutama dengan fitur Trima+ Picks Trima+ Ideas. Fitur ini bikin proses mencari ide saham jadi lebih praktis. Saya bisa melihat pilihan dan insight yang tersedia, lalu menjadikannya bahan pertimbangan sebelum menentukan saham yang mau dibeli. Jadi nggak cuma asal ikut tren, tapi punya referensi untuk mulai melakukan analisis sendiri.",True,483,72,Tidak Tercatat,0,Tidak,,,Sampel ulasan publik Play Store
203af1de-4e61-4943-8471-b0e6b38131eb,2026-09-26 00:43:31,https://play.google.com/store/apps/details?id=id.trimegah.tplus.android,ID,id,5,1.0,100.0,Positive,Customer Service & Layanan,2026-08-31 20:31:20,2026,"Akhirnya nemu aplikasi yang bener-bener praktis. Trima+ bikin urusan jadi lebih gampang dan cepat. Notifikasi jelas, data aman. Pelayanan juga oke.","Akhirnya nemu aplikasi yang bener-bener praktis. Trima+ bikin urusan jadi lebih gampang dan cepat. Notifikasi jelas, data aman. Pelayanan juga oke.",True,147,21,Tidak Tercatat,0,Tidak,,,Sampel ulasan publik Play Store
2bce65ba-641c-492b-acb2-67ba9b385ee3,2026-09-26 00:43:31,https://play.google.com/store/apps/details?id=id.trimegah.tplus.android,ID,id,5,1.0,100.0,Positive,Login & Autentikasi,2026-08-31 20:07:53,2026,akses portofolio cepat dan ringkas apalgi tim center nya cepat dan responsif benar benar sangat membantu saya fitur fitur banya tersedia dan bisa login lewat handphone,akses portofolio cepat dan ringkas apalgi tim center nya cepat dan responsif benar benar sangat membantu saya fitur fitur banya tersedia dan bisa login lewat handphone,True,167,26,Tidak Tercatat,0,Tidak,,,Sampel ulasan publik Play Store
56b0c8e3-942d-469d-8608-b6818599d000,2026-09-26 00:43:31,https://play.google.com/store/apps/details?id=id.trimegah.tplus.android,ID,id,5,1.0,100.0,Positive,Customer Service & Layanan,2026-08-31 19:22:57,2026,cs fast respond gapake lama keren bisa jawab pertanyaan user dengan cepat,cs fast respond gapake lama keren bisa jawab pertanyaan user dengan cepat,True,73,12,1.13.4,0,Tidak,,,Sampel ulasan publik Play Store
33aa5a7d-0d5c-424e-bb90-fc4da743f109,2026-09-26 00:43:31,https://play.google.com/store/apps/details?id=id.trimegah.tplus.android,ID,id,5,1.0,100.0,Positive,Transaksi & Portofolio Saham,2026-08-31 18:49:09,2026,"Sejauh pakai Trima+, salah satu fitur yang menurutku cukup membantu adalah watchlist dan form order-nya. Informasi yang dibutuhkan terasa lebih lengkap, jadi lebih mudah untuk memantau saham yang sedang diperhatikan dan mengatur order. Buat yang sering melakukan aktivitas saham, menurutku fitur ini cukup praktis karena semuanya terasa lebih terorganisir dalam satu aplikasi.","Sejauh pakai Trima+, salah satu fitur yang menurutku cukup membantu adalah watchlist dan form order-nya. Informasi yang dibutuhkan terasa lebih lengkap, jadi lebih mudah untuk memantau saham yang sedang diperhatikan dan mengatur order. Buat yang sering melakukan aktivitas saham, menurutku fitur ini cukup praktis karena semuanya terasa lebih terorganisir dalam satu aplikasi.",True,376,52,Tidak Tercatat,0,Tidak,,,Sampel ulasan publik Play Store
fda69209-23f5-4ce3-98e6-fec4fe322b9c,2026-09-26 00:43:31,https://play.google.com/store/apps/details?id=id.trimegah.tplus.android,ID,id,5,1.0,100.0,Positive,Login & Autentikasi,2026-08-31 18:44:27,2026,"Jujur dulu males banget investasi karena ribet. Pas nyoba Trima+ ternyata semudah itu?? Portofolio aku yg isinya saham, reksa dana, obligasi bisa diliat di 1 halaman doang. Jadi gak pusing cek satu2. Fitur Trima+ Picks sama Trima+ Ideas tuh lifesaver banget sih buat yg masih bingung mau beli saham apa. Tinggal contek ide nya wkwk Login juga gampang, sekarang udah bisa pake nomor HP doang. UI nya juga clean dan intuitive banget, gak bikin pusing. Tim call center Trimegah juga gercep parah.","Jujur dulu males banget investasi karena ribet. Pas nyoba Trima+ ternyata semudah itu?? Portofolio aku yg isinya saham, reksa dana, obligasi bisa diliat di 1 halaman doang. Jadi gak pusing cek satu2. Fitur Trima+ Picks sama Trima+ Ideas tuh lifesaver banget sih buat yg masih bingung mau beli saham apa. Tinggal contek ide nya wkwk Login juga gampang, sekarang udah bisa pake nomor HP doang. UI nya juga clean dan intuitive banget, gak bikin pusing. Tim call center Trimegah juga gercep parah.",True,493,82,1.13.4,0,Tidak,,,Sampel ulasan publik Play Store
000adea1-0f2d-4eac-9e70-8a99fa31cb17,2026-09-26 00:43:31,https://play.google.com/store/apps/details?id=id.trimegah.tplus.android,ID,id,5,1.0,100.0,Positive,Login & Autentikasi,2026-08-31 18:41:39,2026,"Puas bgt pake apk Trima+ Login nya mudah ga ribet cuma pake no hp, Tim Call centernya juga best bangett pada gercep,satset dan sangat responsif jadi membantu sekali. Fitur Trima+ Picks dan Trima+ Ideals membantu sekali buat cari ide beli saham..","Puas bgt pake apk Trima+ Login nya mudah ga ribet cuma pake no hp, Tim Call centernya juga best bangett pada gercep,satset dan sangat responsif jadi membantu sekali. Fitur Trima+ Picks dan Trima+ Ideals membantu sekali buat cari ide beli saham..",True,245,41,1.13.4,0,Tidak,,,Sampel ulasan publik Play Store
f1922dc5-9dc8-446f-9484-4d5fd613d5f5,2026-09-26 00:43:31,https://play.google.com/store/apps/details?id=id.trimegah.tplus.android,ID,id,5,1.0,100.0,Positive,UI/UX & Performa (Loading/Navigasi),2026-08-31 18:28:28,2026,"keren sih ini tampilannya udah ada fitur UI-nya, aksesnya juga mudah cocok untuk investasi dalam bentuk saham","keren sih ini tampilannya udah ada fitur UI-nya, aksesnya juga mudah cocok untuk investasi dalam bentuk saham",True,109,17,1.13.4,0,Tidak,,,Sampel ulasan publik Play Store
447fe870-9688-4991-94c0-efc10e4af281,2026-09-26 00:43:31,https://play.google.com/store/apps/details?id=id.trimegah.tplus.android,ID,id,5,1.0,100.0,Positive,UI/UX & Performa (Loading/Navigasi),2026-08-31 12:24:54,2026,"Aplikasinya bagus dan cukup mudah digunakan. Tampilannya simpel, fiturnya juga gampang dipahami. Sejauh ini pengalaman menggunakan Trima cukup nyaman dan membantu. Semoga ke depannya aplikasinya makin stabil dan fiturnya semakin lengkap.","Aplikasinya bagus dan cukup mudah digunakan. Tampilannya simpel, fiturnya juga gampang dipahami. Sejauh ini pengalaman menggunakan Trima cukup nyaman dan membantu. Semoga ke depannya aplikasinya makin stabil dan fiturnya semakin lengkap.",True,237,31,1.13.4,0,Tidak,,,Sampel ulasan publik Play Store
320937d9-8402-4e47-a729-e916d3df744d,2026-09-26 00:43:31,https://play.google.com/store/apps/details?id=id.trimegah.tplus.android,ID,id,5,1.0,100.0,Positive,Fitur Analisis & Data Pasar,2026-08-29 16:09:28,2026,saya akan merekomendasikan ke teman -teman saya,saya akan merekomendasikan ke teman -teman saya,True,47,7,Tidak Tercatat,0,Tidak,,,Sampel ulasan publik Play Store
d94a3173-3192-486c-96e5-eb9066112b2f,2026-09-26 00:43:31,https://play.google.com/store/apps/details?id=id.trimegah.tplus.android,ID,id,5,1.0,100.0,Positive,Fitur Analisis & Data Pasar,2026-08-29 12:25:08,2026,"Saya Pemula dan tidak terlalu aktif di trading, dengan aplikasi ini memudahkan saya untuk memahaminya, fiturnya jelas dan mudah dipahami untuk pemula seperti saya, topp banget deh ini aplikasi","Saya Pemula dan tidak terlalu aktif di trading, dengan aplikasi ini memudahkan saya untuk memahaminya, fiturnya jelas dan mudah dipahami untuk pemula seperti saya, topp banget deh ini aplikasi",True,192,29,1.13.4,2,Tidak,,,Sampel ulasan publik Play Store
c0d0d5a7-4d35-4ecf-85db-fab0ed4d521a,2026-09-26 00:43:31,https://play.google.com/store/apps/details?id=id.trimegah.tplus.android,ID,id,1,0.0,0.0,Negative,Keluhan Umum Aplikasi,2026-08-28 11:02:36,2026,"sdh ok, tp masih kurang lengkap yg di info, mis info history harga harian sd satu tahunan.","sdh ok, tp masih kurang lengkap yg di info, mis info history harga harian sd satu tahunan.",True,90,17,1.13.4,1,Tidak,,,Sampel ulasan publik Play Store
a01d25cc-f9eb-4e14-9ac0-d21ab2ed2d18,2026-09-26 00:43:31,https://play.google.com/store/apps/details?id=id.trimegah.tplus.android,ID,id,1,0.0,0.0,Negative,Keluhan Umum Aplikasi,2026-08-27 11:44:34,2026,"saya tidak bisa melakukan Widraw apk nya eror,uang saya3 JT di dalam","saya tidak bisa melakukan Widraw apk nya eror,uang saya3 JT di dalam",True,68,12,1.13.4,1,Tidak,,,Sampel ulasan publik Play Store
7d79f889-af04-4160-bfc9-4a2c8295c2b1,2026-09-26 00:43:31,https://play.google.com/store/apps/details?id=id.trimegah.tplus.android,ID,id,5,1.0,100.0,Positive,Transaksi & Portofolio Saham,2026-08-26 10:18:47,2026,"yang paling kepake buatku justru Trima+ Picks sama Trima+ Ideas. Kadang suka bingung mau mulai cari ide saham dari mana, nah fitur ini lumayan membantu buat jadi bahan pertimbangan. Ditambah bisa transaksi saham, reksa dana, dan obligasi dari satu aplikasi, jadi lebih praktis.","yang paling kepake buatku justru Trima+ Picks sama Trima+ Ideas. Kadang suka bingung mau mulai cari ide saham dari mana, nah fitur ini lumayan membantu buat jadi bahan pertimbangan. Ditambah bisa transaksi saham, reksa dana, dan obligasi dari satu aplikasi, jadi lebih praktis.",True,277,43,1.13.4,4,Tidak,,,Sampel ulasan publik Play Store
e066b07b-6017-455c-a461-85eda89a73ff,2026-09-26 00:43:31,https://play.google.com/store/apps/details?id=id.trimegah.tplus.android,ID,id,5,1.0,100.0,Positive,Login & Autentikasi,2026-08-26 10:07:41,2026,"baru nyobain login Trima+ sekarang ternyata bisa pakai nomor HP, jadi lebih praktis. Fitur yang tersedia juga cukup komplit, terutama buat yang sering mantau saham. Ada watchlist dan form order yang menurutku ngebantu banget karena lebih gampang cari saham yang lagi diperhatikan","baru nyobain login Trima+ sekarang ternyata bisa pakai nomor HP, jadi lebih praktis. Fitur yang tersedia juga cukup komplit, terutama buat yang sering mantau saham. Ada watchlist dan form order yang menurutku ngebantu banget karena lebih gampang cari saham yang lagi diperhatikan",True,279,42,1.13.4,6,Tidak,,,Sampel ulasan publik Play Store
104cfc08-81e4-4d1a-bf03-3cccd4705d03,2026-09-26 00:43:31,https://play.google.com/store/apps/details?id=id.trimegah.tplus.android,ID,id,5,1.0,100.0,Positive,Fitur Analisis & Data Pasar,2026-08-25 22:27:37,2026,"fitur nya lengkap dan mudah di pahamu , gampang di pakai juga , tim cell nya sangat gercep suka","fitur nya lengkap dan mudah di pahamu , gampang di pakai juga , tim cell nya sangat gercep suka",True,95,19,1.13.4,1,Tidak,,,Sampel ulasan publik Play Store
a74cbfad-edde-481b-98dc-868b41cab60e,2026-09-26 00:43:31,https://play.google.com/store/apps/details?id=id.trimegah.tplus.android,ID,id,5,1.0,100.0,Positive,Login & Autentikasi,2026-08-25 22:23:48,2026,Wow ternyata fitur Trima + picls dan Trima + Ideasnya bener2 ngebantu cari ide beli saham. Dah pasti untung ini. Lumayan untuk ku jadikan sebagai pemasukan juga penghasilannya.,Wow ternyata fitur Trima + picls dan Trima + Ideasnya bener2 ngebantu cari ide beli saham. Dah pasti untung ini. Lumayan untuk ku jadikan sebagai pemasukan juga penghasilannya.,True,176,28,Tidak Tercatat,0,Tidak,,,Sampel ulasan publik Play Store
81072586-5a82-4661-b6ad-ef990dfcac04,2026-09-26 00:43:31,https://play.google.com/store/apps/details?id=id.trimegah.tplus.android,ID,id,5,1.0,100.0,Positive,Login & Autentikasi,2026-08-25 20:26:33,2026,"Setelah di update aplikasinya semakin mudah dari mulai login cuma pakai no. hp aktif aja sudah terverifikasi, fitur-fiturnya pun semakin canggih digunakan jadi hanya dari satu aplikasi semua transaksi trading bisa dilakukan.","Setelah di update aplikasinya semakin mudah dari mulai login cuma pakai no. hp aktif aja sudah terverifikasi, fitur-fiturnya pun semakin canggih digunakan jadi hanya dari satu aplikasi semua transaksi trading bisa dilakukan.",True,224,32,Tidak Tercatat,0,Tidak,,,Sampel ulasan publik Play Store
3ee544d6-3fd1-4272-b348-e56b59e848df,2026-09-26 00:43:31,https://play.google.com/store/apps/details?id=id.trimegah.tplus.android,ID,id,5,1.0,100.0,Positive,Fitur Analisis & Data Pasar,2026-08-25 20:19:54,2026,"Trima+ cukup membantu untuk memantau portfolio dan market. Navigasinya juga terasa sederhana, jadi nggak terlalu bingung saat mencari fitur yang dibutuhkan.","Trima+ cukup membantu untuk memantau portfolio dan market. Navigasinya juga terasa sederhana, jadi nggak terlalu bingung saat mencari fitur yang dibutuhkan.",True,156,21,Tidak Tercatat,0,Tidak,,,Sampel ulasan publik Play Store
0d1d5d3d-4a10-4413-a41d-4218a3411344,2026-09-26 00:43:31,https://play.google.com/store/apps/details?id=id.trimegah.tplus.android,ID,id,5,1.0,100.0,Positive,Transaksi & Portofolio Saham,2026-08-25 20:15:12,2026,"Ini yang aku suka. Bisa beli saham, reksa dana sama obligasi, cukup dalam satu aplikasi, gak perlu bolak-balik lagi ke aplikasi lain","Ini yang aku suka. Bisa beli saham, reksa dana sama obligasi, cukup dalam satu aplikasi, gak perlu bolak-balik lagi ke aplikasi lain",True,132,22,Tidak Tercatat,0,Tidak,,,Sampel ulasan publik Play Store
b7ee03fb-743f-46f8-9210-ba0d71b51350,2026-09-26 00:43:31,https://play.google.com/store/apps/details?id=id.trimegah.tplus.android,ID,id,5,1.0,100.0,Positive,Transaksi & Portofolio Saham,2026-08-25 20:14:40,2026,"Aplikasinya cukup nyaman dipakai. Informasi saham dan reksa dana tersedia cukup lengkap, jadi lebih praktis buat memantau investasi dari satu aplikasi.","Aplikasinya cukup nyaman dipakai. Informasi saham dan reksa dana tersedia cukup lengkap, jadi lebih praktis buat memantau investasi dari satu aplikasi.",True,151,21,1.13.4,0,Tidak,,,Sampel ulasan publik Play Store
fbd97644-608c-4122-9e7c-e603f310dfd1,2026-09-26 00:43:31,https://play.google.com/store/apps/details?id=id.trimegah.tplus.android,ID,id,5,1.0,100.0,Positive,Customer Service & Layanan,2026-08-25 20:13:44,2026,"Tim Call Center Trimegah emang juara sih, sat-set dan responsif banget. Semua pertanyaan dijawab jelas dan siap nemenin bantu sampai kelar kapan pun dibutuhkan","Tim Call Center Trimegah emang juara sih, sat-set dan responsif banget. Semua pertanyaan dijawab jelas dan siap nemenin bantu sampai kelar kapan pun dibutuhkan",True,159,24,Tidak Tercatat,0,Tidak,,,Sampel ulasan publik Play Store
88d5ab54-9483-4951-ab5d-1fd1b8052b74,2026-09-26 00:43:31,https://play.google.com/store/apps/details?id=id.trimegah.tplus.android,ID,id,5,1.0,100.0,Positive,Customer Service & Layanan,2026-08-25 20:12:39,2026,"paling suka sama tim celler center Trimegah nya selain super cepat dan sat set,ramah banget karna mau bantu jawab setiap pertanyaan","paling suka sama tim celler center Trimegah nya selain super cepat dan sat set,ramah banget karna mau bantu jawab setiap pertanyaan",True,131,21,Tidak Tercatat,0,Tidak,,,Sampel ulasan publik Play Store
6fb05f57-7826-4d88-91e5-8500d90a7efa,2026-09-26 00:43:31,https://play.google.com/store/apps/details?id=id.trimegah.tplus.android,ID,id,5,1.0,100.0,Positive,Apresiasi Umum & Kepuasan,2026-08-25 20:12:12,2026,"Suka sama tim call center nya yang sangat membantu kalo lagi gak paham soal trade saham, dijelasin sampe tuntas sama pahamnya","Suka sama tim call center nya yang sangat membantu kalo lagi gak paham soal trade saham, dijelasin sampe tuntas sama pahamnya",True,125,21,Tidak Tercatat,0,Tidak,,,Sampel ulasan publik Play Store
4fb2a33f-3402-450c-adc1-533494f761ff,2026-09-26 00:43:31,https://play.google.com/store/apps/details?id=id.trimegah.tplus.android,ID,id,3,0.5,50.0,Neutral,UI/UX & Performa (Loading/Navigasi),2026-08-25 12:31:27,2026,"kok susah bener ya datar dan perifikasi KTP dan selfi di apk ini, nggk kayak apk sekuritas yg Laen mudah dan gampang plus cepat pendaftarannya","kok susah bener ya datar dan perifikasi KTP dan selfi di apk ini, nggk kayak apk sekuritas yg Laen mudah dan gampang plus cepat pendaftarannya",True,142,25,1.13.4,0,Tidak,,,Sampel ulasan publik Play Store
a068c7b4-67e5-4b98-a2c2-346b3fe44415,2026-09-26 00:43:31,https://play.google.com/store/apps/details?id=id.trimegah.tplus.android,ID,id,5,1.0,100.0,Positive,Transaksi & Portofolio Saham,2026-08-24 19:38:41,2026,"Akhirnya ada aplikasi investasi yang gampang dipahami. Di Trima+ ada Reksa Dana, Saham, Obligasi semua lengkap dalam 1 aplikasi. Fitur watchlist nya ngebantu banget buat mantau saham favorit. Terus ada notifikasi harga jadi nggak ketinggalan pas harganya pas buat beli/jual. UI nya bersih, cocok buat pemula kayak aku.","Akhirnya ada aplikasi investasi yang gampang dipahami. Di Trima+ ada Reksa Dana, Saham, Obligasi semua lengkap dalam 1 aplikasi. Fitur watchlist nya ngebantu banget buat mantau saham favorit. Terus ada notifikasi harga jadi nggak ketinggalan pas harganya pas buat beli/jual. UI nya bersih, cocok buat pemula kayak aku.",True,318,48,Tidak Tercatat,0,Tidak,,,Sampel ulasan publik Play Store
0867aadf-d8a3-460c-82ed-9d7bd4fc79fc,2026-09-26 00:43:31,https://play.google.com/store/apps/details?id=id.trimegah.tplus.android,ID,id,5,1.0,100.0,Positive,Apresiasi Umum & Kepuasan,2026-08-24 11:03:13,2026,versi terbaru lebih mudah digunakan,versi terbaru lebih mudah digunakan,True,35,5,Tidak Tercatat,0,Tidak,,,Sampel ulasan publik Play Store
dff8cd96-5a01-4477-a78d-f8ae2ec96a1c,2026-09-26 00:43:31,https://play.google.com/store/apps/details?id=id.trimegah.tplus.android,ID,id,4,0.75,75.0,Positive,Stabilitas Sistem & Bug (Crash/Error),2026-08-20 13:38:49,2026,"tampilan udah okay, kekinian banget ada beberapa poin perlu diperbaiki, mungkin bugs. ada beberapa chart candle yang salah tunjuk, watchlist yang belum sinkron","tampilan udah okay, kekinian banget ada beberapa poin perlu diperbaiki, mungkin bugs. ada beberapa chart candle yang salah tunjuk, watchlist yang belum sinkron",True,159,23,Tidak Tercatat,0,Tidak,,,Sampel ulasan publik Play Store
1b58b3ae-eb05-4b87-b23f-b6aeba2c91ab,2026-09-26 00:43:31,https://play.google.com/store/apps/details?id=id.trimegah.tplus.android,ID,id,2,0.25,25.0,Negative,UI/UX & Performa (Loading/Navigasi),2026-08-20 11:22:05,2026,"tolong tambahkan fitur bisa ganti rekening pencairan di aplikasinya soalnya biar gk ribet saat rekening mau di ganti, mohon bantuannya","tolong tambahkan fitur bisa ganti rekening pencairan di aplikasinya soalnya biar gk ribet saat rekening mau di ganti, mohon bantuannya",True,134,20,1.13.4,0,Tidak,,,Sampel ulasan publik Play Store
5752df62-d433-4563-8022-9e6fc4fbe6b8,2026-09-26 00:43:31,https://play.google.com/store/apps/details?id=id.trimegah.tplus.android,ID,id,5,1.0,100.0,Positive,UI/UX & Performa (Loading/Navigasi),2026-08-20 09:15:18,2026,"App sudah bagus dan smooth serta untuk tampilan UI/UX nya sudah bagus tetapi ada beberapa catatan untuk Tim Developer nya yang mungkin bisa ditambahkan kedepannya menjadi fitur di apps Trima+ : 1. Add Button untuk bisa Share Gain/Loss ke beberapa sosial media (seperti pada Sekuritas lainnya 2. untuk pada tab Key Statistics, gap antar tahun dari Net Income, EPS dan Revenue terlalu jauh sehingga perlu dibikin lebih dekat jaraknya 3. perbaiki lagi untuk performance fetch data apps nya","App sudah bagus dan smooth serta untuk tampilan UI/UX nya sudah bagus tetapi ada beberapa catatan untuk Tim Developer nya yang mungkin bisa ditambahkan kedepannya menjadi fitur di apps Trima+ : 1. Add Button untuk bisa Share Gain/Loss ke beberapa sosial media (seperti pada Sekuritas lainnya 2. untuk pada tab Key Statistics, gap antar tahun dari Net Income, EPS dan Revenue terlalu jauh sehingga perlu dibikin lebih dekat jaraknya 3. perbaiki lagi untuk performance fetch data apps nya",True,486,78,Tidak Tercatat,1,Tidak,,,Sampel ulasan publik Play Store
8131752e-240d-4258-a376-1379e8fd3967,2026-09-26 00:43:31,https://play.google.com/store/apps/details?id=id.trimegah.tplus.android,ID,id,4,0.75,75.0,Positive,UI/UX & Performa (Loading/Navigasi),2026-08-19 12:47:31,2026,Widraw proses lama. Harus menunggu 1 hari lagi jika lebih dari jam 10.15. Total waktu H+4 jadinya.,Widraw proses lama. Harus menunggu 1 hari lagi jika lebih dari jam 10.15. Total waktu H+4 jadinya.,True,98,17,1.13.2,0,Tidak,,,Sampel ulasan publik Play Store
28f3002d-902d-419f-b0c9-628cf8f05aaf,2026-09-26 00:43:31,https://play.google.com/store/apps/details?id=id.trimegah.tplus.android,ID,id,1,0.0,0.0,Negative,UI/UX & Performa (Loading/Navigasi),2026-08-18 16:45:37,2026,tampilan lebih jelek dari yg lama,tampilan lebih jelek dari yg lama,True,33,6,Tidak Tercatat,0,Tidak,,,Sampel ulasan publik Play Store
1821f00c-ac6a-477a-b544-22504c756160,2026-09-26 00:43:31,https://play.google.com/store/apps/details?id=id.trimegah.tplus.android,ID,id,5,1.0,100.0,Positive,UI/UX & Performa (Loading/Navigasi),2026-08-18 08:13:39,2026,"Sangat bermanfaat untuk berinvestasi saham dengan fitur baru, tampilannya baru dan tinggal buka aplikasi langsung muncul perkembangan investasi yang diinginkan","Sangat bermanfaat untuk berinvestasi saham dengan fitur baru, tampilannya baru dan tinggal buka aplikasi langsung muncul perkembangan investasi yang diinginkan",True,159,20,1.13.4,0,Tidak,,,Sampel ulasan publik Play Store
7ea1038c-5eb1-42a9-8c65-f7806497ff21,2026-09-26 00:43:31,https://play.google.com/store/apps/details?id=id.trimegah.tplus.android,ID,id,2,0.25,25.0,Negative,Keluhan Umum Aplikasi,2026-08-16 12:50:00,2026,pengumpulan data tanpa seizin pemilik tolong di hapus saya tidak menggunakannya lagi,pengumpulan data tanpa seizin pemilik tolong di hapus saya tidak menggunakannya lagi,True,84,12,Tidak Tercatat,0,Tidak,,,Sampel ulasan publik Play Store
feb46f81-abb1-4cf1-8232-3f57996c5536,2026-09-26 00:43:31,https://play.google.com/store/apps/details?id=id.trimegah.tplus.android,ID,id,5,1.0,100.0,Positive,Login & Autentikasi,2026-08-15 19:22:11,2026,"Awalnya saya mencari aplikasi investasi yg fiturnya lengkap tpi tetap mudah digunakan, lalu mencoba Trima. Yg paling membantu menurut saya adalah fitur Watchlist dan form order yg lengkap, terutama utk memantau saham sebelum melakukan transaksi. Selain saham, Trima jg menyediakan reksadana dan obligasi dalam satu aplikasi. Portofolio pun bisa dilihat dengan cepat dalam satu halaman. UI/UX nya sederhana dan login dgn nomor HP jg terasa praktis. Sejauh pengalaman saya, Trima cukup nyaman digunakan","Awalnya saya mencari aplikasi investasi yg fiturnya lengkap tpi tetap mudah digunakan, lalu mencoba Trima. Yg paling membantu menurut saya adalah fitur Watchlist dan form order yg lengkap, terutama utk memantau saham sebelum melakukan transaksi. Selain saham, Trima jg menyediakan reksadana dan obligasi dalam satu aplikasi. Portofolio pun bisa dilihat dengan cepat dalam satu halaman. UI/UX nya sederhana dan login dgn nomor HP jg terasa praktis. Sejauh pengalaman saya, Trima cukup nyaman digunakan",True,500,73,1.13.2,2,Tidak,,,Sampel ulasan publik Play Store
678e0488-9d2b-49b6-b109-a35a7f1f33de,2026-09-26 00:43:31,https://play.google.com/store/apps/details?id=id.trimegah.tplus.android,ID,id,5,1.0,100.0,Positive,Transaksi & Portofolio Saham,2026-08-15 16:18:36,2026,"Sukaa pake aplikasi ini karena bisa invest obligasi, reksa dana, saham banyak produk di satu app aja efisien dan mudah dipakai juga","Sukaa pake aplikasi ini karena bisa invest obligasi, reksa dana, saham banyak produk di satu app aja efisien dan mudah dipakai juga",True,131,22,Tidak Tercatat,0,Tidak,,,Sampel ulasan publik Play Store
03398cc6-0b7a-42f5-90a1-45bf70aacefa,2026-09-26 00:43:31,https://play.google.com/store/apps/details?id=id.trimegah.tplus.android,ID,id,5,1.0,100.0,Positive,Customer Service & Layanan,2026-08-15 14:30:59,2026,"Saya merasa sangat terbantu sejak menggunakan aplikasi Trima+! Tim call center dan adminnya sangat sigap merespons serta siap membantu kapan saja. Daftar pantauan dan formulir pemesanannya sudah sangat lengkap, sangat memudahkan saya saat bertransaksi saham.","Saya merasa sangat terbantu sejak menggunakan aplikasi Trima+! Tim call center dan adminnya sangat sigap merespons serta siap membantu kapan saja. Daftar pantauan dan formulir pemesanannya sudah sangat lengkap, sangat memudahkan saya saat bertransaksi saham.",True,258,35,1.13.2,0,Tidak,,,Sampel ulasan publik Play Store
10f8cd38-6c3e-40ef-a246-b8306a3c1080,2026-09-26 00:43:31,https://play.google.com/store/apps/details?id=id.trimegah.tplus.android,ID,id,5,1.0,100.0,Positive,Transaksi & Portofolio Saham,2026-08-15 13:18:29,2026,"Awalnya aku coba Trima+ karena penasaran sama fiturnya, tapi setelah dipakai ternyata cukup praktis karena bisa lihat portofolio, watchlist, sampai cari ide lewat Trima+ Picks dan Trima+ Ideas dalam satu aplikasi, jadi buat yang lagi belajar atau mulai ngikutin dunia investasi rasanya cukup membantu dan nggak ribet coba aja bestt 😊","Awalnya aku coba Trima+ karena penasaran sama fiturnya, tapi setelah dipakai ternyata cukup praktis karena bisa lihat portofolio, watchlist, sampai cari ide lewat Trima+ Picks dan Trima+ Ideas dalam satu aplikasi, jadi buat yang lagi belajar atau mulai ngikutin dunia investasi rasanya cukup membantu dan nggak ribet coba aja bestt 😊",True,333,51,1.13.2,0,Tidak,,,Sampel ulasan publik Play Store
3d8c232b-19e9-44ff-8a5e-b5a91448b55f,2026-09-26 00:43:31,https://play.google.com/store/apps/details?id=id.trimegah.tplus.android,ID,id,5,1.0,100.0,Positive,Transaksi & Portofolio Saham,2026-08-15 13:15:12,2026,"nyoba invest di reksadana, ternyata bisa pake trima+. fiturnya lengkap, ga bikin ribet. selain reksadana bisa beli saham sm obligasi juga. jadi makin mudah ga perlu banyak app. udah jadi 1 di trima+. adminnya juga responsif, bingung dikit bisa langsung nanya dan dapet jawaban yg ngebantu banget. komplit dan responsif pokoknya.","nyoba invest di reksadana, ternyata bisa pake trima+. fiturnya lengkap, ga bikin ribet. selain reksadana bisa beli saham sm obligasi juga. jadi makin mudah ga perlu banyak app. udah jadi 1 di trima+. adminnya juga responsif, bingung dikit bisa langsung nanya dan dapet jawaban yg ngebantu banget. komplit dan responsif pokoknya.",True,328,51,1.13.2,0,Tidak,,,Sampel ulasan publik Play Store
ee237b77-445f-49ac-a5ad-f15487ff1db1,2026-09-26 00:43:31,https://play.google.com/store/apps/details?id=id.trimegah.tplus.android,ID,id,5,1.0,100.0,Positive,Customer Service & Layanan,2026-08-15 13:03:32,2026,"Dulu pernah bingung bgt pas mau tanya ttg fitur yg ada di aplikasi. soalnya berkaitan dengan uang kan ya. lalu segera aku hub Tim call center atau admin. diluar dugaan kerja mereka sangat responsif dan membantu banget. alhasil, apa yg mau aku tau bisa kupahami dgn jelas dan legaaa. tks tim admin","Dulu pernah bingung bgt pas mau tanya ttg fitur yg ada di aplikasi. soalnya berkaitan dengan uang kan ya. lalu segera aku hub Tim call center atau admin. diluar dugaan kerja mereka sangat responsif dan membantu banget. alhasil, apa yg mau aku tau bisa kupahami dgn jelas dan legaaa. tks tim admin",True,296,52,1.13.2,0,Tidak,,,Sampel ulasan publik Play Store
f34c7247-5e73-4340-9484-597c5fe41b9a,2026-09-26 00:43:31,https://play.google.com/store/apps/details?id=id.trimegah.tplus.android,ID,id,5,1.0,100.0,Positive,UI/UX & Performa (Loading/Navigasi),2026-08-15 12:39:33,2026,"Sejauh ini pakai Trima+ cukup nyaman, tampilannya simpel dan nggak bikin bingung.","Sejauh ini pakai Trima+ cukup nyaman, tampilannya simpel dan nggak bikin bingung.",True,81,12,Tidak Tercatat,0,Tidak,,,Sampel ulasan publik Play Store
6f94651a-4c36-4bfb-9f53-5ebffbcf48ad,2026-09-26 00:43:31,https://play.google.com/store/apps/details?id=id.trimegah.tplus.android,ID,id,5,1.0,100.0,Positive,Transaksi & Portofolio Saham,2026-08-15 12:37:44,2026,"Awalnya cuma coba-coba pakai aplikasinya, ternyata cukup membantu buat pantau investasi. Watchlist dan form order bikin lebih praktis, sementara Trima+ Picks dan Trima+ Ideas bisa jadi referensi saat lagi cari ide. Saham, reksa dana, dan obligasi juga bisa diakses dalam satu aplikasi, tampilannya simpel, dan kalau ada kendala adminnya cukup responsif. Sejauh ini pengalaman saya positif, jadi layak kasih⭐⭐⭐⭐⭐","Awalnya cuma coba-coba pakai aplikasinya, ternyata cukup membantu buat pantau investasi. Watchlist dan form order bikin lebih praktis, sementara Trima+ Picks dan Trima+ Ideas bisa jadi referensi saat lagi cari ide. Saham, reksa dana, dan obligasi juga bisa diakses dalam satu aplikasi, tampilannya simpel, dan kalau ada kendala adminnya cukup responsif. Sejauh ini pengalaman saya positif, jadi layak kasih⭐⭐⭐⭐⭐",True,411,59,1.13.2,0,Tidak,,,Sampel ulasan publik Play Store
1d720b9c-341e-4870-ae5f-a9663a7ecfb2,2026-09-26 00:43:31,https://play.google.com/store/apps/details?id=id.trimegah.tplus.android,ID,id,5,1.0,100.0,Positive,Transaksi & Portofolio Saham,2026-08-14 21:23:52,2026,"Watchlist dan form order Trima+ udah lengkap banget, jadi lebih praktis buat mantau saham. Trima+ Picks sama Ideas juga ngebantu pas lagi cari ide beli saham 👍","Watchlist dan form order Trima+ udah lengkap banget, jadi lebih praktis buat mantau saham. Trima+ Picks sama Ideas juga ngebantu pas lagi cari ide beli saham 👍",True,159,27,Tidak Tercatat,0,Tidak,,,Sampel ulasan publik Play Store
0ecba1b8-b38a-4a7b-9f74-f0548837e725,2026-09-26 00:43:31,https://play.google.com/store/apps/details?id=id.trimegah.tplus.android,ID,id,5,1.0,100.0,Positive,UI/UX & Performa (Loading/Navigasi),2026-08-13 21:40:11,2026,segera secepatnya update saya pengen tau tampilan baru dari trima+,segera secepatnya update saya pengen tau tampilan baru dari trima+,True,66,10,Tidak Tercatat,0,Tidak,,,Sampel ulasan publik Play Store
41664455-1aa4-4be6-af35-78749c82907f,2026-09-26 00:43:31,https://play.google.com/store/apps/details?id=id.trimegah.tplus.android,ID,id,5,1.0,100.0,Positive,Customer Service & Layanan,2026-08-12 21:46:05,2026,"Aplikasi Trima+ mantap! Prosesnya cepat, mudah dipahami, dan bener-bener ngebantu. Pelayanan CS juga ramah. Puas banget, recommended!""","Aplikasi Trima+ mantap! Prosesnya cepat, mudah dipahami, dan bener-bener ngebantu. Pelayanan CS juga ramah. Puas banget, recommended!""",True,134,17,1.13.2,0,Tidak,,,Sampel ulasan publik Play Store
ee3f2b6b-d3e8-43ad-8e2b-aed5e0497525,2026-09-26 00:43:31,https://play.google.com/store/apps/details?id=id.trimegah.tplus.android,ID,id,5,1.0,100.0,Positive,Login & Autentikasi,2026-08-12 21:02:13,2026,"Suka sama akses portofolio yang cepat dan ringkas, apalagi dibikin satu halaman, dan juga login nya cukup pakai nomor HP aja makanya simpel banget","Suka sama akses portofolio yang cepat dan ringkas, apalagi dibikin satu halaman, dan juga login nya cukup pakai nomor HP aja makanya simpel banget",True,146,24,1.13.2,0,Tidak,,,Sampel ulasan publik Play Store
ce4b09d3-fc3f-435e-abcc-5531c976efaa,2026-09-26 00:43:31,https://play.google.com/store/apps/details?id=id.trimegah.tplus.android,ID,id,5,1.0,100.0,Positive,Fitur Analisis & Data Pasar,2026-08-12 21:01:40,2026,mudah dipahami fitur²nya dan mudah diakses karna ada dalam satu fitur cocok bagi pemula yang baru mau investasi pasti dijamin paham,mudah dipahami fitur²nya dan mudah diakses karna ada dalam satu fitur cocok bagi pemula yang baru mau investasi pasti dijamin paham,True,131,21,Tidak Tercatat,0,Tidak,,,Sampel ulasan publik Play Store
9b68201f-9b16-4390-8c27-82cc52719dc8,2026-09-26 00:43:31,https://play.google.com/store/apps/details?id=id.trimegah.tplus.android,ID,id,5,1.0,100.0,Positive,Transaksi & Portofolio Saham,2026-08-12 20:58:58,2026,Aplikasi Trima+ cukup menarik buat yang ingin mulai investasi saham dan reksa dana. Tampilannya juga simpel dan navigasinya mudah dipahami.,Aplikasi Trima+ cukup menarik buat yang ingin mulai investasi saham dan reksa dana. Tampilannya juga simpel dan navigasinya mudah dipahami.,True,139,20,Tidak Tercatat,0,Tidak,,,Sampel ulasan publik Play Store
63e044ee-f1e3-405a-bd40-e150e889c9a5,2026-09-26 00:43:31,https://play.google.com/store/apps/details?id=id.trimegah.tplus.android,ID,id,5,1.0,100.0,Positive,Transaksi & Portofolio Saham,2026-08-12 20:57:16,2026,Suka sama UI nya yang intuitive namun simpel dan call center nya juga fast responsif jadi bisa beli saham dengan aman,Suka sama UI nya yang intuitive namun simpel dan call center nya juga fast responsif jadi bisa beli saham dengan aman,True,117,21,1.13.4,0,Tidak,,,Sampel ulasan publik Play Store
bdac8d84-210d-4630-9e9c-c73b51bae149,2026-09-26 00:43:31,https://play.google.com/store/apps/details?id=id.trimegah.tplus.android,ID,id,5,1.0,100.0,Positive,Transaksi & Portofolio Saham,2026-08-07 22:11:42,2026,"Pas banget ketemu aplikasi ini untuk awal permulaan saya ikut dalam bidang saham dan lainnya cuma dalam satu aplikasi. Petunjuk penggunaanya mudah dan ringan di cerna orang awam seperti saya pun pasti cepat mengerti, fitur-fitur yang digunakan sudah terbilang canggih dan komplit dan terpenting transaksi pun juga lancar dan aman.","Pas banget ketemu aplikasi ini untuk awal permulaan saya ikut dalam bidang saham dan lainnya cuma dalam satu aplikasi. Petunjuk penggunaanya mudah dan ringan di cerna orang awam seperti saya pun pasti cepat mengerti, fitur-fitur yang digunakan sudah terbilang canggih dan komplit dan terpenting transaksi pun juga lancar dan aman.",True,330,50,1.13.2,0,Tidak,,,Sampel ulasan publik Play Store
51911523-29a8-4509-9af8-bb8af5e2cc52,2026-09-26 00:43:31,https://play.google.com/store/apps/details?id=id.trimegah.tplus.android,ID,id,5,1.0,100.0,Positive,Transaksi & Portofolio Saham,2026-08-07 19:40:58,2026,"Aplikasi nya bagus bgt disini kita bisa beli saham, reksa dana & obligasi di dalam 1 aplikasi","Aplikasi nya bagus bgt disini kita bisa beli saham, reksa dana & obligasi di dalam 1 aplikasi",True,93,17,Tidak Tercatat,0,Tidak,,,Sampel ulasan publik Play Store
dbf9669e-cfa2-4610-a04a-622519e68974,2026-09-26 00:43:31,https://play.google.com/store/apps/details?id=id.trimegah.tplus.android,ID,id,1,0.0,0.0,Negative,Transaksi & Portofolio Saham,2026-08-07 06:41:32,2026,"penarikan dana gagal terus, sudah emial tapi tidak ada respon. mendingan sekuritas sebelah wd nya cepet","penarikan dana gagal terus, sudah emial tapi tidak ada respon. mendingan sekuritas sebelah wd nya cepet",True,103,16,1.13.2,0,Tidak,,,Sampel ulasan publik Play Store
5dce06ed-8f87-4834-9759-445c65af76c0,2026-09-26 00:43:31,https://play.google.com/store/apps/details?id=id.trimegah.tplus.android,ID,id,5,1.0,100.0,Positive,Apresiasi Umum & Kepuasan,2026-08-06 22:04:14,2026,Trima+ aplikasi praktis buat transaksi digital dan cocok juga buat kamu yang mau mulai belajar investasi saham.,Trima+ aplikasi praktis buat transaksi digital dan cocok juga buat kamu yang mau mulai belajar investasi saham.,True,111,17,Tidak Tercatat,0,Tidak,,,Sampel ulasan publik Play Store
8922cf76-32eb-47d7-bb45-4aaa8ab9f1c5,2026-09-26 00:43:31,https://play.google.com/store/apps/details?id=id.trimegah.tplus.android,ID,id,5,1.0,100.0,Positive,Transaksi & Portofolio Saham,2026-08-03 22:47:33,2026,"""Fitur Advanced Order dan Trima Picks di aplikasi ini juara banget! Sebagai orang sibuk, fitur Auto Order seperti Stop Loss dan Trailing Stop sangat membantu mengamankan profit tanpa harus pantau layar seharian. Rekomendasi harian dari tim analisnya juga sangat akurat. Bintang 5 untuk Trimegah!""","""Fitur Advanced Order dan Trima Picks di aplikasi ini juara banget! Sebagai orang sibuk, fitur Auto Order seperti Stop Loss dan Trailing Stop sangat membantu mengamankan profit tanpa harus pantau layar seharian. Rekomendasi harian dari tim analisnya juga sangat akurat. Bintang 5 untuk Trimegah!""",True,296,44,Tidak Tercatat,0,Tidak,,,Sampel ulasan publik Play Store
07aa4cc3-4ced-490e-894b-9c7136cf07fd,2026-09-26 00:43:31,https://play.google.com/store/apps/details?id=id.trimegah.tplus.android,ID,id,5,1.0,100.0,Positive,Transaksi & Portofolio Saham,2026-08-03 22:45:41,2026,"Saya suka menggunakan aplikasi Trima+ karena semua instrumen investasi yang saya butuhkan tersedia dalam satu aplikasi. Mulai dari saham, reksa dana, hingga obligasi bisa dibeli dengan mudah. Tampilannya juga memudahkan saya dalam mengelola portofolio tanpa harus menggunakan aplikasi lain.","Saya suka menggunakan aplikasi Trima+ karena semua instrumen investasi yang saya butuhkan tersedia dalam satu aplikasi. Mulai dari saham, reksa dana, hingga obligasi bisa dibeli dengan mudah. Tampilannya juga memudahkan saya dalam mengelola portofolio tanpa harus menggunakan aplikasi lain.",True,290,39,1.13.2,0,Tidak,,,Sampel ulasan publik Play Store
b881c821-7e49-4e6e-8d0d-1dce46707f1d,2026-09-26 00:43:31,https://play.google.com/store/apps/details?id=id.trimegah.tplus.android,ID,id,5,1.0,100.0,Positive,Login & Autentikasi,2026-08-03 22:03:51,2026,"dulu aku sering pindah-pindah aplikasi buat cek investasi, sekarang lebih nyaman pakai trima+ karena semua kebutuhan ada di satu tempat. aku bisa beli saham, reksa dana, dan obligasi tanpa harus ganti aplikasi. Selain itu ada fitur trima+ picks dan trima+ ideas yang sering aku jadikan bahan pertimbangan sebelum memilih saham. tampilan aplikasinya juga simpel, jadi nggak butuh waktu lama buat beradaptasi. sejauh ini pengalaman pakainya cukup nyaman.","dulu aku sering pindah-pindah aplikasi buat cek investasi, sekarang lebih nyaman pakai trima+ karena semua kebutuhan ada di satu tempat. aku bisa beli saham, reksa dana, dan obligasi tanpa harus ganti aplikasi. Selain itu ada fitur trima+ picks dan trima+ ideas yang sering aku jadikan bahan pertimbangan sebelum memilih saham. tampilan aplikasinya juga simpel, jadi nggak butuh waktu lama buat beradaptasi. sejauh ini pengalaman pakainya cukup nyaman.",True,452,67,Tidak Tercatat,0,Tidak,,,Sampel ulasan publik Play Store
04dc3054-e93a-46e1-9df2-b983b6e3262d,2026-09-26 00:43:31,https://play.google.com/store/apps/details?id=id.trimegah.tplus.android,ID,id,5,1.0,100.0,Positive,Login & Autentikasi,2026-08-03 22:02:27,2026,"salah satu apk yang gue sebut multi aset karena all-in-one bisa buat beli saham, reksa dana, sekaligus obligasi itu bener jd penyelamat buat gue mls pindah-pindah aplikasi dan nggak perlu hapal banyak password. Kebantu banget sih sama apk ini","salah satu apk yang gue sebut multi aset karena all-in-one bisa buat beli saham, reksa dana, sekaligus obligasi itu bener jd penyelamat buat gue mls pindah-pindah aplikasi dan nggak perlu hapal banyak password. Kebantu banget sih sama apk ini",True,242,39,1.13.2,0,Tidak,,,Sampel ulasan publik Play Store
00964106-0471-47df-adde-3623e37ba6fa,2026-09-26 00:43:31,https://play.google.com/store/apps/details?id=id.trimegah.tplus.android,ID,id,5,1.0,100.0,Positive,UI/UX & Performa (Loading/Navigasi),2026-08-03 22:00:23,2026,Fiturnya komplit bgt dengan UI/UX mudah digunakan tanpa ribet dan buang-buang waktu. hanya bbrp menit langsung bisa invest. keren pokoknya!!,Fiturnya komplit bgt dengan UI/UX mudah digunakan tanpa ribet dan buang-buang waktu. hanya bbrp menit langsung bisa invest. keren pokoknya!!,True,140,20,1.13.2,0,Tidak,,,Sampel ulasan publik Play Store
ca691d51-dc01-40f6-a3b0-79cb8d4e6e4b,2026-09-26 00:43:31,https://play.google.com/store/apps/details?id=id.trimegah.tplus.android,ID,id,2,0.25,25.0,Negative,Transaksi & Portofolio Saham,2026-08-03 21:25:11,2026,"aplikasi nya bagus, cuma kekurangan nya suka eror dan lambat saat di buka, apalagi pas jam pembukaan bursa, jadi ketingalan momen beli atau jual saham, tolong di perbaiki demi kenyamanan pelanggan.","aplikasi nya bagus, cuma kekurangan nya suka eror dan lambat saat di buka, apalagi pas jam pembukaan bursa, jadi ketingalan momen beli atau jual saham, tolong di perbaiki demi kenyamanan pelanggan.",True,197,31,1.13.2,1,Tidak,,,Sampel ulasan publik Play Store
3dcc75f5-af22-4d7c-afcf-408763548ab6,2026-09-26 00:43:31,https://play.google.com/store/apps/details?id=id.trimegah.tplus.android,ID,id,5,1.0,100.0,Positive,Apresiasi Umum & Kepuasan,2026-08-03 16:01:20,2026,hebat,hebat,True,5,1,1.13.2,0,Tidak,,,Sampel ulasan publik Play Store
ce43ad66-6869-46bf-b29e-6d3e2ea3da64,2026-09-26 00:43:31,https://play.google.com/store/apps/details?id=id.trimegah.tplus.android,ID,id,5,1.0,100.0,Positive,Transaksi & Portofolio Saham,2026-08-01 17:16:36,2026,"Aplikasi investasi yang sangat lengkap. Sekarang bisa pantau saham, reksa dana, dan obligasi dalam satu aplikasi saja. Tampilan barunya jauh lebih modern, bersih, dan gampang digunakan dibanding versi sebelumnya. Fitur Trima+ Ideas dan podcast hariannya juga sangat membantu buat ambil keputusan investasi. Sangat direkomendasikan!","Aplikasi investasi yang sangat lengkap. Sekarang bisa pantau saham, reksa dana, dan obligasi dalam satu aplikasi saja. Tampilan barunya jauh lebih modern, bersih, dan gampang digunakan dibanding versi sebelumnya. Fitur Trima+ Ideas dan podcast hariannya juga sangat membantu buat ambil keputusan investasi. Sangat direkomendasikan!",True,331,44,Tidak Tercatat,0,Tidak,,,Sampel ulasan publik Play Store
9b0c2d0b-f775-4607-8a17-f392a471182f,2026-09-26 00:43:31,https://play.google.com/store/apps/details?id=id.trimegah.tplus.android,ID,id,5,1.0,100.0,Positive,Transaksi & Portofolio Saham,2026-08-01 10:26:08,2026,"Aplikasi investasi terbaik dan super lengkap! Sangat suka dengan pembaruan TRIMA+ sekarang karena bisa memantau saham, reksa dana, hingga obligasi dalam satu aplikasi saja. Fitur Advanced Order seperti Stop Loss dan Trailing Stop juga sangat membantu saya trading dengan tenang tanpa harus pantau layar terus-menerus. UI/UX terlihat modern dan pendaftarannya pun sangat praktis. Pertahankan performanya!","Aplikasi investasi terbaik dan super lengkap! Sangat suka dengan pembaruan TRIMA+ sekarang karena bisa memantau saham, reksa dana, hingga obligasi dalam satu aplikasi saja. Fitur Advanced Order seperti Stop Loss dan Trailing Stop juga sangat membantu saya trading dengan tenang tanpa harus pantau layar terus-menerus. UI/UX terlihat modern dan pendaftarannya pun sangat praktis. Pertahankan performanya!",True,403,55,Tidak Tercatat,0,Tidak,,,Sampel ulasan publik Play Store
5fe9c439-433b-4850-8aea-726f4fe73843,2026-09-26 00:43:31,https://play.google.com/store/apps/details?id=id.trimegah.tplus.android,ID,id,1,0.0,0.0,Negative,Login & Autentikasi,2026-07-31 17:16:54,2026,kenapa otp tidak masuk baik WA SMS maupun email,kenapa otp tidak masuk baik WA SMS maupun email,True,47,9,Tidak Tercatat,0,Tidak,,,Sampel ulasan publik Play Store
ec2790f3-991b-4b19-b83f-a1f917983534,2026-09-26 00:43:31,https://play.google.com/store/apps/details?id=id.trimegah.tplus.android,ID,id,1,0.0,0.0,Negative,Transaksi & Portofolio Saham,2026-07-31 08:54:51,2026,Di aplikasi keterangan rdn 1x24 udah hampir 2 Minggu blm aktif sangat lama di aplikasi sebelah cepet banget,Di aplikasi keterangan rdn 1x24 udah hampir 2 Minggu blm aktif sangat lama di aplikasi sebelah cepet banget,True,107,18,Tidak Tercatat,0,Tidak,,,Sampel ulasan publik Play Store
9367cf08-7bc8-40b9-b57c-3628ed54cecb,2026-09-26 00:43:31,https://play.google.com/store/apps/details?id=id.trimegah.tplus.android,ID,id,5,1.0,100.0,Positive,Apresiasi Umum & Kepuasan,2026-07-30 09:37:03,2026,"saya sebagai pemula belum ngerti ttg investasi ini seperti risiko ny seperti apa, peluang nya bagaimana. nah dgn trima+ ini sangat membantu saya memahami semua kesulitan saya serta bisa membantu saya menemukan peluang2 investasi dengan mudah","saya sebagai pemula belum ngerti ttg investasi ini seperti risiko ny seperti apa, peluang nya bagaimana. nah dgn trima+ ini sangat membantu saya memahami semua kesulitan saya serta bisa membantu saya menemukan peluang2 investasi dengan mudah",True,241,36,1.13.2,0,Tidak,,,Sampel ulasan publik Play Store
3a108797-cdbc-46f4-be5f-1b62bedc8f04,2026-09-26 00:43:31,https://play.google.com/store/apps/details?id=id.trimegah.tplus.android,ID,id,5,1.0,100.0,Positive,UI/UX & Performa (Loading/Navigasi),2026-07-30 09:30:57,2026,Tolong tambahkan mode gelap agar tampilan lebih menarik,Tolong tambahkan mode gelap agar tampilan lebih menarik,True,55,8,1.13.2,0,Tidak,,,Sampel ulasan publik Play Store
2162d6a7-ce52-4a80-9dbd-70269162ed00,2026-09-26 00:43:31,https://play.google.com/store/apps/details?id=id.trimegah.tplus.android,ID,id,5,1.0,100.0,Positive,UI/UX & Performa (Loading/Navigasi),2026-07-30 09:06:45,2026,"Aplikasi Bagus, Tampilan Fresh dan Mudah Digunakan! Fitur-fiturnya makin lengkap dan user-friendly. Proses transaksi/navigasinya responsif dan ramah untuk pengguna baru maupun lama. Sistem keamanannya juga bikin tenang. Rekomendasi banget! 👍","Aplikasi Bagus, Tampilan Fresh dan Mudah Digunakan! Fitur-fiturnya makin lengkap dan user-friendly. Proses transaksi/navigasinya responsif dan ramah untuk pengguna baru maupun lama. Sistem keamanannya juga bikin tenang. Rekomendasi banget! 👍",True,241,30,1.13.3,0,Tidak,,,Sampel ulasan publik Play Store
b1d3d1bb-cf22-456d-a54b-2c745ff3f267,2026-09-26 00:43:31,https://play.google.com/store/apps/details?id=id.trimegah.tplus.android,ID,id,5,1.0,100.0,Positive,Login & Autentikasi,2026-07-29 16:58:31,2026,"awalnya aku sering telat ambil kputusan pas lagi mantau pergerakan saham karna harus bolak-balik buka beberapa menu. setelah coba pakai trima+ ternyata fitur watchlist sama form order lengkap banget ngebantu buat trader saham. watchlist bikin aku lebih gampang mantau saham saham yg lagi diincar tanpa ribet nyari satu satu. pas udah nemu momentum yg pas, form ordernya juga lengkap, jadi semua informasi penting langsung kelihatan dan proses masukin order terasa lebih praktis","awalnya aku sering telat ambil kputusan pas lagi mantau pergerakan saham karna harus bolak-balik buka beberapa menu. setelah coba pakai trima+ ternyata fitur watchlist sama form order lengkap banget ngebantu buat trader saham. watchlist bikin aku lebih gampang mantau saham saham yg lagi diincar tanpa ribet nyari satu satu. pas udah nemu momentum yg pas, form ordernya juga lengkap, jadi semua informasi penting langsung kelihatan dan proses masukin order terasa lebih praktis",True,477,72,Tidak Tercatat,0,Tidak,,,Sampel ulasan publik Play Store
a99d9d3b-a118-43f6-8274-0c3a269608fe,2026-09-26 00:43:31,https://play.google.com/store/apps/details?id=id.trimegah.tplus.android,ID,id,5,1.0,100.0,Positive,Customer Service & Layanan,2026-07-29 12:30:30,2026,tim call center dan admin sangat responsif jadi mempermudah saya untuk mengunakan investasi disini,tim call center dan admin sangat responsif jadi mempermudah saya untuk mengunakan investasi disini,True,98,14,1.13.3,0,Tidak,,,Sampel ulasan publik Play Store
18e9d137-b65d-411d-8f38-d072daa9691a,2026-09-26 00:43:31,https://play.google.com/store/apps/details?id=id.trimegah.tplus.android,ID,id,5,1.0,100.0,Positive,Transaksi & Portofolio Saham,2026-07-29 11:31:07,2026,"apk nya gokil gacor terus ,dilengkapi akses portofolio cepat dan ringkas untuk persahaman (cek/beli saham, reksa dana, dan obligasi di 1 halaman) ga nge bug , daftar pasar saham terkini untuk investasi aman juga buat pemula yang mau join cepat meningkat dan naik terus","apk nya gokil gacor terus ,dilengkapi akses portofolio cepat dan ringkas untuk persahaman (cek/beli saham, reksa dana, dan obligasi di 1 halaman) ga nge bug , daftar pasar saham terkini untuk investasi aman juga buat pemula yang mau join cepat meningkat dan naik terus",True,268,44,Tidak Tercatat,0,Tidak,,,Sampel ulasan publik Play Store
7b64bfa6-4215-4c74-9564-b9c6081c3c0a,2026-09-26 00:43:31,https://play.google.com/store/apps/details?id=id.trimegah.tplus.android,ID,id,5,1.0,100.0,Positive,Apresiasi Umum & Kepuasan,2026-07-29 10:06:55,2026,luar biasa🔥🔥,luar biasa🔥🔥,True,12,2,1.13.2,0,Tidak,,,Sampel ulasan publik Play Store
431aa0b7-ab96-4fd5-9972-e7ba1cff39a8,2026-09-26 00:43:31,https://play.google.com/store/apps/details?id=id.trimegah.tplus.android,ID,id,5,1.0,100.0,Positive,Login & Autentikasi,2026-07-28 22:48:36,2026,"Baru beberapa hari pakai TrimA+ dan sejauh ini nyaman banget. Login pakai nomor HP jadi lebih praktis, tampilannya juga mudah dipahami. Aku paling sering pakai fitur Watchlist dan Form Order buat pantau saham, ditambah Trima+ Picks dan Trima+ Ideas yang lumayan membantu cari referensi. Enaknya lagi, di satu aplikasi bisa beli saham, reksa dana, dan obligasi. Portofolionya juga ringkas, jadi gampang cek semua aset. Sempat hubungi admin juga responsnya cepat. Mantap dan recomended banget.","Baru beberapa hari pakai TrimA+ dan sejauh ini nyaman banget. Login pakai nomor HP jadi lebih praktis, tampilannya juga mudah dipahami. Aku paling sering pakai fitur Watchlist dan Form Order buat pantau saham, ditambah Trima+ Picks dan Trima+ Ideas yang lumayan membantu cari referensi. Enaknya lagi, di satu aplikasi bisa beli saham, reksa dana, dan obligasi. Portofolionya juga ringkas, jadi gampang cek semua aset. Sempat hubungi admin juga responsnya cepat. Mantap dan recomended banget.",True,491,74,Tidak Tercatat,0,Tidak,,,Sampel ulasan publik Play Store
e4ca9980-8f4a-48fe-8dbf-8c4a9144f82d,2026-09-26 00:43:31,https://play.google.com/store/apps/details?id=id.trimegah.tplus.android,ID,id,5,1.0,100.0,Positive,Transaksi & Portofolio Saham,2026-07-28 21:45:29,2026,"pada awalnya saya cuman iseng iseng download Trima+ buat belajar tentang keuangan. bisa dibilang saya orang yang cukup awam dibidang ini untungnya, tim call center Trima+ sangat membantu saya dalam mempelajari berbagai fitur yang ada di Trima+. jujur ini pertama kalinya saya menemukan aplikasi dengan tim call center yang sangat kompeten.","pada awalnya saya cuman iseng iseng download Trima+ buat belajar tentang keuangan. bisa dibilang saya orang yang cukup awam dibidang ini untungnya, tim call center Trima+ sangat membantu saya dalam mempelajari berbagai fitur yang ada di Trima+. jujur ini pertama kalinya saya menemukan aplikasi dengan tim call center yang sangat kompeten.",True,339,51,1.13.3,3,Tidak,,,Sampel ulasan publik Play Store
cabb91e4-4a91-4981-b9fb-21e2677fe9de,2026-09-26 00:43:31,https://play.google.com/store/apps/details?id=id.trimegah.tplus.android,ID,id,5,1.0,100.0,Positive,Login & Autentikasi,2026-07-28 21:38:57,2026,"Trima+ bener-bener mempermudah pemantauan aset harian. Fitur watchlist dan form order-nya lengkap banget, kepake banget buat analisa dan eksekusi saham. Akses portofolionya cepat, jadi bisa cek perkembangan saham, reksa dana, dan obligasi sekaligus di satu layar tanpa ribet. Login juga makin praktis pakai nomor HP, plus tim admin-nya selalu gercep dan membantu kalau ada kendala. Fiturnya komplit dan nyaman dipake!","Trima+ bener-bener mempermudah pemantauan aset harian. Fitur watchlist dan form order-nya lengkap banget, kepake banget buat analisa dan eksekusi saham. Akses portofolionya cepat, jadi bisa cek perkembangan saham, reksa dana, dan obligasi sekaligus di satu layar tanpa ribet. Login juga makin praktis pakai nomor HP, plus tim admin-nya selalu gercep dan membantu kalau ada kendala. Fiturnya komplit dan nyaman dipake!",True,417,60,1.13.2,1,Tidak,,,Sampel ulasan publik Play Store
5e5f1c94-9b31-4cb0-99a5-86fc9c40ba4d,2026-09-26 00:43:31,https://play.google.com/store/apps/details?id=id.trimegah.tplus.android,ID,id,5,1.0,100.0,Positive,Transaksi & Portofolio Saham,2026-07-28 21:34:28,2026,"Dulu repot buka banyak menu buat cek investasi. Sejak pakai Trima+, semuanya super praktis dan cepat! Portofolionya ringkas; saya bisa langsung pantau pergerakan saham, reksa dana, dan obligasi sekaligus di satu halaman. Benar-benar hemat waktu dan anti ribet. Mantap!","Dulu repot buka banyak menu buat cek investasi. Sejak pakai Trima+, semuanya super praktis dan cepat! Portofolionya ringkas; saya bisa langsung pantau pergerakan saham, reksa dana, dan obligasi sekaligus di satu halaman. Benar-benar hemat waktu dan anti ribet. Mantap!",True,268,39,1.13.2,0,Tidak,,,Sampel ulasan publik Play Store
40ffe730-823c-47eb-a50e-2726f24c8827,2026-09-26 00:43:31,https://play.google.com/store/apps/details?id=id.trimegah.tplus.android,ID,id,1,0.0,0.0,Negative,Login & Autentikasi,2026-07-28 20:04:14,2026,Verifikasinya kok Lama ya?,Verifikasinya kok Lama ya?,True,26,4,1.13.2,0,Tidak,,,Sampel ulasan publik Play Store
34c2fd56-7d68-46c1-8448-a487b24faff7,2026-09-26 00:43:31,https://play.google.com/store/apps/details?id=id.trimegah.tplus.android,ID,id,5,1.0,100.0,Positive,Transaksi & Portofolio Saham,2026-07-27 22:03:23,2026,"Aplikasi investasi super lengkap dan praktis! Sangat terbantu dengan fitur Trima+ karena bisa kelola saham, obligasi, dan reksa dana langsung dalam satu aplikasi tanpa ribet gonta-ganti. Tampilannya juga sangat modern dan user-friendly buat anak muda. Sangat direkomendasikan untuk masa depan!","Aplikasi investasi super lengkap dan praktis! Sangat terbantu dengan fitur Trima+ karena bisa kelola saham, obligasi, dan reksa dana langsung dalam satu aplikasi tanpa ribet gonta-ganti. Tampilannya juga sangat modern dan user-friendly buat anak muda. Sangat direkomendasikan untuk masa depan!",True,293,40,1.13.2,0,Tidak,,,Sampel ulasan publik Play Store
82700c2f-fec5-4fdf-a95c-0755f3c480e6,2026-09-26 00:43:31,https://play.google.com/store/apps/details?id=id.trimegah.tplus.android,ID,id,5,1.0,100.0,Positive,Login & Autentikasi,2026-07-27 15:29:48,2026,"Aplikasinya tidak terlalu rumit, tinggal login sekarang cuma pakai no hp","Aplikasinya tidak terlalu rumit, tinggal login sekarang cuma pakai no hp",True,72,11,1.13.2,0,Tidak,,,Sampel ulasan publik Play Store
23eab212-f3b0-4b81-8ddf-fc63c20f38e8,2026-09-26 00:43:31,https://play.google.com/store/apps/details?id=id.trimegah.tplus.android,ID,id,5,1.0,100.0,Positive,Login & Autentikasi,2026-07-27 11:43:14,2026,"ini first time aku pakai Trima+ dan udah ± 3 bulan ,semejak pakai udah jelas banget kualitasnya , terus login cukup pakai nomor HP jadi lebih praktis. Tampilan aplikasinya juga simpel dan mudah dipahami. yang paling aku suka fitur watchlist dan Trima+ Picks karena memudahkan memantau saham dan mencari ide investasi. Portofolionya juga ringkas, dan adminnya responsif. Fiturnya lengkap banget serta nyaman buat di gunakan jangka panjang..","ini first time aku pakai Trima+ dan udah ± 3 bulan ,semejak pakai udah jelas banget kualitasnya , terus login cukup pakai nomor HP jadi lebih praktis. Tampilan aplikasinya juga simpel dan mudah dipahami. yang paling aku suka fitur watchlist dan Trima+ Picks karena memudahkan memantau saham dan mencari ide investasi. Portofolionya juga ringkas, dan adminnya responsif. Fiturnya lengkap banget serta nyaman buat di gunakan jangka panjang..",True,439,67,1.13.2,0,Tidak,,,Sampel ulasan publik Play Store
ef6e41a2-18b0-49b6-bac6-241f6aa971a0,2026-09-26 00:43:31,https://play.google.com/store/apps/details?id=id.trimegah.tplus.android,ID,id,5,1.0,100.0,Positive,Customer Service & Layanan,2026-07-24 22:45:56,2026,"Produknya bagus banget! Trima+ asli, packing aman, pengiriman cepat. Efeknya kerasa. Recommended seller ,Tim call center dan admin sayang responsif membantu banget","Produknya bagus banget! Trima+ asli, packing aman, pengiriman cepat. Efeknya kerasa. Recommended seller ,Tim call center dan admin sayang responsif membantu banget",True,163,22,1.13.3,0,Tidak,,,Sampel ulasan publik Play Store
cf96a690-9066-49a9-88d3-d3a31f449024,2026-09-26 00:43:31,https://play.google.com/store/apps/details?id=id.trimegah.tplus.android,ID,id,5,1.0,100.0,Positive,Login & Autentikasi,2026-07-24 20:55:20,2026,"Semua aset dalam satu aplikasi, gampang & aman! ✨ ""Sudah pakai 2 bulan, puas banget. Bisa beli saham, reksa dana, sampai obligasi tanpa gonta-ganti aplikasi . Grafiknya pakai TradingView jadi detail dan jelas , fitur Fast Order bikin transaksi cepat pas harga bagus . Buka rekening juga cuma lewat HP selesai sehari. Login sidik jari responsif, belum pernah gagal masuk atau gagal transaksi. Laporan portofolio rapi, ada Trima Picks buat referensi juga bermanfaat . Terpercaya karena dari seku","Semua aset dalam satu aplikasi, gampang & aman! ✨ ""Sudah pakai 2 bulan, puas banget. Bisa beli saham, reksa dana, sampai obligasi tanpa gonta-ganti aplikasi . Grafiknya pakai TradingView jadi detail dan jelas , fitur Fast Order bikin transaksi cepat pas harga bagus . Buka rekening juga cuma lewat HP selesai sehari. Login sidik jari responsif, belum pernah gagal masuk atau gagal transaksi. Laporan portofolio rapi, ada Trima Picks buat referensi juga bermanfaat . Terpercaya karena dari seku",True,493,78,1.13.2,3,Tidak,,,Sampel ulasan publik Play Store
431d076a-5172-49f1-a2c5-0ac05b4ef220,2026-09-26 00:43:31,https://play.google.com/store/apps/details?id=id.trimegah.tplus.android,ID,id,5,1.0,100.0,Positive,Login & Autentikasi,2026-07-24 14:12:37,2026,"udah nyoba login dan ternyata adminnya ramah, kalau ada hal yang perlu ditanyain responsif banget dan juga pemula friendly jadi sangat membantu","udah nyoba login dan ternyata adminnya ramah, kalau ada hal yang perlu ditanyain responsif banget dan juga pemula friendly jadi sangat membantu",True,143,22,1.13.2,0,Tidak,,,Sampel ulasan publik Play Store
fa21b1d0-93ef-478a-9c82-458d90a40c5a,2026-09-26 00:43:31,https://play.google.com/store/apps/details?id=id.trimegah.tplus.android,ID,id,5,1.0,100.0,Positive,Login & Autentikasi,2026-07-24 14:07:24,2026,"fiturnya komplit banget, mempermudah penggunaan dan loginnya gampang tinggal pake nomor hp aja udah gitu aksesnya cepet juga","fiturnya komplit banget, mempermudah penggunaan dan loginnya gampang tinggal pake nomor hp aja udah gitu aksesnya cepet juga",True,124,18,1.13.2,0,Tidak,,,Sampel ulasan publik Play Store
b4387505-3e33-4c09-b641-394cbebf7f5b,2026-09-26 00:43:31,https://play.google.com/store/apps/details?id=id.trimegah.tplus.android,ID,id,4,0.75,75.0,Positive,Fitur Analisis & Data Pasar,2026-07-24 13:29:45,2026,"saran tambahkan fitur take profit, stop loss dan trailing stop","saran tambahkan fitur take profit, stop loss dan trailing stop",True,62,10,1.13.2,0,Tidak,,,Sampel ulasan publik Play Store
eb897b53-56a2-40de-a0e5-e4f1833ba30e,2026-09-26 00:43:31,https://play.google.com/store/apps/details?id=id.trimegah.tplus.android,ID,id,5,1.0,100.0,Positive,Login & Autentikasi,2026-07-24 13:26:32,2026,"Satu aplikasi untuk semua: beli saham, reksa dana, dan obligasi jadi lebih gampang tanpa pindah-pindah platform.","Satu aplikasi untuk semua: beli saham, reksa dana, dan obligasi jadi lebih gampang tanpa pindah-pindah platform.",True,112,16,Tidak Tercatat,0,Tidak,,,Sampel ulasan publik Play Store
a8787920-b339-468a-8933-273d1681d446,2026-09-26 00:43:31,https://play.google.com/store/apps/details?id=id.trimegah.tplus.android,ID,id,5,1.0,100.0,Positive,UI/UX & Performa (Loading/Navigasi),2026-07-24 11:44:59,2026,aplikasinya mudah dipahami..namun kedepannya untuk menunya dapat tambah agar lebih update lagi,aplikasinya mudah dipahami..namun kedepannya untuk menunya dapat tambah agar lebih update lagi,True,94,12,Tidak Tercatat,0,Tidak,,,Sampel ulasan publik Play Store
ebec4e68-0748-4100-ac93-54aaffdaef06,2026-09-26 00:43:31,https://play.google.com/store/apps/details?id=id.trimegah.tplus.android,ID,id,5,1.0,100.0,Positive,Login & Autentikasi,2026-07-24 09:53:56,2026,"aplikasi yang sangat sempurna, fiturnya udah komplit banget, ui nya bagus, ux nya mudah, login bisa cuman pakai nomer hp, besi beli saham, reksa dana, dll. tim call center dan admin nya juga sangat responsif, ramah, dan membantu banget","aplikasi yang sangat sempurna, fiturnya udah komplit banget, ui nya bagus, ux nya mudah, login bisa cuman pakai nomer hp, besi beli saham, reksa dana, dll. tim call center dan admin nya juga sangat responsif, ramah, dan membantu banget",True,235,39,Tidak Tercatat,0,Tidak,,,Sampel ulasan publik Play Store
72163c57-4404-45db-b42c-af2483cccebe,2026-09-26 00:43:31,https://play.google.com/store/apps/details?id=id.trimegah.tplus.android,ID,id,5,1.0,100.0,Positive,Transaksi & Portofolio Saham,2026-07-23 14:34:00,2026,"aplikasinya sangat membantu dan memudahkan sekali bisa beli saham, reksadana, dan obligasi dalam 1 aplikasi saja tim call centre dan adminnya pun sangat cepat tanggap dan membantu banget bisa dengan mudah mengatur perencanaan keuangan dengan aplikasi ini","aplikasinya sangat membantu dan memudahkan sekali bisa beli saham, reksadana, dan obligasi dalam 1 aplikasi saja tim call centre dan adminnya pun sangat cepat tanggap dan membantu banget bisa dengan mudah mengatur perencanaan keuangan dengan aplikasi ini",True,254,37,1.13.2,0,Tidak,,,Sampel ulasan publik Play Store
dd2b0ac8-b803-4a41-80d0-205cee06a33c,2026-09-26 00:43:31,https://play.google.com/store/apps/details?id=id.trimegah.tplus.android,ID,id,5,1.0,100.0,Positive,Transaksi & Portofolio Saham,2026-07-23 14:24:43,2026,"makin kesini fiturnya semakin komplit , UI nya sangat mudah dipahami & digunakan .watchlist dan form order yang lengkap sangat membantu buat trader saham .","makin kesini fiturnya semakin komplit , UI nya sangat mudah dipahami & digunakan .watchlist dan form order yang lengkap sangat membantu buat trader saham .",True,155,25,1.13.2,0,Tidak,,,Sampel ulasan publik Play Store
53d0157f-a2ad-40f5-a1ed-a1ea8ad066d1,2026-09-26 00:43:31,https://play.google.com/store/apps/details?id=id.trimegah.tplus.android,ID,id,5,1.0,100.0,Positive,Transaksi & Portofolio Saham,2026-07-23 14:16:35,2026,"Suka sekali sama aplikasi Trima+ karna bisa Beli saham , reksa dana dan obligasi hanya dalam 1 transaksi, tim call center nya juga sangat responsif ketika dhubungi.","Suka sekali sama aplikasi Trima+ karna bisa Beli saham , reksa dana dan obligasi hanya dalam 1 transaksi, tim call center nya juga sangat responsif ketika dhubungi.",True,164,27,1.13.2,0,Tidak,,,Sampel ulasan publik Play Store
38004b3a-1d1d-48fe-880d-2ecc06228fd7,2026-09-26 00:43:31,https://play.google.com/store/apps/details?id=id.trimegah.tplus.android,ID,id,5,1.0,100.0,Positive,Transaksi & Portofolio Saham,2026-07-23 13:32:51,2026,"Baru beberapa hari pakai Trima+ dan ternyata nyaman banget. UI-nya bersih, jadi gampang dipahami walaupun aku masih belajar investasi. Aku paling sering pakai fitur Trima+ Picks buat cari referensi saham, lumayan ngebantu pas lagi bingung mau pilih yang mana. Enaknya lagi, portofolio saham, reksa dana, sama obligasi bisa dilihat dalam satu halaman, jadi lebih praktis buat cek perkembangan investasi. Kalau ada kendala juga adminnya cepat respon. Overall puas sih, recommended👍","Baru beberapa hari pakai Trima+ dan ternyata nyaman banget. UI-nya bersih, jadi gampang dipahami walaupun aku masih belajar investasi. Aku paling sering pakai fitur Trima+ Picks buat cari referensi saham, lumayan ngebantu pas lagi bingung mau pilih yang mana. Enaknya lagi, portofolio saham, reksa dana, sama obligasi bisa dilihat dalam satu halaman, jadi lebih praktis buat cek perkembangan investasi. Kalau ada kendala juga adminnya cepat respon. Overall puas sih, recommended👍",True,479,70,1.13.2,0,Tidak,,,Sampel ulasan publik Play Store
3940ca32-5490-4da8-8989-d9bc1c56e226,2026-09-26 00:43:31,https://play.google.com/store/apps/details?id=id.trimegah.tplus.android,ID,id,5,1.0,100.0,Positive,UI/UX & Performa (Loading/Navigasi),2026-07-23 12:01:37,2026,"Aku pakai aplikasi Trima+ dan sejauh ini puas banget. Fiturnya komplit, dari pantau saham sampai cari ide investasi semua ada dalam satu aplikasi. UI dan UX-nya juga mudah digunakan, tampilannya simpel jadi gampang dipahami bahkan buat pemula. Ngebantu banget buat yang mau mulai investasi tanpa ribet.","Aku pakai aplikasi Trima+ dan sejauh ini puas banget. Fiturnya komplit, dari pantau saham sampai cari ide investasi semua ada dalam satu aplikasi. UI dan UX-nya juga mudah digunakan, tampilannya simpel jadi gampang dipahami bahkan buat pemula. Ngebantu banget buat yang mau mulai investasi tanpa ribet.",True,302,46,Tidak Tercatat,0,Tidak,,,Sampel ulasan publik Play Store
81403803-5d52-4fbf-be25-8e1f490154ae,2026-09-26 00:43:31,https://play.google.com/store/apps/details?id=id.trimegah.tplus.android,ID,id,5,1.0,100.0,Positive,Login & Autentikasi,2026-07-22 11:13:58,2026,"Aplikasi ini bisa beli saham, reksa dana dll. call center dan adminnya juga sangat membantu banget. loginnya juga mudah cuma pakai nomor hape aja. tampilannya pun mudah dimengerti 💯","Aplikasi ini bisa beli saham, reksa dana dll. call center dan adminnya juga sangat membantu banget. loginnya juga mudah cuma pakai nomor hape aja. tampilannya pun mudah dimengerti 💯",True,181,29,1.13.2,0,Tidak,,,Sampel ulasan publik Play Store
3b5fd306-2520-478c-9d8e-b0d52a0c42ec,2026-09-26 00:43:31,https://play.google.com/store/apps/details?id=id.trimegah.tplus.android,ID,id,5,1.0,100.0,Positive,Transaksi & Portofolio Saham,2026-07-22 09:18:37,2026,"Fiturnya komplit tampilannya simple mudah dimengerti, daftarnya juga mudah. Bisa beli saham dan reksa dana juga, Sejauh ini sy pake sangat memuaskan gada kendala apapun juga. CSnya pun responnya baik dan cepat juga. good job pertahankan kualitasnya 🙌","Fiturnya komplit tampilannya simple mudah dimengerti, daftarnya juga mudah. Bisa beli saham dan reksa dana juga, Sejauh ini sy pake sangat memuaskan gada kendala apapun juga. CSnya pun responnya baik dan cepat juga. good job pertahankan kualitasnya 🙌",True,250,38,1.13.2,0,Tidak,,,Sampel ulasan publik Play Store
ab4fcb89-312a-4c63-bacf-4d8c928c2b45,2026-09-26 00:43:31,https://play.google.com/store/apps/details?id=id.trimegah.tplus.android,ID,id,5,1.0,100.0,Positive,Transaksi & Portofolio Saham,2026-07-22 07:59:04,2026,"Bisa beli saham, reksa dana, dan obligasi di dalam 1 aplikasi praktis bgt, buat aku yg baru mulai invest ini gokil sih krn semua ada di 1 aplikasi dan ga bikin bingung gitu looh good job","Bisa beli saham, reksa dana, dan obligasi di dalam 1 aplikasi praktis bgt, buat aku yg baru mulai invest ini gokil sih krn semua ada di 1 aplikasi dan ga bikin bingung gitu looh good job",True,186,36,1.13.2,0,Tidak,,,Sampel ulasan publik Play Store
af28e045-608b-497f-8c12-da8d868afd77,2026-09-26 00:43:31,https://play.google.com/store/apps/details?id=id.trimegah.tplus.android,ID,id,5,1.0,100.0,Positive,Login & Autentikasi,2026-07-22 07:55:31,2026,"Baru coba pakai Trima+ dan sejauh ini cukup nyaman dipakai. Proses login sekarang pakai nomor HP jadi lebih simpel, nggak ribet. Aku juga suka karena portofolio saham, reksa dana, sama obligasi bisa dilihat dalam satu halaman, jadi lebih praktis buat ngecek investasi. Fitur watchlist lumayan membantu buat mantau saham yang lagi diincar, terus Trima+ Picks juga bisa jadi referensi kalau lagi bingung cari ide. Tampilannya bersih dan gampang dipahami, jadi buat pemula pun nggak bikin pusingg","Baru coba pakai Trima+ dan sejauh ini cukup nyaman dipakai. Proses login sekarang pakai nomor HP jadi lebih simpel, nggak ribet. Aku juga suka karena portofolio saham, reksa dana, sama obligasi bisa dilihat dalam satu halaman, jadi lebih praktis buat ngecek investasi. Fitur watchlist lumayan membantu buat mantau saham yang lagi diincar, terus Trima+ Picks juga bisa jadi referensi kalau lagi bingung cari ide. Tampilannya bersih dan gampang dipahami, jadi buat pemula pun nggak bikin pusingg",True,493,76,1.13.2,1,Tidak,,,Sampel ulasan publik Play Store
2c5619f8-f1e1-4c30-91b0-9a5b4730f859,2026-09-26 00:43:31,https://play.google.com/store/apps/details?id=id.trimegah.tplus.android,ID,id,5,1.0,100.0,Positive,Customer Service & Layanan,2026-07-21 22:22:11,2026,"saya pakai apk ini sudah beberapa bulan, awalnya saya kurang paham dengan apk nya karna baru pakai akhirnya saya hubungi call center dan admin ternyata responnya sangat cepat dan menjawab semua pertanyaan saya. untuk yang baru mau pakai sangat di rekomendasikan apk Trima+ karna banyak fitur yang sangat menguntungkan","saya pakai apk ini sudah beberapa bulan, awalnya saya kurang paham dengan apk nya karna baru pakai akhirnya saya hubungi call center dan admin ternyata responnya sangat cepat dan menjawab semua pertanyaan saya. untuk yang baru mau pakai sangat di rekomendasikan apk Trima+ karna banyak fitur yang sangat menguntungkan",True,317,49,1.13.2,0,Tidak,,,Sampel ulasan publik Play Store
936ce674-03c5-467a-b1b3-2f465d8853e2,2026-09-26 00:43:31,https://play.google.com/store/apps/details?id=id.trimegah.tplus.android,ID,id,5,1.0,100.0,Positive,Login & Autentikasi,2026-07-21 22:11:27,2026,Login tergampang cuma pakai no hp dan fiturnya sangat komplit dan gampang bgt buat digunain,Login tergampang cuma pakai no hp dan fiturnya sangat komplit dan gampang bgt buat digunain,True,91,15,Tidak Tercatat,0,Tidak,,,Sampel ulasan publik Play Store
98e2ec97-40d4-4955-b3b6-9db20543dba0,2026-09-26 00:43:31,https://play.google.com/store/apps/details?id=id.trimegah.tplus.android,ID,id,5,1.0,100.0,Positive,Login & Autentikasi,2026-07-21 21:48:00,2026,"Awalnya iseng coba Trima+ karena lagi cari aplikasi investasi yang gampang dipakai. Ternyata tampilannya enak dilihat dan nggak bikin bingung. Aku paling suka fitur watchlist sama form ordernya yang lengkap, jadi lebih mudah buat pantau saham. Fitur Trima+ Picks dan Trima+ Ideas juga lumayan ngebantu buat cari referensi sebelum beli saham. Enaknya lagi, di satu aplikasi udah bisa akses saham, reksa dana, sama obligasi, jadi nggak perlu pindah-pindah aplikasi. Best pokoknyaa 💫💫","Awalnya iseng coba Trima+ karena lagi cari aplikasi investasi yang gampang dipakai. Ternyata tampilannya enak dilihat dan nggak bikin bingung. Aku paling suka fitur watchlist sama form ordernya yang lengkap, jadi lebih mudah buat pantau saham. Fitur Trima+ Picks dan Trima+ Ideas juga lumayan ngebantu buat cari referensi sebelum beli saham. Enaknya lagi, di satu aplikasi udah bisa akses saham, reksa dana, sama obligasi, jadi nggak perlu pindah-pindah aplikasi. Best pokoknyaa 💫💫",True,481,72,1.13.2,0,Tidak,,,Sampel ulasan publik Play Store
cb09aaa9-81ac-45fe-95c8-98799a89a220,2026-09-26 00:43:31,https://play.google.com/store/apps/details?id=id.trimegah.tplus.android,ID,id,5,1.0,100.0,Positive,Login & Autentikasi,2026-07-21 13:54:14,2026,Tolong untuk pihak Trima+ servernya dibenahi lagi ini masuk sering error Mulu servernya ngga seperti kb Valbury dan ajaib tolong untuk aplikasinya bagus aja cuman sakit di servernya tolong ya,Tolong untuk pihak Trima+ servernya dibenahi lagi ini masuk sering error Mulu servernya ngga seperti kb Valbury dan ajaib tolong untuk aplikasinya bagus aja cuman sakit di servernya tolong ya,True,191,30,1.13.2,0,Tidak,,,Sampel ulasan publik Play Store
a7d5cdd6-ebe8-4cf8-85a2-789b455df4a2,2026-09-26 00:43:31,https://play.google.com/store/apps/details?id=id.trimegah.tplus.android,ID,id,1,0.0,0.0,Negative,Login & Autentikasi,2026-07-21 12:40:17,2026,"saya mau masuk lupa kata sandi, tapi pembaruan sandi ottpnya Ngg muncul muncul di email Gimana sih","saya mau masuk lupa kata sandi, tapi pembaruan sandi ottpnya Ngg muncul muncul di email Gimana sih",True,98,17,Tidak Tercatat,0,Tidak,,,Sampel ulasan publik Play Store
88b5e102-230d-4386-ad54-74ae7272bb20,2026-09-26 00:43:31,https://play.google.com/store/apps/details?id=id.trimegah.tplus.android,ID,id,5,1.0,100.0,Positive,Transaksi & Portofolio Saham,2026-07-20 22:33:51,2026,"aplikasi yg sangat membantu untuk membeli saham,reksadana,dan obligasi dalam 1 aplikasi.Dan sekarang log in nya cuma bisa pakai nomor hp jadi aman . terimakasih","aplikasi yg sangat membantu untuk membeli saham,reksadana,dan obligasi dalam 1 aplikasi.Dan sekarang log in nya cuma bisa pakai nomor hp jadi aman . terimakasih",True,160,24,1.13.2,0,Tidak,,,Sampel ulasan publik Play Store
ac3178f1-185e-42f9-bc02-832d462110f7,2026-09-26 00:43:31,https://play.google.com/store/apps/details?id=id.trimegah.tplus.android,ID,id,5,1.0,100.0,Positive,Transaksi & Portofolio Saham,2026-07-20 12:35:39,2026,"Aplikasi Trima+ sangat membantu untuk sadar keuangan dan cocok untuk yang baru belajar mencatat pengeluaran. Di Trima+ juga bisa beli saham, reksadana dan obligasi di dalam 1 aplikasi sekaligus bisa cek portofolio secara cepat. Fiturnya juga cukup lengkap untuk memantau pergerakan saham, reksadana dan obligasi.","Aplikasi Trima+ sangat membantu untuk sadar keuangan dan cocok untuk yang baru belajar mencatat pengeluaran. Di Trima+ juga bisa beli saham, reksadana dan obligasi di dalam 1 aplikasi sekaligus bisa cek portofolio secara cepat. Fiturnya juga cukup lengkap untuk memantau pergerakan saham, reksadana dan obligasi.",True,312,45,1.13.2,0,Tidak,,,Sampel ulasan publik Play Store
6a57bd05-744c-4bac-b17a-6dc44afa80ab,2026-09-26 00:43:31,https://play.google.com/store/apps/details?id=id.trimegah.tplus.android,ID,id,5,1.0,100.0,Positive,Transaksi & Portofolio Saham,2026-07-20 12:15:53,2026,sangat memudah kan sekali untuk cek portofolio karna akses yg cepat dan ringkas tanpa perlu buka tutup banyak halaman cuma sekali klik aja udah bisa liat semua portofolio.,sangat memudah kan sekali untuk cek portofolio karna akses yg cepat dan ringkas tanpa perlu buka tutup banyak halaman cuma sekali klik aja udah bisa liat semua portofolio.,True,171,28,1.13.2,0,Tidak,,,Sampel ulasan publik Play Store
bb4d113f-a4f1-4677-b0e2-927de8301073,2026-09-26 00:43:31,https://play.google.com/store/apps/details?id=id.trimegah.tplus.android,ID,id,5,1.0,100.0,Positive,Login & Autentikasi,2026-07-20 12:15:08,2026,"Login sekarang bisa cuman pakai nomor HP. Makin mudah proses log in nya, ngga ribet dan bootingnya ngga lama.","Login sekarang bisa cuman pakai nomor HP. Makin mudah proses log in nya, ngga ribet dan bootingnya ngga lama.",True,109,19,1.13.2,0,Tidak,,,Sampel ulasan publik Play Store
7b167b43-6a92-4f25-bd14-8b0a03cfd83d,2026-09-26 00:43:31,https://play.google.com/store/apps/details?id=id.trimegah.tplus.android,ID,id,5,1.0,100.0,Positive,UI/UX & Performa (Loading/Navigasi),2026-07-19 23:04:20,2026,Fiturnya komplit banget. UI/UX mudah di gunakan,Fiturnya komplit banget. UI/UX mudah di gunakan,True,47,7,1.13.2,0,Tidak,,,Sampel ulasan publik Play Store
a183e4cb-91f6-47e0-b5de-8b93606769f5,2026-09-26 00:43:31,https://play.google.com/store/apps/details?id=id.trimegah.tplus.android,ID,id,5,1.0,100.0,Positive,Customer Service & Layanan,2026-07-19 21:17:24,2026,"Saya sudah mencoba beberapa aplikasi investasi, tetapi Trima+ memberikan pengalaman yang cukup nyaman. Watchlist yang lengkap membuat saya lebih mudah memantau saham incaran, sementara Trima+ Picks dan Trima+ Ideas sering memberikan inspirasi untuk mencari peluang investasi. Navigasinya juga mudah dipelajari sehingga tidak membuat bingung. Ditambah lagi, ketika saya membutuhkan bantuan, tim call center dan admin merespons dengan baik. Sangat puas menggunakan aplikasi ini.","Saya sudah mencoba beberapa aplikasi investasi, tetapi Trima+ memberikan pengalaman yang cukup nyaman. Watchlist yang lengkap membuat saya lebih mudah memantau saham incaran, sementara Trima+ Picks dan Trima+ Ideas sering memberikan inspirasi untuk mencari peluang investasi. Navigasinya juga mudah dipelajari sehingga tidak membuat bingung. Ditambah lagi, ketika saya membutuhkan bantuan, tim call center dan admin merespons dengan baik. Sangat puas menggunakan aplikasi ini.",True,476,63,1.13.2,1,Tidak,,,Sampel ulasan publik Play Store
950d1259-2f63-4407-bc09-72e050086f83,2026-09-26 00:43:31,https://play.google.com/store/apps/details?id=id.trimegah.tplus.android,ID,id,5,1.0,100.0,Positive,Transaksi & Portofolio Saham,2026-07-19 21:14:59,2026,"aplikasi ini mudah loh di gunakan,fiturnya lengkap komplit,bisa beli saham,reksa dana dll. Kalau ada yang gak ngerti tim call center dan admin sangat responsif.","aplikasi ini mudah loh di gunakan,fiturnya lengkap komplit,bisa beli saham,reksa dana dll. Kalau ada yang gak ngerti tim call center dan admin sangat responsif.",True,160,24,1.13.2,0,Tidak,,,Sampel ulasan publik Play Store
e52bd5b5-761e-4dc7-89da-1f191ef81d0c,2026-09-26 00:43:31,https://play.google.com/store/apps/details?id=id.trimegah.tplus.android,ID,id,5,1.0,100.0,Positive,Customer Service & Layanan,2026-07-19 21:09:52,2026,keren nih aplikasi nya buat saya yg pemula ..tim call centre n adminnya responsif n ngebantu bnget ..saya yg awalnya gk ngerti jadi lgsg paham ..top dah ..recommended bngett..,keren nih aplikasi nya buat saya yg pemula ..tim call centre n adminnya responsif n ngebantu bnget ..saya yg awalnya gk ngerti jadi lgsg paham ..top dah ..recommended bngett..,True,175,29,1.13.2,0,Tidak,,,Sampel ulasan publik Play Store
e0499398-4dd6-4a87-9b56-ffbe93e2736d,2026-09-26 00:43:31,https://play.google.com/store/apps/details?id=id.trimegah.tplus.android,ID,id,5,1.0,100.0,Positive,Customer Service & Layanan,2026-07-19 21:09:27,2026,the best log in ke akun gampang bgt dan call centernya responsif banget kalau tanya-tanya,the best log in ke akun gampang bgt dan call centernya responsif banget kalau tanya-tanya,True,89,15,Tidak Tercatat,0,Tidak,,,Sampel ulasan publik Play Store
93af37ec-a08b-4698-b016-837503006a75,2026-09-26 00:43:31,https://play.google.com/store/apps/details?id=id.trimegah.tplus.android,ID,id,5,1.0,100.0,Positive,Customer Service & Layanan,2026-07-18 21:22:15,2026,"Suka banget pakai app trima+ ini karna fiturnya komplit, mudah dipahami, dan berguna bgt untuk yang mau punya saham Tim center dan admin sangat responsif dan ngebantu banget😍","Suka banget pakai app trima+ ini karna fiturnya komplit, mudah dipahami, dan berguna bgt untuk yang mau punya saham Tim center dan admin sangat responsif dan ngebantu banget😍",True,174,28,1.13.2,0,Tidak,,,Sampel ulasan publik Play Store
17f18fd8-f05f-4a59-a42f-03fcaaa5c655,2026-09-26 00:43:31,https://play.google.com/store/apps/details?id=id.trimegah.tplus.android,ID,id,5,1.0,100.0,Positive,Login & Autentikasi,2026-07-18 19:37:57,2026,"aplikasi yang sangat simpel, bisa akses beli saham, Reksadana dan obligasi dalam 1 aplikasi, sudah di awasi OJK pula .... loginya juga sangat gampang, cukup pakai nomer HP, yuk dicoba guys","aplikasi yang sangat simpel, bisa akses beli saham, Reksadana dan obligasi dalam 1 aplikasi, sudah di awasi OJK pula .... loginya juga sangat gampang, cukup pakai nomer HP, yuk dicoba guys",True,188,31,Tidak Tercatat,0,Tidak,,,Sampel ulasan publik Play Store
f7af579d-2de6-4590-852f-0147672ca59e,2026-09-26 00:43:31,https://play.google.com/store/apps/details?id=id.trimegah.tplus.android,ID,id,5,1.0,100.0,Positive,Transaksi & Portofolio Saham,2026-07-18 19:12:36,2026,"sangat mudah daftar akun trima+, dengan bantuan admin dan CSnya .... akses portofolio nya ringkas banget, semua ada mulai dari reksadana, saham dan obligasi dalam satu aplikasi, sangat memudahkan pengguna, trima+ juga sudah diawasi OJK jadi aplikasi nya sangat aman, nyaman untuk memulai investasi..","sangat mudah daftar akun trima+, dengan bantuan admin dan CSnya .... akses portofolio nya ringkas banget, semua ada mulai dari reksadana, saham dan obligasi dalam satu aplikasi, sangat memudahkan pengguna, trima+ juga sudah diawasi OJK jadi aplikasi nya sangat aman, nyaman untuk memulai investasi..",True,299,44,1.13.2,0,Tidak,,,Sampel ulasan publik Play Store
4d15f8ca-944c-4021-8515-c75537eb8fbc,2026-09-26 00:43:31,https://play.google.com/store/apps/details?id=id.trimegah.tplus.android,ID,id,5,1.0,100.0,Positive,Login & Autentikasi,2026-07-18 18:36:09,2026,Login sekarang bisa cuman pakai no hp aja,Login sekarang bisa cuman pakai no hp aja,True,41,8,1.13.2,0,Tidak,,,Sampel ulasan publik Play Store
a7cb21ad-1cea-4db3-9f58-f63801a59f3b,2026-09-26 00:43:31,https://play.google.com/store/apps/details?id=id.trimegah.tplus.android,ID,id,5,1.0,100.0,Positive,Transaksi & Portofolio Saham,2026-07-18 18:35:05,2026,"aplikasinya keren, bisa beli saham, Reksadana dan obligasi dalam 1 aplikasi. jadi makin mudah","aplikasinya keren, bisa beli saham, Reksadana dan obligasi dalam 1 aplikasi. jadi makin mudah",True,93,14,1.13.2,0,Tidak,,,Sampel ulasan publik Play Store
47c39595-9b0f-4889-8a27-a6c3a47bbfa8,2026-09-26 00:43:31,https://play.google.com/store/apps/details?id=id.trimegah.tplus.android,ID,id,5,1.0,100.0,Positive,Apresiasi Umum & Kepuasan,2026-07-18 00:40:02,2026,Trima+ THE BESTT,Trima+ THE BESTT,True,16,3,1.13.2,0,Tidak,,,Sampel ulasan publik Play Store
adad32b3-67af-49a9-9c01-de21e34edff4,2026-09-26 00:43:31,https://play.google.com/store/apps/details?id=id.trimegah.tplus.android,ID,id,5,1.0,100.0,Positive,Login & Autentikasi,2026-07-17 13:01:19,2026,"Lumayan mudah digunakan, login jg ga ribet tinggal pake no HP aja sat set sat set beres. Kali secara fitur udah lengkap&mudah di mengerti.","Lumayan mudah digunakan, login jg ga ribet tinggal pake no HP aja sat set sat set beres. Kali secara fitur udah lengkap&mudah di mengerti.",True,138,24,Tidak Tercatat,0,Tidak,,,Sampel ulasan publik Play Store
2fbcd125-65b2-4150-9504-bc6f5486b9de,2026-09-26 00:43:31,https://play.google.com/store/apps/details?id=id.trimegah.tplus.android,ID,id,5,1.0,100.0,Positive,Login & Autentikasi,2026-07-17 13:00:40,2026,"Hanya dalam satu genggaman kita dapat membeli saham, reksa dana dan obligasi di dalam satu aplikasi. Transaksinya transparan dan cepat. Tidak perlu repot ganti aplikasi atau mengingat banyak password, cukup dengan aplikasi Trima+. Aplikasi Trima+ benar-benar sangat membantu dalam perjalanan finansial saya.","Hanya dalam satu genggaman kita dapat membeli saham, reksa dana dan obligasi di dalam satu aplikasi. Transaksinya transparan dan cepat. Tidak perlu repot ganti aplikasi atau mengingat banyak password, cukup dengan aplikasi Trima+. Aplikasi Trima+ benar-benar sangat membantu dalam perjalanan finansial saya.",True,307,42,1.13.2,4,Tidak,,,Sampel ulasan publik Play Store
043140b2-68bd-4c22-ad76-ffb62376c617,2026-09-26 00:43:31,https://play.google.com/store/apps/details?id=id.trimegah.tplus.android,ID,id,5,1.0,100.0,Positive,Customer Service & Layanan,2026-07-16 20:45:08,2026,"Aplikasi bagus, fitur udah lengkap, harga bersaing dan ada promo tiap harii, apalagi all tim center dan admin sangat responsif jadii membantu banget.","Aplikasi bagus, fitur udah lengkap, harga bersaing dan ada promo tiap harii, apalagi all tim center dan admin sangat responsif jadii membantu banget.",True,149,23,1.13.2,0,Tidak,,,Sampel ulasan publik Play Store
39facfc3-b341-4401-aeef-71a763a4a0c4,2026-09-26 00:43:31,https://play.google.com/store/apps/details?id=id.trimegah.tplus.android,ID,id,5,1.0,100.0,Positive,UI/UX & Performa (Loading/Navigasi),2026-07-16 18:32:56,2026,"awalnya aku ragu untuk investasi di trima+, tapi setelah diketahui step by step ternyata gak sulit. pelayanannya cepat dan responsif, kalo ada kendala selalu dibantu buat masalah ini. best lah","awalnya aku ragu untuk investasi di trima+, tapi setelah diketahui step by step ternyata gak sulit. pelayanannya cepat dan responsif, kalo ada kendala selalu dibantu buat masalah ini. best lah",True,192,30,1.13.2,0,Tidak,,,Sampel ulasan publik Play Store
6a22b5ef-bbba-4ae2-ba84-d0242cfeb3f5,2026-09-26 00:43:31,https://play.google.com/store/apps/details?id=id.trimegah.tplus.android,ID,id,5,1.0,100.0,Positive,Login & Autentikasi,2026-07-16 16:37:01,2026,"Sebagai orang yang suka memantau investasi lewat HP, saya cukup terbantu dengan aplikasi ini karena semua kebutuhan investasi bisa dilakukan di satu tempat. Mulai dari beli saham, reksa dana, sampai obligasi, semuanya tersedia tanpa perlu pindah aplikasi.","Sebagai orang yang suka memantau investasi lewat HP, saya cukup terbantu dengan aplikasi ini karena semua kebutuhan investasi bisa dilakukan di satu tempat. Mulai dari beli saham, reksa dana, sampai obligasi, semuanya tersedia tanpa perlu pindah aplikasi.",True,255,37,1.13.2,0,Tidak,,,Sampel ulasan publik Play Store
edd840f7-a137-4ba0-a71d-4113af1383bd,2026-09-26 00:43:31,https://play.google.com/store/apps/details?id=id.trimegah.tplus.android,ID,id,5,1.0,100.0,Positive,Login & Autentikasi,2026-07-16 15:55:26,2026,"sangat memudahkan sekali penggunaan aplikasi ini, login nya mudah cuma pakai nomor HP aja, simple apalagi udh ke daftar OJK jadinya lebih terpercaya lagi","sangat memudahkan sekali penggunaan aplikasi ini, login nya mudah cuma pakai nomor HP aja, simple apalagi udh ke daftar OJK jadinya lebih terpercaya lagi",True,153,24,1.13.2,0,Tidak,,,Sampel ulasan publik Play Store
924a04d2-04b7-4499-b3c7-1901c1569479,2026-09-26 00:43:31,https://play.google.com/store/apps/details?id=id.trimegah.tplus.android,ID,id,5,1.0,100.0,Positive,Apresiasi Umum & Kepuasan,2026-07-15 19:06:00,2026,ok,ok,True,2,1,1.13.2,0,Tidak,,,Sampel ulasan publik Play Store
1daad03e-e3cb-4a2b-b8a6-4653ff7dd212,2026-09-26 00:43:31,https://play.google.com/store/apps/details?id=id.trimegah.tplus.android,ID,id,5,1.0,100.0,Positive,Login & Autentikasi,2026-07-15 11:23:04,2026,"wahhh awalnya aku cuma pantau saham lewat watchlist, jadi gampang lihat pergerakan saham incaran. Pas waktunya beli, form order-nya lengkap dan mudah dipahami, jadi lebih yakin saat transaksi. Enaknya lagi, dalam satu aplikasi aku bisa beli saham, reksa dana, dan obligasi tanpa perlu pindah-pindah aplikasi, good","wahhh awalnya aku cuma pantau saham lewat watchlist, jadi gampang lihat pergerakan saham incaran. Pas waktunya beli, form order-nya lengkap dan mudah dipahami, jadi lebih yakin saat transaksi. Enaknya lagi, dalam satu aplikasi aku bisa beli saham, reksa dana, dan obligasi tanpa perlu pindah-pindah aplikasi, good",True,313,46,1.13.2,0,Tidak,,,Sampel ulasan publik Play Store
649dbc48-c957-4a2e-9161-ea8e32752f8e,2026-09-26 00:43:31,https://play.google.com/store/apps/details?id=id.trimegah.tplus.android,ID,id,5,1.0,100.0,Positive,Login & Autentikasi,2026-07-15 11:08:38,2026,"ini fiturnya komplit, ngebantu buat trader saham, login nya juga gk ribet. sangat membantu inves saham dan reksa dana 👍","ini fiturnya komplit, ngebantu buat trader saham, login nya juga gk ribet. sangat membantu inves saham dan reksa dana 👍",True,119,20,Tidak Tercatat,0,Tidak,,,Sampel ulasan publik Play Store
4318a3be-b3a1-4034-8bed-67ac2e37dace,2026-09-26 00:43:31,https://play.google.com/store/apps/details?id=id.trimegah.tplus.android,ID,id,5,1.0,100.0,Positive,Transaksi & Portofolio Saham,2026-07-15 11:08:19,2026,"Gak nyangka kalau ada aplikasi yang seworth it ini... Baru pertama kali coba terjun ke dunia saham dan coba pakai aplikasi trimaplus sebagai aplikasi yang rekomen banget untuk pemula kayak aku... Fitur fiturnya lengkap dan mudah Cara daftarnya juga mudah dan cepat banget😍 Cocok untuk mengetahui aktivitas pasar saat ini dengan ringkas. Dan kita juga bisa membeli saham, reksa dana ataupun obligasi dalam satu aplikasi dengan bermacam fitur terdepan👍🏻","Gak nyangka kalau ada aplikasi yang seworth it ini... Baru pertama kali coba terjun ke dunia saham dan coba pakai aplikasi trimaplus sebagai aplikasi yang rekomen banget untuk pemula kayak aku... Fitur fiturnya lengkap dan mudah Cara daftarnya juga mudah dan cepat banget😍 Cocok untuk mengetahui aktivitas pasar saat ini dengan ringkas. Dan kita juga bisa membeli saham, reksa dana ataupun obligasi dalam satu aplikasi dengan bermacam fitur terdepan👍🏻",True,451,69,1.13.2,0,Tidak,,,Sampel ulasan publik Play Store
46686a27-b6e2-4e62-9590-0974ad8ec38d,2026-09-26 00:43:31,https://play.google.com/store/apps/details?id=id.trimegah.tplus.android,ID,id,5,1.0,100.0,Positive,Transaksi & Portofolio Saham,2026-07-14 19:14:27,2026,awalnya sempat ragu dengan aplikasi ini takut zonk kayak aplikasi sebelah. setelah gabung ternyata easy to use dan mereka punya fitur advance order yang bisa mantau grafik saham yg bisa kita atur untuk eksekusi harga saham yg pas secara otomatis. jd gak perlu ribet mantengin grafik dan gak bakal kena loss parah. worth it to try,awalnya sempat ragu dengan aplikasi ini takut zonk kayak aplikasi sebelah. setelah gabung ternyata easy to use dan mereka punya fitur advance order yang bisa mantau grafik saham yg bisa kita atur untuk eksekusi harga saham yg pas secara otomatis. jd gak perlu ribet mantengin grafik dan gak bakal kena loss parah. worth it to try,True,329,56,Tidak Tercatat,0,Tidak,,,Sampel ulasan publik Play Store
709ee378-b8a5-40fc-bdab-f2a38158e6ed,2026-09-26 00:43:31,https://play.google.com/store/apps/details?id=id.trimegah.tplus.android,ID,id,5,1.0,100.0,Positive,Reksa Dana & SBN,2026-07-14 19:07:27,2026,"aplikasi nya mudah digunakan untuk transaksi saham,sangat membantu tim call center dan admin sangat respons ,sudah terdaftar juga ojk ,ga perlu lagi cari aplikasi saham, obligasi pake trima+ mudah aman terpercaya","aplikasi nya mudah digunakan untuk transaksi saham,sangat membantu tim call center dan admin sangat respons ,sudah terdaftar juga ojk ,ga perlu lagi cari aplikasi saham, obligasi pake trima+ mudah aman terpercaya",True,212,31,Tidak Tercatat,0,Tidak,,,Sampel ulasan publik Play Store
9f44ef81-fc45-4588-bfd3-298bd4923f01,2026-09-26 00:43:31,https://play.google.com/store/apps/details?id=id.trimegah.tplus.android,ID,id,5,1.0,100.0,Positive,UI/UX & Performa (Loading/Navigasi),2026-07-14 18:44:51,2026,"Aplikasi Trima+ sangat direkomendasikan untuk memenuhi berbagai kebutuhan harian. Fiturnya komplit, mulai dari layanan transaksi yang cepat hingga pengelolaan data yang praktis dalam satu tempat. Selain itu, UI/UX mudah digunakan, bahkan bagi pengguna baru sekalipun, berkat tampilannya yang bersih dan navigasi yang intuitif.","Aplikasi Trima+ sangat direkomendasikan untuk memenuhi berbagai kebutuhan harian. Fiturnya komplit, mulai dari layanan transaksi yang cepat hingga pengelolaan data yang praktis dalam satu tempat. Selain itu, UI/UX mudah digunakan, bahkan bagi pengguna baru sekalipun, berkat tampilannya yang bersih dan navigasi yang intuitif.",True,326,43,Tidak Tercatat,0,Tidak,,,Sampel ulasan publik Play Store
94d4be6b-2d4f-4584-824e-d41901c423d4,2026-09-26 00:43:31,https://play.google.com/store/apps/details?id=id.trimegah.tplus.android,ID,id,5,1.0,100.0,Positive,Apresiasi Umum & Kepuasan,2026-07-13 16:34:12,2026,"aplikasi nya praktis, saya kira bakal ada banyak iklan ternyata engga sama sekalii","aplikasi nya praktis, saya kira bakal ada banyak iklan ternyata engga sama sekalii",True,82,13,1.13.2,0,Tidak,,,Sampel ulasan publik Play Store
9b68a063-e9f1-42dc-9814-ae1cf928de73,2026-09-26 00:43:31,https://play.google.com/store/apps/details?id=id.trimegah.tplus.android,ID,id,5,1.0,100.0,Positive,Transaksi & Portofolio Saham,2026-07-13 11:32:10,2026,"aplikasi ini sangat cocok buat menabung dalam jangka panjang karena bisa beli saham ,reksa dana dan obligasi didalam 1 aplikasi. .. sangatt sangat mendukung buat menabung","aplikasi ini sangat cocok buat menabung dalam jangka panjang karena bisa beli saham ,reksa dana dan obligasi didalam 1 aplikasi. .. sangatt sangat mendukung buat menabung",True,170,26,1.13.2,0,Tidak,,,Sampel ulasan publik Play Store
bc164df6-fdd8-4731-aaad-7191a8ccdfc0,2026-09-26 00:43:31,https://play.google.com/store/apps/details?id=id.trimegah.tplus.android,ID,id,5,1.0,100.0,Positive,UI/UX & Performa (Loading/Navigasi),2026-07-13 11:28:34,2026,"Sejauh ini pengalaman saya menggunakan Trima cukup baik. Pengajuannya mudah, tampilannya sederhana, dan responsnya cepat. Terima kasih, semoga semakin berkembang.","Sejauh ini pengalaman saya menggunakan Trima cukup baik. Pengajuannya mudah, tampilannya sederhana, dan responsnya cepat. Terima kasih, semoga semakin berkembang.",True,162,20,1.13.2,0,Tidak,,,Sampel ulasan publik Play Store
5745e440-e20e-4387-8a27-9b7b3a33e409,2026-09-26 00:43:31,https://play.google.com/store/apps/details?id=id.trimegah.tplus.android,ID,id,5,1.0,100.0,Positive,Login & Autentikasi,2026-07-12 15:37:42,2026,"Aku download aplikasi ini bener2 membantu banget, bisa beli saham dgn mudah reksa dana sama obligasi di 1 aplikasi aja. Trs login nya cuma pake no hp mudah ringkas cepet dan terpercaya, jaman skrg mau beli saham harus teliti dan berhati2 tpi trima+ ngebantu abiss","Aku download aplikasi ini bener2 membantu banget, bisa beli saham dgn mudah reksa dana sama obligasi di 1 aplikasi aja. Trs login nya cuma pake no hp mudah ringkas cepet dan terpercaya, jaman skrg mau beli saham harus teliti dan berhati2 tpi trima+ ngebantu abiss",True,263,45,1.13.2,0,Tidak,,,Sampel ulasan publik Play Store
ec2c2990-4e22-4fd6-a5ff-d61cba2b720e,2026-09-26 00:43:31,https://play.google.com/store/apps/details?id=id.trimegah.tplus.android,ID,id,5,1.0,100.0,Positive,Customer Service & Layanan,2026-07-12 15:26:17,2026,Aplikasi yang mudah dipahami untuk pemula seperti aku karena tim admin dan call center sangat responsif dan membantu banget,Aplikasi yang mudah dipahami untuk pemula seperti aku karena tim admin dan call center sangat responsif dan membantu banget,True,123,19,1.13.2,0,Tidak,,,Sampel ulasan publik Play Store
e93b6715-7b0d-46be-bb83-61096b54a917,2026-09-26 00:43:31,https://play.google.com/store/apps/details?id=id.trimegah.tplus.android,ID,id,5,1.0,100.0,Positive,UI/UX & Performa (Loading/Navigasi),2026-07-12 14:52:21,2026,seru banget bisa akses portfolio kita dalam satu tampilan.. cepat... semua jelas dan simple atau ringkas,seru banget bisa akses portfolio kita dalam satu tampilan.. cepat... semua jelas dan simple atau ringkas,True,104,16,Tidak Tercatat,0,Tidak,,,Sampel ulasan publik Play Store
9e167ae0-130c-4709-985f-390a9e330a36,2026-09-26 00:43:31,https://play.google.com/store/apps/details?id=id.trimegah.tplus.android,ID,id,5,1.0,100.0,Positive,Login & Autentikasi,2026-07-12 14:41:42,2026,"Baru coba pakai Trima+ dan sejauh ini pengalamannya memuaskan. Login pakai nomor HP jadi lebih praktis, tampilannya juga mudah dipahami. Saya suka karena bisa melihat portofolio saham, reksa dana, dan obligasi dalam satu aplikasi. Fitur watchlist dan Trima+ Picks juga membantu buat cari referensi investasi. Overall nyaman dipakai dan layak dicoba.","Baru coba pakai Trima+ dan sejauh ini pengalamannya memuaskan. Login pakai nomor HP jadi lebih praktis, tampilannya juga mudah dipahami. Saya suka karena bisa melihat portofolio saham, reksa dana, dan obligasi dalam satu aplikasi. Fitur watchlist dan Trima+ Picks juga membantu buat cari referensi investasi. Overall nyaman dipakai dan layak dicoba.",True,349,51,Tidak Tercatat,0,Tidak,,,Sampel ulasan publik Play Store
6901bd91-804e-4287-b33d-ab7283581fdd,2026-09-26 00:43:31,https://play.google.com/store/apps/details?id=id.trimegah.tplus.android,ID,id,5,1.0,100.0,Positive,Login & Autentikasi,2026-07-11 12:51:15,2026,"Awalnya coba Trima+ karena ingin mulai belajar investasi. Ternyata aplikasinya mudah dipakai, login cukup pakai nomor HP, dan tampilannya nyaman. Aku suka fitur watchlist serta Trima+ Picks yang membantu cari referensi saham. Portofolio saham, reksa dana, dan obligasi juga bisa dilihat dalam satu halaman jadi lebih praktis. Saat ada pertanyaan, adminnya responsif dan membantu. Overall puas, fiturnya lengkap dan cocok untuk pemula maupun yang sudah berpengalaman.","Awalnya coba Trima+ karena ingin mulai belajar investasi. Ternyata aplikasinya mudah dipakai, login cukup pakai nomor HP, dan tampilannya nyaman. Aku suka fitur watchlist serta Trima+ Picks yang membantu cari referensi saham. Portofolio saham, reksa dana, dan obligasi juga bisa dilihat dalam satu halaman jadi lebih praktis. Saat ada pertanyaan, adminnya responsif dan membantu. Overall puas, fiturnya lengkap dan cocok untuk pemula maupun yang sudah berpengalaman.",True,466,66,Tidak Tercatat,0,Tidak,,,Sampel ulasan publik Play Store
8577a9b2-c723-444e-93a8-6d75cc700ec4,2026-09-26 00:43:31,https://play.google.com/store/apps/details?id=id.trimegah.tplus.android,ID,id,5,1.0,100.0,Positive,Login & Autentikasi,2026-07-11 12:39:45,2026,"Pengalaman yg sangat memuaskan. Fitur Trima+ ideas ngebantu banget dalam cari ide untuk bersaham, Watchlist dan from order lengkap banget, Login sekarang bisa cuma pakai nomor hp jadi lebih mudah.","Pengalaman yg sangat memuaskan. Fitur Trima+ ideas ngebantu banget dalam cari ide untuk bersaham, Watchlist dan from order lengkap banget, Login sekarang bisa cuma pakai nomor hp jadi lebih mudah.",True,196,30,Tidak Tercatat,0,Tidak,,,Sampel ulasan publik Play Store
0942048b-e0e5-47c7-bb26-08ab7626fea3,2026-09-26 00:43:31,https://play.google.com/store/apps/details?id=id.trimegah.tplus.android,ID,id,5,1.0,100.0,Positive,Customer Service & Layanan,2026-07-11 12:39:31,2026,"Aplikasinya mudah digunakan, tim call center nya sangat merespon dengan baik dan menjelaskan dengan detail, dan sebuah sekuritas senior yang terdaftar dan diawasi oleh OJK.","Aplikasinya mudah digunakan, tim call center nya sangat merespon dengan baik dan menjelaskan dengan detail, dan sebuah sekuritas senior yang terdaftar dan diawasi oleh OJK.",True,172,25,1.13.2,0,Tidak,,,Sampel ulasan publik Play Store
47d86b78-d959-4fa7-94cf-0a3d180ba301,2026-09-26 00:43:31,https://play.google.com/store/apps/details?id=id.trimegah.tplus.android,ID,id,5,1.0,100.0,Positive,Transaksi & Portofolio Saham,2026-07-11 12:34:24,2026,"apk trima plus bagus, mudah digunakan, tinggal klik klik hp, berijin ojk, bisa beli saham, obligasi, reksadana sesuai keinginan kita sendiri, bisa akses portofolio dalam 1 halaman , nyaman banget","apk trima plus bagus, mudah digunakan, tinggal klik klik hp, berijin ojk, bisa beli saham, obligasi, reksadana sesuai keinginan kita sendiri, bisa akses portofolio dalam 1 halaman , nyaman banget",True,195,30,Tidak Tercatat,0,Tidak,,,Sampel ulasan publik Play Store
c330406e-d2ff-41f6-a265-b8103df649db,2026-09-26 00:43:31,https://play.google.com/store/apps/details?id=id.trimegah.tplus.android,ID,id,5,1.0,100.0,Positive,Customer Service & Layanan,2026-07-11 12:15:12,2026,"Registnya sat set banget cuma pakai email aktif, tim call center dan adminnya juga responsif banget, yang paling penting Trima+ ngebantu banget buat trader saham 🤑","Registnya sat set banget cuma pakai email aktif, tim call center dan adminnya juga responsif banget, yang paling penting Trima+ ngebantu banget buat trader saham 🤑",True,163,26,1.13.2,0,Tidak,,,Sampel ulasan publik Play Store
c15bc5c0-e29e-4a15-89a6-0c94d3cf6bc1,2026-09-26 00:43:31,https://play.google.com/store/apps/details?id=id.trimegah.tplus.android,ID,id,3,0.5,50.0,Neutral,Registrasi & Onboarding (KYC),2026-07-11 06:42:36,2026,kalau daftar jangan tmbah rekening bca doang dong kasih rekening lainnya juga biar gampang dam cepat,kalau daftar jangan tmbah rekening bca doang dong kasih rekening lainnya juga biar gampang dam cepat,True,100,16,1.13.2,0,Tidak,,,Sampel ulasan publik Play Store
f869a774-522f-4504-8704-1d0a7c2ace2e,2026-09-26 00:43:31,https://play.google.com/store/apps/details?id=id.trimegah.tplus.android,ID,id,5,1.0,100.0,Positive,Apresiasi Umum & Kepuasan,2026-07-10 18:22:45,2026,suka sama kesederhanaan aplikasinya cocok buat pemula maupun trader aktif,suka sama kesederhanaan aplikasinya cocok buat pemula maupun trader aktif,True,73,10,1.13.2,0,Tidak,,,Sampel ulasan publik Play Store
9730a622-d486-460c-95f0-dc24223778bb,2026-09-26 00:43:31,https://play.google.com/store/apps/details?id=id.trimegah.tplus.android,ID,id,5,1.0,100.0,Positive,Login & Autentikasi,2026-07-09 13:54:32,2026,"aplikasinya sangat membantu dan mudah digunakan. aku suka bgt sm apk ini soalnya bisa beli saham, reksa dana, obligasi dalam satu apk jdnya tuh ga ribettt. fitur fiturnya juga lengkap bangettt, mulai dr fitur watchlist, from order, serta trima+ picks dan trima+ ideas yg sangat ngebantu buat cari ide. tampilan portofolionya juga ringkas dan mudah dipantau trs juga loginnya cuma pake nomor hp doang. tim call center dan adminnya juga responsiff, sukaa dehhh pokonya","aplikasinya sangat membantu dan mudah digunakan. aku suka bgt sm apk ini soalnya bisa beli saham, reksa dana, obligasi dalam satu apk jdnya tuh ga ribettt. fitur fiturnya juga lengkap bangettt, mulai dr fitur watchlist, from order, serta trima+ picks dan trima+ ideas yg sangat ngebantu buat cari ide. tampilan portofolionya juga ringkas dan mudah dipantau trs juga loginnya cuma pake nomor hp doang. tim call center dan adminnya juga responsiff, sukaa dehhh pokonya",True,466,74,Tidak Tercatat,0,Tidak,,,Sampel ulasan publik Play Store
1ab80dc2-c6f9-474a-a37f-7525d7433b4c,2026-09-26 00:43:31,https://play.google.com/store/apps/details?id=id.trimegah.tplus.android,ID,id,5,1.0,100.0,Positive,Customer Service & Layanan,2026-07-09 12:04:19,2026,"Pelayanan dari tim call center dan admin luar biasa. Sangat responsif, informatif, dan benar-benar membantu dari awal sampai selesai. Recommended!","Pelayanan dari tim call center dan admin luar biasa. Sangat responsif, informatif, dan benar-benar membantu dari awal sampai selesai. Recommended!",True,146,20,1.13.2,0,Tidak,,,Sampel ulasan publik Play Store
495e1d94-32d4-4dde-80ea-0637de1346ca,2026-09-26 00:43:31,https://play.google.com/store/apps/details?id=id.trimegah.tplus.android,ID,id,5,1.0,100.0,Positive,Login & Autentikasi,2026-07-09 11:41:44,2026,"Trima+ beneran ngebantu aku buat mulai investasi. Aplikasinya komplit, bisa beli saham, reksadana, obligasi semua di sini. Trima+ Ideas ngasih ide saham yg oke banget buat aku yg masih belajar. Terus admin sama call centernya fast respon dan bantu banget. Sekarang login juga tinggal pake nomor HP, jadi nggak ribet. Recommended!👍🏻👍🏻","Trima+ beneran ngebantu aku buat mulai investasi. Aplikasinya komplit, bisa beli saham, reksadana, obligasi semua di sini. Trima+ Ideas ngasih ide saham yg oke banget buat aku yg masih belajar. Terus admin sama call centernya fast respon dan bantu banget. Sekarang login juga tinggal pake nomor HP, jadi nggak ribet. Recommended!👍🏻👍🏻",True,333,51,1.13.2,0,Tidak,,,Sampel ulasan publik Play Store
0b8cc26c-f371-4135-8b04-2a513fca49df,2026-09-26 00:43:31,https://play.google.com/store/apps/details?id=id.trimegah.tplus.android,ID,id,5,1.0,100.0,Positive,Transaksi & Portofolio Saham,2026-07-09 11:33:20,2026,"Watchlist-nya lengkap banget, jadi nggak perlu ribet buka banyak tempat buat pantau saham incaran. Form order-nya juga super detail tapi tetap gampang dipakai, bikin proses beli atau jual saham jadi lebih praktis dan minim miss. Cocok banget buat yang baru mulai trading sampai yang udah sering cuan, karena semua informasi penting udah tersedia dalam satu tampilan yang simpel dan enak dipakai.","Watchlist-nya lengkap banget, jadi nggak perlu ribet buka banyak tempat buat pantau saham incaran. Form order-nya juga super detail tapi tetap gampang dipakai, bikin proses beli atau jual saham jadi lebih praktis dan minim miss. Cocok banget buat yang baru mulai trading sampai yang udah sering cuan, karena semua informasi penting udah tersedia dalam satu tampilan yang simpel dan enak dipakai.",True,395,61,1.13.2,2,Tidak,,,Sampel ulasan publik Play Store
33a57177-4c08-4cf4-8ef1-142f4f46bafd,2026-09-26 00:43:31,https://play.google.com/store/apps/details?id=id.trimegah.tplus.android,ID,id,5,1.0,100.0,Positive,Login & Autentikasi,2026-07-09 11:29:43,2026,"Sebagai orang yang mau rapihin keuangan tanpa ribet, Trima+ bener-bener jadi game changer karena sekarang kita bisa beli saham, reksa dana, hingga obligasi dalam satu aplikasi aja. Proses masuknya pun praktis banget karena login-nya cukup pakai nomor HP, langsung disambut dengan UI/UX yang mudah digunakan dan fiturnya yang sangat komplit. Buat mantau aset juga gak pakai lama, karena akses portofolionya super cepet dan ringkas dalam satu halaman terintegrasi.","Sebagai orang yang mau rapihin keuangan tanpa ribet, Trima+ bener-bener jadi game changer karena sekarang kita bisa beli saham, reksa dana, hingga obligasi dalam satu aplikasi aja. Proses masuknya pun praktis banget karena login-nya cukup pakai nomor HP, langsung disambut dengan UI/UX yang mudah digunakan dan fiturnya yang sangat komplit. Buat mantau aset juga gak pakai lama, karena akses portofolionya super cepet dan ringkas dalam satu halaman terintegrasi.",True,462,68,1.13.2,1,Tidak,,,Sampel ulasan publik Play Store
851a8ddf-998e-4678-9831-9903db35863b,2026-09-26 00:43:31,https://play.google.com/store/apps/details?id=id.trimegah.tplus.android,ID,id,5,1.0,100.0,Positive,UI/UX & Performa (Loading/Navigasi),2026-07-08 16:14:23,2026,"Baru pertama kali coba, sejauh ini bagus. Registrasinya cepat dan mudah fiturnya juga lengkap. Tampilan UI/UX-nya simple sangat intuitive. Trima+ O.K banget! Cukup memuaskan.","Baru pertama kali coba, sejauh ini bagus. Registrasinya cepat dan mudah fiturnya juga lengkap. Tampilan UI/UX-nya simple sangat intuitive. Trima+ O.K banget! Cukup memuaskan.",True,174,24,1.13.2,0,Tidak,,,Sampel ulasan publik Play Store
0217291a-5370-4867-beea-9a9a86f88765,2026-09-26 00:43:31,https://play.google.com/store/apps/details?id=id.trimegah.tplus.android,ID,id,5,1.0,100.0,Positive,Transaksi & Portofolio Saham,2026-07-08 15:59:46,2026,"Aku kira Trima+ bakalan ribet, eh ternyata enak banget dipakenya. Tim call center sama adminnya ramah dan gercep banget, nanya apa aja langsung dibales. Buat trader kayak aku, fitur *Watchlist sama form order* nya juara. Lengkap dan gak bikin ribet. Terus ada *Trima+ Picks & Trima+ Ideas* juga, ini ngebantu banget buat cari ide saham buat besok.","Aku kira Trima+ bakalan ribet, eh ternyata enak banget dipakenya. Tim call center sama adminnya ramah dan gercep banget, nanya apa aja langsung dibales. Buat trader kayak aku, fitur *Watchlist sama form order* nya juara. Lengkap dan gak bikin ribet. Terus ada *Trima+ Picks & Trima+ Ideas* juga, ini ngebantu banget buat cari ide saham buat besok.",True,347,57,Tidak Tercatat,0,Tidak,,,Sampel ulasan publik Play Store
e4c4b0c5-af58-4dde-a78e-f89b5e367126,2026-09-26 00:43:31,https://play.google.com/store/apps/details?id=id.trimegah.tplus.android,ID,id,5,1.0,100.0,Positive,Login & Autentikasi,2026-07-08 15:53:05,2026,"Awalnya coba aplikasi ini karena pengen punya satu tempat buat ngatur semua investasi. Ternyata bagian portofolionya enak banget dipakai, semua langsung kelihatan dalam satu halaman-mulai dari saham, reksa dana, sampai obligasi. Jadi tiap buka aplikasi, langsung dapet gambaran lengkap tanpa ribet pindah-pindah menu.","Awalnya coba aplikasi ini karena pengen punya satu tempat buat ngatur semua investasi. Ternyata bagian portofolionya enak banget dipakai, semua langsung kelihatan dalam satu halaman-mulai dari saham, reksa dana, sampai obligasi. Jadi tiap buka aplikasi, langsung dapet gambaran lengkap tanpa ribet pindah-pindah menu.",True,317,43,1.13.2,0,Tidak,,,Sampel ulasan publik Play Store
c4056dbc-6fde-4b37-b53d-eb5867cce257,2026-09-26 00:43:31,https://play.google.com/store/apps/details?id=id.trimegah.tplus.android,ID,id,5,1.0,100.0,Positive,UI/UX & Performa (Loading/Navigasi),2026-07-08 10:56:17,2026,Tim call center dan admin sangat responsif dan sangat membantu. Fiturnya juga lengkap dengan UI dan UX yang nyaman digunakan. Semoga terus dikembangkan dan semakin baik ke depannya. Sukses selalu!,Tim call center dan admin sangat responsif dan sangat membantu. Fiturnya juga lengkap dengan UI dan UX yang nyaman digunakan. Semoga terus dikembangkan dan semakin baik ke depannya. Sukses selalu!,True,196,30,Tidak Tercatat,0,Tidak,,,Sampel ulasan publik Play Store
fe8f448a-cfa0-447c-b1eb-aee8c65c0a39,2026-09-26 00:43:31,https://play.google.com/store/apps/details?id=id.trimegah.tplus.android,ID,id,5,1.0,100.0,Positive,Transaksi & Portofolio Saham,2026-07-08 10:04:30,2026,"Enaknya di sini, satu aplikasi udah bisa sekalian investasi saham, reksan dana, sampai obligasi. Jadi nggak perlu install aplikasi beda-beda. Semua ada di saty tempat, jadi praktis. Mau cek perkembangan portfolio juga lebih gampang. Buatku sih ini bikin investasi jadi lebih simple.","Enaknya di sini, satu aplikasi udah bisa sekalian investasi saham, reksan dana, sampai obligasi. Jadi nggak perlu install aplikasi beda-beda. Semua ada di saty tempat, jadi praktis. Mau cek perkembangan portfolio juga lebih gampang. Buatku sih ini bikin investasi jadi lebih simple.",True,282,42,1.13.2,0,Tidak,,,Sampel ulasan publik Play Store
cca713d5-c828-4a6d-ad57-c071471a4765,2026-09-26 00:43:31,https://play.google.com/store/apps/details?id=id.trimegah.tplus.android,ID,id,5,1.0,100.0,Positive,Login & Autentikasi,2026-07-08 09:57:58,2026,"Trima+ ternyata lebih praktis dari yang kubayangin. Di satu aplikasi ini bisa beli saham, reksa dana, dan obligasi sesuai tujuan investasi. Tampilannya mudah dipahami, ada grafik pasar, berita investasi, dan rekomendasi saham yang membantu. Menurutku, keunggulannya ada di kemudahan mengelola semua investasi dalam satu aplikasi. Jadi nggak perlu pindah-pindah platform. Belajar investasi pun terasa lebih ringan, yang penting mulai dulu sambil terus belajar.","Trima+ ternyata lebih praktis dari yang kubayangin. Di satu aplikasi ini bisa beli saham, reksa dana, dan obligasi sesuai tujuan investasi. Tampilannya mudah dipahami, ada grafik pasar, berita investasi, dan rekomendasi saham yang membantu. Menurutku, keunggulannya ada di kemudahan mengelola semua investasi dalam satu aplikasi. Jadi nggak perlu pindah-pindah platform. Belajar investasi pun terasa lebih ringan, yang penting mulai dulu sambil terus belajar.",True,459,63,1.13.2,0,Tidak,,,Sampel ulasan publik Play Store
c3da57e9-d7b5-488b-b11c-6aca4919f626,2026-09-26 00:43:31,https://play.google.com/store/apps/details?id=id.trimegah.tplus.android,ID,id,5,1.0,100.0,Positive,Login & Autentikasi,2026-07-08 09:22:56,2026,"Salah satu update yang paling aku suka adalah sekarang login cukup pakai nomor HP. Menurutku ini update yang kepakai banget, jadi lebih cepat dan nggak ribet karena nggak perlu ingat username lagi. Tinggal masukin nomor HP, verifikasi, terus langsung bisa akses aplikasi. Buat yang sering buka aplikasi buat cek portofolio atau lihat pergerakan saham, fitur ini bikin semuanya jadi lebih praktis dan mudah. Semoga update an seperti ini terus berkembang dan semakin memudahkan penggunanya.","Salah satu update yang paling aku suka adalah sekarang login cukup pakai nomor HP. Menurutku ini update yang kepakai banget, jadi lebih cepat dan nggak ribet karena nggak perlu ingat username lagi. Tinggal masukin nomor HP, verifikasi, terus langsung bisa akses aplikasi. Buat yang sering buka aplikasi buat cek portofolio atau lihat pergerakan saham, fitur ini bikin semuanya jadi lebih praktis dan mudah. Semoga update an seperti ini terus berkembang dan semakin memudahkan penggunanya.",True,488,74,1.13.2,0,Tidak,,,Sampel ulasan publik Play Store
0002081c-ea53-422a-845a-7486c9aa2d3d,2026-09-26 00:43:31,https://play.google.com/store/apps/details?id=id.trimegah.tplus.android,ID,id,5,1.0,100.0,Positive,Apresiasi Umum & Kepuasan,2026-07-08 06:37:01,2026,aplikasi sangat berguna untuk investasi terimakasih,aplikasi sangat berguna untuk investasi terimakasih,True,51,6,1.13.2,0,Tidak,,,Sampel ulasan publik Play Store
35f532f2-a8b0-4e68-b947-6185351c48a7,2026-09-26 00:43:31,https://play.google.com/store/apps/details?id=id.trimegah.tplus.android,ID,id,5,1.0,100.0,Positive,Customer Service & Layanan,2026-07-08 04:00:30,2026,"Awalnya ada beberapa hal yang belum saya pahami di Trima+, jadi saya coba hubungi CS. Ternyata tim call center dan admin sangat membantu banget, responsnya cepat dan penjelasannya mudah dimengerti. Berkat itu, saya jadi makin nyaman menggunakan aplikasinya setiap hari.","Awalnya ada beberapa hal yang belum saya pahami di Trima+, jadi saya coba hubungi CS. Ternyata tim call center dan admin sangat membantu banget, responsnya cepat dan penjelasannya mudah dimengerti. Berkat itu, saya jadi makin nyaman menggunakan aplikasinya setiap hari.",True,269,40,1.13.2,0,Tidak,,,Sampel ulasan publik Play Store
f813bef0-2d1e-4855-b55f-ef1b2547f1c7,2026-09-26 00:43:31,https://play.google.com/store/apps/details?id=id.trimegah.tplus.android,ID,id,5,1.0,100.0,Positive,Transaksi & Portofolio Saham,2026-07-07 23:04:41,2026,"baguss banget aplikasinyaa,,,,, pas ada masalah cs sama adminya juga gercep bangettt , watchlist sama from ordernya juga lengkap banget jadi tambah gampang buat trader saham di sini, apalagi ada fitur Trima+ picks dan Trima+ ideas tambahh ngebantuu bgt cari ide persahaman","baguss banget aplikasinyaa,,,,, pas ada masalah cs sama adminya juga gercep bangettt , watchlist sama from ordernya juga lengkap banget jadi tambah gampang buat trader saham di sini, apalagi ada fitur Trima+ picks dan Trima+ ideas tambahh ngebantuu bgt cari ide persahaman",True,272,42,1.13.2,0,Tidak,,,Sampel ulasan publik Play Store
3ef2e10f-7f94-4471-a561-156b9564698a,2026-09-26 00:43:31,https://play.google.com/store/apps/details?id=id.trimegah.tplus.android,ID,id,5,1.0,100.0,Positive,Customer Service & Layanan,2026-07-07 21:23:13,2026,tim cal center dan admin sangat responsif dan membantu banget,tim cal center dan admin sangat responsif dan membantu banget,True,61,10,1.13.2,0,Tidak,,,Sampel ulasan publik Play Store
22e048d4-3345-4a45-ace0-3adca70aa0c3,2026-09-26 00:43:31,https://play.google.com/store/apps/details?id=id.trimegah.tplus.android,ID,id,5,1.0,100.0,Positive,UI/UX & Performa (Loading/Navigasi),2026-07-07 21:06:55,2026,"mantap lah Trima + ini tampilan aplikasi juga memiliki UI/UX yang mudah digunakan. Navigasi menunya sederhana, tidak membingungkan, dan pengguna baru bisa memahami cara memakai aplikasi dengan cepat.","mantap lah Trima + ini tampilan aplikasi juga memiliki UI/UX yang mudah digunakan. Navigasi menunya sederhana, tidak membingungkan, dan pengguna baru bisa memahami cara memakai aplikasi dengan cepat.",True,199,28,1.13.2,0,Tidak,,,Sampel ulasan publik Play Store
e55ddd5f-85de-419c-97d4-9e8b9f56202d,2026-09-26 00:43:31,https://play.google.com/store/apps/details?id=id.trimegah.tplus.android,ID,id,5,1.0,100.0,Positive,Customer Service & Layanan,2026-07-07 21:02:56,2026,"tim call center dan admin responnya gercep poll, okee bgtt🌟🌟🌟🌟🌟","tim call center dan admin responnya gercep poll, okee bgtt🌟🌟🌟🌟🌟",True,63,10,Tidak Tercatat,0,Tidak,,,Sampel ulasan publik Play Store
ee52e358-1468-4851-9735-804cc087cb70,2026-09-26 00:43:31,https://play.google.com/store/apps/details?id=id.trimegah.tplus.android,ID,id,5,1.0,100.0,Positive,Transaksi & Portofolio Saham,2026-07-07 20:44:10,2026,"bisa beli saham, obligasi dan reksa dana dalam 1 aplikasi, lebih fleksibel dan transparan dalam pemberian data terbaru","bisa beli saham, obligasi dan reksa dana dalam 1 aplikasi, lebih fleksibel dan transparan dalam pemberian data terbaru",True,118,18,1.13.2,0,Tidak,,,Sampel ulasan publik Play Store
2fc6e60d-d307-4130-b174-e8e87403bf3f,2026-09-26 00:43:31,https://play.google.com/store/apps/details?id=id.trimegah.tplus.android,ID,id,5,1.0,100.0,Positive,Login & Autentikasi,2026-07-07 20:35:24,2026,"Aku udah beberapa kali pakai Trima+ dan sejauh ini pengalaman aku cukup memuaskan, aplikasinya mudah dipakai dan fiturnya juga membantu. Yang aku suka, sekarang login bisa cuma pakai nomor HP jadi lebih praktis dan nggak ribet, prosesnya juga lancar saat digunakan","Aku udah beberapa kali pakai Trima+ dan sejauh ini pengalaman aku cukup memuaskan, aplikasinya mudah dipakai dan fiturnya juga membantu. Yang aku suka, sekarang login bisa cuma pakai nomor HP jadi lebih praktis dan nggak ribet, prosesnya juga lancar saat digunakan",True,264,41,1.13.2,1,Tidak,,,Sampel ulasan publik Play Store
ed591987-f876-4eb2-8f16-4ddac1303ed1,2026-09-26 00:43:31,https://play.google.com/store/apps/details?id=id.trimegah.tplus.android,ID,id,1,0.0,0.0,Negative,Transaksi & Portofolio Saham,2026-07-07 12:43:55,2026,"tak bisa WD dana sedikit,dan punya kewajiban dana mengengab tidak seperti app lain bebas tarik berapa aja,mending trading pakai stockbit aja,dan tak bisa juga atur SL/TP di app nya,sangat merugikan buat trader","tak bisa WD dana sedikit,dan punya kewajiban dana mengengab tidak seperti app lain bebas tarik berapa aja,mending trading pakai stockbit aja,dan tak bisa juga atur SL/TP di app nya,sangat merugikan buat trader",True,209,32,Tidak Tercatat,1,Tidak,,,Sampel ulasan publik Play Store
f00050ab-901d-4642-86c1-ca67af7aae30,2026-09-26 00:43:31,https://play.google.com/store/apps/details?id=id.trimegah.tplus.android,ID,id,5,1.0,100.0,Positive,Transaksi & Portofolio Saham,2026-07-05 21:25:32,2026,Setor dan tarik dana di Trima+ beneran sat set dan gak pake ribet. Cocok banget buat yang mulai investasi rutin,Setor dan tarik dana di Trima+ beneran sat set dan gak pake ribet. Cocok banget buat yang mulai investasi rutin,True,111,20,1.13.2,0,Tidak,,,Sampel ulasan publik Play Store
398f356d-e727-4caf-a041-a58f016ac012,2026-09-26 00:43:31,https://play.google.com/store/apps/details?id=id.trimegah.tplus.android,ID,id,5,1.0,100.0,Positive,Login & Autentikasi,2026-07-05 14:44:44,2026,login sekarang gak usah pakai email atau platform sosial media lain cukup cuman pakai nomer handphone saja,login sekarang gak usah pakai email atau platform sosial media lain cukup cuman pakai nomer handphone saja,True,106,17,Tidak Tercatat,0,Tidak,,,Sampel ulasan publik Play Store
ee03f09d-1031-4ddf-beda-77433f7cf5e9,2026-09-26 00:43:31,https://play.google.com/store/apps/details?id=id.trimegah.tplus.android,ID,id,5,1.0,100.0,Positive,Transaksi & Portofolio Saham,2026-07-05 14:43:51,2026,"investasi jangka panjang skrg ga lagi pusing. udh banyak aplikasi yg pedomannya lengkap banget, ini aplikasi menurutku hebat banget. mau beli saham, Reksadana sampai obligasi cuma dari 1 aplikasi aja. buat pemula yg mau belajar lebih dalam juga da team call center dan admin yang bakalan bantu, respond nya ga lelet.","investasi jangka panjang skrg ga lagi pusing. udh banyak aplikasi yg pedomannya lengkap banget, ini aplikasi menurutku hebat banget. mau beli saham, Reksadana sampai obligasi cuma dari 1 aplikasi aja. buat pemula yg mau belajar lebih dalam juga da team call center dan admin yang bakalan bantu, respond nya ga lelet.",True,316,51,1.13.2,0,Tidak,,,Sampel ulasan publik Play Store
6b3d8703-6e74-4c31-8954-4d25e5d1ca66,2026-09-26 00:43:31,https://play.google.com/store/apps/details?id=id.trimegah.tplus.android,ID,id,5,1.0,100.0,Positive,Login & Autentikasi,2026-07-05 14:40:51,2026,"Aplikasi ini andalan banget buat trading. Fitur Watchlist dan Form Order-nya super lengkap, ditambah ada Trima+ Picks / Ideas yang rajin bagi-bagi ide saham potensial. UI/UX-nya simpel, login-nya praktis cuma pakai nomor HP, dan tim adminnya responsif banget kalau kita butuh bantuan!","Aplikasi ini andalan banget buat trading. Fitur Watchlist dan Form Order-nya super lengkap, ditambah ada Trima+ Picks / Ideas yang rajin bagi-bagi ide saham potensial. UI/UX-nya simpel, login-nya praktis cuma pakai nomor HP, dan tim adminnya responsif banget kalau kita butuh bantuan!",True,284,42,1.13.2,0,Tidak,,,Sampel ulasan publik Play Store
fc6ded3c-1b04-4552-8b11-fe7686a1d617,2026-09-26 00:43:31,https://play.google.com/store/apps/details?id=id.trimegah.tplus.android,ID,id,5,1.0,100.0,Positive,UI/UX & Performa (Loading/Navigasi),2026-07-05 14:40:26,2026,"Aplikasi TRIMA sangat membantu buat ngelola investasi, karna fiturnya yang praktis. Keunggulan utamanya ada pada pelayanan tim call center dan admin yang luar biasa. Mereka sangat responsif, sigap, dan ramah saat menghadapi pertanyaan pengguna. Menurut aku juga, tim TRIMA selalu memberikan solusi konkret dan edukatif, bukan sekadar jawaban robot. Pelayanan humanis ini membangun rasa aman bagi investor. Pertahankan terus kualitas prima ini agar tetap menjadi platform tepercaya. Terima kasih","Aplikasi TRIMA sangat membantu buat ngelola investasi, karna fiturnya yang praktis. Keunggulan utamanya ada pada pelayanan tim call center dan admin yang luar biasa. Mereka sangat responsif, sigap, dan ramah saat menghadapi pertanyaan pengguna. Menurut aku juga, tim TRIMA selalu memberikan solusi konkret dan edukatif, bukan sekadar jawaban robot. Pelayanan humanis ini membangun rasa aman bagi investor. Pertahankan terus kualitas prima ini agar tetap menjadi platform tepercaya. Terima kasih",True,494,69,1.13.2,0,Tidak,,,Sampel ulasan publik Play Store
fc95c073-7e20-48ce-8597-d829f5593a05,2026-09-26 00:43:31,https://play.google.com/store/apps/details?id=id.trimegah.tplus.android,ID,id,5,1.0,100.0,Positive,Login & Autentikasi,2026-07-05 14:37:46,2026,"aku suka pakai app trima+ ini karna fiturnya komplit, mudah dipahami, bisa login pakai nomor hp, berguna bgt untuk yang mau punya saham, tim center dan admin sangat responsif ngebantu bangett!!!!","aku suka pakai app trima+ ini karna fiturnya komplit, mudah dipahami, bisa login pakai nomor hp, berguna bgt untuk yang mau punya saham, tim center dan admin sangat responsif ngebantu bangett!!!!",True,195,31,1.13.2,0,Tidak,,,Sampel ulasan publik Play Store
775c50af-a059-490f-8a07-23827989d5ae,2026-09-26 00:43:31,https://play.google.com/store/apps/details?id=id.trimegah.tplus.android,ID,id,5,1.0,100.0,Positive,UI/UX & Performa (Loading/Navigasi),2026-07-05 14:36:21,2026,"Yang bikin betah pakai aplikasi ini tuh fitur Trima+ Picks sama Trima+ Ideas. Lumayan banget buat cari referensi saham tanpa harus bingung mulai dari mana. Tetap dianalisis sendiri sih, tapi fitur ini ngebantu banget buat nemuin ide investasi.","Yang bikin betah pakai aplikasi ini tuh fitur Trima+ Picks sama Trima+ Ideas. Lumayan banget buat cari referensi saham tanpa harus bingung mulai dari mana. Tetap dianalisis sendiri sih, tapi fitur ini ngebantu banget buat nemuin ide investasi.",True,243,38,Tidak Tercatat,0,Tidak,,,Sampel ulasan publik Play Store
fb308a92-a082-4e97-bbbe-79b4a937b962,2026-09-26 00:43:31,https://play.google.com/store/apps/details?id=id.trimegah.tplus.android,ID,id,5,1.0,100.0,Positive,Login & Autentikasi,2026-07-05 14:31:31,2026,"All-in-One Investment App Terbaik! Suka banget dengan interface barunya. Fiturnya komplit, UI/UX mudah digunakan dan gak membingungkan.Navigasi Cepat Login sekarang bisa cuman pakai nomor HP dan akses portofolio cepet & ringkas karena bisa langsung lihat saham, reksa dana, dan obligasi di 1 halaman.Fitur Trader Watchlist dan form order lengkap banget, ngebantu buat trader saham. Plus, fitur Trima+ Picks dan Trima+ Ideas ngebantu cari ide saham ter-update. Good","All-in-One Investment App Terbaik! Suka banget dengan interface barunya. Fiturnya komplit, UI/UX mudah digunakan dan gak membingungkan.Navigasi Cepat Login sekarang bisa cuman pakai nomor HP dan akses portofolio cepet & ringkas karena bisa langsung lihat saham, reksa dana, dan obligasi di 1 halaman.Fitur Trader Watchlist dan form order lengkap banget, ngebantu buat trader saham. Plus, fitur Trima+ Picks dan Trima+ Ideas ngebantu cari ide saham ter-update. Good",True,464,67,1.13.2,0,Tidak,,,Sampel ulasan publik Play Store
a24642c9-3d07-498f-97ef-6b403e793599,2026-09-26 00:43:31,https://play.google.com/store/apps/details?id=id.trimegah.tplus.android,ID,id,5,1.0,100.0,Positive,Transaksi & Portofolio Saham,2026-07-05 14:30:14,2026,"suka banget sama aplikasi trima+ ini, kebetulan saya suka beli saham disini pembelian sahamnya juga mudah tidak sulit","suka banget sama aplikasi trima+ ini, kebetulan saya suka beli saham disini pembelian sahamnya juga mudah tidak sulit",True,117,18,1.13.2,0,Tidak,,,Sampel ulasan publik Play Store
8a376219-9fad-472a-a414-73a3d514eda9,2026-09-26 00:43:31,https://play.google.com/store/apps/details?id=id.trimegah.tplus.android,ID,id,5,1.0,100.0,Positive,Login & Autentikasi,2026-07-05 14:28:00,2026,"Saya sudah mencoba Trima+ selama beberapa waktu untuk memantau investasi. Saya suka karena watchlist dan portofolionya mudah dipahami, jadi lebih praktis melihat aset dalam satu aplikasi. Proses login juga terasa sederhana. Semoga ke depannya performa aplikasi semakin stabil dan fiturnya terus ditingkatkan.","Saya sudah mencoba Trima+ selama beberapa waktu untuk memantau investasi. Saya suka karena watchlist dan portofolionya mudah dipahami, jadi lebih praktis melihat aset dalam satu aplikasi. Proses login juga terasa sederhana. Semoga ke depannya performa aplikasi semakin stabil dan fiturnya terus ditingkatkan.",True,308,42,Tidak Tercatat,0,Tidak,,,Sampel ulasan publik Play Store
fcac3857-4b87-4d06-a3eb-e8e7fb2701b6,2026-09-26 00:43:31,https://play.google.com/store/apps/details?id=id.trimegah.tplus.android,ID,id,5,1.0,100.0,Positive,Login & Autentikasi,2026-07-05 07:07:28,2026,"Fix nyaman banget pakai Trima+! 😍 Sekarang bisa beli saham, reksa dana, dan obligasi di 1 halaman, jadi nggak ribet pindah-pindah menu. Investasi jadi makin gampang, praktis, dan bikin semangat nabung cuan! ✨📈","Fix nyaman banget pakai Trima+! 😍 Sekarang bisa beli saham, reksa dana, dan obligasi di 1 halaman, jadi nggak ribet pindah-pindah menu. Investasi jadi makin gampang, praktis, dan bikin semangat nabung cuan! ✨📈",True,209,33,Tidak Tercatat,0,Tidak,,,Sampel ulasan publik Play Store
3c05903c-76fd-47c1-b4d8-3bf4034c327f,2026-09-26 00:43:31,https://play.google.com/store/apps/details?id=id.trimegah.tplus.android,ID,id,5,1.0,100.0,Positive,Login & Autentikasi,2026-07-03 20:14:58,2026,"pengalaman yang menyenangkan menggunakan aplikasi trima+ ini , dari CS nya yang responsif dan Ramah , jelas aman dan terpercaya jarene sudah di awasi OJK, login nya mudah hanya dengan nomer hp saja.","pengalaman yang menyenangkan menggunakan aplikasi trima+ ini , dari CS nya yang responsif dan Ramah , jelas aman dan terpercaya jarene sudah di awasi OJK, login nya mudah hanya dengan nomer hp saja.",True,198,33,Tidak Tercatat,0,Tidak,,,Sampel ulasan publik Play Store
6ab4c4af-627a-47c4-8d7e-b0f7eda238ce,2026-09-26 00:43:31,https://play.google.com/store/apps/details?id=id.trimegah.tplus.android,ID,id,5,1.0,100.0,Positive,Login & Autentikasi,2026-07-03 20:09:17,2026,"Aplikasinya bagus fitur komplit banget UI/UX mudah digunakan, login sekarang cuman pakai no hp aja mudah dan cepat","Aplikasinya bagus fitur komplit banget UI/UX mudah digunakan, login sekarang cuman pakai no hp aja mudah dan cepat",True,114,18,Tidak Tercatat,0,Tidak,,,Sampel ulasan publik Play Store
37455b89-f595-4db4-ae1e-663cc496993d,2026-09-26 00:43:31,https://play.google.com/store/apps/details?id=id.trimegah.tplus.android,ID,id,5,1.0,100.0,Positive,Transaksi & Portofolio Saham,2026-07-03 20:02:54,2026,"Saya sudah mencoba aplikasi ini dan pengalaman saya sejauh ini sangat memuaskan. Tim call center dan adminnya responsif saat membantu menjawab pertanyaan. Fitur watchlist dan form order juga lengkap, jadi lebih mudah memantau saham dan melakukan transaksi. Saya juga terbantu dengan Trima+ Picks dan Trima+ Ideas karena memberikan referensi ide investasi. Yang paling praktis, saya bisa membeli saham, reksa dana, dan obligasi dalam satu aplikasi.","Saya sudah mencoba aplikasi ini dan pengalaman saya sejauh ini sangat memuaskan. Tim call center dan adminnya responsif saat membantu menjawab pertanyaan. Fitur watchlist dan form order juga lengkap, jadi lebih mudah memantau saham dan melakukan transaksi. Saya juga terbantu dengan Trima+ Picks dan Trima+ Ideas karena memberikan referensi ide investasi. Yang paling praktis, saya bisa membeli saham, reksa dana, dan obligasi dalam satu aplikasi.",True,447,65,Tidak Tercatat,0,Tidak,,,Sampel ulasan publik Play Store
c6385825-d87f-40bd-9c9d-d6d098adb007,2026-09-26 00:43:31,https://play.google.com/store/apps/details?id=id.trimegah.tplus.android,ID,id,5,1.0,100.0,Positive,Transaksi & Portofolio Saham,2026-07-03 18:53:25,2026,Tim call center dan admin sangat responsif dan membantu banget buat saya yang baru pemula main trader saham dan fitur Trima+ Picks dan Trima+ Ideasnya sangat ngebantu cari ide buat beli saham yang bagus,Tim call center dan admin sangat responsif dan membantu banget buat saya yang baru pemula main trader saham dan fitur Trima+ Picks dan Trima+ Ideasnya sangat ngebantu cari ide buat beli saham yang bagus,True,202,34,Tidak Tercatat,0,Tidak,,,Sampel ulasan publik Play Store
2b24ea44-7e2e-4254-a4a4-61a704732eb9,2026-09-26 00:43:31,https://play.google.com/store/apps/details?id=id.trimegah.tplus.android,ID,id,5,1.0,100.0,Positive,Login & Autentikasi,2026-07-03 18:36:33,2026,Aplikasi yang fiturnya komplit. UI/UX mudah digunakan dan loginnya juga gampang sekarang bisa cuman pakai nomor hp aja. Pokonya the best,Aplikasi yang fiturnya komplit. UI/UX mudah digunakan dan loginnya juga gampang sekarang bisa cuman pakai nomor hp aja. Pokonya the best,True,136,21,Tidak Tercatat,0,Tidak,,,Sampel ulasan publik Play Store
316caf38-93b6-4eb8-be77-486c769f842b,2026-09-26 00:43:31,https://play.google.com/store/apps/details?id=id.trimegah.tplus.android,ID,id,5,1.0,100.0,Positive,Login & Autentikasi,2026-07-03 18:13:26,2026,"Aplikasinya enak dipakai 👍 Adminnya responsif banget, jadi kalau ada kendala cepat dibantu. Fitur watchlist & order lengkap, Trima+ juga bantu cari ide. Plus bisa beli saham, reksa dana, dan obligasi dalam satu aplikasi. Cek portofolio juga simpel, dan login sekarang cu.kup pakai nomor HP 🔥","Aplikasinya enak dipakai 👍 Adminnya responsif banget, jadi kalau ada kendala cepat dibantu. Fitur watchlist & order lengkap, Trima+ juga bantu cari ide. Plus bisa beli saham, reksa dana, dan obligasi dalam satu aplikasi. Cek portofolio juga simpel, dan login sekarang cu.kup pakai nomor HP 🔥",True,291,46,Tidak Tercatat,0,Tidak,,,Sampel ulasan publik Play Store
7c7f333a-8199-4d86-b91c-1544b9697911,2026-09-26 00:43:31,https://play.google.com/store/apps/details?id=id.trimegah.tplus.android,ID,id,5,1.0,100.0,Positive,Login & Autentikasi,2026-07-03 11:09:16,2026,"Cara loginnya sekarang gampang bangett, praktis tinggal pake nomer hape dong, terus fiturnya sekarang juga makin komplittt, makasih yaa developer sudah update aplikasinyaa, suka😻😻","Cara loginnya sekarang gampang bangett, praktis tinggal pake nomer hape dong, terus fiturnya sekarang juga makin komplittt, makasih yaa developer sudah update aplikasinyaa, suka😻😻",True,179,24,1.13.2,0,Tidak,,,Sampel ulasan publik Play Store
711cd2d3-18d2-4c78-b9b7-575f41899b6e,2026-09-26 00:43:31,https://play.google.com/store/apps/details?id=id.trimegah.tplus.android,ID,id,5,1.0,100.0,Positive,UI/UX & Performa (Loading/Navigasi),2026-07-03 10:38:16,2026,"Pengalaman menggunakan aplikasi ini cukup baik. Registrasi dan akses fiturnya mudah, tampilannya juga nyaman dilihat. Semoga ke depan semakin cepat, stabil, dan memberikan pengalaman pengguna yang lebih baik.","Pengalaman menggunakan aplikasi ini cukup baik. Registrasi dan akses fiturnya mudah, tampilannya juga nyaman dilihat. Semoga ke depan semakin cepat, stabil, dan memberikan pengalaman pengguna yang lebih baik.",True,208,28,1.13.2,0,Tidak,,,Sampel ulasan publik Play Store
6a67fc39-2c82-4d8f-806c-b545ba65c274,2026-09-26 00:43:31,https://play.google.com/store/apps/details?id=id.trimegah.tplus.android,ID,id,5,1.0,100.0,Positive,Customer Service & Layanan,2026-07-02 13:02:06,2026,aman krna di awasi ojk untuk transaksi lebih mudah daripada platform lain saya sangat suka dengan apk ini sangat memuaskan,aman krna di awasi ojk untuk transaksi lebih mudah daripada platform lain saya sangat suka dengan apk ini sangat memuaskan,True,122,20,1.13.2,0,Tidak,,,Sampel ulasan publik Play Store
df39c289-0679-4f64-b98f-7457ad4a8807,2026-09-26 00:43:31,https://play.google.com/store/apps/details?id=id.trimegah.tplus.android,ID,id,5,1.0,100.0,Positive,UI/UX & Performa (Loading/Navigasi),2026-07-02 12:34:00,2026,"Awalnya saya mencoba Trima+ karena penasaran dan ingin mencari aplikasi yang mudah digunakan. Ternyata pengalaman saya cukup positif. Prosesnya terasa cepat, tampilannya sederhana sehingga tidak membingungkan, dan semua fiturnya mudah dipahami bahkan untuk pengguna baru. Selama menggunakan aplikasi ini saya jarang mengalami kendala, Menyediakan data pasar dan pergerakan harga secara real-time untuk membantu mengambil keputusan investasi.","Awalnya saya mencoba Trima+ karena penasaran dan ingin mencari aplikasi yang mudah digunakan. Ternyata pengalaman saya cukup positif. Prosesnya terasa cepat, tampilannya sederhana sehingga tidak membingungkan, dan semua fiturnya mudah dipahami bahkan untuk pengguna baru. Selama menggunakan aplikasi ini saya jarang mengalami kendala, Menyediakan data pasar dan pergerakan harga secara real-time untuk membantu mengambil keputusan investasi.",True,441,56,1.13.2,0,Tidak,,,Sampel ulasan publik Play Store
3097b22a-4825-4451-a9df-08104d9ff7fd,2026-09-26 00:43:31,https://play.google.com/store/apps/details?id=id.trimegah.tplus.android,ID,id,5,1.0,100.0,Positive,Transaksi & Portofolio Saham,2026-07-01 23:10:16,2026,beli saham yang pengen di di miliki trima+ ada semua saham saham bagus yang menghasilkan cuan berkali kali lipat,beli saham yang pengen di di miliki trima+ ada semua saham saham bagus yang menghasilkan cuan berkali kali lipat,True,112,19,Tidak Tercatat,0,Tidak,,,Sampel ulasan publik Play Store
920b67f8-c331-4b74-9e42-1f91106470eb,2026-09-26 00:43:31,https://play.google.com/store/apps/details?id=id.trimegah.tplus.android,ID,id,5,1.0,100.0,Positive,UI/UX & Performa (Loading/Navigasi),2026-07-01 20:53:05,2026,Fiturnya komplit. UI/UX mudah digunakan,Fiturnya komplit. UI/UX mudah digunakan,True,39,5,1.13.2,0,Tidak,,,Sampel ulasan publik Play Store
9ee3d418-9a10-468b-9cce-78c4e68338d2,2026-09-26 00:43:31,https://play.google.com/store/apps/details?id=id.trimegah.tplus.android,ID,id,5,1.0,100.0,Positive,Customer Service & Layanan,2026-06-29 20:17:27,2026,"⭐⭐⭐⭐⭐ Pengalaman saya sangat memuaskan. Dari awal sampai selesai, tim call center dan admin selalu sigap membantu dan memberikan respon yang cepat. Semua pertanyaan dijawab dengan sabar dan jelas, sehingga saya merasa benar-benar diperhatikan sebagai pelanggan. Pelayanannya ramah, profesional, dan membuat proses menjadi jauh lebih mudah. Terima kasih atas pelayanan terbaiknya. Semoga ke depannya semakin sukses dan terus mempertahankan kualitas pelayanan yang luar biasa ini. sgt direkomendasikan.","⭐⭐⭐⭐⭐ Pengalaman saya sangat memuaskan. Dari awal sampai selesai, tim call center dan admin selalu sigap membantu dan memberikan respon yang cepat. Semua pertanyaan dijawab dengan sabar dan jelas, sehingga saya merasa benar-benar diperhatikan sebagai pelanggan. Pelayanannya ramah, profesional, dan membuat proses menjadi jauh lebih mudah. Terima kasih atas pelayanan terbaiknya. Semoga ke depannya semakin sukses dan terus mempertahankan kualitas pelayanan yang luar biasa ini. sgt direkomendasikan.",True,500,67,1.13.2,0,Tidak,,,Sampel ulasan publik Play Store
7d6fadb6-e535-4fbd-b483-31676be03d01,2026-09-26 00:43:31,https://play.google.com/store/apps/details?id=id.trimegah.tplus.android,ID,id,5,1.0,100.0,Positive,Transaksi & Portofolio Saham,2026-06-29 16:53:41,2026,"Sebagai pemula di bidang saham dan investasi, tim call center benar-benar responsif untuk membantu. Fitur yang tersedia juga sangat mudah untuk dipahami. Trima+ 👍","Sebagai pemula di bidang saham dan investasi, tim call center benar-benar responsif untuk membantu. Fitur yang tersedia juga sangat mudah untuk dipahami. Trima+ 👍",True,162,24,1.13.2,0,Tidak,,,Sampel ulasan publik Play Store
6d9adb20-0f1f-4a8f-a3ca-b6c133d02623,2026-09-26 00:43:31,https://play.google.com/store/apps/details?id=id.trimegah.tplus.android,ID,id,5,1.0,100.0,Positive,Transaksi & Portofolio Saham,2026-06-29 16:38:20,2026,"Bukan cuma tempat beli saham, tapi juga bikin saya lebih disiplin buat mulai investasi rutin. Semoga terus berkembang dan makin banyak fitur bermanfaat.","Bukan cuma tempat beli saham, tapi juga bikin saya lebih disiplin buat mulai investasi rutin. Semoga terus berkembang dan makin banyak fitur bermanfaat.",True,152,23,1.13.2,0,Tidak,,,Sampel ulasan publik Play Store
e4346f41-4d6c-402c-943a-2f860ab90fa3,2026-09-26 00:43:31,https://play.google.com/store/apps/details?id=id.trimegah.tplus.android,ID,id,5,1.0,100.0,Positive,Transaksi & Portofolio Saham,2026-06-29 16:04:22,2026,"Bisa beli saham, reksadana, dan obligasi di 1 halaman.. aplikasi termudah di 2026 nih,, wajib coba download..","Bisa beli saham, reksadana, dan obligasi di 1 halaman.. aplikasi termudah di 2026 nih,, wajib coba download..",True,109,17,Tidak Tercatat,0,Tidak,,,Sampel ulasan publik Play Store
829609f1-f789-4bd1-9a99-87456c955209,2026-09-26 00:43:31,https://play.google.com/store/apps/details?id=id.trimegah.tplus.android,ID,id,5,1.0,100.0,Positive,Login & Autentikasi,2026-06-29 15:17:37,2026,"loginnya gampang tinggal pake nomor hp doang sekarang, fiturnya sekarang lebih banyak apalagi UI nya lebih bagus jadi gampang makenya","loginnya gampang tinggal pake nomor hp doang sekarang, fiturnya sekarang lebih banyak apalagi UI nya lebih bagus jadi gampang makenya",True,133,20,1.13.2,0,Tidak,,,Sampel ulasan publik Play Store
8e818c1f-7f99-4f44-b2b5-c82f12f345db,2026-09-26 00:43:31,https://play.google.com/store/apps/details?id=id.trimegah.tplus.android,ID,id,5,1.0,100.0,Positive,Login & Autentikasi,2026-06-29 14:27:47,2026,"tim call center dan admin nya fast respon, sangat membantu sekali, login. ya juga mudah, hanya pakai nomer sudah bisa masuk, fiturnya komplit ngebantu banget buat trader saham","tim call center dan admin nya fast respon, sangat membantu sekali, login. ya juga mudah, hanya pakai nomer sudah bisa masuk, fiturnya komplit ngebantu banget buat trader saham",True,175,28,1.13.2,0,Tidak,,,Sampel ulasan publik Play Store
283ae6d4-e1c9-4ef6-8fec-0c27e6b6c9fd,2026-09-26 00:43:31,https://play.google.com/store/apps/details?id=id.trimegah.tplus.android,ID,id,5,1.0,100.0,Positive,Transaksi & Portofolio Saham,2026-06-29 13:46:42,2026,"Awalnya cuma mau coba-coba, ternyata aplikasinya enak dipakai. Yang paling membantu buatku itu watchlist dan form order yang lengkap, jadi lebih mudah mantau saham dan pasang order tanpa ribet. UI/UX-nya juga simpel, semua menu mudah dipahami meski baru pertama kali pakai. Sejauh ini pengalaman pakainya memuaskan.","Awalnya cuma mau coba-coba, ternyata aplikasinya enak dipakai. Yang paling membantu buatku itu watchlist dan form order yang lengkap, jadi lebih mudah mantau saham dan pasang order tanpa ribet. UI/UX-nya juga simpel, semua menu mudah dipahami meski baru pertama kali pakai. Sejauh ini pengalaman pakainya memuaskan.",True,315,46,Tidak Tercatat,0,Tidak,,,Sampel ulasan publik Play Store
e5130f8f-ed4d-4d35-9587-9ae5cff0764f,2026-09-26 00:43:31,https://play.google.com/store/apps/details?id=id.trimegah.tplus.android,ID,id,5,1.0,100.0,Positive,Transaksi & Portofolio Saham,2026-06-29 13:35:20,2026,"aplikasi ini sangat bagus menurut saya, karena dari segi fiturnya itu sangat komplit, UI/UXnya punn sangat mudah digunakan. Akses portofolionya pun cepet dan ringkas ( bisa lihat saham, bisa lihat Reksadana, dan bisa lihat obligasi itu dalam 1 halaman ). jadi menurut saya ini aplikasi membantu banget buat saya.","aplikasi ini sangat bagus menurut saya, karena dari segi fiturnya itu sangat komplit, UI/UXnya punn sangat mudah digunakan. Akses portofolionya pun cepet dan ringkas ( bisa lihat saham, bisa lihat Reksadana, dan bisa lihat obligasi itu dalam 1 halaman ). jadi menurut saya ini aplikasi membantu banget buat saya.",True,312,49,Tidak Tercatat,0,Tidak,,,Sampel ulasan publik Play Store
afc72dc6-8e4c-424a-89e0-1218b90fa639,2026-09-26 00:43:31,https://play.google.com/store/apps/details?id=id.trimegah.tplus.android,ID,id,5,1.0,100.0,Positive,Transaksi & Portofolio Saham,2026-06-29 12:13:06,2026,"ternyata mudah pake aplikasi trima ini. mulai register yang simpel, fiturnya banyak , bisa beli saham Reksadana dalam 1 aplikasi ini . akses portofolionya jg cepet.. pake trima, praktis, mudah dan cepat.","ternyata mudah pake aplikasi trima ini. mulai register yang simpel, fiturnya banyak , bisa beli saham Reksadana dalam 1 aplikasi ini . akses portofolionya jg cepet.. pake trima, praktis, mudah dan cepat.",True,203,32,1.13.2,0,Tidak,,,Sampel ulasan publik Play Store
f36fd9a9-b6cd-4351-b3dc-f122cd2cc7b4,2026-09-26 00:43:31,https://play.google.com/store/apps/details?id=id.trimegah.tplus.android,ID,id,5,1.0,100.0,Positive,Transaksi & Portofolio Saham,2026-06-29 09:27:49,2026,"aplikasinya sangat membantu sekali, bisa beli saham, reksa dana dan obligasi di dalam 1 aplikasi saja","aplikasinya sangat membantu sekali, bisa beli saham, reksa dana dan obligasi di dalam 1 aplikasi saja",True,101,16,1.13.2,0,Tidak,,,Sampel ulasan publik Play Store
ffc620da-b5b0-43a6-af3c-f7e7888d70cf,2026-09-26 00:43:31,https://play.google.com/store/apps/details?id=id.trimegah.tplus.android,ID,id,5,1.0,100.0,Positive,Apresiasi Umum & Kepuasan,2026-06-27 19:38:11,2026,terbaik,terbaik,True,7,1,1.13.2,0,Tidak,,,Sampel ulasan publik Play Store
979eb3cf-3c25-47b8-b450-4e9a573a5ca0,2026-09-26 00:43:31,https://play.google.com/store/apps/details?id=id.trimegah.tplus.android,ID,id,5,1.0,100.0,Positive,Login & Autentikasi,2026-06-25 20:35:26,2026,"Saya baru beberapa waktu menggunakan Trima+ dan sejauh ini pengalaman saya cukup memuaskan. Proses login sekarang lebih praktis karena bisa menggunakan nomor HP, jadi tidak ribet saat ingin masuk ke aplikasi. Tampilan aplikasi juga rapi dan mudah dipahami, bahkan untuk pengguna yang baru mulai belajar investasi.","Saya baru beberapa waktu menggunakan Trima+ dan sejauh ini pengalaman saya cukup memuaskan. Proses login sekarang lebih praktis karena bisa menggunakan nomor HP, jadi tidak ribet saat ingin masuk ke aplikasi. Tampilan aplikasi juga rapi dan mudah dipahami, bahkan untuk pengguna yang baru mulai belajar investasi.",True,313,46,1.13.2,2,Tidak,,,Sampel ulasan publik Play Store
e2b8ecb2-1000-4d5c-971a-5bfd9c5c93bb,2026-09-26 00:43:31,https://play.google.com/store/apps/details?id=id.trimegah.tplus.android,ID,id,5,1.0,100.0,Positive,Transaksi & Portofolio Saham,2026-06-25 01:46:16,2026,"Sejak mulai menggunakan Trima+, pengalaman investasi saya jadi jauh lebih praktis. Yang paling saya suka adalah akses portofolionya yang ringkas karena saham, reksa dana, dan obligasi bisa dipantau dalam satu halaman. Watchlist dan form order juga lengkap sehingga memudahkan saat memantau pergerakan pasar. Selain itu, tim call center dan adminnya cukup responsif ketika saya membutuhkan bantuan. Aplikasi ini cocok untuk investor pemula maupun yang sudah berpengalaman.","Sejak mulai menggunakan Trima+, pengalaman investasi saya jadi jauh lebih praktis. Yang paling saya suka adalah akses portofolionya yang ringkas karena saham, reksa dana, dan obligasi bisa dipantau dalam satu halaman. Watchlist dan form order juga lengkap sehingga memudahkan saat memantau pergerakan pasar. Selain itu, tim call center dan adminnya cukup responsif ketika saya membutuhkan bantuan. Aplikasi ini cocok untuk investor pemula maupun yang sudah berpengalaman.",True,471,66,Tidak Tercatat,0,Tidak,,,Sampel ulasan publik Play Store
62462241-7da8-46d4-9f33-039a7724e7b5,2026-09-26 00:43:31,https://play.google.com/store/apps/details?id=id.trimegah.tplus.android,ID,id,5,1.0,100.0,Positive,Transaksi & Portofolio Saham,2026-06-24 23:35:10,2026,"sejak ketemu aplikasi ini saya merasa di mudahkan untuk melakukan aktivitas keuangan ,muali dari jual beli saham, investasi dan masih banyak lagi. aplikasi terbaik menurut saya","sejak ketemu aplikasi ini saya merasa di mudahkan untuk melakukan aktivitas keuangan ,muali dari jual beli saham, investasi dan masih banyak lagi. aplikasi terbaik menurut saya",True,176,26,1.13.2,0,Tidak,,,Sampel ulasan publik Play Store
b63497b4-fa3f-457f-8949-53d92eee82d3,2026-09-26 00:43:31,https://play.google.com/store/apps/details?id=id.trimegah.tplus.android,ID,id,5,1.0,100.0,Positive,Login & Autentikasi,2026-06-24 22:19:47,2026,"Loginnya mudah cuma pakai nomor hp, fitur dan ampilannya ngebantuu bgtt.","Loginnya mudah cuma pakai nomor hp, fitur dan ampilannya ngebantuu bgtt.",True,72,11,Tidak Tercatat,0,Tidak,,,Sampel ulasan publik Play Store
57ab1ce5-2d82-4e0f-85e1-b1eca9716c15,2026-09-26 00:43:31,https://play.google.com/store/apps/details?id=id.trimegah.tplus.android,ID,id,5,1.0,100.0,Positive,Customer Service & Layanan,2026-06-24 21:58:42,2026,aplikasinya membantu bangettttt kalian wajib cobaaa emng ga bakal nyesel kalo pake apk ini dan tim call centernya sangat responsif bangettt ketika kita ada masalah,aplikasinya membantu bangettttt kalian wajib cobaaa emng ga bakal nyesel kalo pake apk ini dan tim call centernya sangat responsif bangettt ketika kita ada masalah,True,163,25,1.13.2,0,Tidak,,,Sampel ulasan publik Play Store
a44badb2-ba18-4460-a692-57330aba8205,2026-09-26 00:43:31,https://play.google.com/store/apps/details?id=id.trimegah.tplus.android,ID,id,5,1.0,100.0,Positive,Apresiasi Umum & Kepuasan,2026-06-24 21:52:04,2026,"Navigasinya enak, performanya stabil, dan informasinya mudah dipahami. Cocok untuk yang ingin mulai membangun kebiasaan investasi jangka panjang.","Navigasinya enak, performanya stabil, dan informasinya mudah dipahami. Cocok untuk yang ingin mulai membangun kebiasaan investasi jangka panjang.",True,145,18,1.13.2,0,Tidak,,,Sampel ulasan publik Play Store
48fcafbc-3095-4511-bbad-a419270a46dd,2026-09-26 00:43:31,https://play.google.com/store/apps/details?id=id.trimegah.tplus.android,ID,id,5,1.0,100.0,Positive,Customer Service & Layanan,2026-06-24 21:50:41,2026,"admin sangat gercep dan membantu masalah banget dijelaskan adminya aku langsung paham...,terus cal center pengunaan bahasa mudah dipahami","admin sangat gercep dan membantu masalah banget dijelaskan adminya aku langsung paham...,terus cal center pengunaan bahasa mudah dipahami",True,137,18,1.13.2,0,Tidak,,,Sampel ulasan publik Play Store
e7fb1932-7720-4af8-98f1-7b806a5c27c4,2026-09-26 00:43:31,https://play.google.com/store/apps/details?id=id.trimegah.tplus.android,ID,id,5,1.0,100.0,Positive,Transaksi & Portofolio Saham,2026-06-24 21:10:48,2026,"Awalnya saya mencari aplikasi investasi yang praktis karena tidak ingin menggunakan banyak aplikasi berbeda untuk kebutuhan investasi. Setelah mencoba Trima+, saya cukup terkesan karena dalam satu aplikasi saya bisa mengakses saham, reksa dana, dan obligasi dengan lebih mudah.","Awalnya saya mencari aplikasi investasi yang praktis karena tidak ingin menggunakan banyak aplikasi berbeda untuk kebutuhan investasi. Setelah mencoba Trima+, saya cukup terkesan karena dalam satu aplikasi saya bisa mengakses saham, reksa dana, dan obligasi dengan lebih mudah.",True,277,38,1.13.2,1,Tidak,,,Sampel ulasan publik Play Store
46b1bf91-2d52-4291-a565-87fa6b3146d9,2026-09-26 00:43:31,https://play.google.com/store/apps/details?id=id.trimegah.tplus.android,ID,id,5,1.0,100.0,Positive,Transaksi & Portofolio Saham,2026-06-22 21:58:35,2026,"waw lewat aplikasi trima+ kita bisa satset beli reksa dana, obligasi, saham dalam 1 aplikasi aja, jadi bisa kita pantau naik turun nya, simpel banget","waw lewat aplikasi trima+ kita bisa satset beli reksa dana, obligasi, saham dalam 1 aplikasi aja, jadi bisa kita pantau naik turun nya, simpel banget",True,149,25,Tidak Tercatat,0,Tidak,,,Sampel ulasan publik Play Store
44a57ec5-0071-473d-b5c6-0175b93a00bd,2026-09-26 00:43:31,https://play.google.com/store/apps/details?id=id.trimegah.tplus.android,ID,id,5,1.0,100.0,Positive,Login & Autentikasi,2026-06-22 14:59:48,2026,"login sekarang bisa pake nomor hp doang, ga ribet harus isi isi data ulangg, apalagi ditambah ga lemott","login sekarang bisa pake nomor hp doang, ga ribet harus isi isi data ulangg, apalagi ditambah ga lemott",True,103,18,1.13.2,0,Tidak,,,Sampel ulasan publik Play Store
55b7e441-f76f-4a4c-b48e-c5adf235a036,2026-09-26 00:43:31,https://play.google.com/store/apps/details?id=id.trimegah.tplus.android,ID,id,5,1.0,100.0,Positive,Transaksi & Portofolio Saham,2026-06-22 13:33:31,2026,"Sangat praktis karena dalam satu aplikasi saya bisa membeli saham, reksa dana, dan obligasi sekaligus. Tampilan aplikasinya mudah dipahami, proses transaksi cepat, dan pilihan investasinya cukup lengkap. Cocok untuk pemula maupun investor yang ingin mengelola berbagai jenis investasi dalam satu tempat. Pengalaman investasi jadi lebih nyaman dan efisien","Sangat praktis karena dalam satu aplikasi saya bisa membeli saham, reksa dana, dan obligasi sekaligus. Tampilan aplikasinya mudah dipahami, proses transaksi cepat, dan pilihan investasinya cukup lengkap. Cocok untuk pemula maupun investor yang ingin mengelola berbagai jenis investasi dalam satu tempat. Pengalaman investasi jadi lebih nyaman dan efisien",True,354,48,1.13.2,0,Tidak,,,Sampel ulasan publik Play Store
c09d6813-c048-474b-8266-867bba86294d,2026-09-26 00:43:31,https://play.google.com/store/apps/details?id=id.trimegah.tplus.android,ID,id,5,1.0,100.0,Positive,Transaksi & Portofolio Saham,2026-06-22 13:28:15,2026,"Akses portofolio cepet dan ringkas (bisa lihat saham, reksa dana, dan obligasi di 1 halaman)","Akses portofolio cepet dan ringkas (bisa lihat saham, reksa dana, dan obligasi di 1 halaman)",True,92,15,1.13.2,0,Tidak,,,Sampel ulasan publik Play Store
19304b09-ec1a-4801-801a-34658e61b0f2,2026-09-26 00:43:31,https://play.google.com/store/apps/details?id=id.trimegah.tplus.android,ID,id,5,1.0,100.0,Positive,Login & Autentikasi,2026-06-21 20:02:36,2026,"Jam 11 malem saldo mau bayar client nggak masuk. Panik setengah mati. Chat admin Trima via Live Chat, 3 menit langsung dibales. Mbak CS-nya cek + jelasin kalau bank tujuan lagi maintenance. Gara-gara Notifikasi Real-time-nya, begitu dana masuk HP langsung bunyi. Jadi nggak perlu mantengin layar. CS-nya responsif, nggak template. Berasa punya tim keuangan pribadi. Trima top!","Jam 11 malem saldo mau bayar client nggak masuk. Panik setengah mati. Chat admin Trima via Live Chat, 3 menit langsung dibales. Mbak CS-nya cek + jelasin kalau bank tujuan lagi maintenance. Gara-gara Notifikasi Real-time-nya, begitu dana masuk HP langsung bunyi. Jadi nggak perlu mantengin layar. CS-nya responsif, nggak template. Berasa punya tim keuangan pribadi. Trima top!",True,376,57,1.13.2,0,Tidak,,,Sampel ulasan publik Play Store
c4c49b99-05c8-45be-a93a-65ab18fb5d13,2026-09-26 00:43:31,https://play.google.com/store/apps/details?id=id.trimegah.tplus.android,ID,id,5,1.0,100.0,Positive,Login & Autentikasi,2026-06-21 12:28:24,2026,"Fitur Trima+ Picks dan Trima+Ideas ngebantu banget buat cari ide beli yang berbasis data. kalau pun ada kendala ,tim call center dan admin sangat responsif dan membantu. Apalagi seksrang login hanya memakai nomor HP, jadi lebih praktis.","Fitur Trima+ Picks dan Trima+Ideas ngebantu banget buat cari ide beli yang berbasis data. kalau pun ada kendala ,tim call center dan admin sangat responsif dan membantu. Apalagi seksrang login hanya memakai nomor HP, jadi lebih praktis.",True,236,37,1.13.2,0,Tidak,,,Sampel ulasan publik Play Store
abbe0abe-4579-4556-b049-c84f6eb072a7,2026-09-26 00:43:31,https://play.google.com/store/apps/details?id=id.trimegah.tplus.android,ID,id,5,1.0,100.0,Positive,Customer Service & Layanan,2026-06-21 12:01:01,2026,"Aku cukup puas pakai aplikasi Trima Plus. Prosesnya mudah dan fiturnya membantu untuk kebutuhan sehari-hari. Yang paling saya suka, tim call center dan admin sangat responsif dan membantu banget saat saya mengalami kendala. Pelayanannya ramah, cepat, dan informatif. Semoga kualitas layanannya tetap dipertahankan. ⭐⭐⭐⭐⭐","Aku cukup puas pakai aplikasi Trima Plus. Prosesnya mudah dan fiturnya membantu untuk kebutuhan sehari-hari. Yang paling saya suka, tim call center dan admin sangat responsif dan membantu banget saat saya mengalami kendala. Pelayanannya ramah, cepat, dan informatif. Semoga kualitas layanannya tetap dipertahankan. ⭐⭐⭐⭐⭐",True,320,44,1.13.2,0,Tidak,,,Sampel ulasan publik Play Store
1b14e81f-65ed-4311-8392-45244f211285,2026-09-26 00:43:31,https://play.google.com/store/apps/details?id=id.trimegah.tplus.android,ID,id,5,1.0,100.0,Positive,Transaksi & Portofolio Saham,2026-06-21 11:55:21,2026,"aku suka dengan fitur yang tersedia di aplikasi ini karena bisa beli saham, reksa dana, dan obligasi dalam 1 aplikasi. Proses transaksi mudah, menu cukup lengkap, dan memudahkan aku mengelola berbagai jenis investasi dalam satu tempat. Semoga fiturnya terus ditingkatkan ke depannya👍","aku suka dengan fitur yang tersedia di aplikasi ini karena bisa beli saham, reksa dana, dan obligasi dalam 1 aplikasi. Proses transaksi mudah, menu cukup lengkap, dan memudahkan aku mengelola berbagai jenis investasi dalam satu tempat. Semoga fiturnya terus ditingkatkan ke depannya👍",True,283,42,Tidak Tercatat,0,Tidak,,,Sampel ulasan publik Play Store
a30206d2-bd47-4076-bf8b-ff67628d5dee,2026-09-26 00:43:31,https://play.google.com/store/apps/details?id=id.trimegah.tplus.android,ID,id,5,1.0,100.0,Positive,Login & Autentikasi,2026-06-20 15:38:59,2026,"aplikasi ini memiliki fitur-fitur yang mudah diakses karena tersusun secara sistematis pada menu yang jelas. Proses login juga praktis dan tidak menyulitkan pengguna. Informasi yang dibutuhkan dapat ditemukan dengan cepat tanpa harus berpindah-pindah halaman terlalu banyak. Tampilan yang ringan membuat aplikasi tetap nyaman digunakan dan tidak terasa berat saat dijalankan. Secara keseluruhan, desain UI/UX yang user friendly serta kemudahan akses berbagai fitur menjadi nilai tambah","aplikasi ini memiliki fitur-fitur yang mudah diakses karena tersusun secara sistematis pada menu yang jelas. Proses login juga praktis dan tidak menyulitkan pengguna. Informasi yang dibutuhkan dapat ditemukan dengan cepat tanpa harus berpindah-pindah halaman terlalu banyak. Tampilan yang ringan membuat aplikasi tetap nyaman digunakan dan tidak terasa berat saat dijalankan. Secara keseluruhan, desain UI/UX yang user friendly serta kemudahan akses berbagai fitur menjadi nilai tambah",True,485,65,Tidak Tercatat,0,Tidak,,,Sampel ulasan publik Play Store
e8763b37-524f-410c-849b-75a47a8281de,2026-09-26 00:43:31,https://play.google.com/store/apps/details?id=id.trimegah.tplus.android,ID,id,5,1.0,100.0,Positive,Transaksi & Portofolio Saham,2026-06-20 15:38:37,2026,"Aplikasi Trima+ buatku paling mudah digunakan dibanding aplikasi saham lain yg pernah ku pakai. Dalam 1 aplikasi ini bisa beli saham, reksa dana dan juga obligasi, sekalian kalau mau lihat saham, reksa dana dan obligasinya bisa langsung ada portofolio yg bisa kita akses cepet dan ringkas.. karna cuma dalam 1 halaman, jadi gak capek deh banyak klik² sana sini..","Aplikasi Trima+ buatku paling mudah digunakan dibanding aplikasi saham lain yg pernah ku pakai. Dalam 1 aplikasi ini bisa beli saham, reksa dana dan juga obligasi, sekalian kalau mau lihat saham, reksa dana dan obligasinya bisa langsung ada portofolio yg bisa kita akses cepet dan ringkas.. karna cuma dalam 1 halaman, jadi gak capek deh banyak klik² sana sini..",True,362,59,1.13.2,0,Tidak,,,Sampel ulasan publik Play Store
fe3b1a6a-0aac-4c7f-85f1-233af6e88772,2026-09-26 00:43:31,https://play.google.com/store/apps/details?id=id.trimegah.tplus.android,ID,id,5,1.0,100.0,Positive,UI/UX & Performa (Loading/Navigasi),2026-06-20 15:37:58,2026,"fiturnya komplit, UI/UX mudah di gunakan, ngebantu bgt bisa liat saham.","fiturnya komplit, UI/UX mudah di gunakan, ngebantu bgt bisa liat saham.",True,71,11,Tidak Tercatat,0,Tidak,,,Sampel ulasan publik Play Store
ef54ca66-cdb9-44d3-bbfe-58b6bb11253c,2026-09-26 00:43:31,https://play.google.com/store/apps/details?id=id.trimegah.tplus.android,ID,id,5,1.0,100.0,Positive,Login & Autentikasi,2026-06-20 15:27:34,2026,"aplikasi sangat bermanfaat, mudah bgt, Login sekarang bisa cuman pakai nomor hp tanpa ribet"".","aplikasi sangat bermanfaat, mudah bgt, Login sekarang bisa cuman pakai nomor hp tanpa ribet"".",True,93,14,1.13.2,0,Tidak,,,Sampel ulasan publik Play Store
cbf94afe-222f-4742-bfa6-f76780bfea35,2026-09-26 00:43:31,https://play.google.com/store/apps/details?id=id.trimegah.tplus.android,ID,id,5,1.0,100.0,Positive,Customer Service & Layanan,2026-06-20 15:20:43,2026,"Aplikasi Trima+ memiliki pelayanan yang luar biasa. Sejauh ini pengalaman saya menggunakan Trima+ sangat baik. Tim call center dan admin sangat ramah, responsif, serta mampu memberikan solusi dengan cepat saat ada kendala, dan juga sigap memberikan bantuan dan penjelasan yang dibutuhkan sehingga pengguna merasa lebih nyaman","Aplikasi Trima+ memiliki pelayanan yang luar biasa. Sejauh ini pengalaman saya menggunakan Trima+ sangat baik. Tim call center dan admin sangat ramah, responsif, serta mampu memberikan solusi dengan cepat saat ada kendala, dan juga sigap memberikan bantuan dan penjelasan yang dibutuhkan sehingga pengguna merasa lebih nyaman",True,325,46,Tidak Tercatat,0,Tidak,,,Sampel ulasan publik Play Store
fc200e9c-3623-45e5-89f7-585122be4581,2026-09-26 00:43:31,https://play.google.com/store/apps/details?id=id.trimegah.tplus.android,ID,id,5,1.0,100.0,Positive,Login & Autentikasi,2026-06-19 10:47:44,2026,sangat bagus bisa akses dengan mudah login hanya menggunakan nomer,sangat bagus bisa akses dengan mudah login hanya menggunakan nomer,True,66,10,1.13.2,0,Tidak,,,Sampel ulasan publik Play Store
5c7e1a45-489c-435d-a2b5-f274bedc7870,2026-09-26 00:43:31,https://play.google.com/store/apps/details?id=id.trimegah.tplus.android,ID,id,5,1.0,100.0,Positive,UI/UX & Performa (Loading/Navigasi),2026-06-19 10:47:39,2026,"ini aplikasi yang keren. sangat membantu sekali, terutama dalam hal investasi. aplikasi nya ga ribet, mudah digunakan .","ini aplikasi yang keren. sangat membantu sekali, terutama dalam hal investasi. aplikasi nya ga ribet, mudah digunakan .",True,119,18,1.13.2,0,Tidak,,,Sampel ulasan publik Play Store
08f3d0d6-9a3d-4412-98f6-d42bd00307f6,2026-09-26 00:43:31,https://play.google.com/store/apps/details?id=id.trimegah.tplus.android,ID,id,5,1.0,100.0,Positive,Fitur Analisis & Data Pasar,2026-06-19 10:45:52,2026,"Aplikasi yang sangat membantu! Fitur pelacakan langganan otomatis benar-benar membuka mata saya soal pengeluaran yang tidak perlu. Sejak pakai Trim+, saya jadi lebih disiplin mengatur uang dan pengeluaran bulanan saya jadi jauh lebih efisien. Antarmukanya juga bersih dan mudah digunakan. Sangat direkomendasikan untuk yang ingin mulai mengatur keuangan dengan praktis!","Aplikasi yang sangat membantu! Fitur pelacakan langganan otomatis benar-benar membuka mata saya soal pengeluaran yang tidak perlu. Sejak pakai Trim+, saya jadi lebih disiplin mengatur uang dan pengeluaran bulanan saya jadi jauh lebih efisien. Antarmukanya juga bersih dan mudah digunakan. Sangat direkomendasikan untuk yang ingin mulai mengatur keuangan dengan praktis!",True,369,50,1.13.2,4,Tidak,,,Sampel ulasan publik Play Store
3d868cd1-2d48-4acf-9a70-9d37a80ea861,2026-09-26 00:43:31,https://play.google.com/store/apps/details?id=id.trimegah.tplus.android,ID,id,5,1.0,100.0,Positive,Transaksi & Portofolio Saham,2026-06-19 10:43:08,2026,"Aplikasi investasi yang praktis dan lengkap. Bisa memantau saham, reksa dana, dan obligasi dalam satu halaman portofolio. Sangat membantu untuk kebutuhan investasi sehari-hari.","Aplikasi investasi yang praktis dan lengkap. Bisa memantau saham, reksa dana, dan obligasi dalam satu halaman portofolio. Sangat membantu untuk kebutuhan investasi sehari-hari.",True,176,23,Tidak Tercatat,0,Tidak,,,Sampel ulasan publik Play Store
3b0fe7ca-cc02-4830-9d57-67145a907f43,2026-09-26 00:43:31,https://play.google.com/store/apps/details?id=id.trimegah.tplus.android,ID,id,5,1.0,100.0,Positive,Transaksi & Portofolio Saham,2026-06-18 21:40:30,2026,"pertama kali aku coba aplikasi trima+ langsung paham karena menurut aku fiturnya komplit banget dan mudah digunakan juga bagi pemula, kalo ada kendala jangan khawatir karena respon tim call center nya cepet dan sangat ngebantu selesaikan sampe selesai. trima+ juga bikin investasi lebih praktis karena saham, reksa dana, sama obligasi juga bisa diakses didalem satu aplikasi","pertama kali aku coba aplikasi trima+ langsung paham karena menurut aku fiturnya komplit banget dan mudah digunakan juga bagi pemula, kalo ada kendala jangan khawatir karena respon tim call center nya cepet dan sangat ngebantu selesaikan sampe selesai. trima+ juga bikin investasi lebih praktis karena saham, reksa dana, sama obligasi juga bisa diakses didalem satu aplikasi",True,374,56,1.13.2,0,Tidak,,,Sampel ulasan publik Play Store
097e28de-759d-4c5f-b01d-3b6420bc4eaa,2026-09-26 00:43:31,https://play.google.com/store/apps/details?id=id.trimegah.tplus.android,ID,id,5,1.0,100.0,Positive,Transaksi & Portofolio Saham,2026-06-18 21:25:39,2026,"​Buat para trader saham, ini sih game changer. Watchlist dan form order-nya lengkap banget, bener-bener ngebantu eksekusi pas lagi fast trade. Kalau lagi buntu cari ide, fitur Trima+ Picks dan Trima+ Ideas selalu jadi andalan aku buat nyari referensi saham potensial.","​Buat para trader saham, ini sih game changer. Watchlist dan form order-nya lengkap banget, bener-bener ngebantu eksekusi pas lagi fast trade. Kalau lagi buntu cari ide, fitur Trima+ Picks dan Trima+ Ideas selalu jadi andalan aku buat nyari referensi saham potensial.",True,267,41,Tidak Tercatat,0,Tidak,,,Sampel ulasan publik Play Store
dbaa1124-7b24-421e-81f8-487aeee4848c,2026-09-26 00:43:31,https://play.google.com/store/apps/details?id=id.trimegah.tplus.android,ID,id,5,1.0,100.0,Positive,Login & Autentikasi,2026-06-18 21:23:57,2026,"Pernah suatu kali saya mengalami kebingungan saat ingin menggunakan salah satu fitur di aplikasi. Saya langsung menghubungi admin, dan di luar ekspektasi, responsnya sangat cepat. Timnya sabar menjelaskan langkah demi langkah sampai masalah saya selesai. Pengalaman ini membuat saya merasa didampingi, bukan sekadar menggunakan aplikasi investasi biasa. Pelayanan call center dan adminnya benar-benar jadi nilai tambah yang membuat saya nyaman.","Pernah suatu kali saya mengalami kebingungan saat ingin menggunakan salah satu fitur di aplikasi. Saya langsung menghubungi admin, dan di luar ekspektasi, responsnya sangat cepat. Timnya sabar menjelaskan langkah demi langkah sampai masalah saya selesai. Pengalaman ini membuat saya merasa didampingi, bukan sekadar menggunakan aplikasi investasi biasa. Pelayanan call center dan adminnya benar-benar jadi nilai tambah yang membuat saya nyaman.",True,444,60,1.13.2,1,Tidak,,,Sampel ulasan publik Play Store
0cb1e99b-b4d2-40ad-99f4-92de054da4a7,2026-09-26 00:43:31,https://play.google.com/store/apps/details?id=id.trimegah.tplus.android,ID,id,5,1.0,100.0,Positive,Transaksi & Portofolio Saham,2026-06-18 21:21:15,2026,"Menurutku trima+ bikin mudah segalanya, beli obligasi+saham bisa disini dan bisa diliat di satu halaman aja tanpa harus nyari2 lagi 🥰 fiturnya komplit dan mudah difahami.. tim nya juga ramah poool+fast respon! 👍🏻","Menurutku trima+ bikin mudah segalanya, beli obligasi+saham bisa disini dan bisa diliat di satu halaman aja tanpa harus nyari2 lagi 🥰 fiturnya komplit dan mudah difahami.. tim nya juga ramah poool+fast respon! 👍🏻",True,212,33,1.13.2,0,Tidak,,,Sampel ulasan publik Play Store
bdcc02fc-2cc6-476a-801b-d9774a293716,2026-09-26 00:43:31,https://play.google.com/store/apps/details?id=id.trimegah.tplus.android,ID,id,5,1.0,100.0,Positive,Login & Autentikasi,2026-06-18 21:20:05,2026,"loginnya gampang bgt cuma pakai no.hp dan ga ribet, fiturnya apa lagi sangat komplit buat aku yg baru mulai beli saham dan reksa dana ini sangat membantu thanks yaa trima+","loginnya gampang bgt cuma pakai no.hp dan ga ribet, fiturnya apa lagi sangat komplit buat aku yg baru mulai beli saham dan reksa dana ini sangat membantu thanks yaa trima+",True,171,30,1.13.2,0,Tidak,,,Sampel ulasan publik Play Store
d87fc0f6-a355-4a73-aec3-4b4a05ed04f2,2026-09-26 00:43:31,https://play.google.com/store/apps/details?id=id.trimegah.tplus.android,ID,id,5,1.0,100.0,Positive,Transaksi & Portofolio Saham,2026-06-18 21:12:21,2026,big applause sih buat watchlist dan form ordernya yg lengkaaaap banget! ngebantu buat trader saham supaya bisa tau detailnya 🔥,big applause sih buat watchlist dan form ordernya yg lengkaaaap banget! ngebantu buat trader saham supaya bisa tau detailnya 🔥,True,126,20,1.13.2,0,Tidak,,,Sampel ulasan publik Play Store
24f62364-2ee9-450f-9b60-1dbb652b0a29,2026-09-26 00:43:31,https://play.google.com/store/apps/details?id=id.trimegah.tplus.android,ID,id,5,1.0,100.0,Positive,Transaksi & Portofolio Saham,2026-06-18 21:09:05,2026,"Aplikasi nya super lengkap bisa beli saham, reksa dana dan obligasi cocok banget untuk pemula yg gamau repot","Aplikasi nya super lengkap bisa beli saham, reksa dana dan obligasi cocok banget untuk pemula yg gamau repot",True,108,18,1.13.2,0,Tidak,,,Sampel ulasan publik Play Store
a97aba7b-1f7a-4498-b084-4588c01c4add,2026-09-26 00:43:31,https://play.google.com/store/apps/details?id=id.trimegah.tplus.android,ID,id,5,1.0,100.0,Positive,Login & Autentikasi,2026-06-18 20:49:06,2026,"""Suka banget sama UI/UX Trima+ yang bersih dan gampang dipahami buat pemula kayak saya. Menu reksa dananya lengkap dan ada rekomendasi profil risiko yang ngebantu banget milih produk yang pas. Daftarnya juga full online dan cepat!"" ""Fitur Fast Order dan Advanced Order di Trima+ ngebantu banget buat scalping atau eksekusi strategi trading dengan cepat. Nggak ketinggalan momen market. Apalagi kalau pakai Trima+ Desktop, mantau saham Top 50 Regular Stocks jadi lebih lega dan mata nggak cepat","""Suka banget sama UI/UX Trima+ yang bersih dan gampang dipahami buat pemula kayak saya. Menu reksa dananya lengkap dan ada rekomendasi profil risiko yang ngebantu banget milih produk yang pas. Daftarnya juga full online dan cepat!"" ""Fitur Fast Order dan Advanced Order di Trima+ ngebantu banget buat scalping atau eksekusi strategi trading dengan cepat. Nggak ketinggalan momen market. Apalagi kalau pakai Trima+ Desktop, mantau saham Top 50 Regular Stocks jadi lebih lega dan mata nggak cepat",True,493,76,1.13.2,0,Tidak,,,Sampel ulasan publik Play Store
f4d7aabf-5a84-4051-8c0e-37c5e290c51e,2026-09-26 00:43:31,https://play.google.com/store/apps/details?id=id.trimegah.tplus.android,ID,id,5,1.0,100.0,Positive,Transaksi & Portofolio Saham,2026-06-18 20:37:52,2026,"baru coba beberapa hari kemarin. ternyata cocok buat pemula kayak aku. Sekarang beli saham, reksadana dan obligasi bisa dalam 1 aplikasi. Edukasinya jelas jadi gak bingung mulai dari mana.😍","baru coba beberapa hari kemarin. ternyata cocok buat pemula kayak aku. Sekarang beli saham, reksadana dan obligasi bisa dalam 1 aplikasi. Edukasinya jelas jadi gak bingung mulai dari mana.😍",True,189,29,1.13.2,0,Tidak,,,Sampel ulasan publik Play Store
1728600e-be77-43a7-a02e-b0cfc0ca17d7,2026-09-26 00:43:31,https://play.google.com/store/apps/details?id=id.trimegah.tplus.android,ID,id,5,1.0,100.0,Positive,Customer Service & Layanan,2026-06-17 21:51:12,2026,Aplikasi ini terpercaya karena dioperasikan oleh perusahaan sekuritas yang resmi berizin dan diawasi Otoritas Jasa Keuangan (OJK).,Aplikasi ini terpercaya karena dioperasikan oleh perusahaan sekuritas yang resmi berizin dan diawasi Otoritas Jasa Keuangan (OJK).,True,130,17,Tidak Tercatat,0,Tidak,,,Sampel ulasan publik Play Store
93a8c753-075b-49b0-81e9-8296bef37fac,2026-09-26 00:43:31,https://play.google.com/store/apps/details?id=id.trimegah.tplus.android,ID,id,5,1.0,100.0,Positive,Apresiasi Umum & Kepuasan,2026-06-17 16:38:41,2026,apk yg sangat mudah untuk mengakses pasar modal dan sangat berguna untuk berinvestasi,apk yg sangat mudah untuk mengakses pasar modal dan sangat berguna untuk berinvestasi,True,85,13,1.13.2,0,Tidak,,,Sampel ulasan publik Play Store
235fc67f-b656-4879-8d22-088232fa757f,2026-09-26 00:43:31,https://play.google.com/store/apps/details?id=id.trimegah.tplus.android,ID,id,5,1.0,100.0,Positive,Login & Autentikasi,2026-06-16 22:28:09,2026,"Trima+ bikin investasi jadi nggak ribet. Semua kebutuhan ada di satu tempat: pantau pasar, beli/jual saham, reksa dana, sampai obligasi. Fitur Trima+ Picks jadi referensi yang bermanfaat buat menyusun portofolio. Login cukup pakai nomor HP, akses cepat tanpa kendala. Tampilannya simpel tapi lengkap, dan tim dukungan selalu siap bantu jika ada pertanyaan.","Trima+ bikin investasi jadi nggak ribet. Semua kebutuhan ada di satu tempat: pantau pasar, beli/jual saham, reksa dana, sampai obligasi. Fitur Trima+ Picks jadi referensi yang bermanfaat buat menyusun portofolio. Login cukup pakai nomor HP, akses cepat tanpa kendala. Tampilannya simpel tapi lengkap, dan tim dukungan selalu siap bantu jika ada pertanyaan.",True,356,52,Tidak Tercatat,0,Tidak,,,Sampel ulasan publik Play Store
fb868258-f3f9-44ca-8ce0-9d0a8537cdd7,2026-09-26 00:43:31,https://play.google.com/store/apps/details?id=id.trimegah.tplus.android,ID,id,5,1.0,100.0,Positive,Transaksi & Portofolio Saham,2026-06-16 22:27:33,2026,"Tim call center dan admin sangat fast respon dan sangat membantu,bisa beli saham,reksa dana,dan obligasi dalam 1 aplikasi.","Tim call center dan admin sangat fast respon dan sangat membantu,bisa beli saham,reksa dana,dan obligasi dalam 1 aplikasi.",True,122,18,Tidak Tercatat,0,Tidak,,,Sampel ulasan publik Play Store
7f128dcb-8c52-47fe-b155-d2df8820aa6e,2026-09-26 00:43:31,https://play.google.com/store/apps/details?id=id.trimegah.tplus.android,ID,id,5,1.0,100.0,Positive,Transaksi & Portofolio Saham,2026-06-15 20:23:13,2026,Sudah beberapa kali pakai Trima+ buat pantau dan beli saham. Yang paling saya suka fitur watchlist-nya karena jadi lebih gampang memantau saham incaran. Tampilan aplikasinya juga rapi dan mudah dipahami. Sejauh ini lancar banget untuk dipakai dan cukup membantu untuk kebutuhan investasi sehari-hari.,Sudah beberapa kali pakai Trima+ buat pantau dan beli saham. Yang paling saya suka fitur watchlist-nya karena jadi lebih gampang memantau saham incaran. Tampilan aplikasinya juga rapi dan mudah dipahami. Sejauh ini lancar banget untuk dipakai dan cukup membantu untuk kebutuhan investasi sehari-hari.,True,300,43,Tidak Tercatat,0,Tidak,,,Sampel ulasan publik Play Store
42eefe6a-eaf0-4421-af44-3eece469c20d,2026-09-26 00:43:31,https://play.google.com/store/apps/details?id=id.trimegah.tplus.android,ID,id,1,0.0,0.0,Negative,Login & Autentikasi,2026-06-15 20:16:43,2026,"minggu lalu login pake nomer HP bisa. ini mau login buat transaksi malah ga bisa login, ga ada login No HP. gimana nih? mau transaksi batal jadinya","minggu lalu login pake nomer HP bisa. ini mau login buat transaksi malah ga bisa login, ga ada login No HP. gimana nih? mau transaksi batal jadinya",True,147,27,1.13.2,2,Tidak,,,Sampel ulasan publik Play Store
80e17664-27a6-469d-8e8c-efbeed15ccc7,2026-09-26 00:43:31,https://play.google.com/store/apps/details?id=id.trimegah.tplus.android,ID,id,5,1.0,100.0,Positive,Fitur Analisis & Data Pasar,2026-06-15 20:00:37,2026,"Sejauh ini pengalaman saya menggunakan Trima+ cukup memuaskan. Aplikasinya ringan, mudah dipakai, dan jarang mengalami kendala. Semoga ke depannya makin bagus dan fiturnya semakin lengkap.","Sejauh ini pengalaman saya menggunakan Trima+ cukup memuaskan. Aplikasinya ringan, mudah dipakai, dan jarang mengalami kendala. Semoga ke depannya makin bagus dan fiturnya semakin lengkap.",True,188,25,1.13.2,0,Tidak,,,Sampel ulasan publik Play Store
4628bf5f-4ba9-4925-9a33-368f9501e6cd,2026-09-26 00:43:31,https://play.google.com/store/apps/details?id=id.trimegah.tplus.android,ID,id,5,1.0,100.0,Positive,Transaksi & Portofolio Saham,2026-06-15 19:54:15,2026,"Fitur watchlist dan form order-nya lengkap banget buat pantau pasar. Apalagi ada Trima+ Picks & Ideas yang sangat membantu cari referensi investasi. Semua instrumen—saham, reksa dana, sampai obligasi—bisa dibeli dalam satu tempat saja. Portofolio juga terlihat jelas dan cepat diakses dalam satu halaman.","Fitur watchlist dan form order-nya lengkap banget buat pantau pasar. Apalagi ada Trima+ Picks & Ideas yang sangat membantu cari referensi investasi. Semua instrumen—saham, reksa dana, sampai obligasi—bisa dibeli dalam satu tempat saja. Portofolio juga terlihat jelas dan cepat diakses dalam satu halaman.",True,304,43,1.13.2,0,Tidak,,,Sampel ulasan publik Play Store
54cafa91-d66f-4d9e-8650-4dac7794dd08,2026-09-26 00:43:31,https://play.google.com/store/apps/details?id=id.trimegah.tplus.android,ID,id,5,1.0,100.0,Positive,Login & Autentikasi,2026-06-15 19:49:20,2026,"fiturnya sangat komplit,bisa Akses portofolio cepet dan ringkas ,bisa lihat saham, reksa dana, dan obligasi hanya di 1 halaman saja,Watchlist dan form order juga lengkap banget, sangat membantu buat trader saham,Tim call center dan admin sangat responsif dan membantu banget,apalagi sudah ditambah dengan fitur login yg mudah hanya dengan nomor hp saja","fiturnya sangat komplit,bisa Akses portofolio cepet dan ringkas ,bisa lihat saham, reksa dana, dan obligasi hanya di 1 halaman saja,Watchlist dan form order juga lengkap banget, sangat membantu buat trader saham,Tim call center dan admin sangat responsif dan membantu banget,apalagi sudah ditambah dengan fitur login yg mudah hanya dengan nomor hp saja",True,352,52,1.13.2,0,Tidak,,,Sampel ulasan publik Play Store
3521f230-42c8-42fd-be6b-7d5a682fe439,2026-09-26 00:43:31,https://play.google.com/store/apps/details?id=id.trimegah.tplus.android,ID,id,5,1.0,100.0,Positive,Fitur Analisis & Data Pasar,2026-06-15 19:48:24,2026,"Aplikasi TRIMA+ sangat membantu, mudah digunakan, dan fiturnya cukup lengkap. Sangat memudahkan pekerjaan sehari-hari.","Aplikasi TRIMA+ sangat membantu, mudah digunakan, dan fiturnya cukup lengkap. Sangat memudahkan pekerjaan sehari-hari.",True,118,14,Tidak Tercatat,0,Tidak,,,Sampel ulasan publik Play Store
ccbff6a8-1003-4c79-99c0-13ab43e59ab1,2026-09-26 00:43:31,https://play.google.com/store/apps/details?id=id.trimegah.tplus.android,ID,id,5,1.0,100.0,Positive,Stabilitas Sistem & Bug (Crash/Error),2026-06-15 00:54:12,2026,fitur lengkap bug aman tidak berat dan transaksi sangat mudah tidak ribet. mantap cuanslab x aa boy,fitur lengkap bug aman tidak berat dan transaksi sangat mudah tidak ribet. mantap cuanslab x aa boy,True,99,17,1.13.2,0,Tidak,,,Sampel ulasan publik Play Store
3e6d528b-4602-44ac-a346-6b328abbb1d2,2026-09-26 00:43:31,https://play.google.com/store/apps/details?id=id.trimegah.tplus.android,ID,id,5,1.0,100.0,Positive,UI/UX & Performa (Loading/Navigasi),2026-06-14 23:51:40,2026,mantap aplikasi sangat mudah di pahami aplikasi tidak berat saya puas memakai aplikasi trima.. cuanslab x aa,mantap aplikasi sangat mudah di pahami aplikasi tidak berat saya puas memakai aplikasi trima.. cuanslab x aa,True,108,17,1.13.2,0,Tidak,,,Sampel ulasan publik Play Store
d79ba05f-6a7e-4765-a842-cedc47d7b6ff,2026-09-26 00:43:31,https://play.google.com/store/apps/details?id=id.trimegah.tplus.android,ID,id,5,1.0,100.0,Positive,UI/UX & Performa (Loading/Navigasi),2026-06-14 22:19:49,2026,aplikasi ini buat investasi jangka panjang sangat oke tampilan luar biasa,aplikasi ini buat investasi jangka panjang sangat oke tampilan luar biasa,True,73,11,1.13.2,0,Tidak,,,Sampel ulasan publik Play Store
0b8f05f4-8bea-4b47-8bbd-60cf94659e55,2026-09-26 00:43:31,https://play.google.com/store/apps/details?id=id.trimegah.tplus.android,ID,id,4,0.75,75.0,Positive,Transaksi & Portofolio Saham,2026-06-13 03:20:13,2026,"enak seh ,cuman. kok rdn saldo ya bisa berupa h rubah ia ,gimn critnya","enak seh ,cuman. kok rdn saldo ya bisa berupa h rubah ia ,gimn critnya",True,70,14,1.13.1,0,Tidak,,,Sampel ulasan publik Play Store
3b3e7f30-63c5-4086-9ca4-47fac638e6f2,2026-09-26 00:43:31,https://play.google.com/store/apps/details?id=id.trimegah.tplus.android,ID,id,2,0.25,25.0,Negative,Login & Autentikasi,2026-06-12 14:02:30,2026,"aneh kenapa di saat masuk selalu harus login terus, udh gitu ga dapet notif OTP","aneh kenapa di saat masuk selalu harus login terus, udh gitu ga dapet notif OTP",True,79,15,1.13.2,1,Tidak,,,Sampel ulasan publik Play Store
ecd777b9-0aaf-4a58-a7f8-5f1c438ee5c3,2026-09-26 00:43:31,https://play.google.com/store/apps/details?id=id.trimegah.tplus.android,ID,id,1,0.0,0.0,Negative,UI/UX & Performa (Loading/Navigasi),2026-06-11 09:44:40,2026,suka eror susah di buka loading parah merugikan,suka eror susah di buka loading parah merugikan,True,47,8,Tidak Tercatat,0,Tidak,,,Sampel ulasan publik Play Store
ad1c61ee-29a7-4a6a-a5ab-1961e26c309f,2026-09-26 00:43:31,https://play.google.com/store/apps/details?id=id.trimegah.tplus.android,ID,id,4,0.75,75.0,Positive,UI/UX & Performa (Loading/Navigasi),2026-06-10 09:57:38,2026,"APLIKASI TRIMA SANGAT² TIDAK SENSITIF SAAT DIBUKA PERTAMA. SAMPE JARI SAKIT KAGAK TERBUKA BUKA, GMANA LAYAR AWAL SUSAH DI BUKA PELAN MAUPUN DI KETOK²","APLIKASI TRIMA SANGAT² TIDAK SENSITIF SAAT DIBUKA PERTAMA. SAMPE JARI SAKIT KAGAK TERBUKA BUKA, GMANA LAYAR AWAL SUSAH DI BUKA PELAN MAUPUN DI KETOK²",True,149,24,1.13.1,0,Tidak,,,Sampel ulasan publik Play Store
d2ff3026-45c4-4bc5-89a9-aefe9215866e,2026-09-26 00:43:31,https://play.google.com/store/apps/details?id=id.trimegah.tplus.android,ID,id,1,0.0,0.0,Negative,Login & Autentikasi,2026-06-09 22:07:55,2026,"pendaftaran gagal, tapi saat masuk app dinyatakan sudah terdaftar😭😭😭 login masuk masih tetap OTP problem. apa harus jam kerja? seperti app pemerintahhan🤣🤣🤣 diluar jam kerja, server mati........masih bagusan ajaib dan stocbit (realtime)","pendaftaran gagal, tapi saat masuk app dinyatakan sudah terdaftar😭😭😭 login masuk masih tetap OTP problem. apa harus jam kerja? seperti app pemerintahhan🤣🤣🤣 diluar jam kerja, server mati........masih bagusan ajaib dan stocbit (realtime)",True,235,32,1.13.1,2,Tidak,,,Sampel ulasan publik Play Store
fb5177c2-56c2-456b-8d23-53e94d108a6d,2026-09-26 00:43:31,https://play.google.com/store/apps/details?id=id.trimegah.tplus.android,ID,id,1,0.0,0.0,Negative,Transaksi & Portofolio Saham,2026-06-08 21:10:13,2026,dana tak bisa di tarik semuanya,dana tak bisa di tarik semuanya,True,31,6,Tidak Tercatat,0,Tidak,,,Sampel ulasan publik Play Store
fde50a67-d0b3-4ddd-a121-bd0191b92ed5,2026-09-26 00:43:31,https://play.google.com/store/apps/details?id=id.trimegah.tplus.android,ID,id,4,0.75,75.0,Positive,UI/UX & Performa (Loading/Navigasi),2026-06-08 13:04:36,2026,Pliss Tampilan Dark Mode di tambahin dong,Pliss Tampilan Dark Mode di tambahin dong,True,41,7,1.13.1,1,Tidak,,,Sampel ulasan publik Play Store
3ac28f5b-8521-4b45-ae52-7ea05de73a5b,2026-09-26 00:43:31,https://play.google.com/store/apps/details?id=id.trimegah.tplus.android,ID,id,1,0.0,0.0,Negative,Login & Autentikasi,2026-06-08 00:19:09,2026,proses daftarnya lambat padahal sinyal bagus hp juga bagus tapi lemot kali di verifikasi wajahnya,proses daftarnya lambat padahal sinyal bagus hp juga bagus tapi lemot kali di verifikasi wajahnya,True,97,15,1.13.1,1,Tidak,,,Sampel ulasan publik Play Store
23a7d0d9-66c2-4320-9a22-fdce470fbbcb,2026-09-26 00:43:31,https://play.google.com/store/apps/details?id=id.trimegah.tplus.android,ID,id,5,1.0,100.0,Positive,UI/UX & Performa (Loading/Navigasi),2026-06-07 10:12:10,2026,"Aplikasi yang sangat membantu dan mudah digunakan. Tampilan rapi, prosesnya cepat, dan sejauh ini berjalan lancar tanpa masalah. Sangat direkomendasikan bagi yang membutuhkan layanan praktis dalam satu aplikasi. Semoga semakin berkembang","Aplikasi yang sangat membantu dan mudah digunakan. Tampilan rapi, prosesnya cepat, dan sejauh ini berjalan lancar tanpa masalah. Sangat direkomendasikan bagi yang membutuhkan layanan praktis dalam satu aplikasi. Semoga semakin berkembang",True,237,31,1.13.2,0,Tidak,,,Sampel ulasan publik Play Store
7ddc9f61-39ae-4998-9958-1b8ce7247be8,2026-09-26 00:43:31,https://play.google.com/store/apps/details?id=id.trimegah.tplus.android,ID,id,1,0.0,0.0,Negative,Login & Autentikasi,2026-06-05 18:00:26,2026,mau coba register tapi kenapa ketika memasukkan kode otp nya malah gabisa ya min?,mau coba register tapi kenapa ketika memasukkan kode otp nya malah gabisa ya min?,True,81,14,1.13.1,1,Tidak,,,Sampel ulasan publik Play Store
0e149bf8-1985-45e7-b4de-9e60ec63a148,2026-09-26 00:43:31,https://play.google.com/store/apps/details?id=id.trimegah.tplus.android,ID,id,5,1.0,100.0,Positive,Transaksi & Portofolio Saham,2026-06-05 16:42:38,2026,"Aplikasi investasi yang mudah digunakan, tampilannya rapi dan fiturnya lengkap. Proses transaksi berjalan lancar, informasi saham dan reksa dana juga cukup membantu untuk mengambil keputusan investasi. Semoga ke depannya semakin banyak fitur baru dan performanya terus ditingkatkan.","Aplikasi investasi yang mudah digunakan, tampilannya rapi dan fiturnya lengkap. Proses transaksi berjalan lancar, informasi saham dan reksa dana juga cukup membantu untuk mengambil keputusan investasi. Semoga ke depannya semakin banyak fitur baru dan performanya terus ditingkatkan.",True,282,37,1.13.1,1,Tidak,,,Sampel ulasan publik Play Store
181e74a3-e915-4f10-a332-0d62fcf09730,2026-09-26 00:43:31,https://play.google.com/store/apps/details?id=id.trimegah.tplus.android,ID,id,5,1.0,100.0,Positive,UI/UX & Performa (Loading/Navigasi),2026-06-05 10:50:04,2026,aplikasi ini sangat berguna bagi saya. jadi gak ribet buat bayaran sana sini,aplikasi ini sangat berguna bagi saya. jadi gak ribet buat bayaran sana sini,True,76,13,1.13.1,0,Tidak,,,Sampel ulasan publik Play Store
6293a536-f395-4cd2-96d8-4689e2f85546,2026-09-26 00:43:31,https://play.google.com/store/apps/details?id=id.trimegah.tplus.android,ID,id,5,1.0,100.0,Positive,Login & Autentikasi,2026-06-03 20:34:27,2026,"Awal Daftar pakai Nomor HP, Setelah masuk OTP, malah di lock. gak bisa daftar lagi","Awal Daftar pakai Nomor HP, Setelah masuk OTP, malah di lock. gak bisa daftar lagi",True,82,15,1.13.1,0,Tidak,,,Sampel ulasan publik Play Store
c789906e-5a25-4607-950d-1ddef253e6f1,2026-09-26 00:43:31,https://play.google.com/store/apps/details?id=id.trimegah.tplus.android,ID,id,5,1.0,100.0,Positive,Customer Service & Layanan,2026-06-03 18:16:19,2026,Penggunaannya cukup sederhana sehingga tidak perlu waktu lama untuk memahami setiap fiturnya.,Penggunaannya cukup sederhana sehingga tidak perlu waktu lama untuk memahami setiap fiturnya.,True,93,12,Tidak Tercatat,0,Tidak,,,Sampel ulasan publik Play Store
9866cde5-1d47-401d-b1ce-039f7031df3c,2026-09-26 00:43:31,https://play.google.com/store/apps/details?id=id.trimegah.tplus.android,ID,id,5,1.0,100.0,Positive,Customer Service & Layanan,2026-06-03 17:57:22,2026,Aplikasi bekerja dengan lancar dan responsif. Sejauh ini pengalaman saya menggunakannya cukup positif,Aplikasi bekerja dengan lancar dan responsif. Sejauh ini pengalaman saya menggunakannya cukup positif,True,101,13,1.13.1,0,Tidak,,,Sampel ulasan publik Play Store
5dbf28ad-f7c6-4a6a-b3cb-502db550dc30,2026-09-26 00:43:31,https://play.google.com/store/apps/details?id=id.trimegah.tplus.android,ID,id,5,1.0,100.0,Positive,UI/UX & Performa (Loading/Navigasi),2026-06-03 17:46:55,2026,Menu yang tersedia tertata rapi sehingga memudahkan saat mencari fitur yang dibutuhkan. Sangat praktis digunakan,Menu yang tersedia tertata rapi sehingga memudahkan saat mencari fitur yang dibutuhkan. Sangat praktis digunakan,True,112,15,1.13.1,0,Tidak,,,Sampel ulasan publik Play Store
5d71ea95-e930-438b-9906-cb89a46a79cf,2026-09-26 00:43:31,https://play.google.com/store/apps/details?id=id.trimegah.tplus.android,ID,id,5,1.0,100.0,Positive,Fitur Analisis & Data Pasar,2026-06-02 18:35:41,2026,Fiturnya lengkap dan berjalan dengan baik. Saya jadi lebih praktis dalam menyelesaikan kebutuhan sehari-hari,Fiturnya lengkap dan berjalan dengan baik. Saya jadi lebih praktis dalam menyelesaikan kebutuhan sehari-hari,True,108,14,Tidak Tercatat,0,Tidak,,,Sampel ulasan publik Play Store
90fb5796-97cc-48a4-b021-5fe92acf99e6,2026-09-26 00:43:31,https://play.google.com/store/apps/details?id=id.trimegah.tplus.android,ID,id,5,1.0,100.0,Positive,Login & Autentikasi,2026-05-31 20:47:22,2026,"keamanannya berlapis tapi tetep simpel diakses. Bagus banget sistem login sekarang cuma pake nomor hp, jadi lebih personal.","keamanannya berlapis tapi tetep simpel diakses. Bagus banget sistem login sekarang cuma pake nomor hp, jadi lebih personal.",True,123,18,1.13.1,0,Tidak,,,Sampel ulasan publik Play Store
8c44b23d-effa-48f0-803d-7f315b67a134,2026-09-26 00:43:31,https://play.google.com/store/apps/details?id=id.trimegah.tplus.android,ID,id,5,1.0,100.0,Positive,Transaksi & Portofolio Saham,2026-05-29 14:33:22,2026,Pengalaman pakai Trima+ sejauh ini sangat oke. Fiturnya lengkap dan cocok buat trader maupun investor pemula. Watchlist dan form ordernya detail banget sehingga lebih mudah buat analisa dan pasang order saham. Aplikasinya juga responsif dan nyaman dipakai sehari-hari.,Pengalaman pakai Trima+ sejauh ini sangat oke. Fiturnya lengkap dan cocok buat trader maupun investor pemula. Watchlist dan form ordernya detail banget sehingga lebih mudah buat analisa dan pasang order saham. Aplikasinya juga responsif dan nyaman dipakai sehari-hari.,True,268,38,Tidak Tercatat,0,Tidak,,,Sampel ulasan publik Play Store
e30d9242-9d84-46e1-9e54-06baeaa81962,2026-09-26 00:43:31,https://play.google.com/store/apps/details?id=id.trimegah.tplus.android,ID,id,5,1.0,100.0,Positive,Customer Service & Layanan,2026-05-29 14:23:31,2026,Aku cukup terbantu dengan fitur Trima+ Ideas karena bisa kasih referensi saham yang menarik untuk dipantau. Selain itu tim call center Trimegah juga responsif dan cepat membantu ketika ada kendala. Jarang nemu aplikasi investasi dengan pelayanan dan fitur selengkap ini.,Aku cukup terbantu dengan fitur Trima+ Ideas karena bisa kasih referensi saham yang menarik untuk dipantau. Selain itu tim call center Trimegah juga responsif dan cepat membantu ketika ada kendala. Jarang nemu aplikasi investasi dengan pelayanan dan fitur selengkap ini.,True,270,40,Tidak Tercatat,0,Tidak,,,Sampel ulasan publik Play Store
56f62feb-98dc-4c43-89d9-755a8d669a5a,2026-09-26 00:43:31,https://play.google.com/store/apps/details?id=id.trimegah.tplus.android,ID,id,5,1.0,100.0,Positive,Login & Autentikasi,2026-05-29 14:19:48,2026,"Suka banget sama pelayanan dari tim call center Trimegah, responnya cepet dan bener-bener bantu sampai masalah selesai. Aku sempat bingung pas login, tapi ternyata sekarang bisa login cuma pakai nomor HP jadi lebih gampang. Aplikasinya juga ringan dan fiturnya lengkap banget buat yang aktif trading maupun investasi jangka panjang.","Suka banget sama pelayanan dari tim call center Trimegah, responnya cepet dan bener-bener bantu sampai masalah selesai. Aku sempat bingung pas login, tapi ternyata sekarang bisa login cuma pakai nomor HP jadi lebih gampang. Aplikasinya juga ringan dan fiturnya lengkap banget buat yang aktif trading maupun investasi jangka panjang.",True,332,49,1.13.1,0,Tidak,,,Sampel ulasan publik Play Store
187524ed-d4c1-4b4c-a561-b1046430ff66,2026-09-26 00:43:31,https://play.google.com/store/apps/details?id=id.trimegah.tplus.android,ID,id,5,1.0,100.0,Positive,Login & Autentikasi,2026-05-29 14:17:47,2026,"Menurut saya TRIMA+ termasuk aplikasi investasi yang praktis dan fiturnya komplit. Sekarang login cukup pakai nomor HP jadi lebih simpel dan cepat. Selain aplikasinya enak dipakai, tim call center dan adminnya juga responsif banget. Setiap ada pertanyaan langsung dibantu dengan cepat sampai selesai, jadi bikin pengguna merasa lebih nyaman dan aman. Navigasi aplikasinya juga smooth, tampilannya modern, dan semua fitur penting mudah ditemukan.","Menurut saya TRIMA+ termasuk aplikasi investasi yang praktis dan fiturnya komplit. Sekarang login cukup pakai nomor HP jadi lebih simpel dan cepat. Selain aplikasinya enak dipakai, tim call center dan adminnya juga responsif banget. Setiap ada pertanyaan langsung dibantu dengan cepat sampai selesai, jadi bikin pengguna merasa lebih nyaman dan aman. Navigasi aplikasinya juga smooth, tampilannya modern, dan semua fitur penting mudah ditemukan.",True,445,63,1.13.1,0,Tidak,,,Sampel ulasan publik Play Store
f8a442ea-0c16-492b-a1ee-78f9f9bf91c2,2026-09-26 00:43:31,https://play.google.com/store/apps/details?id=id.trimegah.tplus.android,ID,id,5,1.0,100.0,Positive,Transaksi & Portofolio Saham,2026-05-29 14:15:31,2026,"Trima+ jadi salah satu aplikasi investasi favoritku karena tampilannya rapi dan gampang dipahami. Aku paling suka fitur portofolionya yang ringkas, jadi semua aset seperti saham dan reksa dana bisa langsung dipantau dalam satu halaman. Praktis banget buat yang mau cek investasi dengan cepat tanpa ribet.","Trima+ jadi salah satu aplikasi investasi favoritku karena tampilannya rapi dan gampang dipahami. Aku paling suka fitur portofolionya yang ringkas, jadi semua aset seperti saham dan reksa dana bisa langsung dipantau dalam satu halaman. Praktis banget buat yang mau cek investasi dengan cepat tanpa ribet.",True,304,45,Tidak Tercatat,0,Tidak,,,Sampel ulasan publik Play Store
48a14d26-165c-4cdd-920a-f96f9057a23a,2026-09-26 00:43:31,https://play.google.com/store/apps/details?id=id.trimegah.tplus.android,ID,id,5,1.0,100.0,Positive,Login & Autentikasi,2026-05-29 14:08:25,2026,Pengalaman pakai Trima+ sejauh ini memuaskan sih. Fitur watchlist-nya lengkap dan memudahkan buat pantau saham incaran. Aku juga suka karena proses login sekarang lebih simpel cuma pakai nomor HP. Aplikasinya terasa modern dan gak bikin bingung walaupun baru pertama kali coba investasi saham.,Pengalaman pakai Trima+ sejauh ini memuaskan sih. Fitur watchlist-nya lengkap dan memudahkan buat pantau saham incaran. Aku juga suka karena proses login sekarang lebih simpel cuma pakai nomor HP. Aplikasinya terasa modern dan gak bikin bingung walaupun baru pertama kali coba investasi saham.,True,293,43,1.13.1,0,Tidak,,,Sampel ulasan publik Play Store
5df1de40-d5a0-4715-9479-aa5a2ce8f8cf,2026-09-26 00:43:31,https://play.google.com/store/apps/details?id=id.trimegah.tplus.android,ID,id,5,1.0,100.0,Positive,Transaksi & Portofolio Saham,2026-05-29 13:59:11,2026,"Aku baru coba pakai Trima+ beberapa hari ini dan ternyata navigasinya nyaman banget. Semua menu gampang dicari dan tampilannya clean. Yang paling membantu itu portofolio investasi bisa langsung dipantau dalam satu halaman, jadi gak perlu buka menu satu-satu buat cek saham atau reksa dana. Praktis banget buat dipakai sehari-hari.","Aku baru coba pakai Trima+ beberapa hari ini dan ternyata navigasinya nyaman banget. Semua menu gampang dicari dan tampilannya clean. Yang paling membantu itu portofolio investasi bisa langsung dipantau dalam satu halaman, jadi gak perlu buka menu satu-satu buat cek saham atau reksa dana. Praktis banget buat dipakai sehari-hari.",True,330,49,1.13.1,0,Tidak,,,Sampel ulasan publik Play Store
b6bafd1a-c7db-4ef9-97eb-4959066afd8f,2026-09-26 00:43:31,https://play.google.com/store/apps/details?id=id.trimegah.tplus.android,ID,id,5,1.0,100.0,Positive,Login & Autentikasi,2026-05-29 13:55:17,2026,"Aplikasi yang sangat solutif! Salah satu keunggulan utamanya adalah akses portofolio yang cepet dan ringkas, di mana kita bisa lihat saham, reksa dana, dan obligasi hanya dalam 1 halaman. Fitur-fiturnya sangat komplit, kita bisa beli saham, reksa dana, dan obligasi sekaligus di dalam 1 aplikasi tanpa repot pindah platform.","Aplikasi yang sangat solutif! Salah satu keunggulan utamanya adalah akses portofolio yang cepet dan ringkas, di mana kita bisa lihat saham, reksa dana, dan obligasi hanya dalam 1 halaman. Fitur-fiturnya sangat komplit, kita bisa beli saham, reksa dana, dan obligasi sekaligus di dalam 1 aplikasi tanpa repot pindah platform.",True,324,49,1.13.2,0,Tidak,,,Sampel ulasan publik Play Store
8986b471-f402-4f3c-b738-08565f06667b,2026-09-26 00:43:31,https://play.google.com/store/apps/details?id=id.trimegah.tplus.android,ID,id,5,1.0,100.0,Positive,Login & Autentikasi,2026-05-29 13:49:27,2026,"​Suka bangetttt sama update-an barunya, sekarang login bisa cuman pakai nomor HP, praktis pol! Fiturnya juga makin komplit dan UI/UX-nya intuitive banget, jadi ga bikin bingung. Buat yang suka trading, watchlist dan form ordernya lengkap banget asliii, ngebantu bangettt buat mantau market.","​Suka bangetttt sama update-an barunya, sekarang login bisa cuman pakai nomor HP, praktis pol! Fiturnya juga makin komplit dan UI/UX-nya intuitive banget, jadi ga bikin bingung. Buat yang suka trading, watchlist dan form ordernya lengkap banget asliii, ngebantu bangettt buat mantau market.",True,290,42,Tidak Tercatat,0,Tidak,,,Sampel ulasan publik Play Store
fa3fe02d-8ae0-44a3-b4b6-3db1b6e0a22e,2026-09-26 00:43:31,https://play.google.com/store/apps/details?id=id.trimegah.tplus.android,ID,id,5,1.0,100.0,Positive,Login & Autentikasi,2026-05-29 13:47:52,2026,"Awalnya coba aplikasi ini karena penasaran sama fitur Trima+ Picks dan Trima+ Ideas, ternyata lumayan membantu buat cari referensi ide beli saham. Yang paling aku suka tim call center dan adminnya responsif banget, tiap ada kendala langsung dibantu sampai selesai. Fiturnya juga komplit karena bisa beli saham, reksa dana, dan obligasi dalam satu aplikasi tanpa ribet pindah-pindah platform.","Awalnya coba aplikasi ini karena penasaran sama fitur Trima+ Picks dan Trima+ Ideas, ternyata lumayan membantu buat cari referensi ide beli saham. Yang paling aku suka tim call center dan adminnya responsif banget, tiap ada kendala langsung dibantu sampai selesai. Fiturnya juga komplit karena bisa beli saham, reksa dana, dan obligasi dalam satu aplikasi tanpa ribet pindah-pindah platform.",True,391,58,Tidak Tercatat,0,Tidak,,,Sampel ulasan publik Play Store
3b799000-212c-433d-ab78-f84d59c1ccce,2026-09-26 00:43:31,https://play.google.com/store/apps/details?id=id.trimegah.tplus.android,ID,id,5,1.0,100.0,Positive,Login & Autentikasi,2026-05-29 13:45:21,2026,"Aplikasi ini ngebantu banget buat aku yang masih belajar investasi. Tampilan UI/UX-nya simpel dan enak dipahami, jadi gampang cek portofolio saham, reksa dana, sampai obligasi dalam satu halaman. Fitur watchlist dan ordernya juga lengkap banget, bikin lebih praktis pas mau pantau market setiap hari. Plus sekarang login cukup pakai nomor HP jadi makin cepet dan nyaman.","Aplikasi ini ngebantu banget buat aku yang masih belajar investasi. Tampilan UI/UX-nya simpel dan enak dipahami, jadi gampang cek portofolio saham, reksa dana, sampai obligasi dalam satu halaman. Fitur watchlist dan ordernya juga lengkap banget, bikin lebih praktis pas mau pantau market setiap hari. Plus sekarang login cukup pakai nomor HP jadi makin cepet dan nyaman.",True,370,56,1.13.1,0,Tidak,,,Sampel ulasan publik Play Store
4f685236-ca78-4945-894f-20847be1ef82,2026-09-26 00:43:31,https://play.google.com/store/apps/details?id=id.trimegah.tplus.android,ID,id,5,1.0,100.0,Positive,UI/UX & Performa (Loading/Navigasi),2026-05-29 13:17:26,2026,"Baru beberapa minggu pakai Trima+ tapi pengalaman sejauh ini puas banget. Fitur Trima+ Picks dan Trima+ Ideas lumayan membantu cari referensi saham tanpa harus bingung analisa dari nol. Interface aplikasinya modern dan intuitive, jadi nyaman dipakai setiap hari. Cocok buat yang mau mulai belajar investasi dengan aplikasi yang simple tapi fiturnya lengkap.","Baru beberapa minggu pakai Trima+ tapi pengalaman sejauh ini puas banget. Fitur Trima+ Picks dan Trima+ Ideas lumayan membantu cari referensi saham tanpa harus bingung analisa dari nol. Interface aplikasinya modern dan intuitive, jadi nyaman dipakai setiap hari. Cocok buat yang mau mulai belajar investasi dengan aplikasi yang simple tapi fiturnya lengkap.",True,357,52,Tidak Tercatat,0,Tidak,,,Sampel ulasan publik Play Store
bc37c5f8-b91a-41a8-b997-07b6a18e2d3f,2026-09-26 00:43:31,https://play.google.com/store/apps/details?id=id.trimegah.tplus.android,ID,id,5,1.0,100.0,Positive,Login & Autentikasi,2026-05-29 13:13:43,2026,"Awalnya download Trima+ karena rekomendasi teman, ternyata aplikasinya enak banget dipakai buat pemula. Yang paling aku suka itu tampilan portofolionya ringkas, jadi saham, reksa dana, sama obligasi bisa langsung kelihatan dalam 1 halaman. UI/UX-nya juga simple dan gampang dipahami. Sekarang cek investasi jadi lebih praktis tanpa ribet pindah menu terus.","Awalnya download Trima+ karena rekomendasi teman, ternyata aplikasinya enak banget dipakai buat pemula. Yang paling aku suka itu tampilan portofolionya ringkas, jadi saham, reksa dana, sama obligasi bisa langsung kelihatan dalam 1 halaman. UI/UX-nya juga simple dan gampang dipahami. Sekarang cek investasi jadi lebih praktis tanpa ribet pindah menu terus.",True,356,50,1.13.1,0,Tidak,,,Sampel ulasan publik Play Store
1bd3d898-0348-446d-a11c-bc017b0ecc7c,2026-09-26 00:43:31,https://play.google.com/store/apps/details?id=id.trimegah.tplus.android,ID,id,5,1.0,100.0,Positive,Transaksi & Portofolio Saham,2026-05-29 13:07:33,2026,"Menurutku Trima+ salah satu aplikasi investasi yang fiturnya paling lengkap. Bisa beli saham, reksa dana, dan obligasi dalam satu aplikasi jadi lebih hemat waktu. Aku juga sering pakai fitur watchlist sama form ordernya karena detail dan membantu banget buat mantau pergerakan saham harian. Recommended buat trader maupun investor pemula.","Menurutku Trima+ salah satu aplikasi investasi yang fiturnya paling lengkap. Bisa beli saham, reksa dana, dan obligasi dalam satu aplikasi jadi lebih hemat waktu. Aku juga sering pakai fitur watchlist sama form ordernya karena detail dan membantu banget buat mantau pergerakan saham harian. Recommended buat trader maupun investor pemula.",True,338,49,Tidak Tercatat,0,Tidak,,,Sampel ulasan publik Play Store
58cbc2b8-8a98-48df-9b19-7f85c289205a,2026-09-26 00:43:31,https://play.google.com/store/apps/details?id=id.trimegah.tplus.android,ID,id,5,1.0,100.0,Positive,Login & Autentikasi,2026-05-26 21:58:05,2026,"Proses verifikasinya cepat tanpa hambatan. Buat yang mau coba, langsung aja login sekarang cuma pake nomor hp, dijamin gampang banget.","Proses verifikasinya cepat tanpa hambatan. Buat yang mau coba, langsung aja login sekarang cuma pake nomor hp, dijamin gampang banget.",True,134,20,1.13.1,0,Tidak,,,Sampel ulasan publik Play Store
1655ccd7-86cd-43e7-a1d8-2fd6e5271e12,2026-09-26 00:43:31,https://play.google.com/store/apps/details?id=id.trimegah.tplus.android,ID,id,5,1.0,100.0,Positive,Login & Autentikasi,2026-05-26 19:46:21,2026,"Terima kasih developer, aplikasinya sangat membantu. Ditambah lagi fitur login sekarang cuma pake nomor hp bikin aplikasi ini makin top.","Terima kasih developer, aplikasinya sangat membantu. Ditambah lagi fitur login sekarang cuma pake nomor hp bikin aplikasi ini makin top.",True,136,20,Tidak Tercatat,0,Tidak,,,Sampel ulasan publik Play Store
8cb6edfc-888b-4b5c-8f98-4d3797640408,2026-09-26 00:43:31,https://play.google.com/store/apps/details?id=id.trimegah.tplus.android,ID,id,5,1.0,100.0,Positive,Login & Autentikasi,2026-05-26 18:48:45,2026,"menurut saya pribadi. Simpel, aman, dan login sekarang cuma pake nomor hp tanpa kendala sama sekali","menurut saya pribadi. Simpel, aman, dan login sekarang cuma pake nomor hp tanpa kendala sama sekali",True,99,16,Tidak Tercatat,0,Tidak,,,Sampel ulasan publik Play Store
5f167c70-5c4f-432d-af95-4c7b59be3bf1,2026-09-26 00:43:31,https://play.google.com/store/apps/details?id=id.trimegah.tplus.android,ID,id,5,1.0,100.0,Positive,Apresiasi Umum & Kepuasan,2026-05-26 13:22:07,2026,great Sekuritas TRIMA kasih,great Sekuritas TRIMA kasih,True,27,4,Tidak Tercatat,0,Tidak,,,Sampel ulasan publik Play Store
9db5f069-c5b0-4365-9f1b-aabd4a86de8e,2026-09-26 00:43:31,https://play.google.com/store/apps/details?id=id.trimegah.tplus.android,ID,id,5,1.0,100.0,Positive,Transaksi & Portofolio Saham,2026-05-22 09:27:26,2026,"Aplikasi Trima+ sangat bagus! Akses portofolio cepat, fitur lengkap, dan bisa beli saham, reksa dana, obligasi sekaligus. Tampilannya mudah dipahami, tim dukungan juga sangat responsif. Sangat membantu aktivitas investasi saya!","Aplikasi Trima+ sangat bagus! Akses portofolio cepat, fitur lengkap, dan bisa beli saham, reksa dana, obligasi sekaligus. Tampilannya mudah dipahami, tim dukungan juga sangat responsif. Sangat membantu aktivitas investasi saya!",True,227,30,1.13.1,0,Tidak,,,Sampel ulasan publik Play Store
4aff954f-555b-423e-b276-afd0c6ab1a70,2026-09-26 00:43:31,https://play.google.com/store/apps/details?id=id.trimegah.tplus.android,ID,id,5,1.0,100.0,Positive,Transaksi & Portofolio Saham,2026-05-22 06:27:51,2026,"Awalnya cari aplikasi investasi yang nggak bikin bingung pas dipakai, akhirnya coba Trima+ dan ternyata fiturnya cukup lengkap 👌 Aku suka karena portofolio saham, reksa dana, dan obligasi bisa langsung dipantau dalam satu halaman jadi lebih praktis. UI-nya juga enak dilihat dan mudah dipahami bahkan buat pemula","Awalnya cari aplikasi investasi yang nggak bikin bingung pas dipakai, akhirnya coba Trima+ dan ternyata fiturnya cukup lengkap 👌 Aku suka karena portofolio saham, reksa dana, dan obligasi bisa langsung dipantau dalam satu halaman jadi lebih praktis. UI-nya juga enak dilihat dan mudah dipahami bahkan buat pemula",True,312,47,1.13.1,0,Tidak,,,Sampel ulasan publik Play Store
eca9a8c7-1bd0-4f72-b731-992b0f3835ca,2026-09-26 00:43:31,https://play.google.com/store/apps/details?id=id.trimegah.tplus.android,ID,id,5,1.0,100.0,Positive,Login & Autentikasi,2026-05-22 06:14:02,2026,"Pakai Trima+ sejauh ini nyaman banget buat mantau investasi harian 👍 Tampilannya clean dan gampang dipahami, jadi cek saham, reksa dana, sampai obligasi bisa lebih praktis dalam satu aplikasi. Fitur watchlist dan Trima+ Picks juga membantu buat cari ide saham tanpa ribet. Selain itu login pakai nomor HP bikin proses masuk lebih cepat. Pernah kontak customer service juga responnya ramah dan cepat bantu sampai selesai. Recommended buat yang mau mulai investasi maupun trading.","Pakai Trima+ sejauh ini nyaman banget buat mantau investasi harian 👍 Tampilannya clean dan gampang dipahami, jadi cek saham, reksa dana, sampai obligasi bisa lebih praktis dalam satu aplikasi. Fitur watchlist dan Trima+ Picks juga membantu buat cari ide saham tanpa ribet. Selain itu login pakai nomor HP bikin proses masuk lebih cepat. Pernah kontak customer service juga responnya ramah dan cepat bantu sampai selesai. Recommended buat yang mau mulai investasi maupun trading.",True,478,73,1.13.1,0,Tidak,,,Sampel ulasan publik Play Store
7c744046-4554-4b86-b974-6118ccc85444,2026-09-26 00:43:31,https://play.google.com/store/apps/details?id=id.trimegah.tplus.android,ID,id,5,1.0,100.0,Positive,Login & Autentikasi,2026-05-21 21:38:18,2026,"Awalnya aku cukup kesulitan cari aplikasi investasi yang fiturnya lengkap tapi tetap gampang dipahami. Setelah coba Trima+, ternyata experience-nya enak banget dipakai sehari-hari 👍 Hal yang paling membantu buat aku itu tampilan portofolionya simpel dan rapi. Jadi bisa langsung lihat saham, reksa dana, sampai obligasi dalam satu halaman tanpa harus pindah-pindah menu. Buat yang suka cek perkembangan investasi tiap hari, ini praktis banget.","Awalnya aku cukup kesulitan cari aplikasi investasi yang fiturnya lengkap tapi tetap gampang dipahami. Setelah coba Trima+, ternyata experience-nya enak banget dipakai sehari-hari 👍 Hal yang paling membantu buat aku itu tampilan portofolionya simpel dan rapi. Jadi bisa langsung lihat saham, reksa dana, sampai obligasi dalam satu halaman tanpa harus pindah-pindah menu. Buat yang suka cek perkembangan investasi tiap hari, ini praktis banget.",True,443,63,1.13.1,0,Tidak,,,Sampel ulasan publik Play Store
9fab078f-26e9-4d30-8f3e-3685f6043588,2026-09-26 00:43:31,https://play.google.com/store/apps/details?id=id.trimegah.tplus.android,ID,id,5,1.0,100.0,Positive,Login & Autentikasi,2026-05-21 21:16:24,2026,"Baru beberapa hari pakai Trima+ dan sejauh ini nyaman banget dipakai 👍 UI-nya simpel, jadi gampang buat cek portofolio saham, reksa dana, dan obligasi dalam satu aplikasi. Fitur watchlist juga membantu banget buat pantau saham incaran. Yang paling aku suka, login sekarang bisa pakai nomor HP jadi lebih praktis. Pernah kontak admin juga responnya cepat dan helpful. Cocok buat pemula yang mau mulai investasi tanpa ribet.","Baru beberapa hari pakai Trima+ dan sejauh ini nyaman banget dipakai 👍 UI-nya simpel, jadi gampang buat cek portofolio saham, reksa dana, dan obligasi dalam satu aplikasi. Fitur watchlist juga membantu banget buat pantau saham incaran. Yang paling aku suka, login sekarang bisa pakai nomor HP jadi lebih praktis. Pernah kontak admin juga responnya cepat dan helpful. Cocok buat pemula yang mau mulai investasi tanpa ribet.",True,422,66,Tidak Tercatat,0,Tidak,,,Sampel ulasan publik Play Store
872e234a-952d-499e-b45f-fe3e514bf3e8,2026-09-26 00:43:31,https://play.google.com/store/apps/details?id=id.trimegah.tplus.android,ID,id,5,1.0,100.0,Positive,Apresiasi Umum & Kepuasan,2026-05-21 20:08:23,2026,"aku pemula belajar investasi, mudah banget pake aplikasi ini, cepat paham, pencairan juga cepet, knp ga dari dulu tau aplikasi ini, keren bgt pokoknya ☺️☝️","aku pemula belajar investasi, mudah banget pake aplikasi ini, cepat paham, pencairan juga cepet, knp ga dari dulu tau aplikasi ini, keren bgt pokoknya ☺️☝️",True,155,25,1.13.1,0,Tidak,,,Sampel ulasan publik Play Store
71f70206-b3de-4743-b172-d4d3f6aaf1b1,2026-09-26 00:43:31,https://play.google.com/store/apps/details?id=id.trimegah.tplus.android,ID,id,3,0.5,50.0,Neutral,UI/UX & Performa (Loading/Navigasi),2026-05-21 15:08:55,2026,"sering hang, loading lama, harus diulang berkali-kali.. jika ini masalah internet saya buka stockbit langsung tanpa hambatan","sering hang, loading lama, harus diulang berkali-kali.. jika ini masalah internet saya buka stockbit langsung tanpa hambatan",True,124,17,1.13.1,0,Tidak,,,Sampel ulasan publik Play Store
ec5054e1-0c69-431d-8a67-84211d6559c9,2026-09-26 00:43:31,https://play.google.com/store/apps/details?id=id.trimegah.tplus.android,ID,id,4,0.75,75.0,Positive,Login & Autentikasi,2026-05-21 00:44:22,2026,cara login nya gimana min susah g bisa,cara login nya gimana min susah g bisa,True,38,8,Tidak Tercatat,0,Tidak,,,Sampel ulasan publik Play Store
1e378c71-bc20-41b5-acbd-0a6642b6e465,2026-09-26 00:43:31,https://play.google.com/store/apps/details?id=id.trimegah.tplus.android,ID,id,5,1.0,100.0,Positive,Login & Autentikasi,2026-05-20 22:46:14,2026,"selama ini aku pakai aplikasi Trima+ yang paling terasa banget adalah pelayanan tim call center Trimegah super gercep, sat set, dan responsif. pokoknya bener bener membantu sampai masalah kelar. aplikasi ini the best pokoknya, apalagi login sekrng simple cuman pkek no hp aj, lagipula fitur fitur aplikasi ini dapat menbantu cari ide tentang beli saham, pengalaman saya pkek aplikasi ini jadi jauh lebih nyaman, memang terbukti dan terbaik lah buat aplikasi ini.","selama ini aku pakai aplikasi Trima+ yang paling terasa banget adalah pelayanan tim call center Trimegah super gercep, sat set, dan responsif. pokoknya bener bener membantu sampai masalah kelar. aplikasi ini the best pokoknya, apalagi login sekrng simple cuman pkek no hp aj, lagipula fitur fitur aplikasi ini dapat menbantu cari ide tentang beli saham, pengalaman saya pkek aplikasi ini jadi jauh lebih nyaman, memang terbukti dan terbaik lah buat aplikasi ini.",True,462,72,Tidak Tercatat,0,Tidak,,,Sampel ulasan publik Play Store
aebe8823-09b5-4fc3-b3f6-0af2a6051702,2026-09-26 00:43:31,https://play.google.com/store/apps/details?id=id.trimegah.tplus.android,ID,id,5,1.0,100.0,Positive,UI/UX & Performa (Loading/Navigasi),2026-05-20 22:43:21,2026,"Aplikasi ini luar biasa! UI/UX-nya sangat intuitive, tampilan rapi dan gampang banget dipakai. Yang paling mantap fiturnya komplit banget: ✅ Kelola Keuangan: Catat otomatis, laporan jelas. ✅ Scan Dokumen: Foto jadi PDF jernih. ✅ Bersihkan HP: Hapus sampah, bikin HP ringan. ✅ Alat Lengkap: Kalkulator, cek jaringan, dll. Satu aplikasi untuk semua kebutuhan! Wajib install! 🔥","Aplikasi ini luar biasa! UI/UX-nya sangat intuitive, tampilan rapi dan gampang banget dipakai. Yang paling mantap fiturnya komplit banget: ✅ Kelola Keuangan: Catat otomatis, laporan jelas. ✅ Scan Dokumen: Foto jadi PDF jernih. ✅ Bersihkan HP: Hapus sampah, bikin HP ringan. ✅ Alat Lengkap: Kalkulator, cek jaringan, dll. Satu aplikasi untuk semua kebutuhan! Wajib install! 🔥",True,374,56,1.13.1,0,Tidak,,,Sampel ulasan publik Play Store
01fb4054-7b3e-4986-8dac-488790c008ac,2026-09-26 00:43:31,https://play.google.com/store/apps/details?id=id.trimegah.tplus.android,ID,id,5,1.0,100.0,Positive,Transaksi & Portofolio Saham,2026-05-20 22:37:55,2026,"Fiturnya komplit dan UI/UX nya intuitif banget. Sebagai pengguna, aku ngerasa aplikasi Trima+ ini nyaman dipakai bahkan buat yang baru mulai investasi. Tampilan aplikasinya rapi, navigasinya jelas, dan semua fitur penting gampang ditemukan tanpa bikin bingung. Proses cek portofolio, pantau watchlist, sampai transaksi saham jadi lebih praktis dalam satu aplikasi. Overall pengalaman pakainya smooth dan membantu banget buat aktivitas investasi sehari-hari.","Fiturnya komplit dan UI/UX nya intuitif banget. Sebagai pengguna, aku ngerasa aplikasi Trima+ ini nyaman dipakai bahkan buat yang baru mulai investasi. Tampilan aplikasinya rapi, navigasinya jelas, dan semua fitur penting gampang ditemukan tanpa bikin bingung. Proses cek portofolio, pantau watchlist, sampai transaksi saham jadi lebih praktis dalam satu aplikasi. Overall pengalaman pakainya smooth dan membantu banget buat aktivitas investasi sehari-hari.",True,457,61,Tidak Tercatat,0,Tidak,,,Sampel ulasan publik Play Store
ebe518c0-b81d-42ce-9f96-5931778d8e1a,2026-09-26 00:43:31,https://play.google.com/store/apps/details?id=id.trimegah.tplus.android,ID,id,5,1.0,100.0,Positive,Customer Service & Layanan,2026-05-20 21:57:31,2026,"Saya sangat puas menggunakan aplikasi ini. Tim call center dan adminnya sangat responsif dalam membantu setiap kendala maupun pertanyaan yang saya ajukan. Pelayanannya cepat, ramah, dan komunikatif sehingga membuat pengguna merasa nyaman saat menggunakan aplikasi ini. Proses bantuan juga jelas dan solutif, jadi masalah bisa terselesaikan dengan baik. Sangat direkomendasikan untuk siapa saja yang ingin menggunakan aplikasi Trima.","Saya sangat puas menggunakan aplikasi ini. Tim call center dan adminnya sangat responsif dalam membantu setiap kendala maupun pertanyaan yang saya ajukan. Pelayanannya cepat, ramah, dan komunikatif sehingga membuat pengguna merasa nyaman saat menggunakan aplikasi ini. Proses bantuan juga jelas dan solutif, jadi masalah bisa terselesaikan dengan baik. Sangat direkomendasikan untuk siapa saja yang ingin menggunakan aplikasi Trima.",True,432,58,1.13.1,0,Tidak,,,Sampel ulasan publik Play Store
acf18eb3-f1c0-4f65-b0e2-8a5a700c3842,2026-09-26 00:43:31,https://play.google.com/store/apps/details?id=id.trimegah.tplus.android,ID,id,5,1.0,100.0,Positive,Apresiasi Umum & Kepuasan,2026-05-20 14:25:11,2026,kemarin aku bingung mau coba treding tapi takut ga aman aku coba aplikasi trima+ ternyata apk ini aman di gunakan,kemarin aku bingung mau coba treding tapi takut ga aman aku coba aplikasi trima+ ternyata apk ini aman di gunakan,True,113,20,1.13.1,0,Tidak,,,Sampel ulasan publik Play Store
ff7e6adc-7ce7-4277-afe8-549161dd3bff,2026-09-26 00:43:31,https://play.google.com/store/apps/details?id=id.trimegah.tplus.android,ID,id,5,1.0,100.0,Positive,Transaksi & Portofolio Saham,2026-05-19 18:02:02,2026,"Awalnya aku kira aplikasi investasi itu ribet dan cuma buat orang yang udah paham saham. Tapi setelah coba trimegah ternyata tampilannya gampang dipahami, bahkan buat pemula kayak aku. Bisa beli saham, reksa dana, dan obligasi dalam 1 aplikasi.","Awalnya aku kira aplikasi investasi itu ribet dan cuma buat orang yang udah paham saham. Tapi setelah coba trimegah ternyata tampilannya gampang dipahami, bahkan buat pemula kayak aku. Bisa beli saham, reksa dana, dan obligasi dalam 1 aplikasi.",True,244,38,Tidak Tercatat,0,Tidak,,,Sampel ulasan publik Play Store
1101e1d6-7613-44c3-b6ac-ca306558256e,2026-09-26 00:43:31,https://play.google.com/store/apps/details?id=id.trimegah.tplus.android,ID,id,5,1.0,100.0,Positive,Transaksi & Portofolio Saham,2026-05-19 17:09:42,2026,"Aplikasi investasi saham & reksa dana dari Trimegah Sekuritas. Tampilan simpel, gampang buat beli-jual saham, pantau harga real-time. Ada Trima Picks buat rekomendasi saham dari tim ahli. Chart lengkap, cocok buat pemula & yang udah invest. Aman, terdaftar OJK.","Aplikasi investasi saham & reksa dana dari Trimegah Sekuritas. Tampilan simpel, gampang buat beli-jual saham, pantau harga real-time. Ada Trima Picks buat rekomendasi saham dari tim ahli. Chart lengkap, cocok buat pemula & yang udah invest. Aman, terdaftar OJK.",True,261,39,Tidak Tercatat,0,Tidak,,,Sampel ulasan publik Play Store
27ca85a5-5fd9-493f-be39-b34c76471a0d,2026-09-26 00:43:31,https://play.google.com/store/apps/details?id=id.trimegah.tplus.android,ID,id,5,1.0,100.0,Positive,Login & Autentikasi,2026-05-18 21:17:51,2026,"Pengalaman pakai aplikasi ini cukup memuaskan, terutama bagian login yang sekarang bisa pakai nomor HP jadi lebih simpel. Selain itu tim call center dan adminnya responsif banget waktu aku sempat tanya soal fitur dan dibantu sampai paham.","Pengalaman pakai aplikasi ini cukup memuaskan, terutama bagian login yang sekarang bisa pakai nomor HP jadi lebih simpel. Selain itu tim call center dan adminnya responsif banget waktu aku sempat tanya soal fitur dan dibantu sampai paham.",True,238,37,1.13.1,0,Tidak,,,Sampel ulasan publik Play Store
4c42c3a2-64db-4f5f-8322-3c94f5ac01bf,2026-09-26 00:43:31,https://play.google.com/store/apps/details?id=id.trimegah.tplus.android,ID,id,5,1.0,100.0,Positive,Transaksi & Portofolio Saham,2026-05-18 21:11:26,2026,"Baru beberapa hari pakai aplikasi ini tapi honestly cukup nyaman dipakai buat pantau investasi. Yang paling aku suka akses portofolionya ringkas, jadi saham, reksa dana, sama obligasi bisa langsung keliatan dalam satu halaman. UI nya juga enak dilihat dan gak bikin bingung walaupun baru belajar investasi.","Baru beberapa hari pakai aplikasi ini tapi honestly cukup nyaman dipakai buat pantau investasi. Yang paling aku suka akses portofolionya ringkas, jadi saham, reksa dana, sama obligasi bisa langsung keliatan dalam satu halaman. UI nya juga enak dilihat dan gak bikin bingung walaupun baru belajar investasi.",True,306,46,Tidak Tercatat,0,Tidak,,,Sampel ulasan publik Play Store
7c573417-60b6-4d76-a2e2-e854dd8c7bd8,2026-09-26 00:43:31,https://play.google.com/store/apps/details?id=id.trimegah.tplus.android,ID,id,5,1.0,100.0,Positive,Login & Autentikasi,2026-05-18 19:29:31,2026,"Tim call center dan admin sangat responsif dan membantu banget, kemarin aku ada kendala saat top up uang ga masuk, tapi saat laporan ke call center wahhh cepet banget baru laporan 1 menit langsung dijawab dan 5 menit kemudian saldo ku dah muncul, heheh maap sempet ragu tapi kali ini percaya banget deh sama trima. joss","Tim call center dan admin sangat responsif dan membantu banget, kemarin aku ada kendala saat top up uang ga masuk, tapi saat laporan ke call center wahhh cepet banget baru laporan 1 menit langsung dijawab dan 5 menit kemudian saldo ku dah muncul, heheh maap sempet ragu tapi kali ini percaya banget deh sama trima. joss",True,319,56,1.13.1,0,Tidak,,,Sampel ulasan publik Play Store
34fa9bf0-09ac-40af-aa99-6de3582a504d,2026-09-26 00:43:31,https://play.google.com/store/apps/details?id=id.trimegah.tplus.android,ID,id,5,1.0,100.0,Positive,Transaksi & Portofolio Saham,2026-05-18 19:22:14,2026,"Bisa beli saham, Reksadana, dan obligasi di dalam 1 aplikasi. Aplikasi ini sangat membantu saya dalam berinvestasi, awalnya sih ragu untuk beli saham karena saat ini banyak yang lagi merah wkwkwk, tapi disini ada panduannya lengkap tentang analisis data nya, joosss Trima","Bisa beli saham, Reksadana, dan obligasi di dalam 1 aplikasi. Aplikasi ini sangat membantu saya dalam berinvestasi, awalnya sih ragu untuk beli saham karena saat ini banyak yang lagi merah wkwkwk, tapi disini ada panduannya lengkap tentang analisis data nya, joosss Trima",True,271,42,Tidak Tercatat,0,Tidak,,,Sampel ulasan publik Play Store
f81fe757-c404-4f42-909a-0801d8fccb7b,2026-09-26 00:43:31,https://play.google.com/store/apps/details?id=id.trimegah.tplus.android,ID,id,5,1.0,100.0,Positive,Login & Autentikasi,2026-05-18 17:40:09,2026,"Sejauh ini pakai aplikasi ini enak banget karena semua kebutuhan investasi bisa diakses dalam 1 aplikasi—mulai dari saham, reksa dana, sampai obligasi. Portofolionya ringkas jadi gampang pantau aset, watchlist dan form ordernya juga lengkap buat trader saham. Aku juga suka fitur Trima+ Picks dan Trima+ Ideas karena lumayan bantu cari ide beli saham. UI/UX-nya simple dan intuitive, login sekarang cukup pakai nomor HP jadi lebih praktis.","Sejauh ini pakai aplikasi ini enak banget karena semua kebutuhan investasi bisa diakses dalam 1 aplikasi—mulai dari saham, reksa dana, sampai obligasi. Portofolionya ringkas jadi gampang pantau aset, watchlist dan form ordernya juga lengkap buat trader saham. Aku juga suka fitur Trima+ Picks dan Trima+ Ideas karena lumayan bantu cari ide beli saham. UI/UX-nya simple dan intuitive, login sekarang cukup pakai nomor HP jadi lebih praktis.",True,439,66,1.13.1,1,Tidak,,,Sampel ulasan publik Play Store
9447fb7f-0b88-45b8-b6db-59208ab8055b,2026-09-26 00:43:31,https://play.google.com/store/apps/details?id=id.trimegah.tplus.android,ID,id,5,1.0,100.0,Positive,Transaksi & Portofolio Saham,2026-05-18 17:03:39,2026,"Aku bikin portofolio disini cepat dan ringkass,dari sini bisa liat saham kita udah berapa jadi gampang nge akses nya","Aku bikin portofolio disini cepat dan ringkass,dari sini bisa liat saham kita udah berapa jadi gampang nge akses nya",True,116,19,1.13.1,0,Tidak,,,Sampel ulasan publik Play Store
24f76ea3-5347-422c-aaee-05387fd8e97f,2026-09-26 00:43:31,https://play.google.com/store/apps/details?id=id.trimegah.tplus.android,ID,id,5,1.0,100.0,Positive,Login & Autentikasi,2026-05-18 16:45:48,2026,"team Call Center nya gercep banget dan responsif untuk jawabin segala pertanyaan lho, Loginbisa cuman pakai nomor HP lagi Fiturnya komplit,best pkoknya","team Call Center nya gercep banget dan responsif untuk jawabin segala pertanyaan lho, Loginbisa cuman pakai nomor HP lagi Fiturnya komplit,best pkoknya",True,151,22,Tidak Tercatat,0,Tidak,,,Sampel ulasan publik Play Store
50ab8c66-2ef9-47b0-a89a-cadae1cfa1c5,2026-09-26 00:43:31,https://play.google.com/store/apps/details?id=id.trimegah.tplus.android,ID,id,5,1.0,100.0,Positive,Login & Autentikasi,2026-05-18 16:33:34,2026,"Tim Trimegah gercep banget, respon cepet dan bantu sampai beres. Login gampang cukup nomor HP aja. Fitur lengkap, tampilan enak dipakai. Daftar pantauan & pesanan lengkap, sangat bantu trader. Ada fitur rekomendasi saham yang berguna banget. Bisa transaksi saham, reksa dana, obligasi dalam satu aplikasi. Timnya selalu sigap dan sangat membantu.","Tim Trimegah gercep banget, respon cepet dan bantu sampai beres. Login gampang cukup nomor HP aja. Fitur lengkap, tampilan enak dipakai. Daftar pantauan & pesanan lengkap, sangat bantu trader. Ada fitur rekomendasi saham yang berguna banget. Bisa transaksi saham, reksa dana, obligasi dalam satu aplikasi. Timnya selalu sigap dan sangat membantu.",True,346,51,1.13.1,0,Tidak,,,Sampel ulasan publik Play Store
05ac2f8b-9c53-4085-b0f7-05cc174d1ff6,2026-09-26 00:43:31,https://play.google.com/store/apps/details?id=id.trimegah.tplus.android,ID,id,5,1.0,100.0,Positive,Login & Autentikasi,2026-05-18 16:26:23,2026,"Trima+ enak buat cek semua investasi di satu tempat. Saham, reksa dana, obligasi udah kelihatan di satu halaman, nggak perlu pindah app. Fitur tradingnya lengkap, ada watchlist, form order, plus Trima+ Picks buat cari ide saham. Tampilannya simpel, login pakai nomor HP juga bisa. Call center-nya responsif, jadi kalau ada masalah langsung dibantu.","Trima+ enak buat cek semua investasi di satu tempat. Saham, reksa dana, obligasi udah kelihatan di satu halaman, nggak perlu pindah app. Fitur tradingnya lengkap, ada watchlist, form order, plus Trima+ Picks buat cari ide saham. Tampilannya simpel, login pakai nomor HP juga bisa. Call center-nya responsif, jadi kalau ada masalah langsung dibantu.",True,348,53,1.13.1,0,Tidak,,,Sampel ulasan publik Play Store
479c1f00-da91-43b4-9a0f-3665d50e8003,2026-09-26 00:43:31,https://play.google.com/store/apps/details?id=id.trimegah.tplus.android,ID,id,5,1.0,100.0,Positive,Login & Autentikasi,2026-05-18 14:44:05,2026,"sekarang login ga ribet cuma pake nomor hp, fiturnya juga udah lengkap bisa beli saham dan reksa dana di dalam 1 aplikasi","sekarang login ga ribet cuma pake nomor hp, fiturnya juga udah lengkap bisa beli saham dan reksa dana di dalam 1 aplikasi",True,121,22,Tidak Tercatat,0,Tidak,,,Sampel ulasan publik Play Store
bbe5b23c-a990-45c0-992a-95921180bf73,2026-09-26 00:43:31,https://play.google.com/store/apps/details?id=id.trimegah.tplus.android,ID,id,1,0.0,0.0,Negative,Login & Autentikasi,2026-05-18 14:20:30,2026,dana RDN gak masuk2 Udah 4 jam,dana RDN gak masuk2 Udah 4 jam,True,30,7,1.13.1,0,Tidak,,,Sampel ulasan publik Play Store
aab97c0a-6e3f-44a7-91f7-24144e44ba7d,2026-09-26 00:43:31,https://play.google.com/store/apps/details?id=id.trimegah.tplus.android,ID,id,5,1.0,100.0,Positive,Transaksi & Portofolio Saham,2026-05-18 13:50:21,2026,Menurut saya cocok buat pemula maupun yang sudah aktif trading. Watchlist dan form order lengkap banget jadi lebih mudah analisa saham sebelum beli. Tim call center dan admin juga responsif banget,Menurut saya cocok buat pemula maupun yang sudah aktif trading. Watchlist dan form order lengkap banget jadi lebih mudah analisa saham sebelum beli. Tim call center dan admin juga responsif banget,True,196,31,Tidak Tercatat,0,Tidak,,,Sampel ulasan publik Play Store
1bf9db24-7700-4ed5-a572-c41f791950bf,2026-09-26 00:43:31,https://play.google.com/store/apps/details?id=id.trimegah.tplus.android,ID,id,5,1.0,100.0,Positive,Transaksi & Portofolio Saham,2026-05-18 13:18:29,2026,"seru! bisa beli saham, reksa dana, dan obligasi cuma pakai trima+ ini. call centernya gercep dan responsif","seru! bisa beli saham, reksa dana, dan obligasi cuma pakai trima+ ini. call centernya gercep dan responsif",True,106,17,1.13.1,0,Tidak,,,Sampel ulasan publik Play Store
36370217-158f-41d6-a082-86a12ff38a6e,2026-09-26 00:43:31,https://play.google.com/store/apps/details?id=id.trimegah.tplus.android,ID,id,5,1.0,100.0,Positive,Login & Autentikasi,2026-05-18 11:30:11,2026,"Pertama kali nyobain aplikasi ini, dan keren bgt satu aplikasi bisa akses portofolio ringkas dan mudah dipahami menurutku. Loginnya jg mudah bgt cuma pakai nomer hp, rekomen buat yg pertama kali mau beli saham/reksa dana, dijelasinn sm adminnya sangat mudah dipahami, ramah jg dan sgt responsif... joss","Pertama kali nyobain aplikasi ini, dan keren bgt satu aplikasi bisa akses portofolio ringkas dan mudah dipahami menurutku. Loginnya jg mudah bgt cuma pakai nomer hp, rekomen buat yg pertama kali mau beli saham/reksa dana, dijelasinn sm adminnya sangat mudah dipahami, ramah jg dan sgt responsif... joss",True,302,47,1.13.1,0,Tidak,,,Sampel ulasan publik Play Store
451a188b-e2c7-4a20-9636-a7ac3b3c950e,2026-09-26 00:43:31,https://play.google.com/store/apps/details?id=id.trimegah.tplus.android,ID,id,5,1.0,100.0,Positive,Login & Autentikasi,2026-05-18 09:32:24,2026,"Baru beberapa minggu pakai Trima+ tapi jujur langsung nyaman banget 😭 Yang paling aku suka itu akses portofolio cepet dan ringkas. Jadi pas buka aplikasi, saham, reksa dana, sampai obligasi langsung kelihatan di 1 halaman tanpa ribet pindah menu. Buat orang yang suka cek investasi sambil kerja atau lagi di jalan tuh ngebantu banget. UI/UX-nya juga intuitive, tampilannya clean jadi gampang dipahami bahkan buat pemula. Sekarang mantau investasi jadi lebih santai dan nggak bikin pusing 😄","Baru beberapa minggu pakai Trima+ tapi jujur langsung nyaman banget 😭 Yang paling aku suka itu akses portofolio cepet dan ringkas. Jadi pas buka aplikasi, saham, reksa dana, sampai obligasi langsung kelihatan di 1 halaman tanpa ribet pindah menu. Buat orang yang suka cek investasi sambil kerja atau lagi di jalan tuh ngebantu banget. UI/UX-nya juga intuitive, tampilannya clean jadi gampang dipahami bahkan buat pemula. Sekarang mantau investasi jadi lebih santai dan nggak bikin pusing 😄",True,489,76,Tidak Tercatat,1,Tidak,,,Sampel ulasan publik Play Store
a3defe25-4492-4715-aaae-5558fb6a0f92,2026-09-26 00:43:31,https://play.google.com/store/apps/details?id=id.trimegah.tplus.android,ID,id,5,1.0,100.0,Positive,Login & Autentikasi,2026-05-18 06:42:45,2026,"fitur2nya komplit banget, UI/UX nya intuitive. ditambah watchlist dan form order yang lengkap ngebantu banget buat trader saham kayak aku. loginnya juga simple karena cuma pake nomor hp. luvvv","fitur2nya komplit banget, UI/UX nya intuitive. ditambah watchlist dan form order yang lengkap ngebantu banget buat trader saham kayak aku. loginnya juga simple karena cuma pake nomor hp. luvvv",True,192,29,1.13.1,0,Tidak,,,Sampel ulasan publik Play Store
a7d2177a-4bf4-44bd-ada1-edd8b829516c,2026-09-26 00:43:31,https://play.google.com/store/apps/details?id=id.trimegah.tplus.android,ID,id,5,1.0,100.0,Positive,Transaksi & Portofolio Saham,2026-05-17 19:51:46,2026,"Bisa beli saham, reksa dana, dan obligasi dalam satu aplikasi jadi simple gak ribet karena udah satu dalam aplikasinya","Bisa beli saham, reksa dana, dan obligasi dalam satu aplikasi jadi simple gak ribet karena udah satu dalam aplikasinya",True,118,19,1.13.1,0,Tidak,,,Sampel ulasan publik Play Store
4bff8362-53f3-4a95-a26e-352654034bf9,2026-09-26 00:43:31,https://play.google.com/store/apps/details?id=id.trimegah.tplus.android,ID,id,5,1.0,100.0,Positive,Login & Autentikasi,2026-05-17 17:53:43,2026,"tim callcenter Trimegah super cepet dan responsif ,gercep banget buat tanggapin soal2 yg kita mau tanya login bisa gunakan dengan nomor hape dengan cepet fiturnya komplit u1/ux intuitivite wactlist dan from order buat saham lengkap banget fitur trima+ picks dan trima+ idea ngebantu cari ide beli saham didalam 1 aplikasi kamu bisa beli saham Reksadana dan obligasi call centernya dan admin sangat cepet ngebantuny","tim callcenter Trimegah super cepet dan responsif ,gercep banget buat tanggapin soal2 yg kita mau tanya login bisa gunakan dengan nomor hape dengan cepet fiturnya komplit u1/ux intuitivite wactlist dan from order buat saham lengkap banget fitur trima+ picks dan trima+ idea ngebantu cari ide beli saham didalam 1 aplikasi kamu bisa beli saham Reksadana dan obligasi call centernya dan admin sangat cepet ngebantuny",True,414,64,1.13.1,0,Tidak,,,Sampel ulasan publik Play Store
d4a74608-61b0-4726-b52c-f99670c3d08e,2026-09-26 00:43:31,https://play.google.com/store/apps/details?id=id.trimegah.tplus.android,ID,id,5,1.0,100.0,Positive,Transaksi & Portofolio Saham,2026-05-17 15:06:54,2026,"sekarang beli saham, reksa dana, obligasi lebih mudah dalam 1 aplikasi saja yuu cobain proses beli nya mudah dan aman","sekarang beli saham, reksa dana, obligasi lebih mudah dalam 1 aplikasi saja yuu cobain proses beli nya mudah dan aman",True,117,20,1.13.1,0,Tidak,,,Sampel ulasan publik Play Store
5bd93c50-786a-4e91-9787-bd4e0f3ee24c,2026-09-26 00:43:31,https://play.google.com/store/apps/details?id=id.trimegah.tplus.android,ID,id,5,1.0,100.0,Positive,Transaksi & Portofolio Saham,2026-05-17 06:30:24,2026,"Akses portofolio cepat dan ringkas (bisa lihat saham,reksa,dana dan obligasa di 1 halaman) top bgt deh aplikasi Trima+","Akses portofolio cepat dan ringkas (bisa lihat saham,reksa,dana dan obligasa di 1 halaman) top bgt deh aplikasi Trima+",True,118,18,1.13.1,0,Tidak,,,Sampel ulasan publik Play Store
7fddbb2b-d28b-4238-b535-3159ab2c46e2,2026-09-26 00:43:31,https://play.google.com/store/apps/details?id=id.trimegah.tplus.android,ID,id,5,1.0,100.0,Positive,Login & Autentikasi,2026-05-17 06:22:53,2026,"Waktu adalah uang, jangan habiskan untuk pindah-pindah aplikasi investasi. Kelola seluruh portofolio Anda—mulai dari saham harian, reksa dana, hingga obligasi negara—dalam satu genggaman. Cepat, aman, dan tanpa ribet.","Waktu adalah uang, jangan habiskan untuk pindah-pindah aplikasi investasi. Kelola seluruh portofolio Anda—mulai dari saham harian, reksa dana, hingga obligasi negara—dalam satu genggaman. Cepat, aman, dan tanpa ribet.",True,217,28,Tidak Tercatat,0,Tidak,,,Sampel ulasan publik Play Store
0dc44c92-ed9c-4f24-97aa-b0ce4792beb8,2026-09-26 00:43:31,https://play.google.com/store/apps/details?id=id.trimegah.tplus.android,ID,id,5,1.0,100.0,Positive,Transaksi & Portofolio Saham,2026-05-16 23:03:03,2026,"Fitur-fitur di aplikasi ini komplit banget, terus kita juga bisa akses portofolio cepet dan ringkas apalagi disini kita ga cuman bisa beli saham aja, tapi juga bisa beli Reksadana dan obligasi cukup di 1 aplikasi. Design tampilan aplikasi nya juga bagus, gampang dipahami fitur""nya, mana tim call center nya gercep banget kalo kita ada kendala atau pertanyaan yang dibinguin, jujur ini sangat amat membantu buat aku yang pemula ini hehehe","Fitur-fitur di aplikasi ini komplit banget, terus kita juga bisa akses portofolio cepet dan ringkas apalagi disini kita ga cuman bisa beli saham aja, tapi juga bisa beli Reksadana dan obligasi cukup di 1 aplikasi. Design tampilan aplikasi nya juga bagus, gampang dipahami fitur""nya, mana tim call center nya gercep banget kalo kita ada kendala atau pertanyaan yang dibinguin, jujur ini sangat amat membantu buat aku yang pemula ini hehehe",True,438,70,1.13.1,3,Tidak,,,Sampel ulasan publik Play Store
327a6f3e-4213-444d-9eef-cd3b4435c02d,2026-09-26 00:43:31,https://play.google.com/store/apps/details?id=id.trimegah.tplus.android,ID,id,5,1.0,100.0,Positive,Login & Autentikasi,2026-05-16 23:01:09,2026,"• Akses portofilio bener bener sangat cepat dan ringkas, udah gitu bisa liat saham, reksa dana, sama obligasi di 1 halaman lagi • Tim call center trimegah super duper gercep sekali sat set terus respinsif banget buat jawabin segala pertanyaan dan siap assist sampai selesai tiap waktu • Login sekarang udah bisa cuma pakai nomor hp • Fiturnya juga komplit, ada UI/UX intuitive • Watchlist dan form order lengkap banget, sangat membantu buat trader saham • Fitur Trima+ picks dan Trima+ ideas juga nge","• Akses portofilio bener bener sangat cepat dan ringkas, udah gitu bisa liat saham, reksa dana, sama obligasi di 1 halaman lagi • Tim call center trimegah super duper gercep sekali sat set terus respinsif banget buat jawabin segala pertanyaan dan siap assist sampai selesai tiap waktu • Login sekarang udah bisa cuma pakai nomor hp • Fiturnya juga komplit, ada UI/UX intuitive • Watchlist dan form order lengkap banget, sangat membantu buat trader saham • Fitur Trima+ picks dan Trima+ ideas juga nge",True,500,84,1.13.1,0,Tidak,,,Sampel ulasan publik Play Store
bdb53412-c084-442f-88fd-53432a170e97,2026-09-26 00:43:31,https://play.google.com/store/apps/details?id=id.trimegah.tplus.android,ID,id,5,1.0,100.0,Positive,Login & Autentikasi,2026-05-16 21:14:24,2026,"Pakai Trima+ bikin investasi jadi lebih praktis karena saham, reksa dana, dan obligasi bisa diakses dalam satu aplikasi. Login pakai nomor HP juga gampang banget, tampilannya simpel, dan watchlistnya membantu buat pantau saham incaran. Customer service-nya juga responsif banget saat ada kendala. Recommended!","Pakai Trima+ bikin investasi jadi lebih praktis karena saham, reksa dana, dan obligasi bisa diakses dalam satu aplikasi. Login pakai nomor HP juga gampang banget, tampilannya simpel, dan watchlistnya membantu buat pantau saham incaran. Customer service-nya juga responsif banget saat ada kendala. Recommended!",True,309,43,1.13.1,0,Tidak,,,Sampel ulasan publik Play Store
6d592d29-669a-4ec6-a2f6-92aded2dea12,2026-09-26 00:43:31,https://play.google.com/store/apps/details?id=id.trimegah.tplus.android,ID,id,5,1.0,100.0,Positive,Fitur Analisis & Data Pasar,2026-05-16 16:51:44,2026,"fiturnya keren banget, memudahkan untuk kita pemula yg belajar","fiturnya keren banget, memudahkan untuk kita pemula yg belajar",True,62,9,Tidak Tercatat,0,Tidak,,,Sampel ulasan publik Play Store
8cbed58a-cd36-4cf7-92e5-4861e489a265,2026-09-26 00:43:31,https://play.google.com/store/apps/details?id=id.trimegah.tplus.android,ID,id,5,1.0,100.0,Positive,Login & Autentikasi,2026-05-16 09:13:11,2026,"Jarang-jarang nemu aplikasi sekuritas yang CS-nya juara kayak gini. Kemarin sempat ada kendala teknis dan pas hubungin tim Call Center Trimegah, responnya bener-bener gercep, sat-set, dan ramah banget. Adminnya responsif ngejawabin pertanyaan dan setia nemenin asistensi sampai masalah saya bener-bener tuntas teratasi. Di samping aplikasinya yang emang udah oke buat beli saham dan reksa dana, service mereka top bgt!","Jarang-jarang nemu aplikasi sekuritas yang CS-nya juara kayak gini. Kemarin sempat ada kendala teknis dan pas hubungin tim Call Center Trimegah, responnya bener-bener gercep, sat-set, dan ramah banget. Adminnya responsif ngejawabin pertanyaan dan setia nemenin asistensi sampai masalah saya bener-bener tuntas teratasi. Di samping aplikasinya yang emang udah oke buat beli saham dan reksa dana, service mereka top bgt!",True,418,59,1.13.1,0,Tidak,,,Sampel ulasan publik Play Store
e2dbbf86-a5cf-48af-a2d6-8b84f44f98d0,2026-09-26 00:43:31,https://play.google.com/store/apps/details?id=id.trimegah.tplus.android,ID,id,5,1.0,100.0,Positive,Customer Service & Layanan,2026-05-15 20:37:08,2026,"Yang saya suka dari Trima+adalah fitur trima+ Ideasnya adalah idenya terasa relate dengan kondisi market terkini. Bukan cuma kasih rekomendasi, tapi juga membantu saya memahami alasan di balik pilihan investasinya. udah gitu Tim call center Trima+ responsif banget dan komunikasinya enak. Mereka menjelaskan dengan sabar tanpa terdengar seperti membaca skrip, jadi lebih nyaman untuk investor pemula.","Yang saya suka dari Trima+adalah fitur trima+ Ideasnya adalah idenya terasa relate dengan kondisi market terkini. Bukan cuma kasih rekomendasi, tapi juga membantu saya memahami alasan di balik pilihan investasinya. udah gitu Tim call center Trima+ responsif banget dan komunikasinya enak. Mereka menjelaskan dengan sabar tanpa terdengar seperti membaca skrip, jadi lebih nyaman untuk investor pemula.",True,400,56,1.13.1,0,Tidak,,,Sampel ulasan publik Play Store
befa510c-1dc4-4cd7-9259-06fe096b81a8,2026-09-26 00:43:31,https://play.google.com/store/apps/details?id=id.trimegah.tplus.android,ID,id,5,1.0,100.0,Positive,Login & Autentikasi,2026-05-15 19:02:37,2026,"Sekarang loginnya gampang banget, cukup pakai nomor HP aja. Fitur-fiturnya lengkap semua, tampilannya juga enak dan gampang dipahami. Ada wacthlist dan form order yang lengkap banget, ngebantu banget deh buat para trader.","Sekarang loginnya gampang banget, cukup pakai nomor HP aja. Fitur-fiturnya lengkap semua, tampilannya juga enak dan gampang dipahami. Ada wacthlist dan form order yang lengkap banget, ngebantu banget deh buat para trader.",True,221,32,1.13.1,0,Tidak,,,Sampel ulasan publik Play Store
2807e12e-261a-4c96-b15e-9aa375eba36c,2026-09-26 00:43:31,https://play.google.com/store/apps/details?id=id.trimegah.tplus.android,ID,id,5,1.0,100.0,Positive,Customer Service & Layanan,2026-05-15 18:26:27,2026,"Kemarin aku panik banget karena transaksi di Trima+ pending pas mau bayar tagihan.Langsung aja aku hubungi tim call centernya lewat chat. Gak nyangka, balasannya cepet banget. Yang bikin lega,admin sangat responsif dan membantu banget.Dijelasin step by step kenapa pendingnya, terus dicekin sampai beres dalam 10 menit. Padahal udah malem, kirain bakal nunggu besok. Fix jadi langganan pake Trima+ gara-gara pelayanannya.","Kemarin aku panik banget karena transaksi di Trima+ pending pas mau bayar tagihan.Langsung aja aku hubungi tim call centernya lewat chat. Gak nyangka, balasannya cepet banget. Yang bikin lega,admin sangat responsif dan membantu banget.Dijelasin step by step kenapa pendingnya, terus dicekin sampai beres dalam 10 menit. Padahal udah malem, kirain bakal nunggu besok. Fix jadi langganan pake Trima+ gara-gara pelayanannya.",True,421,60,1.13.1,0,Tidak,,,Sampel ulasan publik Play Store
dc8a977b-d439-4663-bee4-f50ae261a791,2026-09-26 00:43:31,https://play.google.com/store/apps/details?id=id.trimegah.tplus.android,ID,id,5,1.0,100.0,Positive,Transaksi & Portofolio Saham,2026-05-15 16:47:45,2026,"Pengalaman pakai Trima+ sejauh ini sangat memuaskan. UI aplikasinya modern dan mudah dipahami, cocok buat pemula maupun yang sudah rutin investasi. Saya suka karena bisa investasi saham, reksa dana, dan obligasi dalam satu aplikasi jadi lebih praktis. Fitur chart dan market update juga membantu banget untuk analisa sebelum beli saham. Proses daftar cepat dan aplikasinya terasa cukup stabil. Recommended buat yang mau mulai investasi dengan nyaman dan simpel","Pengalaman pakai Trima+ sejauh ini sangat memuaskan. UI aplikasinya modern dan mudah dipahami, cocok buat pemula maupun yang sudah rutin investasi. Saya suka karena bisa investasi saham, reksa dana, dan obligasi dalam satu aplikasi jadi lebih praktis. Fitur chart dan market update juga membantu banget untuk analisa sebelum beli saham. Proses daftar cepat dan aplikasinya terasa cukup stabil. Recommended buat yang mau mulai investasi dengan nyaman dan simpel",True,460,68,1.13.1,0,Tidak,,,Sampel ulasan publik Play Store
6db355e8-0de5-47f7-8738-ed7f30a2735c,2026-09-26 00:43:31,https://play.google.com/store/apps/details?id=id.trimegah.tplus.android,ID,id,5,1.0,100.0,Positive,Transaksi & Portofolio Saham,2026-05-15 15:37:15,2026,wiii... bneran kereeen apk ini ! kita bisa lgsg dapetin fitur Trima+ Picks dan Trima+ Ideas beneran SGT ngebantu buat cari ide beli saham!,wiii... bneran kereeen apk ini ! kita bisa lgsg dapetin fitur Trima+ Picks dan Trima+ Ideas beneran SGT ngebantu buat cari ide beli saham!,True,138,24,Tidak Tercatat,0,Tidak,,,Sampel ulasan publik Play Store
f65d2302-f17f-4f1a-9429-ca1d4644936b,2026-09-26 00:43:31,https://play.google.com/store/apps/details?id=id.trimegah.tplus.android,ID,id,5,1.0,100.0,Positive,Transaksi & Portofolio Saham,2026-05-15 15:20:57,2026,beli saham dan yang lainnya lebih mudah dan daftar simple cukup pakai nomer hp saja dan sudah di awasi OJK !,beli saham dan yang lainnya lebih mudah dan daftar simple cukup pakai nomer hp saja dan sudah di awasi OJK !,True,108,21,1.13.1,0,Tidak,,,Sampel ulasan publik Play Store
1652192f-67e0-4a5a-9de1-14e05eb9e10a,2026-09-26 00:43:31,https://play.google.com/store/apps/details?id=id.trimegah.tplus.android,ID,id,5,1.0,100.0,Positive,Login & Autentikasi,2026-05-15 12:41:55,2026,"Amaze sama tim call centernya, gercep, satset, responsif dan helpfull meskipun hampir tengah malem aku hubungi karna ada kendala lupa password. bener2 dijawab satu persatu pertanyaanku dan dibantu sampe masalah clear. solutif banget sih.","Amaze sama tim call centernya, gercep, satset, responsif dan helpfull meskipun hampir tengah malem aku hubungi karna ada kendala lupa password. bener2 dijawab satu persatu pertanyaanku dan dibantu sampe masalah clear. solutif banget sih.",True,237,34,1.13.1,0,Tidak,,,Sampel ulasan publik Play Store
bb2bb887-fc1f-42f3-85b2-8fa259db31e8,2026-09-26 00:43:31,https://play.google.com/store/apps/details?id=id.trimegah.tplus.android,ID,id,5,1.0,100.0,Positive,Login & Autentikasi,2026-05-14 23:06:49,2026,"Pakai aplikasi ini tuh beneran bikin urusan investasi jadi lebih simpel dan nggak ribet. Akses portofolionya cepet dan ringkas banget, jadi bisa langsung lihat saham, reksa dana, dan obligasi cuma dalam 1 halaman aja. Buat yang suka cek perkembangan investasi tiap hari, ini ngebantu banget karena tampilannya rapi dan gampang dipahami. Yang paling bikin nyaman, sekarang login bisa cuma pakai nomor HP, jadi proses masuk aplikasi makin praktis dan sat set tanpa ribet inget banyak data.","Pakai aplikasi ini tuh beneran bikin urusan investasi jadi lebih simpel dan nggak ribet. Akses portofolionya cepet dan ringkas banget, jadi bisa langsung lihat saham, reksa dana, dan obligasi cuma dalam 1 halaman aja. Buat yang suka cek perkembangan investasi tiap hari, ini ngebantu banget karena tampilannya rapi dan gampang dipahami. Yang paling bikin nyaman, sekarang login bisa cuma pakai nomor HP, jadi proses masuk aplikasi makin praktis dan sat set tanpa ribet inget banyak data.",True,487,76,1.13.1,0,Tidak,,,Sampel ulasan publik Play Store
f86543e0-a652-4f68-a22e-17c6d0586dd0,2026-09-26 00:43:31,https://play.google.com/store/apps/details?id=id.trimegah.tplus.android,ID,id,5,1.0,100.0,Positive,Login & Autentikasi,2026-05-14 16:36:06,2026,"Awalnya nyoba aplikasi ini tuh karena disaranin sama temen.. setelah nyoba, ternyata banyak fitur yang mempermudah penggunanya.. kita gak usah ribet2 ngapalin username, karena kalo pake aplikasi ini tuh bisa login pake nomer HP.. dan yg mungkin gak semua aplikasi punya tuh aplikasi ini bisa ngasih ide ke user, saham apa yang cocok buat dibeli, ini sangat membantu trader yg baru2 aja masuk ke dunia trading","Awalnya nyoba aplikasi ini tuh karena disaranin sama temen.. setelah nyoba, ternyata banyak fitur yang mempermudah penggunanya.. kita gak usah ribet2 ngapalin username, karena kalo pake aplikasi ini tuh bisa login pake nomer HP.. dan yg mungkin gak semua aplikasi punya tuh aplikasi ini bisa ngasih ide ke user, saham apa yang cocok buat dibeli, ini sangat membantu trader yg baru2 aja masuk ke dunia trading",True,408,66,1.13.1,0,Tidak,,,Sampel ulasan publik Play Store
c390ffcf-843e-4f3e-91a3-c724f5e3f8b4,2026-09-26 00:43:31,https://play.google.com/store/apps/details?id=id.trimegah.tplus.android,ID,id,5,1.0,100.0,Positive,Login & Autentikasi,2026-05-14 16:08:02,2026,aplikasi yang mudah di gunakan. login juga bisa menggunakan nomor handphone. customer service nya juga ramah.,aplikasi yang mudah di gunakan. login juga bisa menggunakan nomor handphone. customer service nya juga ramah.,True,109,16,Tidak Tercatat,0,Tidak,,,Sampel ulasan publik Play Store
ec6514f3-270e-433d-a4d6-226b316757c2,2026-09-26 00:43:31,https://play.google.com/store/apps/details?id=id.trimegah.tplus.android,ID,id,5,1.0,100.0,Positive,Login & Autentikasi,2026-05-14 15:38:16,2026,"Trima+ beneran praktis. Sekarang mantau saham, reksa dana, sama obligasi cukup di satu halaman portofolio aja, ga perlu pindah aplikasi. Loginnya gampang cuman pakai nomor HP. Tampilan UI/UX intuitif banget, terus watchlist sama form order-nya lengkap, ngebantu transaksi harian saya. Plus ada menu Trima+ Picks yang selalu ngasih ide beli saham potensial. Mantap!","Trima+ beneran praktis. Sekarang mantau saham, reksa dana, sama obligasi cukup di satu halaman portofolio aja, ga perlu pindah aplikasi. Loginnya gampang cuman pakai nomor HP. Tampilan UI/UX intuitif banget, terus watchlist sama form order-nya lengkap, ngebantu transaksi harian saya. Plus ada menu Trima+ Picks yang selalu ngasih ide beli saham potensial. Mantap!",True,364,53,Tidak Tercatat,0,Tidak,,,Sampel ulasan publik Play Store
8a4a94fa-e184-4a45-aa7f-5b98d14769d8,2026-09-26 00:43:31,https://play.google.com/store/apps/details?id=id.trimegah.tplus.android,ID,id,3,0.5,50.0,Neutral,Transaksi & Portofolio Saham,2026-05-13 11:26:02,2026,mengapa penarikan selalu gagal ada yang bisa jelaskan ?,mengapa penarikan selalu gagal ada yang bisa jelaskan ?,True,55,9,1.13.1,0,Tidak,,,Sampel ulasan publik Play Store
c2c37d56-f309-4527-a318-4ad40e7575ae,2026-09-26 00:43:31,https://play.google.com/store/apps/details?id=id.trimegah.tplus.android,ID,id,1,0.0,0.0,Negative,UI/UX & Performa (Loading/Navigasi),2026-05-12 19:45:46,2026,"gajelaass securitasnyaa, duit gabisa ditarikkkk","gajelaass securitasnyaa, duit gabisa ditarikkkk",True,47,5,1.13.1,0,Tidak,,,Sampel ulasan publik Play Store
2e2d68a7-71df-4e39-b028-fd8b0773f9a8,2026-09-26 00:43:31,https://play.google.com/store/apps/details?id=id.trimegah.tplus.android,ID,id,5,1.0,100.0,Positive,Transaksi & Portofolio Saham,2026-05-11 16:55:53,2026,"fitur apk dari apk trima+ sangat bagus, bisa reksa dana, beli saham dan obligasi, admin sangat responsif untuk jawabin segala pertanyaan","fitur apk dari apk trima+ sangat bagus, bisa reksa dana, beli saham dan obligasi, admin sangat responsif untuk jawabin segala pertanyaan",True,136,21,Tidak Tercatat,0,Tidak,,,Sampel ulasan publik Play Store
0ed8bda9-03e1-4643-92ac-fd149aa8f520,2026-09-26 00:43:31,https://play.google.com/store/apps/details?id=id.trimegah.tplus.android,ID,id,5,1.0,100.0,Positive,Login & Autentikasi,2026-05-11 14:59:53,2026,"Gampang banget pakai aplikasi ini walaupun baru pemula. Login cuma pake nomer hp, sangat mudah. Saat ada masalah atau kesulitan , tim call center ya gercep banget Dan sangat responsif. Bener² membantu banget buat aku","Gampang banget pakai aplikasi ini walaupun baru pemula. Login cuma pake nomer hp, sangat mudah. Saat ada masalah atau kesulitan , tim call center ya gercep banget Dan sangat responsif. Bener² membantu banget buat aku",True,216,35,1.13.1,0,Tidak,,,Sampel ulasan publik Play Store
7a042e8a-0b72-4e0f-a9ac-d51e15e21341,2026-09-26 00:43:31,https://play.google.com/store/apps/details?id=id.trimegah.tplus.android,ID,id,5,1.0,100.0,Positive,Transaksi & Portofolio Saham,2026-05-11 13:58:01,2026,"Aplikasi Trima+ sangat membantu bagi trader maupun investor. Fitur Trima+ Picks dan Trima+ Ideas bener-bener jadi solusi buat nyari ide beli saham yang potensial. Form order-nya lengkap dan watchlist-nya rapi banget. Rekomendasi buat yang mau kelola saham, obligasi, dan reksa dana dalam satu aplikasi yang integrasinya mulus.","Aplikasi Trima+ sangat membantu bagi trader maupun investor. Fitur Trima+ Picks dan Trima+ Ideas bener-bener jadi solusi buat nyari ide beli saham yang potensial. Form order-nya lengkap dan watchlist-nya rapi banget. Rekomendasi buat yang mau kelola saham, obligasi, dan reksa dana dalam satu aplikasi yang integrasinya mulus.",True,326,47,Tidak Tercatat,0,Tidak,,,Sampel ulasan publik Play Store
62c51e75-a5d7-4fba-9aff-4d297cb5b671,2026-09-26 00:43:31,https://play.google.com/store/apps/details?id=id.trimegah.tplus.android,ID,id,5,1.0,100.0,Positive,Transaksi & Portofolio Saham,2026-05-11 13:09:16,2026,"Fitur-fiturnya lengkap penggunanya juga mudah bagi pemula Seperti saya sistem UI/UX lancar tidak ada lag, mau beli apapun jenis saham, reksadana, dan obligasi ready di aplikasi ini call center atau adminnya juga fast response dengan keluhan atau pun pertanyaan masalah kita.","Fitur-fiturnya lengkap penggunanya juga mudah bagi pemula Seperti saya sistem UI/UX lancar tidak ada lag, mau beli apapun jenis saham, reksadana, dan obligasi ready di aplikasi ini call center atau adminnya juga fast response dengan keluhan atau pun pertanyaan masalah kita.",True,274,41,1.13.1,0,Tidak,,,Sampel ulasan publik Play Store
12328427-b7aa-4b86-ad16-9efb48e7c111,2026-09-26 00:43:31,https://play.google.com/store/apps/details?id=id.trimegah.tplus.android,ID,id,5,1.0,100.0,Positive,Login & Autentikasi,2026-05-11 12:20:35,2026,"aplikasi trima+ fiturnya sangat lengkap dan mudah digunakan , login aplikasi nya juga sangat mudah ngga ribet karna cuma pake nmer hp","aplikasi trima+ fiturnya sangat lengkap dan mudah digunakan , login aplikasi nya juga sangat mudah ngga ribet karna cuma pake nmer hp",True,133,22,1.13.1,0,Tidak,,,Sampel ulasan publik Play Store
5c25e096-621b-4fb9-bec3-cfc1c2121a2e,2026-09-26 00:43:31,https://play.google.com/store/apps/details?id=id.trimegah.tplus.android,ID,id,5,1.0,100.0,Positive,Login & Autentikasi,2026-05-11 11:16:41,2026,"Trima+ fiturnya lengkap dan nyaman dipakai. Login pakai nomor HP jadi lebih praktis, terus watchlist sama form ordernya juga detail banget buat bantu trading saham. Call center-nya responsif dan helpful 👍","Trima+ fiturnya lengkap dan nyaman dipakai. Login pakai nomor HP jadi lebih praktis, terus watchlist sama form ordernya juga detail banget buat bantu trading saham. Call center-nya responsif dan helpful 👍",True,204,31,1.13.1,0,Tidak,,,Sampel ulasan publik Play Store
107100f8-b84d-42a6-bbd9-a0b6435c9723,2026-09-26 00:43:31,https://play.google.com/store/apps/details?id=id.trimegah.tplus.android,ID,id,5,1.0,100.0,Positive,Transaksi & Portofolio Saham,2026-05-11 10:54:18,2026,"Aku suka banget Aplikasi Trima+ aplikasi investasi ""all-in-one"" dari PT Trimegah Sekuritas Indonesia Tbk yang memudahkan pengguna membeli dan menjual saham, reksa dana, dan obligasi dalam satu platform. Aplikasi ini dirancang untuk memudahkan transaksi dengan fitur canggih seperti fast order untuk saham, Trima Picks (rekomendasi ahli), serta charting komprehensif","Aku suka banget Aplikasi Trima+ aplikasi investasi ""all-in-one"" dari PT Trimegah Sekuritas Indonesia Tbk yang memudahkan pengguna membeli dan menjual saham, reksa dana, dan obligasi dalam satu platform. Aplikasi ini dirancang untuk memudahkan transaksi dengan fitur canggih seperti fast order untuk saham, Trima Picks (rekomendasi ahli), serta charting komprehensif",True,365,49,1.13.1,0,Tidak,,,Sampel ulasan publik Play Store
50ded4c4-08bf-4d80-b789-66986d1339a2,2026-09-26 00:43:31,https://play.google.com/store/apps/details?id=id.trimegah.tplus.android,ID,id,5,1.0,100.0,Positive,UI/UX & Performa (Loading/Navigasi),2026-05-11 10:28:18,2026,"awalnya coba² aja install & pakai, eh taunya di pakai terus😍 simple soalnya satset juga gak pakek lemot😍","awalnya coba² aja install & pakai, eh taunya di pakai terus😍 simple soalnya satset juga gak pakek lemot😍",True,104,18,1.13.1,0,Tidak,,,Sampel ulasan publik Play Store
c2a1569d-4a1e-4c87-bc80-c2917f31420d,2026-09-26 00:43:31,https://play.google.com/store/apps/details?id=id.trimegah.tplus.android,ID,id,5,1.0,100.0,Positive,Transaksi & Portofolio Saham,2026-05-09 22:24:48,2026,"Aplikasinya membantu pemula yang ingin investasi,fiturnya juga lengkap seperti saham,reksadana,sehingga nyaman dipakai,tarik dana juga cepat","Aplikasinya membantu pemula yang ingin investasi,fiturnya juga lengkap seperti saham,reksadana,sehingga nyaman dipakai,tarik dana juga cepat",True,140,15,1.13.1,0,Tidak,,,Sampel ulasan publik Play Store
594edaaa-cab3-4f00-a129-35caa3b774e3,2026-09-26 00:43:31,https://play.google.com/store/apps/details?id=id.trimegah.tplus.android,ID,id,5,1.0,100.0,Positive,Login & Autentikasi,2026-05-09 22:20:16,2026,"Trima+ enak banget dipakai buat investasi karena semua kebutuhan ada dalam satu aplikasi, mulai dari saham, reksa dana, sampai obligasi. UI/UX-nya simpel dan mudah dipahami. Fitur watchlist serta Trima+ Picks juga membantu cari ide saham harian. Login pakai nomor HP jadi lebih praktis, dan customer service-nya responsif banget kalau ada kendala. Overall puas pakai Trima+ 👍","Trima+ enak banget dipakai buat investasi karena semua kebutuhan ada dalam satu aplikasi, mulai dari saham, reksa dana, sampai obligasi. UI/UX-nya simpel dan mudah dipahami. Fitur watchlist serta Trima+ Picks juga membantu cari ide saham harian. Login pakai nomor HP jadi lebih praktis, dan customer service-nya responsif banget kalau ada kendala. Overall puas pakai Trima+ 👍",True,375,56,1.13.1,0,Tidak,,,Sampel ulasan publik Play Store
e1cff097-d0f2-453a-99ff-c7d0adac033c,2026-09-26 00:43:31,https://play.google.com/store/apps/details?id=id.trimegah.tplus.android,ID,id,5,1.0,100.0,Positive,Apresiasi Umum & Kepuasan,2026-05-09 22:20:03,2026,"first time nyoba terjun ke dunia saham sejenisnya, call centernya cukup komunikatif, jd ga bingung. overall worth to try lah buat pemula","first time nyoba terjun ke dunia saham sejenisnya, call centernya cukup komunikatif, jd ga bingung. overall worth to try lah buat pemula",True,136,22,1.13.1,0,Tidak,,,Sampel ulasan publik Play Store
1c4a7860-f172-44a3-8cf9-7edc17164778,2026-09-26 00:43:31,https://play.google.com/store/apps/details?id=id.trimegah.tplus.android,ID,id,5,1.0,100.0,Positive,Login & Autentikasi,2026-05-09 21:52:07,2026,"Udah coba beberapa aplikasi investasi dan sejauh ini Trima+ termasuk yang paling nyaman dipakai. Bisa beli saham, reksa dana, dan obligasi dalam satu aplikasi jadi lebih efisien. Interface-nya juga intuitive, nggak bikin bingung walaupun fiturnya banyak. Yang bikin nilai plus banget itu admin dan call center-nya gercep, tiap ada pertanyaan langsung dibantu dengan jelas dan ramah. Semoga ke depannya makin banyak fitur menarik lainnya 🙌","Udah coba beberapa aplikasi investasi dan sejauh ini Trima+ termasuk yang paling nyaman dipakai. Bisa beli saham, reksa dana, dan obligasi dalam satu aplikasi jadi lebih efisien. Interface-nya juga intuitive, nggak bikin bingung walaupun fiturnya banyak. Yang bikin nilai plus banget itu admin dan call center-nya gercep, tiap ada pertanyaan langsung dibantu dengan jelas dan ramah. Semoga ke depannya makin banyak fitur menarik lainnya 🙌",True,438,65,Tidak Tercatat,0,Tidak,,,Sampel ulasan publik Play Store
3b141647-0799-497f-9ff5-9ba851390421,2026-09-26 00:43:31,https://play.google.com/store/apps/details?id=id.trimegah.tplus.android,ID,id,5,1.0,100.0,Positive,Transaksi & Portofolio Saham,2026-05-09 18:48:55,2026,"Watchlist sama fitur ordernya lengkap, enak buat yang baru mulai belajar saham.","Watchlist sama fitur ordernya lengkap, enak buat yang baru mulai belajar saham.",True,79,12,Tidak Tercatat,0,Tidak,,,Sampel ulasan publik Play Store
13063016-6208-42a2-9257-7b0597fa4569,2026-09-26 00:43:31,https://play.google.com/store/apps/details?id=id.trimegah.tplus.android,ID,id,5,1.0,100.0,Positive,UI/UX & Performa (Loading/Navigasi),2026-05-08 21:00:45,2026,"Fitur Trima+ lengkap banget, pendaftarannya juga ga ribet, ngebantu banget buat trader saham","Fitur Trima+ lengkap banget, pendaftarannya juga ga ribet, ngebantu banget buat trader saham",True,92,13,Tidak Tercatat,0,Tidak,,,Sampel ulasan publik Play Store
6abe256a-6bf1-4411-a08c-dc8cd8cd46f5,2026-09-26 00:43:31,https://play.google.com/store/apps/details?id=id.trimegah.tplus.android,ID,id,5,1.0,100.0,Positive,Login & Autentikasi,2026-05-08 19:26:28,2026,"fiturnya banyak banget, adminnya juga responsif banget, loginnya juga gampang banget tinggal masukkin nomor hp, ga ribet & satset banget","fiturnya banyak banget, adminnya juga responsif banget, loginnya juga gampang banget tinggal masukkin nomor hp, ga ribet & satset banget",True,136,20,1.13.1,0,Tidak,,,Sampel ulasan publik Play Store
d2616a75-438b-4daf-b6a9-570a407b9268,2026-09-26 00:43:31,https://play.google.com/store/apps/details?id=id.trimegah.tplus.android,ID,id,5,1.0,100.0,Positive,Transaksi & Portofolio Saham,2026-05-08 19:23:14,2026,"halo kenalin aku pemula saham dan invest ,,disini aku mau bilang sedikit hal yang menurutku berguna buat kalian. dulu itu aku minat buat mau belajar invest ,cuman bingung kan nyari aplikasi yang aman dan terpercaya, dan ketika tau ada aplikasi Trima+ aku jadi kebantu banget ,paling suka di aplikasi Trima+ tuh ga ribet , portofolionya ringkes padat jelas. saham nya ,obligasi sama reksa dana jelas keliatan semua disini dalam page yang sama jadi ga perlu bolak balik ,sejauh ini Trima+ best sih 🥰","halo kenalin aku pemula saham dan invest ,,disini aku mau bilang sedikit hal yang menurutku berguna buat kalian. dulu itu aku minat buat mau belajar invest ,cuman bingung kan nyari aplikasi yang aman dan terpercaya, dan ketika tau ada aplikasi Trima+ aku jadi kebantu banget ,paling suka di aplikasi Trima+ tuh ga ribet , portofolionya ringkes padat jelas. saham nya ,obligasi sama reksa dana jelas keliatan semua disini dalam page yang sama jadi ga perlu bolak balik ,sejauh ini Trima+ best sih 🥰",True,497,83,1.13.1,0,Tidak,,,Sampel ulasan publik Play Store
6aad2a1b-31b7-4827-8624-b24d3d73713c,2026-09-26 00:43:31,https://play.google.com/store/apps/details?id=id.trimegah.tplus.android,ID,id,5,1.0,100.0,Positive,Transaksi & Portofolio Saham,2026-05-08 19:17:04,2026,"canggih banget sekrang udh bisa log in lewat hp, bener"" ngebantu bgt bisa beli saham, reksa dana dalam 1 aplikasi","canggih banget sekrang udh bisa log in lewat hp, bener"" ngebantu bgt bisa beli saham, reksa dana dalam 1 aplikasi",True,113,20,1.13.1,0,Tidak,,,Sampel ulasan publik Play Store
6bb7ad6f-98ba-4a0f-b42e-38e7bf4a22b8,2026-09-26 00:43:31,https://play.google.com/store/apps/details?id=id.trimegah.tplus.android,ID,id,5,1.0,100.0,Positive,UI/UX & Performa (Loading/Navigasi),2026-05-08 19:15:54,2026,"Trima+ punya sistem yang terstruktur dan responsif, jadi semua proses dari awal sampai transaksi berasa cepat, lancar, dan praktis tanpa ribet; tampilannya juga clean dan fiturnya lengkap, bikin pengalaman pakai jadi nyaman dan efisien, overall recommended banget sh mnrt gue👍","Trima+ punya sistem yang terstruktur dan responsif, jadi semua proses dari awal sampai transaksi berasa cepat, lancar, dan praktis tanpa ribet; tampilannya juga clean dan fiturnya lengkap, bikin pengalaman pakai jadi nyaman dan efisien, overall recommended banget sh mnrt gue👍",True,276,40,1.13.1,0,Tidak,,,Sampel ulasan publik Play Store
22cad204-0bb1-45a2-a358-8bbe9b51eb8c,2026-09-26 00:43:31,https://play.google.com/store/apps/details?id=id.trimegah.tplus.android,ID,id,5,1.0,100.0,Positive,Login & Autentikasi,2026-05-08 19:14:17,2026,"Gokil, ini aplikasi komplit banget fiturnya, bisa beli semua investasi2 yg di mau, login nya juga ga ribet, tim call centernya juga ngebantu bgt ga buat susah","Gokil, ini aplikasi komplit banget fiturnya, bisa beli semua investasi2 yg di mau, login nya juga ga ribet, tim call centernya juga ngebantu bgt ga buat susah",True,158,27,Tidak Tercatat,0,Tidak,,,Sampel ulasan publik Play Store
e3308ea3-d463-4632-a62f-8e47e709a2e6,2026-09-26 00:43:31,https://play.google.com/store/apps/details?id=id.trimegah.tplus.android,ID,id,5,1.0,100.0,Positive,Login & Autentikasi,2026-05-08 19:13:54,2026,"Fiturnya komplit dan UI/UX-nya juga enak dipakai. Dari awal login sampai cari produk investasi semuanya terasa simpel dan nggak bikin bingung. Yang paling kepakai buat aku fitur watchlist sama ordernya lengkap, jadi lebih nyaman mantau pergerakan saham dan eksekusi beli jual. Menariknya lagi, di satu aplikasi udah bisa akses saham, reksa dana, sampai obligasi tanpa perlu pindah-pindah aplikasi.","Fiturnya komplit dan UI/UX-nya juga enak dipakai. Dari awal login sampai cari produk investasi semuanya terasa simpel dan nggak bikin bingung. Yang paling kepakai buat aku fitur watchlist sama ordernya lengkap, jadi lebih nyaman mantau pergerakan saham dan eksekusi beli jual. Menariknya lagi, di satu aplikasi udah bisa akses saham, reksa dana, sampai obligasi tanpa perlu pindah-pindah aplikasi.",True,397,58,1.13.1,0,Tidak,,,Sampel ulasan publik Play Store
2457819e-aa9a-46b8-878f-247f5dc64861,2026-09-26 00:43:31,https://play.google.com/store/apps/details?id=id.trimegah.tplus.android,ID,id,5,1.0,100.0,Positive,Login & Autentikasi,2026-05-08 19:13:50,2026,"At first cuma coba-coba, tapi ternyata Trima+ enak dipakai 🫶 Login cepat, fiturnya lengkap, dan aplikasi ringan di HP. Aku suka karena bisa lihat saham, reksa dana, sama obligasi dalam satu tempat jadi lebih praktis","At first cuma coba-coba, tapi ternyata Trima+ enak dipakai 🫶 Login cepat, fiturnya lengkap, dan aplikasi ringan di HP. Aku suka karena bisa lihat saham, reksa dana, sama obligasi dalam satu tempat jadi lebih praktis",True,215,35,Tidak Tercatat,0,Tidak,,,Sampel ulasan publik Play Store
5b3da7ae-ddbf-4f8e-bf35-cb9d3b6bb43e,2026-09-26 00:43:31,https://play.google.com/store/apps/details?id=id.trimegah.tplus.android,ID,id,5,1.0,100.0,Positive,Apresiasi Umum & Kepuasan,2026-05-08 00:32:04,2026,siap,siap,True,4,1,1.13.1,0,Tidak,,,Sampel ulasan publik Play Store
427f8445-39d6-4f19-894b-26965e2a9e25,2026-09-26 00:43:31,https://play.google.com/store/apps/details?id=id.trimegah.tplus.android,ID,id,5,1.0,100.0,Positive,UI/UX & Performa (Loading/Navigasi),2026-05-06 19:45:33,2026,"Overall puas banget! Tim call center sama adminnya responsif dan super ngebantu, gak pake lama. Fiturnya juga komplit, jadi semua kebutuhan ke-cover. UI/UX-nya clean dan intuitive, gampang dipake bahkan buat yang baru pertama kali. Pokoknya nyaman dan recommended deh","Overall puas banget! Tim call center sama adminnya responsif dan super ngebantu, gak pake lama. Fiturnya juga komplit, jadi semua kebutuhan ke-cover. UI/UX-nya clean dan intuitive, gampang dipake bahkan buat yang baru pertama kali. Pokoknya nyaman dan recommended deh",True,267,39,Tidak Tercatat,0,Tidak,,,Sampel ulasan publik Play Store
48b1b3fd-1cc8-4b71-bf5f-9771f3c2e01f,2026-09-26 00:43:31,https://play.google.com/store/apps/details?id=id.trimegah.tplus.android,ID,id,5,1.0,100.0,Positive,Login & Autentikasi,2026-05-06 19:34:26,2026,"wah apk yg aku cari, bisa beli saham dan reksa dana di 1 aplikasi. loginnya jg gampang cuma pake nomor hp, dan fitur nya lumayan lengkap. call center nya jg satset jawab prtnyaan cust.","wah apk yg aku cari, bisa beli saham dan reksa dana di 1 aplikasi. loginnya jg gampang cuma pake nomor hp, dan fitur nya lumayan lengkap. call center nya jg satset jawab prtnyaan cust.",True,184,34,1.13.1,0,Tidak,,,Sampel ulasan publik Play Store
73563f63-7ec4-440c-8365-85d3336b6083,2026-09-26 00:43:31,https://play.google.com/store/apps/details?id=id.trimegah.tplus.android,ID,id,5,1.0,100.0,Positive,Login & Autentikasi,2026-05-06 19:30:37,2026,"aplikasi sangat berguna sekali, Bisa mengelola saham, reksa dana, dan obligasi (termasuk SBN) dalam satu portofolio,dan Memudahkan pencarian saham-saham teraktif,dan Proses buka akun dinilai cepat dan mudah melalui aplikasi,dan cocok untuk day trading.","aplikasi sangat berguna sekali, Bisa mengelola saham, reksa dana, dan obligasi (termasuk SBN) dalam satu portofolio,dan Memudahkan pencarian saham-saham teraktif,dan Proses buka akun dinilai cepat dan mudah melalui aplikasi,dan cocok untuk day trading.",True,252,33,1.13.1,0,Tidak,,,Sampel ulasan publik Play Store
74765dc8-7329-4087-bac7-dce67b801f31,2026-09-26 00:43:31,https://play.google.com/store/apps/details?id=id.trimegah.tplus.android,ID,id,5,1.0,100.0,Positive,Transaksi & Portofolio Saham,2026-05-06 17:32:38,2026,"Suka karena bisa beli saham, reksa dana, sama obligasi di satu tempat. Watchlist-nya juga ngebantu banget.","Suka karena bisa beli saham, reksa dana, sama obligasi di satu tempat. Watchlist-nya juga ngebantu banget.",True,106,16,1.13.1,0,Tidak,,,Sampel ulasan publik Play Store
45c57764-7605-457a-a8e4-c7fb1a424778,2026-09-26 00:43:31,https://play.google.com/store/apps/details?id=id.trimegah.tplus.android,ID,id,5,1.0,100.0,Positive,Login & Autentikasi,2026-05-05 20:48:30,2026,"Pakai Trima+ ini awalnya cuma coba², tapi ternyata enak dipakai. Portofolionya ringkas—saham, reksa dana, dan obligasi langsung keliatan di satu halaman, jadi gampang mantau. Login juga simpel pakai nomor HP, UI-nya clean dan gampang buat dipahami. Watchlist & form ordernya cukup lengkap buat bantu trading. Fitur Trima+ Picks & Ideas lumayan ngebantu cari referensi saham, dan semua transaksi bisa di satu aplikasi. Pernah kontak call center juga, responnya cepat dan bantuin sampai selesai","Pakai Trima+ ini awalnya cuma coba², tapi ternyata enak dipakai. Portofolionya ringkas—saham, reksa dana, dan obligasi langsung keliatan di satu halaman, jadi gampang mantau. Login juga simpel pakai nomor HP, UI-nya clean dan gampang buat dipahami. Watchlist & form ordernya cukup lengkap buat bantu trading. Fitur Trima+ Picks & Ideas lumayan ngebantu cari referensi saham, dan semua transaksi bisa di satu aplikasi. Pernah kontak call center juga, responnya cepat dan bantuin sampai selesai",True,492,73,1.13.1,1,Tidak,,,Sampel ulasan publik Play Store
36a92eff-3665-4bc5-9ac7-5ce361a2067d,2026-09-26 00:43:31,https://play.google.com/store/apps/details?id=id.trimegah.tplus.android,ID,id,5,1.0,100.0,Positive,Login & Autentikasi,2026-05-05 20:48:04,2026,"Aplikasi investasi yang sangat lengkap dan mudah dipakai! UI/UX-nya intuitif, fiturnya komplit mulai dari portofolio ringkas, watchlist, hingga Trima+ yang membantu cari ide investasi. Bisa transaksi saham, reksa dana, dan obligasi dalam satu tempat, login juga praktis pakai nomor HP. Pelayanan timnya super responsif dan membantu banget, sangat direkomendasikan!","Aplikasi investasi yang sangat lengkap dan mudah dipakai! UI/UX-nya intuitif, fiturnya komplit mulai dari portofolio ringkas, watchlist, hingga Trima+ yang membantu cari ide investasi. Bisa transaksi saham, reksa dana, dan obligasi dalam satu tempat, login juga praktis pakai nomor HP. Pelayanan timnya super responsif dan membantu banget, sangat direkomendasikan!",True,364,49,1.13.1,0,Tidak,,,Sampel ulasan publik Play Store
72e5fae4-2f05-430c-883d-a5bb451c1330,2026-09-26 00:43:31,https://play.google.com/store/apps/details?id=id.trimegah.tplus.android,ID,id,5,1.0,100.0,Positive,UI/UX & Performa (Loading/Navigasi),2026-05-05 20:34:13,2026,"Pengalaman paling berkesan justru di layanan support-nya. Tim call center dan adminnya responsif banget, gercep bantuin setiap ada pertanyaan atau kendala sampai tuntas. Jadi berasa lebih aman dan nyaman pakai aplikasinya.","Pengalaman paling berkesan justru di layanan support-nya. Tim call center dan adminnya responsif banget, gercep bantuin setiap ada pertanyaan atau kendala sampai tuntas. Jadi berasa lebih aman dan nyaman pakai aplikasinya.",True,222,31,1.13.1,0,Tidak,,,Sampel ulasan publik Play Store
ecbf450c-c3a9-4018-a278-fe0e9a4c9fbc,2026-09-26 00:43:31,https://play.google.com/store/apps/details?id=id.trimegah.tplus.android,ID,id,5,1.0,100.0,Positive,Login & Autentikasi,2026-05-05 20:30:59,2026,"Awalnya coba aplikasi ini karena pengen punya satu tempat buat ngatur semua investasi. Ternyata bagian portofolionya enak banget dipakai, semua langsung kelihatan dalam satu halaman—mulai dari saham, reksa dana, sampai obligasi. Jadi tiap buka aplikasi, langsung dapet gambaran lengkap tanpa ribet pindah-pindah menu.","Awalnya coba aplikasi ini karena pengen punya satu tempat buat ngatur semua investasi. Ternyata bagian portofolionya enak banget dipakai, semua langsung kelihatan dalam satu halaman—mulai dari saham, reksa dana, sampai obligasi. Jadi tiap buka aplikasi, langsung dapet gambaran lengkap tanpa ribet pindah-pindah menu.",True,317,43,1.13.1,0,Tidak,,,Sampel ulasan publik Play Store
f3683e7f-f859-4eed-8a59-863b3c33cd0c,2026-09-26 00:43:31,https://play.google.com/store/apps/details?id=id.trimegah.tplus.android,ID,id,5,1.0,100.0,Positive,Transaksi & Portofolio Saham,2026-05-04 20:34:37,2026,"kemarin sempat ada kendala karna baru pertama kali mau nyoba, tetapi adminnya responsif dan mantap juga fitur lengkap dalam 1 aplikasi sudah ada semua dari saham obligasi reksadana juga","kemarin sempat ada kendala karna baru pertama kali mau nyoba, tetapi adminnya responsif dan mantap juga fitur lengkap dalam 1 aplikasi sudah ada semua dari saham obligasi reksadana juga",True,185,29,Tidak Tercatat,0,Tidak,,,Sampel ulasan publik Play Store
f1a1823a-1825-400c-b616-33018f9808c2,2026-09-26 00:43:31,https://play.google.com/store/apps/details?id=id.trimegah.tplus.android,ID,id,5,1.0,100.0,Positive,Transaksi & Portofolio Saham,2026-05-04 19:24:49,2026,"Aplikasi investasi paling paket lengkap sih Trima+, Fitur Watchlist dan form order lengkap banget, ngebantu buat trader saham pemula maupun pro. Paling suka ada fitur Trima+ Picks dan Trima+ Ideas ngebantu cari ide beli saham harian jadi nggak perlu pusing screening lagi. Plus, praktis banget karena bisa beli saham, reksa dana, dan obligasi di dalam 1 aplikasi.Jadinya All-in-one!","Aplikasi investasi paling paket lengkap sih Trima+, Fitur Watchlist dan form order lengkap banget, ngebantu buat trader saham pemula maupun pro. Paling suka ada fitur Trima+ Picks dan Trima+ Ideas ngebantu cari ide beli saham harian jadi nggak perlu pusing screening lagi. Plus, praktis banget karena bisa beli saham, reksa dana, dan obligasi di dalam 1 aplikasi.Jadinya All-in-one!",True,382,58,Tidak Tercatat,0,Tidak,,,Sampel ulasan publik Play Store
ce7da4f9-d759-4b89-a978-a17c8e857bd8,2026-09-26 00:43:31,https://play.google.com/store/apps/details?id=id.trimegah.tplus.android,ID,id,2,0.25,25.0,Negative,Login & Autentikasi,2026-05-02 12:39:44,2026,"daftar susah, nunggu otp ga masuk masuk","daftar susah, nunggu otp ga masuk masuk",True,39,7,1.13.1,0,Tidak,,,Sampel ulasan publik Play Store
eec64e77-e703-478e-b33c-1356d9236a32,2026-09-26 00:43:31,https://play.google.com/store/apps/details?id=id.trimegah.tplus.android,ID,id,5,1.0,100.0,Positive,Login & Autentikasi,2026-04-28 23:15:11,2026,"proses lihat market dan transaksi terasa cepat, fiturnya membantu buat yang mau investasi saham, dapet notifikasi email nya juga untuk login, jadi merasa aman","proses lihat market dan transaksi terasa cepat, fiturnya membantu buat yang mau investasi saham, dapet notifikasi email nya juga untuk login, jadi merasa aman",True,158,24,Tidak Tercatat,0,Tidak,,,Sampel ulasan publik Play Store
9763de11-008e-4a86-a3d2-6619ce1cc92d,2026-09-26 00:43:31,https://play.google.com/store/apps/details?id=id.trimegah.tplus.android,ID,id,5,1.0,100.0,Positive,Login & Autentikasi,2026-04-28 23:11:14,2026,"Proses tarik dana cepet, loginnya simpel cukup pakai nomor hp, aplikasinya bisa dipake semua instrumen kaya saham, reksa dana","Proses tarik dana cepet, loginnya simpel cukup pakai nomor hp, aplikasinya bisa dipake semua instrumen kaya saham, reksa dana",True,125,19,1.13.1,0,Tidak,,,Sampel ulasan publik Play Store
a3d9d338-0ce7-44c7-8f4d-cb27d9cfe4b7,2026-09-26 00:43:31,https://play.google.com/store/apps/details?id=id.trimegah.tplus.android,ID,id,5,1.0,100.0,Positive,Transaksi & Portofolio Saham,2026-04-28 22:38:17,2026,"UI/UX nya gampang dipahami, cocok buat pemula, bisa beli saham dan reksa dana","UI/UX nya gampang dipahami, cocok buat pemula, bisa beli saham dan reksa dana",True,77,13,Tidak Tercatat,0,Tidak,,,Sampel ulasan publik Play Store
2b7c3032-593f-43c8-aea7-c25fe836f357,2026-09-26 00:43:31,https://play.google.com/store/apps/details?id=id.trimegah.tplus.android,ID,id,5,1.0,100.0,Positive,Apresiasi Umum & Kepuasan,2026-04-28 21:26:43,2026,"rekomend bngtt aplikasinya, mudah dimengerti &dipahami🤩👍🏻","rekomend bngtt aplikasinya, mudah dimengerti &dipahami🤩👍🏻",True,57,6,1.13.1,0,Tidak,,,Sampel ulasan publik Play Store
cf13effb-6e42-4ca4-a72d-ff897d77c082,2026-09-26 00:43:31,https://play.google.com/store/apps/details?id=id.trimegah.tplus.android,ID,id,5,1.0,100.0,Positive,Login & Autentikasi,2026-04-28 21:20:53,2026,"aplikasinya bagus, loginnya juga simpel cuma pake nomer telpon. rekomen","aplikasinya bagus, loginnya juga simpel cuma pake nomer telpon. rekomen",True,71,10,1.13.1,0,Tidak,,,Sampel ulasan publik Play Store
0e35cf66-09a1-497a-b3c7-0953b3156623,2026-09-26 00:43:31,https://play.google.com/store/apps/details?id=id.trimegah.tplus.android,ID,id,5,1.0,100.0,Positive,UI/UX & Performa (Loading/Navigasi),2026-04-28 21:13:14,2026,apk nya run dengan baik ui ux nya juga bagus.. over all best,apk nya run dengan baik ui ux nya juga bagus.. over all best,True,60,13,Tidak Tercatat,0,Tidak,,,Sampel ulasan publik Play Store
2c422457-7581-4441-8654-2f1927d359ba,2026-09-26 00:43:31,https://play.google.com/store/apps/details?id=id.trimegah.tplus.android,ID,id,5,1.0,100.0,Positive,Transaksi & Portofolio Saham,2026-04-28 21:02:05,2026,"Menurut saya Apps ini bagus, fiturnya lengkap bisa buat saham, reksa dana, dan transaksi cepat.","Menurut saya Apps ini bagus, fiturnya lengkap bisa buat saham, reksa dana, dan transaksi cepat.",True,95,15,1.13.1,0,Tidak,,,Sampel ulasan publik Play Store
9eb950d7-a6b0-4ae0-b283-f9c70506e2ad,2026-09-26 00:43:31,https://play.google.com/store/apps/details?id=id.trimegah.tplus.android,ID,id,5,1.0,100.0,Positive,Apresiasi Umum & Kepuasan,2026-04-28 20:56:41,2026,"App mantap, ringan, dan jarang lag. Cocok buat yang mau sat-set investasi saham","App mantap, ringan, dan jarang lag. Cocok buat yang mau sat-set investasi saham",True,79,13,1.13.1,0,Tidak,,,Sampel ulasan publik Play Store
db221dfd-bc91-4df2-a46f-11b4f3c687c8,2026-09-26 00:43:31,https://play.google.com/store/apps/details?id=id.trimegah.tplus.android,ID,id,5,1.0,100.0,Positive,Apresiasi Umum & Kepuasan,2026-04-27 10:22:32,2026,bagus,bagus,True,5,1,1.13.1,0,Tidak,,,Sampel ulasan publik Play Store
371652e1-6515-402e-9367-968b7db026a3,2026-09-26 00:43:31,https://play.google.com/store/apps/details?id=id.trimegah.tplus.android,ID,id,5,1.0,100.0,Positive,Login & Autentikasi,2026-04-27 08:51:05,2026,Paling seneng kalo login nya cuma butuh nomor hp aja fiturnya juga komplit ada UI/UX intuitive yang ga bikin bingung,Paling seneng kalo login nya cuma butuh nomor hp aja fiturnya juga komplit ada UI/UX intuitive yang ga bikin bingung,True,116,20,Tidak Tercatat,0,Tidak,,,Sampel ulasan publik Play Store
8459cc35-2b77-49a6-986c-4f08e72210a3,2026-09-26 00:43:31,https://play.google.com/store/apps/details?id=id.trimegah.tplus.android,ID,id,5,1.0,100.0,Positive,Transaksi & Portofolio Saham,2026-04-24 21:33:01,2026,"cuman di Trima+ bisa beli saham, reksa dana, dan obligasi di dalam 1 aplikasi","cuman di Trima+ bisa beli saham, reksa dana, dan obligasi di dalam 1 aplikasi",True,77,14,Tidak Tercatat,0,Tidak,,,Sampel ulasan publik Play Store
f3ace97f-59f5-4d51-a5c2-974ff4c07210,2026-09-26 00:43:31,https://play.google.com/store/apps/details?id=id.trimegah.tplus.android,ID,id,5,1.0,100.0,Positive,Login & Autentikasi,2026-04-24 21:16:13,2026,"login nya gampang cuman pakai no hp mudah gk ribet, fiturnya juga lebih komplit","login nya gampang cuman pakai no hp mudah gk ribet, fiturnya juga lebih komplit",True,79,14,1.13.1,1,Tidak,,,Sampel ulasan publik Play Store
340a4fc6-06db-4fe8-9ea5-2664b814c274,2026-09-26 00:43:31,https://play.google.com/store/apps/details?id=id.trimegah.tplus.android,ID,id,5,1.0,100.0,Positive,Login & Autentikasi,2026-04-24 21:03:24,2026,"Gokil sih penarikan dana beneran cepet, tadi tarik sebelum jam setengah 11 nggak sampe 30 menit udah masuk. Sat set banget buat yang butuh dana pas jam trading. Mantap","Gokil sih penarikan dana beneran cepet, tadi tarik sebelum jam setengah 11 nggak sampe 30 menit udah masuk. Sat set banget buat yang butuh dana pas jam trading. Mantap",True,167,29,Tidak Tercatat,0,Tidak,,,Sampel ulasan publik Play Store
7d2fdc41-1b35-438a-9d4e-d69dd0f3bcf0,2026-09-26 00:43:31,https://play.google.com/store/apps/details?id=id.trimegah.tplus.android,ID,id,5,1.0,100.0,Positive,Transaksi & Portofolio Saham,2026-04-24 09:29:32,2026,"Log in mudah banget cukup pakai no Hp yg di daftarin. Sangat memudahkan pengguna mau beli reksadana/obligasi bisa di satu aps aja ga mesti banyak aplikasi kepisah2. Aplikasinya jg bagus, lancar 🤩","Log in mudah banget cukup pakai no Hp yg di daftarin. Sangat memudahkan pengguna mau beli reksadana/obligasi bisa di satu aps aja ga mesti banyak aplikasi kepisah2. Aplikasinya jg bagus, lancar 🤩",True,195,32,Tidak Tercatat,0,Tidak,,,Sampel ulasan publik Play Store
8cf53089-d070-4a11-a55f-927b1ffa07a6,2026-09-26 00:43:31,https://play.google.com/store/apps/details?id=id.trimegah.tplus.android,ID,id,4,0.75,75.0,Positive,Transaksi & Portofolio Saham,2026-04-22 13:43:34,2026,RDN bank jago tidak tersedia?,RDN bank jago tidak tersedia?,True,29,5,1.13.0,0,Tidak,,,Sampel ulasan publik Play Store
2a0ee401-5554-4cfd-b680-b4a519b1bdcf,2026-09-26 00:43:31,https://play.google.com/store/apps/details?id=id.trimegah.tplus.android,ID,id,4,0.75,75.0,Positive,Transaksi & Portofolio Saham,2026-04-22 13:23:27,2026,"KELEBIHAN: 1. Saham, reksadana, obligasi di 1 aplikasi 2. Fitur Trima+picks yg bisa bantu memilih saham 3. fitur fast order serta keyboard order yg bisa utk pesan jumlah saham lbh cepat 4. lebih simpel serta cs responsif KEKURANGAN 1. WD diatas jam 10.30 diproses hari berikutnya 2. Fitur IPO gak nemu 3. pemesanan sering dibatalkan meski sudah diatur waktu (nth krn faktor apa) 4. tdk ad fitur screening, kalender corp & share holder 1 %","KELEBIHAN: 1. Saham, reksadana, obligasi di 1 aplikasi 2. Fitur Trima+picks yg bisa bantu memilih saham 3. fitur fast order serta keyboard order yg bisa utk pesan jumlah saham lbh cepat 4. lebih simpel serta cs responsif KEKURANGAN 1. WD diatas jam 10.30 diproses hari berikutnya 2. Fitur IPO gak nemu 3. pemesanan sering dibatalkan meski sudah diatur waktu (nth krn faktor apa) 4. tdk ad fitur screening, kalender corp & share holder 1 %",True,438,75,1.13.1,1,Tidak,,,Sampel ulasan publik Play Store
571810ad-a3f9-4cd0-8dac-efcac48036a2,2026-09-26 00:43:31,https://play.google.com/store/apps/details?id=id.trimegah.tplus.android,ID,id,2,0.25,25.0,Negative,Login & Autentikasi,2026-04-21 14:12:12,2026,"aplikasi busuk gagal terus verifikasi data, sudah di coba pakai nomer hp yg berbeda, gagal , free lumayan besar,","aplikasi busuk gagal terus verifikasi data, sudah di coba pakai nomer hp yg berbeda, gagal , free lumayan besar,",True,112,19,1.13.1,4,Tidak,,,Sampel ulasan publik Play Store
07dd5085-a88f-42e7-a534-51af39905c98,2026-09-26 00:43:31,https://play.google.com/store/apps/details?id=id.trimegah.tplus.android,ID,id,3,0.5,50.0,Neutral,Stabilitas Sistem & Bug (Crash/Error),2026-04-20 11:27:57,2026,"Gak bisa di pake cepet ini, error nya banyak","Gak bisa di pake cepet ini, error nya banyak",True,44,9,1.13.0,0,Tidak,,,Sampel ulasan publik Play Store
009c87de-79cc-4066-8e08-0b7edd898ef9,2026-09-26 00:43:31,https://play.google.com/store/apps/details?id=id.trimegah.tplus.android,ID,id,1,0.0,0.0,Negative,Stabilitas Sistem & Bug (Crash/Error),2026-04-20 10:40:49,2026,aplikasi nya lemot lambat banyak bug,aplikasi nya lemot lambat banyak bug,True,36,6,1.13.0,0,Tidak,,,Sampel ulasan publik Play Store
117a900e-994b-4cad-a109-fda9ad2ae073,2026-09-26 00:43:31,https://play.google.com/store/apps/details?id=id.trimegah.tplus.android,ID,id,4,0.75,75.0,Positive,Apresiasi Umum & Kepuasan,2026-04-17 14:26:14,2026,bagus sih tapi trailing stop ny di ubah jadi persen aja jangan idr,bagus sih tapi trailing stop ny di ubah jadi persen aja jangan idr,True,66,13,1.13.1,0,Tidak,,,Sampel ulasan publik Play Store
d3254207-c620-4384-b365-77455e966ec9,2026-09-26 00:43:31,https://play.google.com/store/apps/details?id=id.trimegah.tplus.android,ID,id,1,0.0,0.0,Negative,Transaksi & Portofolio Saham,2026-04-17 09:49:24,2026,"aplikasi payah... ketika malam di access tidak bisa ketika pagi market open bilangnya sedang maintenance dan sedang penanganan,fee jual beli juga paling besar di antara sekuritas lain tapi aplikasinya payah, yang paling kesel ketika kita habis lihat 1 saham, mau balik utk order ke halaman berikutnya malah otomatis ke halaman depan terus... kan kacau ini aplikasi","aplikasi payah... ketika malam di access tidak bisa ketika pagi market open bilangnya sedang maintenance dan sedang penanganan,fee jual beli juga paling besar di antara sekuritas lain tapi aplikasinya payah, yang paling kesel ketika kita habis lihat 1 saham, mau balik utk order ke halaman berikutnya malah otomatis ke halaman depan terus... kan kacau ini aplikasi",True,364,56,1.13.0,4,Tidak,,,Sampel ulasan publik Play Store
1b678a75-e50b-4621-b4ee-496cea49e516,2026-09-26 00:43:31,https://play.google.com/store/apps/details?id=id.trimegah.tplus.android,ID,id,2,0.25,25.0,Negative,Keluhan Umum Aplikasi,2026-04-17 09:35:42,2026,tolong lah pagi pagi suka erorr ini gabisa entry,tolong lah pagi pagi suka erorr ini gabisa entry,True,48,9,1.13.0,0,Tidak,,,Sampel ulasan publik Play Store
0db8828f-cab0-4ffd-bb55-48be24ec8cd9,2026-09-26 00:43:31,https://play.google.com/store/apps/details?id=id.trimegah.tplus.android,ID,id,1,0.0,0.0,Negative,Keluhan Umum Aplikasi,2026-04-17 09:22:22,2026,gak enak sering gangguan,gak enak sering gangguan,True,24,4,1.13.0,0,Tidak,,,Sampel ulasan publik Play Store
dd64f6c4-1bb0-4e25-8be2-04fe9c73d777,2026-09-26 00:43:31,https://play.google.com/store/apps/details?id=id.trimegah.tplus.android,ID,id,5,1.0,100.0,Positive,Transaksi & Portofolio Saham,2026-04-17 06:13:49,2026,"aplikasinya simple tapi isinya padet. banyak instrumen investasi yang bisa dipilih dari saham, obligasi, reksadana. informasi pasar realtime, ada berita, data pasar bahkan update market, bikin investasi makin mudah.","aplikasinya simple tapi isinya padet. banyak instrumen investasi yang bisa dipilih dari saham, obligasi, reksadana. informasi pasar realtime, ada berita, data pasar bahkan update market, bikin investasi makin mudah.",True,215,29,1.13.0,0,Tidak,,,Sampel ulasan publik Play Store
60c7d4c6-b9a5-448e-830e-26e9b6fc0ee8,2026-09-26 00:43:31,https://play.google.com/store/apps/details?id=id.trimegah.tplus.android,ID,id,5,1.0,100.0,Positive,Transaksi & Portofolio Saham,2026-04-15 15:13:30,2026,"Trima+ sekarang fiturnya lengkap banget dan juga bisa beli saham, reksa dana, dan obligasi di dalam 1 aplikasi. Penarikan dananya juga bisa di proses di hari yang sama sebelum jam 10.30","Trima+ sekarang fiturnya lengkap banget dan juga bisa beli saham, reksa dana, dan obligasi di dalam 1 aplikasi. Penarikan dananya juga bisa di proses di hari yang sama sebelum jam 10.30",True,185,31,Tidak Tercatat,0,Tidak,,,Sampel ulasan publik Play Store
9713a338-9ace-49d8-a5fe-ba38e30fb812,2026-09-26 00:43:31,https://play.google.com/store/apps/details?id=id.trimegah.tplus.android,ID,id,5,1.0,100.0,Positive,UI/UX & Performa (Loading/Navigasi),2026-04-15 05:56:23,2026,"seneng banget nemu aplikasi yang mempermudah pemakaian, cocok banget buat pemula. tampilannya simpel gampang banget dimengerti apalagi buat orang tua kita, ramah bangett","seneng banget nemu aplikasi yang mempermudah pemakaian, cocok banget buat pemula. tampilannya simpel gampang banget dimengerti apalagi buat orang tua kita, ramah bangett",True,169,23,1.13.0,0,Tidak,,,Sampel ulasan publik Play Store
b2c333a1-0a34-458c-998f-14f8c898aae7,2026-09-26 00:43:31,https://play.google.com/store/apps/details?id=id.trimegah.tplus.android,ID,id,5,1.0,100.0,Positive,Transaksi & Portofolio Saham,2026-04-14 20:28:34,2026,penarikan dan setor dana cepet banget muncul saham dll,penarikan dan setor dana cepet banget muncul saham dll,True,54,9,1.13.0,0,Tidak,,,Sampel ulasan publik Play Store
61d60e6d-51d0-46b2-abb8-ba004d013fd1,2026-09-26 00:43:31,https://play.google.com/store/apps/details?id=id.trimegah.tplus.android,ID,id,5,1.0,100.0,Positive,Fitur Analisis & Data Pasar,2026-04-13 12:18:24,2026,"trima nih bantu newbie karena ada fitur picks nya, cobain deh","trima nih bantu newbie karena ada fitur picks nya, cobain deh",True,61,11,1.13.0,0,Tidak,,,Sampel ulasan publik Play Store
ff97b16e-fdb1-442a-b0ce-b305803fa76f,2026-09-26 00:43:31,https://play.google.com/store/apps/details?id=id.trimegah.tplus.android,ID,id,5,1.0,100.0,Positive,Transaksi & Portofolio Saham,2026-04-13 12:11:28,2026,"Gak perlu nunggu lama lagi, karena di sini setoran dana ataupun penarikan dana bisa langsung dilakukan pas jam trading","Gak perlu nunggu lama lagi, karena di sini setoran dana ataupun penarikan dana bisa langsung dilakukan pas jam trading",True,118,19,Tidak Tercatat,0,Tidak,,,Sampel ulasan publik Play Store
cb7626e3-1753-48a7-8665-8628a91fabb6,2026-09-26 00:43:31,https://play.google.com/store/apps/details?id=id.trimegah.tplus.android,ID,id,5,1.0,100.0,Positive,Reksa Dana & SBN,2026-04-13 12:06:41,2026,"trima+ bagus, soalnya dia kaya rangkap 1 apk, lengkappp gitu, ada obligasi, dll","trima+ bagus, soalnya dia kaya rangkap 1 apk, lengkappp gitu, ada obligasi, dll",True,79,13,1.13.0,0,Tidak,,,Sampel ulasan publik Play Store
a5078194-9395-44dc-af3c-20e63b9b3bec,2026-09-26 00:43:31,https://play.google.com/store/apps/details?id=id.trimegah.tplus.android,ID,id,5,1.0,100.0,Positive,Transaksi & Portofolio Saham,2026-04-11 10:43:15,2026,"Mantap nih aplikasi palugada. Cuma satu aplikasi tapi bisa banyak hal mulai dari reksadana, obligasi, sampai beli saham juga bisa","Mantap nih aplikasi palugada. Cuma satu aplikasi tapi bisa banyak hal mulai dari reksadana, obligasi, sampai beli saham juga bisa",True,129,20,1.13.0,0,Tidak,,,Sampel ulasan publik Play Store
c2985ec8-2408-40e8-b290-014f317d1607,2026-09-26 00:43:31,https://play.google.com/store/apps/details?id=id.trimegah.tplus.android,ID,id,5,1.0,100.0,Positive,Transaksi & Portofolio Saham,2026-04-11 10:00:34,2026,"UI/UX-nya nyaman dan gampang dipahami, cocok buat pemula maupun yang udah sering trading. Fitur watchlist sama ordernya juga lengkap, bantu banget buat pantau dan eksekusi. Ditambah ada fitur rekomendasi yang lumayan ngebantu cari ide investasi. Overall cukup lengkap karena semua bisa dilakukan dalam satu aplikasi.","UI/UX-nya nyaman dan gampang dipahami, cocok buat pemula maupun yang udah sering trading. Fitur watchlist sama ordernya juga lengkap, bantu banget buat pantau dan eksekusi. Ditambah ada fitur rekomendasi yang lumayan ngebantu cari ide investasi. Overall cukup lengkap karena semua bisa dilakukan dalam satu aplikasi.",True,316,45,1.13.0,0,Tidak,,,Sampel ulasan publik Play Store
e2bc664b-ea48-458f-a201-f7db6f893236,2026-09-26 00:43:31,https://play.google.com/store/apps/details?id=id.trimegah.tplus.android,ID,id,5,1.0,100.0,Positive,Login & Autentikasi,2026-04-11 09:44:56,2026,"Aplikasinya enak dipakai, semua instrumen kayak saham, reksa dana, sama obligasi langsung kelihatan di satu halaman jadi praktis. Proses tarik dana juga cepat, kalau sebelum jam tertentu bisa diproses di hari yang sama. Login sekarang simpel, cukup pakai nomor HP.","Aplikasinya enak dipakai, semua instrumen kayak saham, reksa dana, sama obligasi langsung kelihatan di satu halaman jadi praktis. Proses tarik dana juga cepat, kalau sebelum jam tertentu bisa diproses di hari yang sama. Login sekarang simpel, cukup pakai nomor HP.",True,264,40,1.13.0,0,Tidak,,,Sampel ulasan publik Play Store
f1e57718-aab7-4aa2-8473-cd95f958e83d,2026-09-26 00:43:31,https://play.google.com/store/apps/details?id=id.trimegah.tplus.android,ID,id,5,1.0,100.0,Positive,Login & Autentikasi,2026-04-10 14:17:19,2026,"Pakai TRIMA+ kerasa praktis banget. Login cukup pakai nomor HP, tampilannya enak dilihat, dan navigasinya gampang dipahami. Watchlist sama form order-nya lengkap, jadi bantu banget pas mau ambil posisi.","Pakai TRIMA+ kerasa praktis banget. Login cukup pakai nomor HP, tampilannya enak dilihat, dan navigasinya gampang dipahami. Watchlist sama form order-nya lengkap, jadi bantu banget pas mau ambil posisi.",True,202,29,Tidak Tercatat,0,Tidak,,,Sampel ulasan publik Play Store
1c44bd00-af38-4598-833e-0c0c0fc6925a,2026-09-26 00:43:31,https://play.google.com/store/apps/details?id=id.trimegah.tplus.android,ID,id,5,1.0,100.0,Positive,Transaksi & Portofolio Saham,2026-04-10 13:17:01,2026,membantu banget aplikasinya. form order lengkap dan penarikan bisa langsung diproses di hari yang sama,membantu banget aplikasinya. form order lengkap dan penarikan bisa langsung diproses di hari yang sama,True,102,15,1.13.0,0,Tidak,,,Sampel ulasan publik Play Store
d9a94248-964f-41eb-b9c7-604a0784b2c9,2026-09-26 00:43:31,https://play.google.com/store/apps/details?id=id.trimegah.tplus.android,ID,id,5,1.0,100.0,Positive,Transaksi & Portofolio Saham,2026-04-10 12:11:46,2026,aplikasinya keren. proses penarikan bisa cepet banget,aplikasinya keren. proses penarikan bisa cepet banget,True,53,7,1.13.0,0,Tidak,,,Sampel ulasan publik Play Store
c769a8df-dc53-4929-befc-80bb3b321006,2026-09-26 00:43:31,https://play.google.com/store/apps/details?id=id.trimegah.tplus.android,ID,id,5,1.0,100.0,Positive,Transaksi & Portofolio Saham,2026-04-10 12:07:09,2026,fiturnya komplit banget. dan ngebantu banget cari referensi beli saham,fiturnya komplit banget. dan ngebantu banget cari referensi beli saham,True,70,10,1.13.0,0,Tidak,,,Sampel ulasan publik Play Store
8eb30e8b-2038-40f8-8227-b70f7484360a,2026-09-26 00:43:31,https://play.google.com/store/apps/details?id=id.trimegah.tplus.android,ID,id,1,0.0,0.0,Negative,UI/UX & Performa (Loading/Navigasi),2026-04-10 11:23:12,2026,"pendaftaran sekuritas paling ribet yg pernah gw coba,🤦","pendaftaran sekuritas paling ribet yg pernah gw coba,🤦",True,54,8,1.13.0,1,Tidak,,,Sampel ulasan publik Play Store
f2395ed4-0ba4-47f2-8406-340a1aeffaf4,2026-09-26 00:43:31,https://play.google.com/store/apps/details?id=id.trimegah.tplus.android,ID,id,4,0.75,75.0,Positive,Apresiasi Umum & Kepuasan,2026-04-10 10:54:18,2026,saya baru buka belum topap,saya baru buka belum topap,True,26,5,1.13.0,0,Tidak,,,Sampel ulasan publik Play Store
099b7e33-8c1c-44d0-a385-9512e31aa3ca,2026-09-26 00:43:31,https://play.google.com/store/apps/details?id=id.trimegah.tplus.android,ID,id,1,0.0,0.0,Negative,Keluhan Umum Aplikasi,2026-04-09 15:20:35,2026,jelek,jelek,True,5,1,1.13.0,0,Tidak,,,Sampel ulasan publik Play Store
cf4d0373-7295-4611-b2f6-34121b7878ad,2026-09-26 00:43:31,https://play.google.com/store/apps/details?id=id.trimegah.tplus.android,ID,id,1,0.0,0.0,Negative,Transaksi & Portofolio Saham,2026-04-09 15:20:32,2026,beli obligasi korporasi ko ga ada riwayatnya. hilang sama sekali pending transaksi. dana sdh disedot. ati ati guys,beli obligasi korporasi ko ga ada riwayatnya. hilang sama sekali pending transaksi. dana sdh disedot. ati ati guys,True,114,18,1.13.0,0,Tidak,,,Sampel ulasan publik Play Store
cdfad52b-b9fa-4a8d-8b7d-9810b0e9d3a5,2026-09-26 00:43:31,https://play.google.com/store/apps/details?id=id.trimegah.tplus.android,ID,id,5,1.0,100.0,Positive,Apresiasi Umum & Kepuasan,2026-04-08 16:41:31,2026,ok,ok,True,2,1,Tidak Tercatat,0,Tidak,,,Sampel ulasan publik Play Store
63cf0a33-3011-4d9e-b72d-8e4528ea4eca,2026-09-26 00:43:31,https://play.google.com/store/apps/details?id=id.trimegah.tplus.android,ID,id,5,1.0,100.0,Positive,Transaksi & Portofolio Saham,2026-04-08 11:40:41,2026,"enak dipakai, bisa beli saham, reksa dana, sama obligasi dalam satu aplikasi. praktis sih!","enak dipakai, bisa beli saham, reksa dana, sama obligasi dalam satu aplikasi. praktis sih!",True,90,14,1.13.0,0,Tidak,,,Sampel ulasan publik Play Store
e3272f11-171e-4201-8cae-56819965f31d,2026-09-26 00:43:31,https://play.google.com/store/apps/details?id=id.trimegah.tplus.android,ID,id,5,1.0,100.0,Positive,Login & Autentikasi,2026-04-08 11:30:07,2026,"suka sama aplikasi ini karna loginnya simple, cukup pakai nomor hp aja","suka sama aplikasi ini karna loginnya simple, cukup pakai nomor hp aja",True,70,12,1.13.0,0,Tidak,,,Sampel ulasan publik Play Store
879363c7-f5f2-4801-ba5c-88e0a54cad47,2026-09-26 00:43:31,https://play.google.com/store/apps/details?id=id.trimegah.tplus.android,ID,id,5,1.0,100.0,Positive,Login & Autentikasi,2026-04-08 09:49:30,2026,"setor dana bisa langsung mucul saham, reksa dana dan obligasi di satu halaman, fiturnya komplit dan login bisa pake no hp","setor dana bisa langsung mucul saham, reksa dana dan obligasi di satu halaman, fiturnya komplit dan login bisa pake no hp",True,121,21,1.13.0,0,Tidak,,,Sampel ulasan publik Play Store
cb108a63-da9e-4f27-ba94-73778dafa463,2026-09-26 00:43:31,https://play.google.com/store/apps/details?id=id.trimegah.tplus.android,ID,id,5,1.0,100.0,Positive,Transaksi & Portofolio Saham,2026-04-08 08:01:25,2026,suka banget sama fitur trima+ picks dan trima+ ideas buat ngebantu aku cari ide beli saham,suka banget sama fitur trima+ picks dan trima+ ideas buat ngebantu aku cari ide beli saham,True,90,16,1.13.0,0,Tidak,,,Sampel ulasan publik Play Store
89483480-2578-4573-9813-ddc070c12189,2026-09-26 00:43:31,https://play.google.com/store/apps/details?id=id.trimegah.tplus.android,ID,id,5,1.0,100.0,Positive,Apresiasi Umum & Kepuasan,2026-04-07 08:04:35,2026,mantap,mantap,True,6,1,1.13.0,0,Tidak,,,Sampel ulasan publik Play Store
28249f57-f665-48d4-8a13-0d2fb0efb15e,2026-09-26 00:43:31,https://play.google.com/store/apps/details?id=id.trimegah.tplus.android,ID,id,5,1.0,100.0,Positive,Apresiasi Umum & Kepuasan,2026-04-06 15:18:11,2026,Nice investment..,Nice investment..,True,17,2,1.12.0,0,Tidak,,,Sampel ulasan publik Play Store
e2f7fbcd-b4c5-4fde-a82c-d0d01f8b2fb8,2026-09-26 00:43:31,https://play.google.com/store/apps/details?id=id.trimegah.tplus.android,ID,id,5,1.0,100.0,Positive,Apresiasi Umum & Kepuasan,2026-04-06 12:12:08,2026,ok,ok,True,2,1,1.13.0,0,Tidak,,,Sampel ulasan publik Play Store
2f779179-acf2-492f-9bb8-7f936d35e528,2026-09-26 00:43:31,https://play.google.com/store/apps/details?id=id.trimegah.tplus.android,ID,id,5,1.0,100.0,Positive,Apresiasi Umum & Kepuasan,2026-04-04 19:40:53,2026,ok lengkap,ok lengkap,True,10,2,1.12.0,0,Tidak,,,Sampel ulasan publik Play Store
19e007bc-84ae-44c5-81ae-30dc445507b9,2026-09-26 00:43:31,https://play.google.com/store/apps/details?id=id.trimegah.tplus.android,ID,id,5,1.0,100.0,Positive,Login & Autentikasi,2026-04-04 17:03:45,2026,"mudah bgt loginnya cuma pakai nomer hp aja, fiturnga jg komplit bgt","mudah bgt loginnya cuma pakai nomer hp aja, fiturnga jg komplit bgt",True,67,12,1.13.0,0,Tidak,,,Sampel ulasan publik Play Store
da9d2dd8-326a-4614-9787-d055d443ab4c,2026-09-26 00:43:31,https://play.google.com/store/apps/details?id=id.trimegah.tplus.android,ID,id,5,1.0,100.0,Positive,Transaksi & Portofolio Saham,2026-04-04 16:40:35,2026,"di trima+ saham, Reksadana dan obligasi ada di sini semua, fiturnya komplit penarikan dana bisa langsung diproses sblm jam 10.30","di trima+ saham, Reksadana dan obligasi ada di sini semua, fiturnya komplit penarikan dana bisa langsung diproses sblm jam 10.30",True,128,20,1.13.0,0,Tidak,,,Sampel ulasan publik Play Store
4abee2bf-7149-4936-a00d-2ca37363d73c,2026-09-26 00:43:31,https://play.google.com/store/apps/details?id=id.trimegah.tplus.android,ID,id,5,1.0,100.0,Positive,Fitur Analisis & Data Pasar,2026-04-04 16:38:10,2026,"Sebagai pemula, pakai aplikasi ini berasa terbantu banget. Semua fitur gampang dipahami, dari daftar sampai mulai trading. Cocok banget buat yang baru terjun ke dunia saham.","Sebagai pemula, pakai aplikasi ini berasa terbantu banget. Semua fitur gampang dipahami, dari daftar sampai mulai trading. Cocok banget buat yang baru terjun ke dunia saham.",True,173,26,1.13.0,0,Tidak,,,Sampel ulasan publik Play Store
47c8f979-0309-445e-b663-1c97c331d331,2026-09-26 00:43:31,https://play.google.com/store/apps/details?id=id.trimegah.tplus.android,ID,id,5,1.0,100.0,Positive,Transaksi & Portofolio Saham,2026-04-03 17:15:54,2026,"aplikasinya mudah digunain, lengkap fiturnya, watchlist dan form ordernya lengkap, ngebantu banget aplikasinya","aplikasinya mudah digunain, lengkap fiturnya, watchlist dan form ordernya lengkap, ngebantu banget aplikasinya",True,110,13,1.13.0,0,Tidak,,,Sampel ulasan publik Play Store
48339ac5-824d-4614-892f-a0bbab83561f,2026-09-26 00:43:31,https://play.google.com/store/apps/details?id=id.trimegah.tplus.android,ID,id,5,1.0,100.0,Positive,Transaksi & Portofolio Saham,2026-04-03 14:12:24,2026,"watchlist dan form ordernya lengkap banget, ngebantu banget buat trader saham pemula kaya saya","watchlist dan form ordernya lengkap banget, ngebantu banget buat trader saham pemula kaya saya",True,94,14,1.13.0,0,Tidak,,,Sampel ulasan publik Play Store
9087d6b2-fecb-48e7-9191-3bc6227ee330,2026-09-26 00:43:31,https://play.google.com/store/apps/details?id=id.trimegah.tplus.android,ID,id,5,1.0,100.0,Positive,Transaksi & Portofolio Saham,2026-04-03 14:09:49,2026,"aplikasi nya bagus dan lengkap, penarikan dan setoran dana bisa langsung munculsaham Reksadana dan obligasi di 1 halaman. mantap","aplikasi nya bagus dan lengkap, penarikan dan setoran dana bisa langsung munculsaham Reksadana dan obligasi di 1 halaman. mantap",True,128,19,1.13.0,0,Tidak,,,Sampel ulasan publik Play Store
38321ed6-d99c-4ffc-a5a0-16bfdede9eb7,2026-09-26 00:43:31,https://play.google.com/store/apps/details?id=id.trimegah.tplus.android,ID,id,5,1.0,100.0,Positive,Login & Autentikasi,2026-04-03 13:47:13,2026,suka banget aplikasi ini karna penarikan dana diproses di hari yang sama sebelum jam 10.30 dan gak sampe 30 menit uangnya masuk. jadi ngebantu banget,suka banget aplikasi ini karna penarikan dana diproses di hari yang sama sebelum jam 10.30 dan gak sampe 30 menit uangnya masuk. jadi ngebantu banget,True,149,25,1.13.0,0,Tidak,,,Sampel ulasan publik Play Store
6a0e6f93-1f14-4aba-9888-bffc93b1131f,2026-09-26 00:43:31,https://play.google.com/store/apps/details?id=id.trimegah.tplus.android,ID,id,5,1.0,100.0,Positive,Transaksi & Portofolio Saham,2026-04-01 16:24:17,2026,"seneng bgt kalau invest di sini, penarikan dana bisa diproses langsung sblm jam 10.30, mana logika juga gampang bgt cuman pake no hp, memudahkan bgt buat pemula yg mau beli saham, raksa dana dan obligasi ga repot dan cepet prosesnya","seneng bgt kalau invest di sini, penarikan dana bisa diproses langsung sblm jam 10.30, mana logika juga gampang bgt cuman pake no hp, memudahkan bgt buat pemula yg mau beli saham, raksa dana dan obligasi ga repot dan cepet prosesnya",True,232,40,1.12.0,0,Tidak,,,Sampel ulasan publik Play Store
c71361ce-1f7f-4d0c-a7a0-ae9df7612078,2026-09-26 00:43:31,https://play.google.com/store/apps/details?id=id.trimegah.tplus.android,ID,id,5,1.0,100.0,Positive,Transaksi & Portofolio Saham,2026-04-01 11:37:47,2026,"⁠aplikasinya lengkap banget bisa beli saham, reksa dana, dan obligasi di dalam 1 aplikasi","⁠aplikasinya lengkap banget bisa beli saham, reksa dana, dan obligasi di dalam 1 aplikasi",True,89,14,Tidak Tercatat,0,Tidak,,,Sampel ulasan publik Play Store
b2d0eb31-34a3-47cb-9d70-d5205077bd6f,2026-09-26 00:43:31,https://play.google.com/store/apps/details?id=id.trimegah.tplus.android,ID,id,5,1.0,100.0,Positive,Login & Autentikasi,2026-03-31 23:02:22,2026,"simple bgt ya login cm pakai nomer hp, dan penarikan dananya jg satset","simple bgt ya login cm pakai nomer hp, dan penarikan dananya jg satset",True,70,13,1.13.0,0,Tidak,,,Sampel ulasan publik Play Store
ebe2edd8-754f-475e-be05-786b0dba6485,2026-09-26 00:43:31,https://play.google.com/store/apps/details?id=id.trimegah.tplus.android,ID,id,5,1.0,100.0,Positive,Transaksi & Portofolio Saham,2026-03-31 22:49:27,2026,"bisa beli saham, reksadana dan obligasi cuma pake 1 aplikasi ditambah penarikan atau setoran dan itu bisa pas langsung muncul di jam trading","bisa beli saham, reksadana dan obligasi cuma pake 1 aplikasi ditambah penarikan atau setoran dan itu bisa pas langsung muncul di jam trading",True,140,23,Tidak Tercatat,0,Tidak,,,Sampel ulasan publik Play Store
337a742a-05f7-4fc8-93b7-f1654115e664,2026-09-26 00:43:31,https://play.google.com/store/apps/details?id=id.trimegah.tplus.android,ID,id,5,1.0,100.0,Positive,Login & Autentikasi,2026-03-30 13:34:39,2026,"paling suka banget sama aplikasi yang login nya tuh mudah cuma pakai nomor HP aja, fiturnya juga komplit. UI/UX Intuitive","paling suka banget sama aplikasi yang login nya tuh mudah cuma pakai nomor HP aja, fiturnya juga komplit. UI/UX Intuitive",True,121,20,1.12.0,0,Tidak,,,Sampel ulasan publik Play Store
dac88873-e73e-4f90-b62c-4d9618bc9f5c,2026-09-26 00:43:31,https://play.google.com/store/apps/details?id=id.trimegah.tplus.android,ID,id,5,1.0,100.0,Positive,Transaksi & Portofolio Saham,2026-03-28 05:23:44,2026,rekomend Dey aplikasi ini.. penarikan dan setor dana bisa langsung muncul pas di jam trading ..mantap,rekomend Dey aplikasi ini.. penarikan dan setor dana bisa langsung muncul pas di jam trading ..mantap,True,101,16,1.12.0,0,Tidak,,,Sampel ulasan publik Play Store
d363ad0f-465a-4c19-a22b-1caf6a0a3992,2026-09-26 00:43:31,https://play.google.com/store/apps/details?id=id.trimegah.tplus.android,ID,id,5,1.0,100.0,Positive,Login & Autentikasi,2026-03-27 16:54:25,2026,loginnya mudah banget pake nomer aja,loginnya mudah banget pake nomer aja,True,36,6,Tidak Tercatat,0,Tidak,,,Sampel ulasan publik Play Store
9ba1c57e-c10b-46a7-966d-616f496e559b,2026-09-26 00:43:31,https://play.google.com/store/apps/details?id=id.trimegah.tplus.android,ID,id,5,1.0,100.0,Positive,Apresiasi Umum & Kepuasan,2026-03-25 20:18:30,2026,kalo bisa trimegah sekuritas ini langsung bisa ada IPO nya.kayak stokbit,kalo bisa trimegah sekuritas ini langsung bisa ada IPO nya.kayak stokbit,True,72,11,1.12.0,0,Tidak,,,Sampel ulasan publik Play Store
a9cce350-915d-4ff0-8d59-45baa3b82639,2026-09-26 00:43:31,https://play.google.com/store/apps/details?id=id.trimegah.tplus.android,ID,id,1,0.0,0.0,Negative,Login & Autentikasi,2026-03-25 13:27:25,2026,"setiap mencoba membuka rekening investasi, disesi deteksi wajah untuk verifikasi data setelah upload ktp halaman selalu tidak dapat dimuat, ini bug yang sudah cukup lama, berkali-kali saya sudah coba untuk membuka akun sekuritas disini dan tetap gagal karena ini. mohon pihak pengembang untuk memperbaiki masalah ini, sampai saat ini saya tidak dapat membuka sekuritas trimegah.","setiap mencoba membuka rekening investasi, disesi deteksi wajah untuk verifikasi data setelah upload ktp halaman selalu tidak dapat dimuat, ini bug yang sudah cukup lama, berkali-kali saya sudah coba untuk membuka akun sekuritas disini dan tetap gagal karena ini. mohon pihak pengembang untuk memperbaiki masalah ini, sampai saat ini saya tidak dapat membuka sekuritas trimegah.",True,378,55,1.12.0,6,Tidak,,,Sampel ulasan publik Play Store
045a50a5-64bb-4452-9eec-74263d541036,2026-09-26 00:43:31,https://play.google.com/store/apps/details?id=id.trimegah.tplus.android,ID,id,5,1.0,100.0,Positive,Fitur Analisis & Data Pasar,2026-03-19 23:08:46,2026,"Baru pertama kali coba aplikasi Trima+ dari Trimegah, sangat mudah digunakan, trading saham cepat, analisis teknikal akurat, dan integrasi dengan IDX. Sangat direkomendasikan untuk investasi saham!","Baru pertama kali coba aplikasi Trima+ dari Trimegah, sangat mudah digunakan, trading saham cepat, analisis teknikal akurat, dan integrasi dengan IDX. Sangat direkomendasikan untuk investasi saham!",True,197,26,1.12.0,0,Tidak,,,Sampel ulasan publik Play Store
4e2dae15-052f-41fa-8695-396920190ff3,2026-09-26 00:43:31,https://play.google.com/store/apps/details?id=id.trimegah.tplus.android,ID,id,5,1.0,100.0,Positive,Customer Service & Layanan,2026-03-19 16:30:11,2026,aku coba apk trima untuk treding saham IDX sejauh ini pengalaman nya sangat bagus pokoknya sangat puas dengan aplikasi ini fiturnya lengkap dan responsif,aku coba apk trima untuk treding saham IDX sejauh ini pengalaman nya sangat bagus pokoknya sangat puas dengan aplikasi ini fiturnya lengkap dan responsif,True,153,24,1.12.0,0,Tidak,,,Sampel ulasan publik Play Store
c8221aee-43a3-4b76-8128-84f4560eaea9,2026-09-26 00:43:31,https://play.google.com/store/apps/details?id=id.trimegah.tplus.android,ID,id,5,1.0,100.0,Positive,Transaksi & Portofolio Saham,2026-03-19 15:05:06,2026,"Applikasi nya mudah banget, banyak fitur lain nya. penarikan dana juga cepet ga harus nunggu 1/2hari deh","Applikasi nya mudah banget, banyak fitur lain nya. penarikan dana juga cepet ga harus nunggu 1/2hari deh",True,104,17,1.12.0,0,Tidak,,,Sampel ulasan publik Play Store
811240f0-63c3-432b-8f2a-4737504f8873,2026-09-26 00:43:31,https://play.google.com/store/apps/details?id=id.trimegah.tplus.android,ID,id,5,1.0,100.0,Positive,Transaksi & Portofolio Saham,2026-03-19 03:15:02,2026,fitur trima+ ini ngebantu si bisa cari saran buat beli saham mudah deh,fitur trima+ ini ngebantu si bisa cari saran buat beli saham mudah deh,True,70,13,1.12.0,0,Tidak,,,Sampel ulasan publik Play Store
46fa4b58-b9a9-4dae-9f60-0ce4f02df8b0,2026-09-26 00:43:31,https://play.google.com/store/apps/details?id=id.trimegah.tplus.android,ID,id,1,0.0,0.0,Negative,Transaksi & Portofolio Saham,2026-03-17 10:26:28,2026,"proses penarikan Dana nya Lama, Dan juga dibatasi waktu","proses penarikan Dana nya Lama, Dan juga dibatasi waktu",True,55,9,1.12.0,0,Tidak,,,Sampel ulasan publik Play Store
273b926d-a601-4e7f-a8b5-21be83d23085,2026-09-26 00:43:31,https://play.google.com/store/apps/details?id=id.trimegah.tplus.android,ID,id,5,1.0,100.0,Positive,Transaksi & Portofolio Saham,2026-03-16 21:49:01,2026,"Aplikasi ini cukup praktis karena dalam satu platform sudah bisa membeli saham, reksa dana, dan obligasi. Jadi tidak perlu memakai banyak aplikasi untuk investasi. Semua portofolio juga bisa dipantau dengan mudah sehingga investasi terasa lebih simpel dan efisien.","Aplikasi ini cukup praktis karena dalam satu platform sudah bisa membeli saham, reksa dana, dan obligasi. Jadi tidak perlu memakai banyak aplikasi untuk investasi. Semua portofolio juga bisa dipantau dengan mudah sehingga investasi terasa lebih simpel dan efisien.",True,264,38,Tidak Tercatat,0,Tidak,,,Sampel ulasan publik Play Store
815a8522-9240-479a-bdc8-98b18e6e649e,2026-09-26 00:43:31,https://play.google.com/store/apps/details?id=id.trimegah.tplus.android,ID,id,5,1.0,100.0,Positive,Login & Autentikasi,2026-03-16 17:27:13,2026,sejauh ini baru kali ini nemu aplikasi invest yang loginnya cuma pake nomor hp,sejauh ini baru kali ini nemu aplikasi invest yang loginnya cuma pake nomor hp,True,78,14,1.12.0,0,Tidak,,,Sampel ulasan publik Play Store
1cdf2078-a298-45dd-a711-839d84c83e83,2026-09-26 00:43:31,https://play.google.com/store/apps/details?id=id.trimegah.tplus.android,ID,id,5,1.0,100.0,Positive,Transaksi & Portofolio Saham,2026-03-16 16:00:01,2026,"suka sekali pakai aplikasi ini karna disini sudah paket lengkap bisa beli Reksadana, obligasi, serta saham dalam 1 aplikasi. yang terpenting sudah pasti aman dan diawasi oleh OJK juga.","suka sekali pakai aplikasi ini karna disini sudah paket lengkap bisa beli Reksadana, obligasi, serta saham dalam 1 aplikasi. yang terpenting sudah pasti aman dan diawasi oleh OJK juga.",True,184,29,Tidak Tercatat,0,Tidak,,,Sampel ulasan publik Play Store
c31bba6c-79fd-4b41-9f08-bb0bfa2614c4,2026-09-26 00:43:31,https://play.google.com/store/apps/details?id=id.trimegah.tplus.android,ID,id,5,1.0,100.0,Positive,Transaksi & Portofolio Saham,2026-03-15 23:08:48,2026,"bener2 membantu saya aplikasi ini mencari ide beli saham, terus aplikasinya mudah digunakan","bener2 membantu saya aplikasi ini mencari ide beli saham, terus aplikasinya mudah digunakan",True,91,13,Tidak Tercatat,0,Tidak,,,Sampel ulasan publik Play Store
294cbd59-f94a-4568-9869-296d4a0ee190,2026-09-26 00:43:31,https://play.google.com/store/apps/details?id=id.trimegah.tplus.android,ID,id,5,1.0,100.0,Positive,Login & Autentikasi,2026-03-13 21:50:57,2026,"Login cuma pakai nomor HP, nggak ribet.. ngebantu banget buat ngecek saham tiap hari..","Login cuma pakai nomor HP, nggak ribet.. ngebantu banget buat ngecek saham tiap hari..",True,86,14,1.12.0,0,Tidak,,,Sampel ulasan publik Play Store
d6e1747d-4a1f-4ae8-b196-2805afb62eaf,2026-09-26 00:43:31,https://play.google.com/store/apps/details?id=id.trimegah.tplus.android,ID,id,5,1.0,100.0,Positive,Apresiasi Umum & Kepuasan,2026-03-13 08:14:40,2026,"saya ingin merubah rekening bank , bagaimana caranya?","saya ingin merubah rekening bank , bagaimana caranya?",True,53,8,1.12.0,0,Tidak,,,Sampel ulasan publik Play Store
fc8306b8-80f8-4aff-8bb5-f0e0a76ffbbf,2026-09-26 00:43:31,https://play.google.com/store/apps/details?id=id.trimegah.tplus.android,ID,id,5,1.0,100.0,Positive,Fitur Analisis & Data Pasar,2026-03-13 02:34:24,2026,Aplikasi berjalan lancar tanpa banyak kendala. Fitur yang ada cukup membantu dan mudah dipahami.,Aplikasi berjalan lancar tanpa banyak kendala. Fitur yang ada cukup membantu dan mudah dipahami.,True,96,14,1.12.0,0,Tidak,,,Sampel ulasan publik Play Store
ea32ce11-ebba-4832-89f1-400100297744,2026-09-26 00:43:31,https://play.google.com/store/apps/details?id=id.trimegah.tplus.android,ID,id,5,1.0,100.0,Positive,Customer Service & Layanan,2026-03-12 23:29:28,2026,aplikasi sangat membantu dan mudah digunakan.pokoknya sangat puas dengan aplikasi ini.fitur lengkapdan responsif,aplikasi sangat membantu dan mudah digunakan.pokoknya sangat puas dengan aplikasi ini.fitur lengkapdan responsif,True,112,13,Tidak Tercatat,0,Tidak,,,Sampel ulasan publik Play Store
eacf4ebc-780a-4379-96e7-4d2739e4117f,2026-09-26 00:43:31,https://play.google.com/store/apps/details?id=id.trimegah.tplus.android,ID,id,5,1.0,100.0,Positive,UI/UX & Performa (Loading/Navigasi),2026-03-12 20:13:20,2026,"pake aplikasi trima+ udh agak lama, tapi baru kaaib review skrg, aplikasinya bagus bgt buat invest, ui dan ux nya mudah dipahami apalagi buat pemula","pake aplikasi trima+ udh agak lama, tapi baru kaaib review skrg, aplikasinya bagus bgt buat invest, ui dan ux nya mudah dipahami apalagi buat pemula",True,148,25,1.12.0,0,Tidak,,,Sampel ulasan publik Play Store
b353b174-267c-4d65-a9d3-e07002b35bdc,2026-09-26 00:43:31,https://play.google.com/store/apps/details?id=id.trimegah.tplus.android,ID,id,5,1.0,100.0,Positive,Login & Autentikasi,2026-03-12 13:12:30,2026,"trima makin ok. login g perlu ribet lagi, sekarang cuma pake no hp udah bisa login.","trima makin ok. login g perlu ribet lagi, sekarang cuma pake no hp udah bisa login.",True,83,16,1.12.0,0,Tidak,,,Sampel ulasan publik Play Store
3cb64ea9-c74f-4772-b6b5-d01b94591414,2026-09-26 00:43:31,https://play.google.com/store/apps/details?id=id.trimegah.tplus.android,ID,id,5,1.0,100.0,Positive,Transaksi & Portofolio Saham,2026-03-12 12:57:30,2026,apps ini cukup membantu karna ada reksadana dan obligasi :),apps ini cukup membantu karna ada reksadana dan obligasi :),True,59,10,1.12.0,0,Tidak,,,Sampel ulasan publik Play Store
08855612-b215-4bd7-a203-d6860678db82,2026-09-26 00:43:31,https://play.google.com/store/apps/details?id=id.trimegah.tplus.android,ID,id,5,1.0,100.0,Positive,Transaksi & Portofolio Saham,2026-03-11 20:31:50,2026,"Suka dengan aplikasi ini. Fiturnya lengkap. Bisa beli saham, reksa dana dan obligasi di dalam 1 aplikasi","Suka dengan aplikasi ini. Fiturnya lengkap. Bisa beli saham, reksa dana dan obligasi di dalam 1 aplikasi",True,104,17,1.12.0,0,Tidak,,,Sampel ulasan publik Play Store
be0c03bc-d72b-4388-9dc3-46edf32d9158,2026-09-26 00:43:31,https://play.google.com/store/apps/details?id=id.trimegah.tplus.android,ID,id,5,1.0,100.0,Positive,Fitur Analisis & Data Pasar,2026-03-11 19:44:41,2026,"Aplikasi favorit saya dengan Fitur lengkap, mudah digunakan, dan sangat membantu banget 👍""","Aplikasi favorit saya dengan Fitur lengkap, mudah digunakan, dan sangat membantu banget 👍""",True,90,13,1.12.0,0,Tidak,,,Sampel ulasan publik Play Store
9054f860-47af-42dd-b122-68a720a7c52d,2026-09-26 00:43:31,https://play.google.com/store/apps/details?id=id.trimegah.tplus.android,ID,id,5,1.0,100.0,Positive,Login & Autentikasi,2026-03-11 16:59:17,2026,"Penarikan dan setoran dana cukup cepat, bahkan bisa langsung masuk saat jam trading sehingga memudahkan transaksi tanpa perlu menunggu lama","Penarikan dan setoran dana cukup cepat, bahkan bisa langsung masuk saat jam trading sehingga memudahkan transaksi tanpa perlu menunggu lama",True,139,20,Tidak Tercatat,0,Tidak,,,Sampel ulasan publik Play Store
4be3beef-c02b-43c2-b273-ed0b3d0b88dc,2026-09-26 00:43:31,https://play.google.com/store/apps/details?id=id.trimegah.tplus.android,ID,id,5,1.0,100.0,Positive,Apresiasi Umum & Kepuasan,2026-03-11 15:55:48,2026,"appnya bagus, lengkap dan mudah dimengerti. semoga cocok buat newbie","appnya bagus, lengkap dan mudah dimengerti. semoga cocok buat newbie",True,68,10,Tidak Tercatat,0,Tidak,,,Sampel ulasan publik Play Store
192451fd-14bb-4df0-bc25-169f76a20540,2026-09-26 00:43:31,https://play.google.com/store/apps/details?id=id.trimegah.tplus.android,ID,id,5,1.0,100.0,Positive,Transaksi & Portofolio Saham,2026-03-11 15:49:39,2026,"aplikasinya simple tapi lengkap gampang dipake, bisa beli saham, reksadana dan obligasi dalam 1 aplikaai","aplikasinya simple tapi lengkap gampang dipake, bisa beli saham, reksadana dan obligasi dalam 1 aplikaai",True,104,15,1.12.0,0,Tidak,,,Sampel ulasan publik Play Store
7ea5b08e-f3d9-4457-a544-094a5be7f056,2026-09-26 00:43:31,https://play.google.com/store/apps/details?id=id.trimegah.tplus.android,ID,id,3,0.5,50.0,Neutral,Login & Autentikasi,2026-03-11 12:39:17,2026,"Aplikasinya sebenernya bagus, tapi sudah beberapa kali saya kalau mencoba login selalu gangguan di otp nya padahal logiknya berbasis otp. Sistem withdraw nya mungkin bisa di perbaiki sama pelayanan cs nya supaya lebih aktif... Semoga kedepannya di perbaiki Terima kasih...","Aplikasinya sebenernya bagus, tapi sudah beberapa kali saya kalau mencoba login selalu gangguan di otp nya padahal logiknya berbasis otp. Sistem withdraw nya mungkin bisa di perbaiki sama pelayanan cs nya supaya lebih aktif... Semoga kedepannya di perbaiki Terima kasih...",True,272,40,1.12.0,1,Tidak,,,Sampel ulasan publik Play Store
3fd191e1-9cbb-45f5-a4fe-eaecebabf9d8,2026-09-26 00:43:31,https://play.google.com/store/apps/details?id=id.trimegah.tplus.android,ID,id,1,0.0,0.0,Negative,Login & Autentikasi,2026-03-06 02:38:29,2026,"min yang komen buzer semua ya, pertama pake trima ini ko penarikan RDN ke rekening sudah telp call center bakal masuk hari tersebut masih ga masuk juga, duit digital kita kemanain bos, tolong di bikin nyaman pengguna nya kalian di awasi OJK. keterangan email nya ga jelas pula bacaan berhasil tapi hasilnya gada.","min yang komen buzer semua ya, pertama pake trima ini ko penarikan RDN ke rekening sudah telp call center bakal masuk hari tersebut masih ga masuk juga, duit digital kita kemanain bos, tolong di bikin nyaman pengguna nya kalian di awasi OJK. keterangan email nya ga jelas pula bacaan berhasil tapi hasilnya gada.",True,312,53,1.12.0,17,Tidak,,,Sampel ulasan publik Play Store
373ce9d2-51c3-43cd-bd10-307ee45397e9,2026-09-26 00:43:31,https://play.google.com/store/apps/details?id=id.trimegah.tplus.android,ID,id,1,0.0,0.0,Negative,Transaksi & Portofolio Saham,2026-03-04 16:52:40,2026,"• Ada min dana mengendap 100rb di rekening jelas sangat merugikan mereka yg mau close account. • Layanan payah, ada sekian banyak komplain customer tapi tidak ada respon langsung. • WD tidak bisa via aplikasi harus isi manual form pdf, ribet amat. KECEWA, AUTO DELETE APLIKASI JADINYA !!!","• Ada min dana mengendap 100rb di rekening jelas sangat merugikan mereka yg mau close account. • Layanan payah, ada sekian banyak komplain customer tapi tidak ada respon langsung. • WD tidak bisa via aplikasi harus isi manual form pdf, ribet amat. KECEWA, AUTO DELETE APLIKASI JADINYA !!!",True,288,48,1.12.0,9,Tidak,,,Sampel ulasan publik Play Store
58f74029-ee62-4a11-92e8-335f9cc42b1b,2026-09-26 00:43:31,https://play.google.com/store/apps/details?id=id.trimegah.tplus.android,ID,id,2,0.25,25.0,Negative,Transaksi & Portofolio Saham,2026-03-01 16:13:33,2026,saya ingin meminta diadakan oder market/ market order (beli dan jual di harga terkini/pasar) soal saya kalau order suka pending dan harus atur harga beli dan jual saya berharap trim ini di adakan oder market terimakasih kak semoga jadi bahan pertimbangan untuk di adakannya marker order tersebut🙏,saya ingin meminta diadakan oder market/ market order (beli dan jual di harga terkini/pasar) soal saya kalau order suka pending dan harus atur harga beli dan jual saya berharap trim ini di adakan oder market terimakasih kak semoga jadi bahan pertimbangan untuk di adakannya marker order tersebut🙏,True,296,47,1.12.0,1,Tidak,,,Sampel ulasan publik Play Store
3ab7c039-7440-40af-854b-2db878b7b5c9,2026-09-26 00:43:31,https://play.google.com/store/apps/details?id=id.trimegah.tplus.android,ID,id,1,0.0,0.0,Negative,Login & Autentikasi,2026-02-27 17:01:08,2026,"Sekuritas Sampah Gajelas tarik Dana udh 3 hari ga Masuk2. di tlpon CS Nya Banyak Banget Alasan Ini Itu Sampah, Hapus Aja ApK Ini. GUA SARANIN UNTUK PEMULA, JANGAN MAIN DI SEKURITAS INI !!!","Sekuritas Sampah Gajelas tarik Dana udh 3 hari ga Masuk2. di tlpon CS Nya Banyak Banget Alasan Ini Itu Sampah, Hapus Aja ApK Ini. GUA SARANIN UNTUK PEMULA, JANGAN MAIN DI SEKURITAS INI !!!",True,188,34,1.12.0,0,Tidak,,,Sampel ulasan publik Play Store
0fc5498e-406a-430c-b038-bf6a7c11201b,2026-09-26 00:43:31,https://play.google.com/store/apps/details?id=id.trimegah.tplus.android,ID,id,1,0.0,0.0,Negative,Login & Autentikasi,2026-02-21 00:49:32,2026,"parah masa uang yang udah masuk gbisa di tarik LG . jangan download klo yg mw coba"" . ini seakan"" mreka cuma cari setoran ajh . GK ada kejelasan dana mengendap . sama ajah nipu inimah !!!!","parah masa uang yang udah masuk gbisa di tarik LG . jangan download klo yg mw coba"" . ini seakan"" mreka cuma cari setoran ajh . GK ada kejelasan dana mengendap . sama ajah nipu inimah !!!!",True,188,37,1.12.0,0,Tidak,,,Sampel ulasan publik Play Store
19296dca-343b-4727-800e-a8ae747ce034,2026-09-26 00:43:31,https://play.google.com/store/apps/details?id=id.trimegah.tplus.android,ID,id,1,0.0,0.0,Negative,Transaksi & Portofolio Saham,2026-02-20 15:11:34,2026,"hati hati aplikasi sulit withdraw tarik uang, customer service lama menjawab, WA Trimegah lambat jawab,,, pertanyaan keluh kesah tidak ditanggapi, awas aplikasi ini berbahaya :)","hati hati aplikasi sulit withdraw tarik uang, customer service lama menjawab, WA Trimegah lambat jawab,,, pertanyaan keluh kesah tidak ditanggapi, awas aplikasi ini berbahaya :)",True,177,25,1.12.0,4,Tidak,,,Sampel ulasan publik Play Store
d8140d1f-29d2-46b3-ae48-9b5ff19724d9,2026-09-26 00:43:31,https://play.google.com/store/apps/details?id=id.trimegah.tplus.android,ID,id,4,0.75,75.0,Positive,Customer Service & Layanan,2026-02-19 23:13:35,2026,kok saya terkendala di pendaftaran wajah ya seperti tidak mau terbuka kameranya padahal hp samsung s23 ultra,kok saya terkendala di pendaftaran wajah ya seperti tidak mau terbuka kameranya padahal hp samsung s23 ultra,True,108,17,1.11.2,0,Tidak,,,Sampel ulasan publik Play Store
82146ea9-8d67-432a-89df-980d465261d3,2026-09-26 00:43:31,https://play.google.com/store/apps/details?id=id.trimegah.tplus.android,ID,id,5,1.0,100.0,Positive,Transaksi & Portofolio Saham,2026-02-19 09:18:43,2026,Saya menggunakan fitur trima+ ngebantu dalam setoran dana dengan cepat,Saya menggunakan fitur trima+ ngebantu dalam setoran dana dengan cepat,True,70,10,1.11.2,0,Tidak,,,Sampel ulasan publik Play Store
619d5382-9be4-44c6-ac85-cd34dbd8e350,2026-09-26 00:43:31,https://play.google.com/store/apps/details?id=id.trimegah.tplus.android,ID,id,5,1.0,100.0,Positive,Transaksi & Portofolio Saham,2026-02-19 08:18:26,2026,"bisa buat beli reksadana, saham, lengkap bnget fitur nya. mantep","bisa buat beli reksadana, saham, lengkap bnget fitur nya. mantep",True,64,10,1.11.2,0,Tidak,,,Sampel ulasan publik Play Store
d5dafc47-1ba8-4631-bd4e-df03ba629949,2026-09-26 00:43:31,https://play.google.com/store/apps/details?id=id.trimegah.tplus.android,ID,id,5,1.0,100.0,Positive,Apresiasi Umum & Kepuasan,2026-02-16 19:14:26,2026,"sangat mudah dipahami apalagi buat saya yang gaptek,lanjutkan sangat bagus","sangat mudah dipahami apalagi buat saya yang gaptek,lanjutkan sangat bagus",True,74,10,1.12.0,0,Tidak,,,Sampel ulasan publik Play Store
328558f7-16e5-41d6-a5ed-5f684d14b4ea,2026-09-26 00:43:31,https://play.google.com/store/apps/details?id=id.trimegah.tplus.android,ID,id,5,1.0,100.0,Positive,Transaksi & Portofolio Saham,2026-02-16 06:58:11,2026,"Pakai aplikasi ini karena penarikan dananya cepat, langsung oke gas","Pakai aplikasi ini karena penarikan dananya cepat, langsung oke gas",True,67,10,1.11.2,0,Tidak,,,Sampel ulasan publik Play Store
907c6a36-7995-4ae0-b7cd-e740bb68af02,2026-09-26 00:43:31,https://play.google.com/store/apps/details?id=id.trimegah.tplus.android,ID,id,5,1.0,100.0,Positive,Transaksi & Portofolio Saham,2026-02-16 06:45:31,2026,buat mantau saham sama reksadana cukup valid,buat mantau saham sama reksadana cukup valid,True,44,7,1.12.0,0,Tidak,,,Sampel ulasan publik Play Store
caa0ca55-6ddb-495f-96a3-3831aef030c0,2026-09-26 00:43:31,https://play.google.com/store/apps/details?id=id.trimegah.tplus.android,ID,id,5,1.0,100.0,Positive,Apresiasi Umum & Kepuasan,2026-02-16 06:43:38,2026,aplikasinya nyaman dipakai buat investasi harian.,aplikasinya nyaman dipakai buat investasi harian.,True,49,6,Tidak Tercatat,0,Tidak,,,Sampel ulasan publik Play Store
5f50a022-0274-413a-9845-a15dbdec2d1f,2026-09-26 00:43:31,https://play.google.com/store/apps/details?id=id.trimegah.tplus.android,ID,id,5,1.0,100.0,Positive,Stabilitas Sistem & Bug (Crash/Error),2026-02-16 06:39:19,2026,transaksi sahamnya responsif dan jarang error,transaksi sahamnya responsif dan jarang error,True,45,6,1.11.2,0,Tidak,,,Sampel ulasan publik Play Store
600c9864-3e69-4aa1-b76f-1f15def65eb4,2026-09-26 00:43:31,https://play.google.com/store/apps/details?id=id.trimegah.tplus.android,ID,id,5,1.0,100.0,Positive,Transaksi & Portofolio Saham,2026-02-16 06:30:13,2026,"fiturnya komplit banget. bisa beli saham, reksadana, dan obligasi dalam 1 aplikasi.","fiturnya komplit banget. bisa beli saham, reksadana, dan obligasi dalam 1 aplikasi.",True,83,12,1.11.2,0,Tidak,,,Sampel ulasan publik Play Store
d80d24bf-cb7c-47c1-a3e9-c5df095c6f06,2026-09-26 00:43:31,https://play.google.com/store/apps/details?id=id.trimegah.tplus.android,ID,id,5,1.0,100.0,Positive,Apresiasi Umum & Kepuasan,2026-02-15 22:58:20,2026,aplikasinya mudah bgt di pelajari buat pemula yang main saham ✨️,aplikasinya mudah bgt di pelajari buat pemula yang main saham ✨️,True,64,11,Tidak Tercatat,0,Tidak,,,Sampel ulasan publik Play Store
f9ada9de-92f5-40d7-a0be-ca41491d1bb3,2026-09-26 00:43:31,https://play.google.com/store/apps/details?id=id.trimegah.tplus.android,ID,id,5,1.0,100.0,Positive,Fitur Analisis & Data Pasar,2026-02-15 20:34:08,2026,fitur nya lengkap banget jadi gampang buat dipahami,fitur nya lengkap banget jadi gampang buat dipahami,True,51,8,1.11.2,0,Tidak,,,Sampel ulasan publik Play Store
4a61d186-7a5a-4570-aadf-c92ff390d0ca,2026-09-26 00:43:31,https://play.google.com/store/apps/details?id=id.trimegah.tplus.android,ID,id,5,1.0,100.0,Positive,Transaksi & Portofolio Saham,2026-02-12 20:42:56,2026,"lebih lengkap disini soalnya bisa beli saham, reksa dana, dan obligasi di dalam 1 aplikasi, ga ribet mudah dipahami. buat pemula ini oke sih","lebih lengkap disini soalnya bisa beli saham, reksa dana, dan obligasi di dalam 1 aplikasi, ga ribet mudah dipahami. buat pemula ini oke sih",True,140,24,1.11.2,0,Tidak,,,Sampel ulasan publik Play Store
86a9a988-1148-4df7-8e8e-2e0167447327,2026-09-26 00:43:31,https://play.google.com/store/apps/details?id=id.trimegah.tplus.android,ID,id,5,1.0,100.0,Positive,Customer Service & Layanan,2026-02-12 20:26:29,2026,"Aplikasi Trima ini bagus,layanan cs responsif,fitur investasi nya aman,pilihan sahamnya banyak jadi enak","Aplikasi Trima ini bagus,layanan cs responsif,fitur investasi nya aman,pilihan sahamnya banyak jadi enak",True,104,13,Tidak Tercatat,0,Tidak,,,Sampel ulasan publik Play Store
252c57a2-d603-4dc7-87bc-57b21ef83a30,2026-09-26 00:43:31,https://play.google.com/store/apps/details?id=id.trimegah.tplus.android,ID,id,5,1.0,100.0,Positive,Transaksi & Portofolio Saham,2026-02-12 20:17:27,2026,"Satset proses jual.beli saham ny disini,ga ribet ternyta yah buat investasi saham,reksa dana maupun obligasi","Satset proses jual.beli saham ny disini,ga ribet ternyta yah buat investasi saham,reksa dana maupun obligasi",True,108,15,Tidak Tercatat,0,Tidak,,,Sampel ulasan publik Play Store
9f338c7d-e8cc-437f-b372-0e074afbe66d,2026-09-26 00:43:31,https://play.google.com/store/apps/details?id=id.trimegah.tplus.android,ID,id,5,1.0,100.0,Positive,Customer Service & Layanan,2026-02-11 23:37:30,2026,"Aplikasi nya bagus mudah dipahami bagi pemula, saya mengingatkan kepada customer service Trimegah sekuritas ketika ada masalah langsung gerak cepat ya👌","Aplikasi nya bagus mudah dipahami bagi pemula, saya mengingatkan kepada customer service Trimegah sekuritas ketika ada masalah langsung gerak cepat ya👌",True,151,21,1.11.2,0,Tidak,,,Sampel ulasan publik Play Store
d78ff285-2c4b-4922-ae07-2ac728c2713b,2026-09-26 00:43:31,https://play.google.com/store/apps/details?id=id.trimegah.tplus.android,ID,id,5,1.0,100.0,Positive,Customer Service & Layanan,2026-02-11 11:05:04,2026,Layanan nya bgaus cs sangat responsif langsung cepat tanggap dan sangat membantu dikala ada kendala,Layanan nya bgaus cs sangat responsif langsung cepat tanggap dan sangat membantu dikala ada kendala,True,99,15,1.11.2,0,Tidak,,,Sampel ulasan publik Play Store
697d05e5-80f6-436a-9a15-7551c87649d0,2026-09-26 00:43:31,https://play.google.com/store/apps/details?id=id.trimegah.tplus.android,ID,id,5,1.0,100.0,Positive,Transaksi & Portofolio Saham,2026-02-11 10:54:40,2026,Transaksi buat beli saham nya cepat proses nya satset dan jadi praktis buat investasi nih,Transaksi buat beli saham nya cepat proses nya satset dan jadi praktis buat investasi nih,True,89,15,1.11.2,0,Tidak,,,Sampel ulasan publik Play Store
8713bcd9-5764-44f7-a44d-0506e2a9bdf2,2026-09-26 00:43:31,https://play.google.com/store/apps/details?id=id.trimegah.tplus.android,ID,id,5,1.0,100.0,Positive,Transaksi & Portofolio Saham,2026-02-11 10:50:12,2026,Fitur nya aku suka buat beli saham aman dan mudah sekali proses nya ga ribet sama sekali buat pemula,Fitur nya aku suka buat beli saham aman dan mudah sekali proses nya ga ribet sama sekali buat pemula,True,100,19,1.11.2,0,Tidak,,,Sampel ulasan publik Play Store
f75d7983-6e36-454c-bb82-b63597099f5d,2026-09-26 00:43:31,https://play.google.com/store/apps/details?id=id.trimegah.tplus.android,ID,id,5,1.0,100.0,Positive,Customer Service & Layanan,2026-02-10 11:41:23,2026,"Coba hubungin cs nya cukup bagus layanan nya ternyta,respon cepat,sangat membantu sekali, Ramah 👌👍","Coba hubungin cs nya cukup bagus layanan nya ternyta,respon cepat,sangat membantu sekali, Ramah 👌👍",True,98,14,1.11.2,0,Tidak,,,Sampel ulasan publik Play Store
f1b56571-8671-41f6-a480-aa96fa648042,2026-09-26 00:43:31,https://play.google.com/store/apps/details?id=id.trimegah.tplus.android,ID,id,5,1.0,100.0,Positive,Login & Autentikasi,2026-02-10 11:38:11,2026,"sejauh ini aman dan gak ribet, ⁠penarikan dana bisa langsung diproses di hari yang sama sebelum jam 10.30. Gak sampe 30 menit masuk. sebelumnya agak was-was ternyata aman banget","sejauh ini aman dan gak ribet, ⁠penarikan dana bisa langsung diproses di hari yang sama sebelum jam 10.30. Gak sampe 30 menit masuk. sebelumnya agak was-was ternyata aman banget",True,177,29,1.11.2,0,Tidak,,,Sampel ulasan publik Play Store
000b7aa6-a1ce-40ea-b06e-4ef8e9e8a30e,2026-09-26 00:43:31,https://play.google.com/store/apps/details?id=id.trimegah.tplus.android,ID,id,5,1.0,100.0,Positive,Transaksi & Portofolio Saham,2026-02-10 10:00:00,2026,"Fiturnya komplit buat daily use, Watchlist sama form ordernya jg lengkap bgtt, helpful...","Fiturnya komplit buat daily use, Watchlist sama form ordernya jg lengkap bgtt, helpful...",True,89,13,1.11.2,0,Tidak,,,Sampel ulasan publik Play Store
1e4e6182-8b1e-48dc-b84b-12c2d576a1ff,2026-09-26 00:43:31,https://play.google.com/store/apps/details?id=id.trimegah.tplus.android,ID,id,5,1.0,100.0,Positive,Customer Service & Layanan,2026-02-09 20:33:01,2026,"mudahin banget aplikasi ini,buat orang awam mah ini terlalu gampang","mudahin banget aplikasi ini,buat orang awam mah ini terlalu gampang",True,67,10,1.11.2,0,Tidak,,,Sampel ulasan publik Play Store
fec855f4-0d80-4f1a-b60f-0bd41b6ceb2e,2026-09-26 00:43:31,https://play.google.com/store/apps/details?id=id.trimegah.tplus.android,ID,id,5,1.0,100.0,Positive,Login & Autentikasi,2026-02-09 20:03:07,2026,"Baru coba, ternyata fiturnya komplit & UI nya gampang dipake. Login udah bisa pake nomor hp juga, praktis sih 👍","Baru coba, ternyata fiturnya komplit & UI nya gampang dipake. Login udah bisa pake nomor hp juga, praktis sih 👍",True,111,20,1.11.2,1,Tidak,,,Sampel ulasan publik Play Store
f212077c-3e6a-44b4-8763-fd4126dda293,2026-09-26 00:43:31,https://play.google.com/store/apps/details?id=id.trimegah.tplus.android,ID,id,5,1.0,100.0,Positive,Transaksi & Portofolio Saham,2026-02-09 19:58:51,2026,buat aku pemula saham ini gampang banget karena penarikan dana langsung di proses di hari h maks jam 10 😍,buat aku pemula saham ini gampang banget karena penarikan dana langsung di proses di hari h maks jam 10 😍,True,105,20,1.11.2,0,Tidak,,,Sampel ulasan publik Play Store
64e52daa-6425-4a22-ae04-6b7b2afc5a23,2026-09-26 00:43:31,https://play.google.com/store/apps/details?id=id.trimegah.tplus.android,ID,id,5,1.0,100.0,Positive,Customer Service & Layanan,2026-02-09 12:44:17,2026,"Aplikasi jauh lebih stabil skrng,cs juga sangat responsif jdi dipakai enak bagi saya pribadi","Aplikasi jauh lebih stabil skrng,cs juga sangat responsif jdi dipakai enak bagi saya pribadi",True,92,14,Tidak Tercatat,0,Tidak,,,Sampel ulasan publik Play Store
5ee30858-fd8a-4b91-b9ec-26ccfef730ec,2026-09-26 00:43:31,https://play.google.com/store/apps/details?id=id.trimegah.tplus.android,ID,id,1,0.0,0.0,Negative,Customer Service & Layanan,2026-02-09 12:33:20,2026,kenapa tidak bisa sign up dengan nomor telepon,kenapa tidak bisa sign up dengan nomor telepon,True,46,8,1.11.2,0,Tidak,,,Sampel ulasan publik Play Store
a24f08a7-8a6e-4cfa-a600-d5155888297e,2026-09-26 00:43:31,https://play.google.com/store/apps/details?id=id.trimegah.tplus.android,ID,id,5,1.0,100.0,Positive,Transaksi & Portofolio Saham,2026-02-09 12:11:02,2026,"Aplikasi yang pas buat saya nih bisa ngebantu cek portfolio dengan mudah,mana disini lengkap lagi ada saham,reksa dana dan obligasi","Aplikasi yang pas buat saya nih bisa ngebantu cek portfolio dengan mudah,mana disini lengkap lagi ada saham,reksa dana dan obligasi",True,131,20,1.11.2,0,Tidak,,,Sampel ulasan publik Play Store
34e15d8c-25bd-4654-a04d-6ec6a6cb218d,2026-09-26 00:43:31,https://play.google.com/store/apps/details?id=id.trimegah.tplus.android,ID,id,5,1.0,100.0,Positive,Login & Autentikasi,2026-02-08 20:35:56,2026,⁠Penarikan dana bisa langsung diproses di hari yang sama sebelum jam 10.30. Gak sampe 30 menit masuk. fiturnya juga lengkap. ui/ux intuitive,⁠Penarikan dana bisa langsung diproses di hari yang sama sebelum jam 10.30. Gak sampe 30 menit masuk. fiturnya juga lengkap. ui/ux intuitive,True,140,22,1.11.2,0,Tidak,,,Sampel ulasan publik Play Store
929e247c-55ed-40a1-8c23-b050c5c6fc24,2026-09-26 00:43:31,https://play.google.com/store/apps/details?id=id.trimegah.tplus.android,ID,id,3,0.5,50.0,Neutral,Registrasi & Onboarding (KYC),2026-02-08 20:34:42,2026,ngak bisa daftar. kira kira apa ya. kendalanya,ngak bisa daftar. kira kira apa ya. kendalanya,True,46,8,1.11.2,0,Tidak,,,Sampel ulasan publik Play Store
b2c71ef1-a82a-47e8-ad15-dff483464bbd,2026-09-26 00:43:31,https://play.google.com/store/apps/details?id=id.trimegah.tplus.android,ID,id,5,1.0,100.0,Positive,Apresiasi Umum & Kepuasan,2026-02-08 10:32:36,2026,sangat cocok untuk orang yang baru mengenal saham dan aplikasi ini terbilang cukup simpel juga ringan saat dipakai,sangat cocok untuk orang yang baru mengenal saham dan aplikasi ini terbilang cukup simpel juga ringan saat dipakai,True,114,18,1.11.2,0,Tidak,,,Sampel ulasan publik Play Store
e1be05cc-fc48-4fec-9bfb-dd35a6532cb5,2026-09-26 00:43:31,https://play.google.com/store/apps/details?id=id.trimegah.tplus.android,ID,id,5,1.0,100.0,Positive,Transaksi & Portofolio Saham,2026-02-08 09:13:50,2026,"Baru pakai aplikasi ini, ternyata cukup praktisaplikasinya. Setor dan tarik dana bisa langsung muncul. Fitur Trima+ Picks dan Ideas yang lumayan bantu cari referensi beli saham.👍","Baru pakai aplikasi ini, ternyata cukup praktisaplikasinya. Setor dan tarik dana bisa langsung muncul. Fitur Trima+ Picks dan Ideas yang lumayan bantu cari referensi beli saham.👍",True,178,26,1.11.2,2,Tidak,,,Sampel ulasan publik Play Store
b85618a7-aeaa-466f-b523-0f76da378622,2026-09-26 00:43:31,https://play.google.com/store/apps/details?id=id.trimegah.tplus.android,ID,id,5,1.0,100.0,Positive,Login & Autentikasi,2026-02-08 08:26:54,2026,"fiturnya komplit dengan UI/UX yang intuitif. login cukup pakai nomor HP, bisa beli saham, reksa dana, dan obligasi di satu aplikasi","fiturnya komplit dengan UI/UX yang intuitif. login cukup pakai nomor HP, bisa beli saham, reksa dana, dan obligasi di satu aplikasi",True,131,21,Tidak Tercatat,0,Tidak,,,Sampel ulasan publik Play Store
19f6de5e-046c-4e82-9d47-242eb8697e3d,2026-09-26 00:43:31,https://play.google.com/store/apps/details?id=id.trimegah.tplus.android,ID,id,5,1.0,100.0,Positive,Login & Autentikasi,2026-02-08 08:25:05,2026,"Aplikasi yang membantu buat trader saham, apalagi login hanya menggunakan nomor hp dan fiturnya komplit mantap banget deh😊","Aplikasi yang membantu buat trader saham, apalagi login hanya menggunakan nomor hp dan fiturnya komplit mantap banget deh😊",True,122,18,1.11.2,0,Tidak,,,Sampel ulasan publik Play Store
50be290d-fdd5-4a28-8abb-d6ef4b4d56ed,2026-09-26 00:43:31,https://play.google.com/store/apps/details?id=id.trimegah.tplus.android,ID,id,5,1.0,100.0,Positive,Login & Autentikasi,2026-02-07 13:58:19,2026,"satset daftarnya yahh, login juga praktis cukup pake nomer hp aja Udah bisa","satset daftarnya yahh, login juga praktis cukup pake nomer hp aja Udah bisa",True,75,13,Tidak Tercatat,0,Tidak,,,Sampel ulasan publik Play Store
479a7a39-8753-40a1-8104-a345545bc033,2026-09-26 00:43:31,https://play.google.com/store/apps/details?id=id.trimegah.tplus.android,ID,id,5,1.0,100.0,Positive,Login & Autentikasi,2026-02-06 22:26:51,2026,"login cuma pake no hp, bisa beli saham, reksa dana dan pencairan dana cepet","login cuma pake no hp, bisa beli saham, reksa dana dan pencairan dana cepet",True,75,14,1.11.2,0,Tidak,,,Sampel ulasan publik Play Store
9a06fd02-91a6-4e3e-9822-a10c33d0d6d0,2026-09-26 00:43:31,https://play.google.com/store/apps/details?id=id.trimegah.tplus.android,ID,id,5,1.0,100.0,Positive,Login & Autentikasi,2026-02-06 22:22:47,2026,"penarikan dan setoran simpel garibet, dana cepet masuk juga. fitur cukup komplit dan penggunaan aplikasi gampang","penarikan dan setoran simpel garibet, dana cepet masuk juga. fitur cukup komplit dan penggunaan aplikasi gampang",True,112,16,1.11.2,0,Tidak,,,Sampel ulasan publik Play Store
714a2899-4dfa-455b-beed-1094a5c39b37,2026-09-26 00:43:31,https://play.google.com/store/apps/details?id=id.trimegah.tplus.android,ID,id,5,1.0,100.0,Positive,Transaksi & Portofolio Saham,2026-02-06 22:16:19,2026,"fiturnya komplit, ngebantu banget buat cari ide beli saham","fiturnya komplit, ngebantu banget buat cari ide beli saham",True,58,9,Tidak Tercatat,0,Tidak,,,Sampel ulasan publik Play Store
d46277ac-d80d-4655-9328-499db121f8a7,2026-09-26 00:43:31,https://play.google.com/store/apps/details?id=id.trimegah.tplus.android,ID,id,5,1.0,100.0,Positive,Transaksi & Portofolio Saham,2026-02-06 22:06:49,2026,"sangat lengkap bisa beli saham, reksadana, dan obligasi dalam 1 aplikasi. bahkan untuk penarikan dana dan pembelian juga cepat di proses langsung.","sangat lengkap bisa beli saham, reksadana, dan obligasi dalam 1 aplikasi. bahkan untuk penarikan dana dan pembelian juga cepat di proses langsung.",True,146,22,Tidak Tercatat,0,Tidak,,,Sampel ulasan publik Play Store
8e7b782f-2efb-405a-b568-2c96c76b4a32,2026-09-26 00:43:31,https://play.google.com/store/apps/details?id=id.trimegah.tplus.android,ID,id,5,1.0,100.0,Positive,Transaksi & Portofolio Saham,2026-02-05 20:04:10,2026,"baru nemu nihh aplikasi yang bisa beli saham, reksa dana dan obligasi di 1 aplikasi aja, apalagi sekarang udh bisa penarikan dan setoran dana bisa langsung keliatan di jam trading keren banget sih recommended bgt nyesel baru tau aplikasi ini sekarang","baru nemu nihh aplikasi yang bisa beli saham, reksa dana dan obligasi di 1 aplikasi aja, apalagi sekarang udh bisa penarikan dan setoran dana bisa langsung keliatan di jam trading keren banget sih recommended bgt nyesel baru tau aplikasi ini sekarang",True,250,41,1.11.2,0,Tidak,,,Sampel ulasan publik Play Store
27c4bc89-e31b-4a31-8b90-b584f921fdea,2026-09-26 00:43:31,https://play.google.com/store/apps/details?id=id.trimegah.tplus.android,ID,id,4,0.75,75.0,Positive,Login & Autentikasi,2026-02-05 18:16:30,2026,"bisa dibikin lebih ringan gak, sekali klik langsung sat set, gak munyer munyerr,, login di HP spek gaming pun app mu lemot juga, sinyal lancar loh..","bisa dibikin lebih ringan gak, sekali klik langsung sat set, gak munyer munyerr,, login di HP spek gaming pun app mu lemot juga, sinyal lancar loh..",True,148,26,1.11.1,0,Tidak,,,Sampel ulasan publik Play Store
1b65dddb-6a8f-4073-95ad-035d7aac75bf,2026-09-26 00:43:31,https://play.google.com/store/apps/details?id=id.trimegah.tplus.android,ID,id,5,1.0,100.0,Positive,Login & Autentikasi,2026-02-05 10:40:11,2026,"login sekarang jadi simple dengan nomor hp jadi gak ribet lagi buat loginny.. banyak sekali pilihan transaksi yang tersedia buat investasi sperti saham,reksa dana dan obligasi","login sekarang jadi simple dengan nomor hp jadi gak ribet lagi buat loginny.. banyak sekali pilihan transaksi yang tersedia buat investasi sperti saham,reksa dana dan obligasi",True,175,26,1.11.2,0,Tidak,,,Sampel ulasan publik Play Store
8956ea71-3cfc-4781-b888-6f5d2a0e4a16,2026-09-26 00:43:31,https://play.google.com/store/apps/details?id=id.trimegah.tplus.android,ID,id,5,1.0,100.0,Positive,Login & Autentikasi,2026-02-05 10:35:45,2026,"untuk pemula yang baru terjun ke saham, pake trima+ ini rekomen sekali sih,karena loginnya mudah dan penggunaan juga ga begitu ribet","untuk pemula yang baru terjun ke saham, pake trima+ ini rekomen sekali sih,karena loginnya mudah dan penggunaan juga ga begitu ribet",True,132,21,1.11.2,0,Tidak,,,Sampel ulasan publik Play Store
9043aea7-6b8a-4329-946b-cb593bccec0a,2026-09-26 00:43:31,https://play.google.com/store/apps/details?id=id.trimegah.tplus.android,ID,id,3,0.5,50.0,Neutral,Login & Autentikasi,2026-02-04 14:01:57,2026,saya kasih bintang 3 dulu karena proses verifikasi wajah selalu gagal udah 3 hari,saya kasih bintang 3 dulu karena proses verifikasi wajah selalu gagal udah 3 hari,True,81,14,1.11.2,0,Tidak,,,Sampel ulasan publik Play Store
d62ff771-e1e3-48e4-b620-2866c63f6554,2026-09-26 00:43:31,https://play.google.com/store/apps/details?id=id.trimegah.tplus.android,ID,id,5,1.0,100.0,Positive,Transaksi & Portofolio Saham,2026-02-04 11:39:52,2026,"lengkap banget fitur nya Dari watchlist, form order, sampai Trima+ Ideas buat cari ide saham baru. Semua serba ada Di apk ini","lengkap banget fitur nya Dari watchlist, form order, sampai Trima+ Ideas buat cari ide saham baru. Semua serba ada Di apk ini",True,125,22,1.11.2,0,Tidak,,,Sampel ulasan publik Play Store
83dd32a9-ad76-4e1c-bcae-2d37938260ea,2026-09-26 00:43:31,https://play.google.com/store/apps/details?id=id.trimegah.tplus.android,ID,id,5,1.0,100.0,Positive,Login & Autentikasi,2026-02-04 11:36:46,2026,"Ternyata ini login nya sat set pake nomor hp aja, dan yang paling kerasa penarikan dananya cepet bahkan di jam trading ga nyampe 30 menitan udah masuk asal sebelum jam 10.30","Ternyata ini login nya sat set pake nomor hp aja, dan yang paling kerasa penarikan dananya cepet bahkan di jam trading ga nyampe 30 menitan udah masuk asal sebelum jam 10.30",True,173,31,Tidak Tercatat,0,Tidak,,,Sampel ulasan publik Play Store
b05fb139-3afb-43fb-88d6-6ea965c1b22a,2026-09-26 00:43:31,https://play.google.com/store/apps/details?id=id.trimegah.tplus.android,ID,id,5,1.0,100.0,Positive,Transaksi & Portofolio Saham,2026-02-04 11:21:53,2026,"baru tau trimegah punya aplikasi investasi sebagus ini. 1 aplikasi bisa untuk investasi saham, obligasi, reksa dana. datanya juga real time.❤️‍🔥❤️‍🔥","baru tau trimegah punya aplikasi investasi sebagus ini. 1 aplikasi bisa untuk investasi saham, obligasi, reksa dana. datanya juga real time.❤️‍🔥❤️‍🔥",True,148,21,1.11.2,0,Tidak,,,Sampel ulasan publik Play Store
defe4b5d-9c2c-42d3-9d80-dd34b8ccea10,2026-09-26 00:43:31,https://play.google.com/store/apps/details?id=id.trimegah.tplus.android,ID,id,5,1.0,100.0,Positive,Reksa Dana & SBN,2026-02-04 11:10:33,2026,"mantep bgt dah ni aplikasi, lengkap bgtt fiturnya! ada saham, obligasi dan reksana mantull👍👍","mantep bgt dah ni aplikasi, lengkap bgtt fiturnya! ada saham, obligasi dan reksana mantull👍👍",True,92,14,Tidak Tercatat,0,Tidak,,,Sampel ulasan publik Play Store
327b254f-d328-44aa-9285-6f6f4669f6df,2026-09-26 00:43:31,https://play.google.com/store/apps/details?id=id.trimegah.tplus.android,ID,id,5,1.0,100.0,Positive,UI/UX & Performa (Loading/Navigasi),2026-02-04 11:02:34,2026,fitur sangat mudah dipahami dan penggunaannya ga ribet cocok bagi yg bru mulai dunia saham nih,fitur sangat mudah dipahami dan penggunaannya ga ribet cocok bagi yg bru mulai dunia saham nih,True,94,16,1.11.2,0,Tidak,,,Sampel ulasan publik Play Store
5b9bd1f8-8bec-42f1-96ca-70f32143a68b,2026-09-26 00:43:31,https://play.google.com/store/apps/details?id=id.trimegah.tplus.android,ID,id,5,1.0,100.0,Positive,Apresiasi Umum & Kepuasan,2026-02-04 10:24:21,2026,"aplikasi mudah digunakan, informasi tim trimegah bagus","aplikasi mudah digunakan, informasi tim trimegah bagus",True,54,7,1.11.2,0,Tidak,,,Sampel ulasan publik Play Store
9f050fc3-9a26-44e6-891b-ff139c468a77,2026-09-26 00:43:31,https://play.google.com/store/apps/details?id=id.trimegah.tplus.android,ID,id,5,1.0,100.0,Positive,Apresiasi Umum & Kepuasan,2026-02-03 18:10:02,2026,"aplikasi sangat berguna sekali, lengkap dalam 1 aplikasi","aplikasi sangat berguna sekali, lengkap dalam 1 aplikasi",True,56,8,Tidak Tercatat,0,Tidak,,,Sampel ulasan publik Play Store
70bb077a-234e-45fb-933a-410978a983da,2026-09-26 00:43:31,https://play.google.com/store/apps/details?id=id.trimegah.tplus.android,ID,id,5,1.0,100.0,Positive,Transaksi & Portofolio Saham,2026-02-03 13:29:40,2026,"Bisa beli saham, reksa dana, dan obligasi di dalam 1 aplikasi. ga ribet prosesnya asik","Bisa beli saham, reksa dana, dan obligasi di dalam 1 aplikasi. ga ribet prosesnya asik",True,86,15,1.11.2,0,Tidak,,,Sampel ulasan publik Play Store
31d5b1e3-6e51-4a9e-a2bc-7033375f2981,2026-09-26 00:43:31,https://play.google.com/store/apps/details?id=id.trimegah.tplus.android,ID,id,1,0.0,0.0,Negative,Login & Autentikasi,2026-02-03 12:33:05,2026,"jelek, penarikan dana sangat lama sekali berhari2 belum masuk, untung saja cuma ratusan sekedar coba2 saja,","jelek, penarikan dana sangat lama sekali berhari2 belum masuk, untung saja cuma ratusan sekedar coba2 saja,",True,107,16,1.11.2,8,Tidak,,,Sampel ulasan publik Play Store
483294f5-42c3-4fd9-bd80-55f35377ca3c,2026-09-26 00:43:31,https://play.google.com/store/apps/details?id=id.trimegah.tplus.android,ID,id,5,1.0,100.0,Positive,Fitur Analisis & Data Pasar,2026-02-03 10:44:59,2026,fitur sangat mudah dipahami dan penggunaannya simple.,fitur sangat mudah dipahami dan penggunaannya simple.,True,53,7,1.11.2,0,Tidak,,,Sampel ulasan publik Play Store
4eddb850-232c-488f-97ed-d791a394a719,2026-09-26 00:43:31,https://play.google.com/store/apps/details?id=id.trimegah.tplus.android,ID,id,4,0.75,75.0,Positive,UI/UX & Performa (Loading/Navigasi),2026-02-02 15:40:25,2026,"maaf mau bertanya, saya harus memperbaharui data pada aplikasi tri megah madsunya ?","maaf mau bertanya, saya harus memperbaharui data pada aplikasi tri megah madsunya ?",True,83,13,1.11.2,0,Tidak,,,Sampel ulasan publik Play Store
4913703f-f5a2-459a-bac5-6ae27da13c92,2026-09-26 00:43:31,https://play.google.com/store/apps/details?id=id.trimegah.tplus.android,ID,id,5,1.0,100.0,Positive,Transaksi & Portofolio Saham,2026-02-02 13:03:57,2026,Salah satu fitur yg aku suka Trima+ Picks dan Trima+ Ideas bisa ngebantu cari ide buat beli saham nya. Mudah dan nyaman dipakai,Salah satu fitur yg aku suka Trima+ Picks dan Trima+ Ideas bisa ngebantu cari ide buat beli saham nya. Mudah dan nyaman dipakai,True,127,23,Tidak Tercatat,0,Tidak,,,Sampel ulasan publik Play Store
df7dc10d-22be-45a6-a4ed-a86f816b29fe,2026-09-26 00:43:31,https://play.google.com/store/apps/details?id=id.trimegah.tplus.android,ID,id,5,1.0,100.0,Positive,Login & Autentikasi,2026-02-02 12:31:31,2026,Proses buat login atau daftar mudah banget cuma pakai nomor hp aja,Proses buat login atau daftar mudah banget cuma pakai nomor hp aja,True,66,12,1.11.2,0,Tidak,,,Sampel ulasan publik Play Store
9ed7a529-884d-4c97-8690-14f1b55bf7f5,2026-09-26 00:43:31,https://play.google.com/store/apps/details?id=id.trimegah.tplus.android,ID,id,5,1.0,100.0,Positive,Login & Autentikasi,2026-02-02 12:25:56,2026,"Sejauh ini puas pakai Trima+. Login gampang cuma pakai nomor HP, fiturnya lengkap dan tampilannya rapi. Watchlist dan order form-nya ngebantu banget buat mantau saham. Transaksi juga cepet.","Sejauh ini puas pakai Trima+. Login gampang cuma pakai nomor HP, fiturnya lengkap dan tampilannya rapi. Watchlist dan order form-nya ngebantu banget buat mantau saham. Transaksi juga cepet.",True,189,28,Tidak Tercatat,0,Tidak,,,Sampel ulasan publik Play Store
a2222828-d76a-42cc-9a4b-60a2f5ecb6de,2026-09-26 00:43:31,https://play.google.com/store/apps/details?id=id.trimegah.tplus.android,ID,id,5,1.0,100.0,Positive,Apresiasi Umum & Kepuasan,2026-02-02 12:25:50,2026,top 1 Sekuritas,top 1 Sekuritas,True,15,3,1.11.2,0,Tidak,,,Sampel ulasan publik Play Store
e4a295fb-c612-46da-8033-8625d9864d3a,2026-09-26 00:43:31,https://play.google.com/store/apps/details?id=id.trimegah.tplus.android,ID,id,5,1.0,100.0,Positive,Login & Autentikasi,2026-02-02 12:17:42,2026,"Satu aplikasi buat semua saham, RD, obligasi. Login gampang, narik dana nggak pake lama Gak ribet","Satu aplikasi buat semua saham, RD, obligasi. Login gampang, narik dana nggak pake lama Gak ribet",True,97,16,1.11.2,0,Tidak,,,Sampel ulasan publik Play Store
54401827-fddb-4c7e-a82e-2a625bd4aca3,2026-09-26 00:43:31,https://play.google.com/store/apps/details?id=id.trimegah.tplus.android,ID,id,5,1.0,100.0,Positive,Transaksi & Portofolio Saham,2026-02-01 14:50:21,2026,"Fiturnya komplit. 1 aplikasi Bisa beli saham, reksa dana, dan obligasi","Fiturnya komplit. 1 aplikasi Bisa beli saham, reksa dana, dan obligasi",True,70,11,1.11.2,0,Tidak,,,Sampel ulasan publik Play Store
fd910d6a-da08-4e04-8e91-c67c5f84289b,2026-09-26 00:43:31,https://play.google.com/store/apps/details?id=id.trimegah.tplus.android,ID,id,5,1.0,100.0,Positive,Customer Service & Layanan,2026-02-01 10:44:35,2026,"Apk sangat aman karna sudah terdaftar dan memiliki izin usaha, sama di awasi OJK tim call center+admin juga sangat responsif cepat tanggap PDA customer","Apk sangat aman karna sudah terdaftar dan memiliki izin usaha, sama di awasi OJK tim call center+admin juga sangat responsif cepat tanggap PDA customer",True,151,24,1.11.2,0,Tidak,,,Sampel ulasan publik Play Store
9f1ff7bc-4878-476d-af1e-b46612286c59,2026-09-26 00:43:31,https://play.google.com/store/apps/details?id=id.trimegah.tplus.android,ID,id,5,1.0,100.0,Positive,Login & Autentikasi,2026-02-01 10:35:20,2026,"fitur-fitur nya sangat komplit jadi bisa membantu utk cari ide beli saham, login juga sangat mudah cukup pakai no hp aja","fitur-fitur nya sangat komplit jadi bisa membantu utk cari ide beli saham, login juga sangat mudah cukup pakai no hp aja",True,120,21,1.11.2,0,Tidak,,,Sampel ulasan publik Play Store
aedc9bf1-2241-4f75-9e35-4539e70c90b6,2026-09-26 00:43:31,https://play.google.com/store/apps/details?id=id.trimegah.tplus.android,ID,id,5,1.0,100.0,Positive,Apresiasi Umum & Kepuasan,2026-02-01 10:23:24,2026,"Trima+ aplikasinya simpel, cepat, dan mudah dipakai. Sangat membantu dan praktis! 👍","Trima+ aplikasinya simpel, cepat, dan mudah dipakai. Sangat membantu dan praktis! 👍",True,83,12,1.11.2,0,Tidak,,,Sampel ulasan publik Play Store
306c3681-90c8-432b-a7d2-1e6f8a8384bf,2026-09-26 00:43:31,https://play.google.com/store/apps/details?id=id.trimegah.tplus.android,ID,id,5,1.0,100.0,Positive,Transaksi & Portofolio Saham,2026-02-01 09:58:40,2026,penarikannya cepet banget cuma 30 menit langsung selesai,penarikannya cepet banget cuma 30 menit langsung selesai,True,56,8,1.11.2,0,Tidak,,,Sampel ulasan publik Play Store
8abe236a-8207-48cb-8067-799f3d876632,2026-09-26 00:43:31,https://play.google.com/store/apps/details?id=id.trimegah.tplus.android,ID,id,5,1.0,100.0,Positive,Login & Autentikasi,2026-02-01 08:51:27,2026,"untuk pemula seperti saya apk mudah dipahami, penarikan gampang langsung masuk ke rekening ga pake lama. proses top up cepat.","untuk pemula seperti saya apk mudah dipahami, penarikan gampang langsung masuk ke rekening ga pake lama. proses top up cepat.",True,125,20,1.11.2,0,Tidak,,,Sampel ulasan publik Play Store
df1ed94e-3844-4cf2-9c28-ad4da64c215e,2026-09-26 00:43:31,https://play.google.com/store/apps/details?id=id.trimegah.tplus.android,ID,id,5,1.0,100.0,Positive,Transaksi & Portofolio Saham,2026-02-01 00:25:45,2026,"Bisa investasi salam 1 aplikasi. Ada reksadana, saham, dan obligasi","Bisa investasi salam 1 aplikasi. Ada reksadana, saham, dan obligasi",True,67,10,1.11.2,0,Tidak,,,Sampel ulasan publik Play Store
ecd0fe98-7e3f-4df1-bf0b-07b1873f8fea,2026-09-26 00:43:31,https://play.google.com/store/apps/details?id=id.trimegah.tplus.android,ID,id,5,1.0,100.0,Positive,UI/UX & Performa (Loading/Navigasi),2026-01-31 23:04:38,2026,sangat bermanfaat aplikasi ini mudah banget mudah dipahami juga tampilannya yang praktis memudahkan kita...,sangat bermanfaat aplikasi ini mudah banget mudah dipahami juga tampilannya yang praktis memudahkan kita...,True,107,14,1.11.2,0,Tidak,,,Sampel ulasan publik Play Store
47990047-58e1-479d-b117-27ed3d228fe1,2026-09-26 00:43:31,https://play.google.com/store/apps/details?id=id.trimegah.tplus.android,ID,id,5,1.0,100.0,Positive,UI/UX & Performa (Loading/Navigasi),2026-01-31 19:55:54,2026,aplikasi yang lengkap semua urusan saham dll lengkap jadi ngak ribet,aplikasi yang lengkap semua urusan saham dll lengkap jadi ngak ribet,True,68,11,Tidak Tercatat,0,Tidak,,,Sampel ulasan publik Play Store
495e00d2-c86e-491d-956f-fe00c9a75e1a,2026-09-26 00:43:31,https://play.google.com/store/apps/details?id=id.trimegah.tplus.android,ID,id,5,1.0,100.0,Positive,Fitur Analisis & Data Pasar,2026-01-31 12:44:48,2026,"cocok untuk pemula sperti saya . Fitur-fitur analisis sahamnya cukup lengkap, transaksi juga cepat dan aman.","cocok untuk pemula sperti saya . Fitur-fitur analisis sahamnya cukup lengkap, transaksi juga cepat dan aman.",True,108,16,Tidak Tercatat,0,Tidak,,,Sampel ulasan publik Play Store
f2f05b50-bc0f-4226-9f5d-edb4ed9b43c3,2026-09-26 00:43:31,https://play.google.com/store/apps/details?id=id.trimegah.tplus.android,ID,id,5,1.0,100.0,Positive,Fitur Analisis & Data Pasar,2026-01-31 12:36:33,2026,Sangat direkomendasikan buat yang mau mulai kelola keuangan dengan cara investasi saham Trima+ solusi nya,Sangat direkomendasikan buat yang mau mulai kelola keuangan dengan cara investasi saham Trima+ solusi nya,True,105,15,1.11.2,0,Tidak,,,Sampel ulasan publik Play Store
a4347f77-f852-4c9f-814f-a2fb7a7443b1,2026-09-26 00:43:31,https://play.google.com/store/apps/details?id=id.trimegah.tplus.android,ID,id,5,1.0,100.0,Positive,UI/UX & Performa (Loading/Navigasi),2026-01-30 20:22:46,2026,"Aplikasinya ringan dan mudah digunakan. Tampilan bersih, transaksi cukup cepat, dan fiturnya membantu untuk monitoring investasi. Semoga ke depannya makin stabil dan fiturnya makin lengkap.","Aplikasinya ringan dan mudah digunakan. Tampilan bersih, transaksi cukup cepat, dan fiturnya membantu untuk monitoring investasi. Semoga ke depannya makin stabil dan fiturnya makin lengkap.",True,189,25,1.11.2,0,Tidak,,,Sampel ulasan publik Play Store
81fa5b84-537f-4ce5-b48a-b4c45d151b82,2026-09-26 00:43:31,https://play.google.com/store/apps/details?id=id.trimegah.tplus.android,ID,id,5,1.0,100.0,Positive,Login & Autentikasi,2026-01-30 16:27:55,2026,"penarikan dana masuknya cepet banget. nggak sampai setengah jam.. Josss, mantap!","penarikan dana masuknya cepet banget. nggak sampai setengah jam.. Josss, mantap!",True,80,11,1.11.2,0,Tidak,,,Sampel ulasan publik Play Store
de800fa1-e359-436a-b6ea-25b167018c0e,2026-09-26 00:43:31,https://play.google.com/store/apps/details?id=id.trimegah.tplus.android,ID,id,5,1.0,100.0,Positive,Fitur Analisis & Data Pasar,2026-01-30 10:57:34,2026,Fitur Trima+ Picks & Ideas sering aku pakai buat cari ide saham dengan nyaman,Fitur Trima+ Picks & Ideas sering aku pakai buat cari ide saham dengan nyaman,True,77,14,1.11.2,0,Tidak,,,Sampel ulasan publik Play Store
1de2e98f-d0b7-4070-a39a-070521bdf6e1,2026-09-26 00:43:31,https://play.google.com/store/apps/details?id=id.trimegah.tplus.android,ID,id,5,1.0,100.0,Positive,Registrasi & Onboarding (KYC),2026-01-30 10:50:02,2026,untuk registrasinya lumayan gampang sekali cukup pake hp aja,untuk registrasinya lumayan gampang sekali cukup pake hp aja,True,60,9,Tidak Tercatat,0,Tidak,,,Sampel ulasan publik Play Store
da5e1dee-890f-4ab5-826d-ff0211912142,2026-09-26 00:43:31,https://play.google.com/store/apps/details?id=id.trimegah.tplus.android,ID,id,5,1.0,100.0,Positive,Transaksi & Portofolio Saham,2026-01-30 10:38:02,2026,"buat whatchlist dan form ordernya lengkap banget, bikin gampang buat mantau saham","buat whatchlist dan form ordernya lengkap banget, bikin gampang buat mantau saham",True,81,12,1.11.2,0,Tidak,,,Sampel ulasan publik Play Store
7146d474-2161-4faa-a58d-6b73e0cfcad3,2026-09-26 00:43:31,https://play.google.com/store/apps/details?id=id.trimegah.tplus.android,ID,id,5,1.0,100.0,Positive,Transaksi & Portofolio Saham,2026-01-29 17:39:53,2026,"suka banget sama aplikasi trima+, semua kebutuhan financial lengkap dlm 1 aplikasi aja.. bs beli saham, reksadana, dan obligasi cukup dgn 1 aplikasi, jd ga repot","suka banget sama aplikasi trima+, semua kebutuhan financial lengkap dlm 1 aplikasi aja.. bs beli saham, reksadana, dan obligasi cukup dgn 1 aplikasi, jd ga repot",True,161,26,Tidak Tercatat,0,Tidak,,,Sampel ulasan publik Play Store
0bac8d5a-56c2-4abd-a0f8-8dd0270760c7,2026-09-26 00:43:31,https://play.google.com/store/apps/details?id=id.trimegah.tplus.android,ID,id,5,1.0,100.0,Positive,UI/UX & Performa (Loading/Navigasi),2026-01-29 11:58:22,2026,"setelah dicoba ternyata aplikasinya nyaman dipakai yahh,,,Tampilannya simpel dan fiturnya jelas. Kalau ada kendala, tim call center dan adminnya responsif","setelah dicoba ternyata aplikasinya nyaman dipakai yahh,,,Tampilannya simpel dan fiturnya jelas. Kalau ada kendala, tim call center dan adminnya responsif",True,154,20,1.11.2,0,Tidak,,,Sampel ulasan publik Play Store
586e9073-51e1-4691-a4d1-24eff194e514,2026-09-26 00:43:31,https://play.google.com/store/apps/details?id=id.trimegah.tplus.android,ID,id,5,1.0,100.0,Positive,Transaksi & Portofolio Saham,2026-01-29 07:55:05,2026,"aplikasi ini bisa buat beli saham, reksa dana, dan obligasi cuma dalam satu aplikasi. mau penarikan ataupun setoran dana langsung muncul pas di jam trading.","aplikasi ini bisa buat beli saham, reksa dana, dan obligasi cuma dalam satu aplikasi. mau penarikan ataupun setoran dana langsung muncul pas di jam trading.",True,156,25,1.11.2,0,Tidak,,,Sampel ulasan publik Play Store
cfc1497a-ef36-4cd8-aeca-5d85499cf7e6,2026-09-26 00:43:31,https://play.google.com/store/apps/details?id=id.trimegah.tplus.android,ID,id,5,1.0,100.0,Positive,Login & Autentikasi,2026-01-29 07:41:56,2026,aplikasi yah mudah dipahami oleh pemula karena menu yang mudah . login sekarang hanya dengan nomor hp jadi gak ribet lagi buat daftar ke aplikasi.. banyak sekali pilihan transaksi yang tersedia.,aplikasi yah mudah dipahami oleh pemula karena menu yang mudah . login sekarang hanya dengan nomor hp jadi gak ribet lagi buat daftar ke aplikasi.. banyak sekali pilihan transaksi yang tersedia.,True,194,31,1.11.2,3,Tidak,,,Sampel ulasan publik Play Store
076ae970-858a-4bbb-83e3-c70f5ee4de3d,2026-09-26 00:43:31,https://play.google.com/store/apps/details?id=id.trimegah.tplus.android,ID,id,5,1.0,100.0,Positive,Transaksi & Portofolio Saham,2026-01-28 17:28:53,2026,"aplikasi nya sangat cocok dan mudah digunakan, dsni mau beli saham dengan mudah dalam 1 aplikasi saja","aplikasi nya sangat cocok dan mudah digunakan, dsni mau beli saham dengan mudah dalam 1 aplikasi saja",True,101,17,Tidak Tercatat,0,Tidak,,,Sampel ulasan publik Play Store
36474583-7ae2-4ab0-9c7e-8183e0ec215d,2026-09-26 00:43:31,https://play.google.com/store/apps/details?id=id.trimegah.tplus.android,ID,id,5,1.0,100.0,Positive,UI/UX & Performa (Loading/Navigasi),2026-01-28 10:13:34,2026,fiturnya beneran komplit UI/UX intuitive mantap,fiturnya beneran komplit UI/UX intuitive mantap,True,47,6,Tidak Tercatat,0,Tidak,,,Sampel ulasan publik Play Store
93100d5d-1b8b-4b58-a4c1-18538af2124e,2026-09-26 00:43:31,https://play.google.com/store/apps/details?id=id.trimegah.tplus.android,ID,id,3,0.5,50.0,Neutral,UI/UX & Performa (Loading/Navigasi),2026-01-27 16:42:27,2026,sudah bagus yg kurang cuman dari CS aja yg susah dan lama,sudah bagus yg kurang cuman dari CS aja yg susah dan lama,True,57,12,1.11.0,0,Tidak,,,Sampel ulasan publik Play Store
e129d4a9-fae4-42d7-a3b0-5551cdf1b578,2026-09-26 00:43:31,https://play.google.com/store/apps/details?id=id.trimegah.tplus.android,ID,id,5,1.0,100.0,Positive,Login & Autentikasi,2026-01-27 11:01:42,2026,"mantap sih ini fiturnya lengkap. bisa beli saham, obligasi dan reksadana dalam 1 aplikasi. ditambah loginnya mudah cuma pake nomor hp pula.","mantap sih ini fiturnya lengkap. bisa beli saham, obligasi dan reksadana dalam 1 aplikasi. ditambah loginnya mudah cuma pake nomor hp pula.",True,139,22,1.11.2,0,Tidak,,,Sampel ulasan publik Play Store
007bda1a-b0b0-40fc-bd75-bc97bd852fbc,2026-09-26 00:43:31,https://play.google.com/store/apps/details?id=id.trimegah.tplus.android,ID,id,5,1.0,100.0,Positive,Transaksi & Portofolio Saham,2026-01-27 10:56:59,2026,"logiknya gampang banget. bisa pake no HP aja. terus bisa jual beli saham, reksadana dan obligasi dalam 1 aplikasi aja. lengkap","logiknya gampang banget. bisa pake no HP aja. terus bisa jual beli saham, reksadana dan obligasi dalam 1 aplikasi aja. lengkap",True,126,21,1.11.2,0,Tidak,,,Sampel ulasan publik Play Store
5480dbc5-42f2-4909-990a-e0aac5922816,2026-09-26 00:43:31,https://play.google.com/store/apps/details?id=id.trimegah.tplus.android,ID,id,5,1.0,100.0,Positive,Transaksi & Portofolio Saham,2026-01-27 10:39:35,2026,"fiturnya komplit, bisa beli saham reksadana dan obligasi dalam 1 aplikasi aja. mantap","fiturnya komplit, bisa beli saham reksadana dan obligasi dalam 1 aplikasi aja. mantap",True,85,13,1.11.2,0,Tidak,,,Sampel ulasan publik Play Store
8cfef7e6-96b1-4ba2-b886-d6680c8b758e,2026-09-26 00:43:31,https://play.google.com/store/apps/details?id=id.trimegah.tplus.android,ID,id,5,1.0,100.0,Positive,Transaksi & Portofolio Saham,2026-01-27 10:24:03,2026,"suka banget sama trima plus. penarikan dan setor dana bisa langsung muncul tanpa ribet, mantap!!","suka banget sama trima plus. penarikan dan setor dana bisa langsung muncul tanpa ribet, mantap!!",True,96,15,1.11.2,0,Tidak,,,Sampel ulasan publik Play Store
bccd5005-f3ec-4d78-ae83-9f534cd003c3,2026-09-26 00:43:31,https://play.google.com/store/apps/details?id=id.trimegah.tplus.android,ID,id,5,1.0,100.0,Positive,Transaksi & Portofolio Saham,2026-01-26 17:52:35,2026,setelah coba aplikasi trima+ ternyata sangat memudahkan untuk saya dalam memantau portofolio jadi g ribet,setelah coba aplikasi trima+ ternyata sangat memudahkan untuk saya dalam memantau portofolio jadi g ribet,True,105,15,1.11.2,0,Tidak,,,Sampel ulasan publik Play Store
2526e84d-6b7e-4ab5-8da8-6b17083e023d,2026-09-26 00:43:31,https://play.google.com/store/apps/details?id=id.trimegah.tplus.android,ID,id,5,1.0,100.0,Positive,Login & Autentikasi,2026-01-26 17:40:11,2026,mudah digunakan buat login nya juga bisa pake nomor telepon jadi lebih satset saat login nih,mudah digunakan buat login nya juga bisa pake nomor telepon jadi lebih satset saat login nih,True,92,16,1.11.2,0,Tidak,,,Sampel ulasan publik Play Store
dfd26c17-6502-4715-acc4-cbf3b5cc2f93,2026-09-26 00:43:31,https://play.google.com/store/apps/details?id=id.trimegah.tplus.android,ID,id,5,1.0,100.0,Positive,Customer Service & Layanan,2026-01-26 17:39:57,2026,"coba minta bantuan ke tim chat call center nya,tanpa nunggu lama langsung dijawab dan dibantu,terimksh","coba minta bantuan ke tim chat call center nya,tanpa nunggu lama langsung dijawab dan dibantu,terimksh",True,102,15,1.11.2,0,Tidak,,,Sampel ulasan publik Play Store
df5f0ea5-9ace-4f42-8e68-87995750cd6d,2026-09-26 00:43:31,https://play.google.com/store/apps/details?id=id.trimegah.tplus.android,ID,id,5,1.0,100.0,Positive,Transaksi & Portofolio Saham,2026-01-26 15:34:53,2026,"nyaman digunakan untuk karna fitur-fiturnya lengkap, mau narik sama setor gampang, dan bisa beli saham/obligasi dengan mudah","nyaman digunakan untuk karna fitur-fiturnya lengkap, mau narik sama setor gampang, dan bisa beli saham/obligasi dengan mudah",True,124,17,1.11.2,0,Tidak,,,Sampel ulasan publik Play Store
36c58713-6099-4263-89bc-4be78b0bf62e,2026-09-26 00:43:31,https://play.google.com/store/apps/details?id=id.trimegah.tplus.android,ID,id,5,1.0,100.0,Positive,Transaksi & Portofolio Saham,2026-01-26 12:29:52,2026,"Udah ga perlu repot lagi pokoknya sekarang 1 aplikasi udah bisa beli saham, reksa dana, ataupun obligasi. penarikan dana nya juga gampang. keren banget","Udah ga perlu repot lagi pokoknya sekarang 1 aplikasi udah bisa beli saham, reksa dana, ataupun obligasi. penarikan dana nya juga gampang. keren banget",True,151,24,1.11.2,0,Tidak,,,Sampel ulasan publik Play Store
5cd711e7-237d-42d1-b2c7-4b3c868a2213,2026-09-26 00:43:31,https://play.google.com/store/apps/details?id=id.trimegah.tplus.android,ID,id,5,1.0,100.0,Positive,Login & Autentikasi,2026-01-26 12:11:52,2026,"Login Trima sekarang lebih gampang. Cuma pakai nomor HP, langsung bisa akses. Praktis👍","Login Trima sekarang lebih gampang. Cuma pakai nomor HP, langsung bisa akses. Praktis👍",True,86,13,1.11.2,0,Tidak,,,Sampel ulasan publik Play Store
0f1477d7-e428-469a-81db-60949f96297a,2026-09-26 00:43:31,https://play.google.com/store/apps/details?id=id.trimegah.tplus.android,ID,id,5,1.0,100.0,Positive,Transaksi & Portofolio Saham,2026-01-25 17:04:23,2026,appssnya lengkap bgttt.. plus penarikan dana bisa di hari yg sama mantap,appssnya lengkap bgttt.. plus penarikan dana bisa di hari yg sama mantap,True,72,12,1.11.2,0,Tidak,,,Sampel ulasan publik Play Store
7be7141d-070f-479b-8744-27121cf77b05,2026-09-26 00:43:31,https://play.google.com/store/apps/details?id=id.trimegah.tplus.android,ID,id,4,0.75,75.0,Positive,Login & Autentikasi,2026-01-24 18:01:21,2026,"Sekuritas dengan service terbaik.. meski begitu, menurutku perlu ditambahkan fitur login biometrik (sidik jari).. soalnya trima termasuk yg paling sering minta login, & input pin mengurangi kenyamanan penggunaan.","Sekuritas dengan service terbaik.. meski begitu, menurutku perlu ditambahkan fitur login biometrik (sidik jari).. soalnya trima termasuk yg paling sering minta login, & input pin mengurangi kenyamanan penggunaan.",True,212,28,1.11.2,2,Tidak,,,Sampel ulasan publik Play Store
bcfbc45f-64de-4c14-8c75-04da231a420e,2026-09-26 00:43:31,https://play.google.com/store/apps/details?id=id.trimegah.tplus.android,ID,id,5,1.0,100.0,Positive,Transaksi & Portofolio Saham,2026-01-24 12:05:11,2026,"fiturnya lengkap banget. Dari watchlist, form order, sampai Trima+ Ideas buat cari ide saham baru. Semua serba praktis","fiturnya lengkap banget. Dari watchlist, form order, sampai Trima+ Ideas buat cari ide saham baru. Semua serba praktis",True,118,18,1.11.2,0,Tidak,,,Sampel ulasan publik Play Store
54ed7563-2fb2-4a30-b1b5-2ac53dff4d4c,2026-09-26 00:43:31,https://play.google.com/store/apps/details?id=id.trimegah.tplus.android,ID,id,5,1.0,100.0,Positive,Transaksi & Portofolio Saham,2026-01-24 11:52:43,2026,"GK ribet sih menurut ku,karna log-in nya bisa cuma pakai no hp aja. Fitur nya juga lengkap mulai dari bisa beli saham,reksa dana dan obligasi.","GK ribet sih menurut ku,karna log-in nya bisa cuma pakai no hp aja. Fitur nya juga lengkap mulai dari bisa beli saham,reksa dana dan obligasi.",True,142,25,1.11.2,0,Tidak,,,Sampel ulasan publik Play Store
2e3fe564-dbe3-432d-bd94-e03a68a65208,2026-09-26 00:43:31,https://play.google.com/store/apps/details?id=id.trimegah.tplus.android,ID,id,5,1.0,100.0,Positive,UI/UX & Performa (Loading/Navigasi),2026-01-24 11:44:07,2026,"UI/UXnya terasa intuitif dan enak dipakai, cocok untuk pemula maupun trader aktif.","UI/UXnya terasa intuitif dan enak dipakai, cocok untuk pemula maupun trader aktif.",True,82,12,Tidak Tercatat,0,Tidak,,,Sampel ulasan publik Play Store
0aa6015f-e4d7-46ef-9b51-b138d8b3edd1,2026-09-26 00:43:31,https://play.google.com/store/apps/details?id=id.trimegah.tplus.android,ID,id,5,1.0,100.0,Positive,UI/UX & Performa (Loading/Navigasi),2026-01-24 11:42:14,2026,"responsif. Setiap kali aku tanya soal fitur atau kendala transaksi, mereka sigap bantuin sampai benar benar kelar.","responsif. Setiap kali aku tanya soal fitur atau kendala transaksi, mereka sigap bantuin sampai benar benar kelar.",True,114,17,1.11.2,0,Tidak,,,Sampel ulasan publik Play Store
57a2a3e1-abbd-454b-acc2-a8a46182cb04,2026-09-26 00:43:31,https://play.google.com/store/apps/details?id=id.trimegah.tplus.android,ID,id,5,1.0,100.0,Positive,UI/UX & Performa (Loading/Navigasi),2026-01-24 11:34:14,2026,"rekomendasi saham lengkap dengan alasan dan tema investasinya. Jadi bukan cuma tahu saham apa yang bagus, tapi juga paham kenapanya. Aplikasinya mudah dipakai dan tampilannya keren","rekomendasi saham lengkap dengan alasan dan tema investasinya. Jadi bukan cuma tahu saham apa yang bagus, tapi juga paham kenapanya. Aplikasinya mudah dipakai dan tampilannya keren",True,180,26,1.11.2,0,Tidak,,,Sampel ulasan publik Play Store
0be882db-eefd-47e6-b9cf-8b2aab9a370c,2026-09-26 00:43:31,https://play.google.com/store/apps/details?id=id.trimegah.tplus.android,ID,id,5,1.0,100.0,Positive,Apresiasi Umum & Kepuasan,2026-01-24 08:14:14,2026,"Saya pengguna aplikasi Trima+ aplikasi ini sangat membantu buat investasi dan tau harga saham, dan mudah di aplikasikan.","Saya pengguna aplikasi Trima+ aplikasi ini sangat membantu buat investasi dan tau harga saham, dan mudah di aplikasikan.",True,120,18,Tidak Tercatat,0,Tidak,,,Sampel ulasan publik Play Store
c426b357-007e-4676-b471-889c9a871649,2026-09-26 00:43:31,https://play.google.com/store/apps/details?id=id.trimegah.tplus.android,ID,id,5,1.0,100.0,Positive,Transaksi & Portofolio Saham,2026-01-24 07:48:30,2026,"fiturnya komplit, bisa beli saham, reksadana, dan obligasi","fiturnya komplit, bisa beli saham, reksadana, dan obligasi",True,58,8,1.11.2,0,Tidak,,,Sampel ulasan publik Play Store
e567d1ae-4ba8-4bf1-9061-18744a537d92,2026-09-26 00:43:31,https://play.google.com/store/apps/details?id=id.trimegah.tplus.android,ID,id,5,1.0,100.0,Positive,Login & Autentikasi,2026-01-24 07:44:36,2026,"login sekarang gampang, cm pake no hp aja bisa, dan fitur pun lengkap","login sekarang gampang, cm pake no hp aja bisa, dan fitur pun lengkap",True,69,13,1.11.2,0,Tidak,,,Sampel ulasan publik Play Store
a13fe59e-e6c0-44a3-af90-42129397edd2,2026-09-26 00:43:31,https://play.google.com/store/apps/details?id=id.trimegah.tplus.android,ID,id,5,1.0,100.0,Positive,Login & Autentikasi,2026-01-24 07:40:23,2026,"Login sekarang cukup pakai nomor HP, praktis banget. Watchlist dan form order lengkap, ngebantu buat mantau saham. Ada fitur trima+ picks & ideas juga, jadi lebih kebantu cari ide beli.","Login sekarang cukup pakai nomor HP, praktis banget. Watchlist dan form order lengkap, ngebantu buat mantau saham. Ada fitur trima+ picks & ideas juga, jadi lebih kebantu cari ide beli.",True,185,30,Tidak Tercatat,0,Tidak,,,Sampel ulasan publik Play Store
bfccde63-fb4b-4714-bea5-d0e42aa83ef9,2026-09-26 00:43:31,https://play.google.com/store/apps/details?id=id.trimegah.tplus.android,ID,id,5,1.0,100.0,Positive,Transaksi & Portofolio Saham,2026-01-24 07:38:11,2026,Saat penarikan dan setor dana di saat jam trading bisa langsung muncul tanpa hambatan 🫶🏻,Saat penarikan dan setor dana di saat jam trading bisa langsung muncul tanpa hambatan 🫶🏻,True,88,15,1.11.2,0,Tidak,,,Sampel ulasan publik Play Store
a76d5a10-bc1a-46a1-9325-6b954023e86c,2026-09-26 00:43:31,https://play.google.com/store/apps/details?id=id.trimegah.tplus.android,ID,id,5,1.0,100.0,Positive,UI/UX & Performa (Loading/Navigasi),2026-01-23 14:46:23,2026,"Menurut gue pribadi fitur di aplikasi trima ini sangat nyaman dan menarik,","Menurut gue pribadi fitur di aplikasi trima ini sangat nyaman dan menarik,",True,74,12,1.11.2,0,Tidak,,,Sampel ulasan publik Play Store
baabbd6c-39c0-457d-9c5d-40cf9427f78d,2026-09-26 00:43:31,https://play.google.com/store/apps/details?id=id.trimegah.tplus.android,ID,id,5,1.0,100.0,Positive,Login & Autentikasi,2026-01-23 14:44:50,2026,aplikasinya sangat mudah digunakan login nya juga bisa pake nomor telepon jadi lebih satset saat masuk nya,aplikasinya sangat mudah digunakan login nya juga bisa pake nomor telepon jadi lebih satset saat masuk nya,True,106,17,1.11.2,0,Tidak,,,Sampel ulasan publik Play Store
3bca8e0b-aa59-454a-9d6d-c6bbc4ee4896,2026-09-26 00:43:31,https://play.google.com/store/apps/details?id=id.trimegah.tplus.android,ID,id,5,1.0,100.0,Positive,Transaksi & Portofolio Saham,2026-01-23 14:42:42,2026,aku pake trima ya krna watchlist dan form ordernya lengkap banget soalny,aku pake trima ya krna watchlist dan form ordernya lengkap banget soalny,True,72,12,1.11.2,0,Tidak,,,Sampel ulasan publik Play Store
f4531a42-e518-4062-8096-8f025f472218,2026-09-26 00:43:31,https://play.google.com/store/apps/details?id=id.trimegah.tplus.android,ID,id,5,1.0,100.0,Positive,Apresiasi Umum & Kepuasan,2026-01-23 07:01:09,2026,mantap,mantap,True,6,1,1.11.2,0,Tidak,,,Sampel ulasan publik Play Store
cad807f1-3ee6-44e2-a13e-1770c292263d,2026-09-26 00:43:31,https://play.google.com/store/apps/details?id=id.trimegah.tplus.android,ID,id,5,1.0,100.0,Positive,Apresiasi Umum & Kepuasan,2026-01-23 06:01:32,2026,very nice,very nice,True,9,2,1.11.1,0,Tidak,,,Sampel ulasan publik Play Store
daef2075-bd2a-4929-8dff-062d28d1fddc,2026-09-26 00:43:31,https://play.google.com/store/apps/details?id=id.trimegah.tplus.android,ID,id,5,1.0,100.0,Positive,Fitur Analisis & Data Pasar,2026-01-22 11:23:21,2026,"Mudah digunakan, banyak pilihan produk, dan fitur analitiknya membantu banget","Mudah digunakan, banyak pilihan produk, dan fitur analitiknya membantu banget",True,77,10,1.11.1,0,Tidak,,,Sampel ulasan publik Play Store
e39ac986-2db9-4860-b9fd-28eab703a6eb,2026-09-26 00:43:31,https://play.google.com/store/apps/details?id=id.trimegah.tplus.android,ID,id,5,1.0,100.0,Positive,Apresiasi Umum & Kepuasan,2026-01-22 11:19:13,2026,Apk invest keren buat yang mau mulai investasi,Apk invest keren buat yang mau mulai investasi,True,46,8,Tidak Tercatat,0,Tidak,,,Sampel ulasan publik Play Store
20babb4c-8b85-465f-a2a9-5e422e4865cd,2026-09-26 00:43:31,https://play.google.com/store/apps/details?id=id.trimegah.tplus.android,ID,id,5,1.0,100.0,Positive,Transaksi & Portofolio Saham,2026-01-22 11:11:24,2026,sangat bermanfaat untuk pemula dalam investasi karena fiturnya yang lengkap dan mudah dipahami pengguna selain itu untuk metode deposit dan penarikan tidak ribet,sangat bermanfaat untuk pemula dalam investasi karena fiturnya yang lengkap dan mudah dipahami pengguna selain itu untuk metode deposit dan penarikan tidak ribet,True,161,23,1.11.1,0,Tidak,,,Sampel ulasan publik Play Store
9e7e0661-139f-4140-8471-0ad2ce5c61b5,2026-09-26 00:43:31,https://play.google.com/store/apps/details?id=id.trimegah.tplus.android,ID,id,5,1.0,100.0,Positive,Login & Autentikasi,2026-01-22 10:55:20,2026,"ga pernah mengecewakan dari segi tampilan maupun trading buat buy saham, reksa dana dll cara daftar dan login nya juga mudah ga ribet top dah","ga pernah mengecewakan dari segi tampilan maupun trading buat buy saham, reksa dana dll cara daftar dan login nya juga mudah ga ribet top dah",True,141,25,1.11.1,0,Tidak,,,Sampel ulasan publik Play Store
7ac3b7b0-b3c9-4c7c-ba1a-ecbe80d2ed78,2026-09-26 00:43:31,https://play.google.com/store/apps/details?id=id.trimegah.tplus.android,ID,id,5,1.0,100.0,Positive,Transaksi & Portofolio Saham,2026-01-22 10:54:29,2026,"aplikasi nya bagus fitur lengkap dan simpel gampang buat cek portofolio kita, team CS yang responsif dan ramah","aplikasi nya bagus fitur lengkap dan simpel gampang buat cek portofolio kita, team CS yang responsif dan ramah",True,110,18,1.11.2,0,Tidak,,,Sampel ulasan publik Play Store
c5557258-7ad7-4d5e-879f-5b53cc6a3de5,2026-09-26 00:43:31,https://play.google.com/store/apps/details?id=id.trimegah.tplus.android,ID,id,5,1.0,100.0,Positive,Fitur Analisis & Data Pasar,2026-01-22 10:53:10,2026,fitur sangat mudah dipahami dan penggunaannya. semoga ada perkembangan lebih baik lagi kedepannya,fitur sangat mudah dipahami dan penggunaannya. semoga ada perkembangan lebih baik lagi kedepannya,True,97,13,1.11.2,0,Tidak,,,Sampel ulasan publik Play Store
67542861-097d-438c-a809-ba597ca129e7,2026-09-26 00:43:31,https://play.google.com/store/apps/details?id=id.trimegah.tplus.android,ID,id,5,1.0,100.0,Positive,Customer Service & Layanan,2026-01-21 23:19:15,2026,"pakai aplikasi Trima+ sejauh ini puas banget. tim call center dan admin sangat responsif dan membantu banget, tiap ada kendala langsung ditangani dengan cepat","pakai aplikasi Trima+ sejauh ini puas banget. tim call center dan admin sangat responsif dan membantu banget, tiap ada kendala langsung ditangani dengan cepat",True,158,24,1.11.2,0,Tidak,,,Sampel ulasan publik Play Store
4dfd370b-c5fe-4cdb-9d55-61e66831dbca,2026-09-26 00:43:31,https://play.google.com/store/apps/details?id=id.trimegah.tplus.android,ID,id,5,1.0,100.0,Positive,Customer Service & Layanan,2026-01-21 16:46:39,2026,Bagus bangettt apknyaa😍😍. Wajib download gaissss. Love banget😍😍😍.,Bagus bangettt apknyaa😍😍. Wajib download gaissss. Love banget😍😍😍.,True,65,8,1.11.1,0,Tidak,,,Sampel ulasan publik Play Store
5624d1f7-5868-4609-a018-d585c8e06586,2026-09-26 00:43:31,https://play.google.com/store/apps/details?id=id.trimegah.tplus.android,ID,id,5,1.0,100.0,Positive,UI/UX & Performa (Loading/Navigasi),2026-01-21 11:15:29,2026,fitur mah gausah diraguin lagi... komplit.. dan UI UX nya tuh intuitive mantul dah pokoknya,fitur mah gausah diraguin lagi... komplit.. dan UI UX nya tuh intuitive mantul dah pokoknya,True,91,15,1.11.1,0,Tidak,,,Sampel ulasan publik Play Store
7dc6e17a-56b9-41b4-9e70-147ad919cb5c,2026-09-26 00:43:31,https://play.google.com/store/apps/details?id=id.trimegah.tplus.android,ID,id,5,1.0,100.0,Positive,Transaksi & Portofolio Saham,2026-01-21 11:01:19,2026,"Yang paling aku suka, tim call center Trimegah super responsif! Waktu aku bingung soal fitur order, mereka langsung bantu step by step lewat chat sampai beres.","Yang paling aku suka, tim call center Trimegah super responsif! Waktu aku bingung soal fitur order, mereka langsung bantu step by step lewat chat sampai beres.",True,159,26,Tidak Tercatat,0,Tidak,,,Sampel ulasan publik Play Store
7568f582-9368-473a-b1cd-116d71c18d44,2026-09-26 00:43:31,https://play.google.com/store/apps/details?id=id.trimegah.tplus.android,ID,id,5,1.0,100.0,Positive,Login & Autentikasi,2026-01-21 11:00:56,2026,"Login-nya juga gampang banget, cukup pakai nomor HP aja","Login-nya juga gampang banget, cukup pakai nomor HP aja",True,55,9,1.11.1,0,Tidak,,,Sampel ulasan publik Play Store
5a2a7488-df33-4cfa-8d66-b3be2b7e797b,2026-09-26 00:43:31,https://play.google.com/store/apps/details?id=id.trimegah.tplus.android,ID,id,5,1.0,100.0,Positive,Customer Service & Layanan,2026-01-21 10:44:38,2026,puas sekali pakai trima+ ini selain fitur mudah di pahami dan tim call center dan admin sangat responsif dan membantu banget,puas sekali pakai trima+ ini selain fitur mudah di pahami dan tim call center dan admin sangat responsif dan membantu banget,True,124,21,1.11.2,0,Tidak,,,Sampel ulasan publik Play Store
ec2d8f82-2572-41b8-abde-07c9e2a643b7,2026-09-26 00:43:31,https://play.google.com/store/apps/details?id=id.trimegah.tplus.android,ID,id,5,1.0,100.0,Positive,Transaksi & Portofolio Saham,2026-01-20 11:23:54,2026,"transaksi lebih gampang. Trima+ Picks dan Trima+ Ideas cukup membantu buat cari gambaran saham yang menarik. Enaknya lagi, di satu aplikasi sudah bisa investasi saham, reksa dana, dan obligasi.","transaksi lebih gampang. Trima+ Picks dan Trima+ Ideas cukup membantu buat cari gambaran saham yang menarik. Enaknya lagi, di satu aplikasi sudah bisa investasi saham, reksa dana, dan obligasi.",True,193,29,Tidak Tercatat,0,Tidak,,,Sampel ulasan publik Play Store
c8f01041-e187-49a5-b260-8395cb5fe647,2026-09-26 00:43:31,https://play.google.com/store/apps/details?id=id.trimegah.tplus.android,ID,id,5,1.0,100.0,Positive,Transaksi & Portofolio Saham,2026-01-20 11:20:32,2026,"banyak fiturnya kyk kita bisa lihat Saham, reksa dana, dan obligasi di 1 halaman, penarikannya juga sat set bgt disini","banyak fiturnya kyk kita bisa lihat Saham, reksa dana, dan obligasi di 1 halaman, penarikannya juga sat set bgt disini",True,118,20,1.11.2,0,Tidak,,,Sampel ulasan publik Play Store
22ad7abf-ee1e-47ec-a6d0-6f30cfed4610,2026-09-26 00:43:31,https://play.google.com/store/apps/details?id=id.trimegah.tplus.android,ID,id,5,1.0,100.0,Positive,Customer Service & Layanan,2026-01-20 11:01:02,2026,"awal daftar sampai mulai transaksi, semuanya terasa dipandu dengan baik. Tim call center dan adminnya juga responsif","awal daftar sampai mulai transaksi, semuanya terasa dipandu dengan baik. Tim call center dan adminnya juga responsif",True,116,17,1.11.2,0,Tidak,,,Sampel ulasan publik Play Store
0e2754fc-7801-4663-89d9-992ee9285773,2026-09-26 00:43:31,https://play.google.com/store/apps/details?id=id.trimegah.tplus.android,ID,id,2,0.25,25.0,Negative,Login & Autentikasi,2026-01-19 15:13:47,2026,error pada verifikasi wajah,error pada verifikasi wajah,True,27,4,1.11.1,0,Tidak,,,Sampel ulasan publik Play Store
52a223f7-d4ec-4736-a429-9ab3e50c3cd1,2026-09-26 00:43:31,https://play.google.com/store/apps/details?id=id.trimegah.tplus.android,ID,id,5,1.0,100.0,Positive,UI/UX & Performa (Loading/Navigasi),2026-01-19 13:42:03,2026,"Pertama kali buka, tampilannya simpel dan rapi, jadi aku yang masih pemula nggak merasa bingung.","Pertama kali buka, tampilannya simpel dan rapi, jadi aku yang masih pemula nggak merasa bingung.",True,96,15,Tidak Tercatat,0,Tidak,,,Sampel ulasan publik Play Store
9bd22b92-4fba-4021-bf8a-35ce1e6cfa4d,2026-09-26 00:43:31,https://play.google.com/store/apps/details?id=id.trimegah.tplus.android,ID,id,5,1.0,100.0,Positive,Customer Service & Layanan,2026-01-19 13:37:17,2026,sejauh ini aku pake Trima+ yang paling kerasa banget itu pelayanan tim call centernya,sejauh ini aku pake Trima+ yang paling kerasa banget itu pelayanan tim call centernya,True,85,14,1.11.1,0,Tidak,,,Sampel ulasan publik Play Store
49fd99a5-86f0-477e-bf26-d4a70d225c69,2026-09-26 00:43:31,https://play.google.com/store/apps/details?id=id.trimegah.tplus.android,ID,id,5,1.0,100.0,Positive,Fitur Analisis & Data Pasar,2026-01-19 13:19:32,2026,cukup terbantu dengan fitur Trima+ Picks dan Trima+ Ideas buat cari referensi saham.,cukup terbantu dengan fitur Trima+ Picks dan Trima+ Ideas buat cari referensi saham.,True,84,13,1.11.1,0,Tidak,,,Sampel ulasan publik Play Store
bc4d9a77-7d02-4f5f-8e1e-77a4eba6d895,2026-09-26 00:43:31,https://play.google.com/store/apps/details?id=id.trimegah.tplus.android,ID,id,5,1.0,100.0,Positive,UI/UX & Performa (Loading/Navigasi),2026-01-19 13:10:21,2026,"cocok banget buat yang aktif trading saham. Tampilannya juga enak dilihat dan mudah dipahami, jadi nggak bikin bingung.","cocok banget buat yang aktif trading saham. Tampilannya juga enak dilihat dan mudah dipahami, jadi nggak bikin bingung.",True,119,18,Tidak Tercatat,0,Tidak,,,Sampel ulasan publik Play Store
02c5e125-461a-47a1-b575-96ee020aad92,2026-09-26 00:43:31,https://play.google.com/store/apps/details?id=id.trimegah.tplus.android,ID,id,5,1.0,100.0,Positive,Transaksi & Portofolio Saham,2026-01-19 13:07:59,2026,"sejauh ini sangat membantu. Portofolionya rapi dan ringkas, jadi bisa langsung lihat saham","sejauh ini sangat membantu. Portofolionya rapi dan ringkas, jadi bisa langsung lihat saham",True,90,13,Tidak Tercatat,0,Tidak,,,Sampel ulasan publik Play Store
56f832c6-ae8c-4f2c-9588-f48b4ea5a065,2026-09-26 00:43:31,https://play.google.com/store/apps/details?id=id.trimegah.tplus.android,ID,id,5,1.0,100.0,Positive,UI/UX & Performa (Loading/Navigasi),2026-01-19 13:01:08,2026,"Tampilannya simpel jadi tidak bikin bingung, prosesnya juga terasa cepat dan praktis selama dipakai jarang ada kendala","Tampilannya simpel jadi tidak bikin bingung, prosesnya juga terasa cepat dan praktis selama dipakai jarang ada kendala",True,118,17,1.11.1,0,Tidak,,,Sampel ulasan publik Play Store
06c3a30d-9499-4557-84ce-870f5a7adb44,2026-09-26 00:43:31,https://play.google.com/store/apps/details?id=id.trimegah.tplus.android,ID,id,5,1.0,100.0,Positive,Transaksi & Portofolio Saham,2026-01-19 11:30:31,2026,"whatchlist dan form ordernya lengkap banget, bikin gampang buat mantau saham","whatchlist dan form ordernya lengkap banget, bikin gampang buat mantau saham",True,76,11,1.11.1,0,Tidak,,,Sampel ulasan publik Play Store
0a702678-f184-40aa-ac8d-9dfbe7d80821,2026-09-26 00:43:31,https://play.google.com/store/apps/details?id=id.trimegah.tplus.android,ID,id,5,1.0,100.0,Positive,Apresiasi Umum & Kepuasan,2026-01-19 11:27:19,2026,"praktis dan nyaman dipakai, apalagi buat yang baru mulai atau yang sudah aktif trading.","praktis dan nyaman dipakai, apalagi buat yang baru mulai atau yang sudah aktif trading.",True,87,14,Tidak Tercatat,0,Tidak,,,Sampel ulasan publik Play Store
32343b14-fc86-4c53-b0dd-0f8983275dc5,2026-09-26 00:43:31,https://play.google.com/store/apps/details?id=id.trimegah.tplus.android,ID,id,5,1.0,100.0,Positive,Transaksi & Portofolio Saham,2026-01-19 11:19:04,2026,"aplikasi nya sangat berguna dan mudah digunakan, dsni jika beli saham dengan mudah dalam 1 aplikasi","aplikasi nya sangat berguna dan mudah digunakan, dsni jika beli saham dengan mudah dalam 1 aplikasi",True,99,16,Tidak Tercatat,0,Tidak,,,Sampel ulasan publik Play Store
d199e52e-c549-4c10-a704-c9c65314ed33,2026-09-26 00:43:31,https://play.google.com/store/apps/details?id=id.trimegah.tplus.android,ID,id,5,1.0,100.0,Positive,Transaksi & Portofolio Saham,2026-01-19 11:05:49,2026,"Aplikasi platform investasi yang lengkap. Kita bisa membeli dan mengelola saham, reksa dana, dan obligasi di dalam 1 aplikasi","Aplikasi platform investasi yang lengkap. Kita bisa membeli dan mengelola saham, reksa dana, dan obligasi di dalam 1 aplikasi",True,125,19,1.11.1,0,Tidak,,,Sampel ulasan publik Play Store
999ceb39-371d-43ba-b731-68b0d5bde163,2026-09-26 00:43:31,https://play.google.com/store/apps/details?id=id.trimegah.tplus.android,ID,id,5,1.0,100.0,Positive,Apresiasi Umum & Kepuasan,2026-01-18 12:36:24,2026,mantap,mantap,True,6,1,1.11.2,0,Tidak,,,Sampel ulasan publik Play Store
3ae7ec55-9de2-4d18-889b-fcba1575fe16,2026-09-26 00:43:31,https://play.google.com/store/apps/details?id=id.trimegah.tplus.android,ID,id,5,1.0,100.0,Positive,Customer Service & Layanan,2026-01-15 23:26:09,2026,"Trima+ ini mudah dan nyaman dipakai, apalagi buat yang baru mulai atau yang sudah aktif trading. Tim call center dan adminnya responsif banget, cepat tanggap dan selalu bantu kalau ada kendala","Trima+ ini mudah dan nyaman dipakai, apalagi buat yang baru mulai atau yang sudah aktif trading. Tim call center dan adminnya responsif banget, cepat tanggap dan selalu bantu kalau ada kendala",True,192,31,1.11.1,0,Tidak,,,Sampel ulasan publik Play Store
60479706-eb8f-4672-9a1c-571012370ec3,2026-09-26 00:43:31,https://play.google.com/store/apps/details?id=id.trimegah.tplus.android,ID,id,5,1.0,100.0,Positive,Transaksi & Portofolio Saham,2026-01-15 22:42:06,2026,"Aplikasi platform investasi yang lengkap. Kita bisa membeli dan mengelola saham, reksa dana, dan obligasi di dalam 1 aplikasi aja","Aplikasi platform investasi yang lengkap. Kita bisa membeli dan mengelola saham, reksa dana, dan obligasi di dalam 1 aplikasi aja",True,129,20,1.11.1,0,Tidak,,,Sampel ulasan publik Play Store
ddde033a-3d14-4b46-9d8b-8aa9acc8e26d,2026-09-26 00:43:31,https://play.google.com/store/apps/details?id=id.trimegah.tplus.android,ID,id,3,0.5,50.0,Neutral,Login & Autentikasi,2026-01-15 08:41:55,2026,nunggu OTP dah seminggu g pernah d setujui,nunggu OTP dah seminggu g pernah d setujui,True,42,8,1.11.1,0,Tidak,,,Sampel ulasan publik Play Store
deba1bf8-1f44-4077-87c8-e497581ff21e,2026-09-26 00:43:31,https://play.google.com/store/apps/details?id=id.trimegah.tplus.android,ID,id,5,1.0,100.0,Positive,UI/UX & Performa (Loading/Navigasi),2026-01-14 22:54:01,2026,"aplikasi simpel dan gk ribet gk kaya aplikasi sebelah,the best deh pokoknya","aplikasi simpel dan gk ribet gk kaya aplikasi sebelah,the best deh pokoknya",True,75,12,Tidak Tercatat,0,Tidak,,,Sampel ulasan publik Play Store
20d6ec90-e1f1-471e-8cd6-bb887be73300,2026-09-26 00:43:31,https://play.google.com/store/apps/details?id=id.trimegah.tplus.android,ID,id,5,1.0,100.0,Positive,Apresiasi Umum & Kepuasan,2026-01-14 22:52:34,2026,bagus banget,bagus banget,True,12,2,1.11.1,0,Tidak,,,Sampel ulasan publik Play Store
de9e38c1-7704-44fb-8194-a64bb284779c,2026-09-26 00:43:31,https://play.google.com/store/apps/details?id=id.trimegah.tplus.android,ID,id,5,1.0,100.0,Positive,Apresiasi Umum & Kepuasan,2026-01-14 22:46:08,2026,aplikasi nya bagus banget semoga sukses selalu,aplikasi nya bagus banget semoga sukses selalu,True,46,7,1.11.1,0,Tidak,,,Sampel ulasan publik Play Store
76dc6fe3-644c-4c3b-8b1d-67fd4183d8d7,2026-09-26 00:43:31,https://play.google.com/store/apps/details?id=id.trimegah.tplus.android,ID,id,5,1.0,100.0,Positive,UI/UX & Performa (Loading/Navigasi),2026-01-14 22:45:57,2026,"apk nya bagus ,ga ribet ... gampang di gunakan oleh pemula kaya saya ,, pokonya puas banget ...","apk nya bagus ,ga ribet ... gampang di gunakan oleh pemula kaya saya ,, pokonya puas banget ...",True,95,18,Tidak Tercatat,0,Tidak,,,Sampel ulasan publik Play Store
bb172a1e-6f87-45ac-b6eb-af9cdcae6cb5,2026-09-26 00:43:31,https://play.google.com/store/apps/details?id=id.trimegah.tplus.android,ID,id,5,1.0,100.0,Positive,Apresiasi Umum & Kepuasan,2026-01-14 22:43:29,2026,aplikasi yang sangat bagus dan bermanfaat,aplikasi yang sangat bagus dan bermanfaat,True,41,6,Tidak Tercatat,0,Tidak,,,Sampel ulasan publik Play Store
0293635c-7598-4586-8579-a9c67804656d,2026-09-26 00:43:31,https://play.google.com/store/apps/details?id=id.trimegah.tplus.android,ID,id,1,0.0,0.0,Negative,Registrasi & Onboarding (KYC),2026-01-14 22:30:29,2026,pendaftaran yang sangat sulit tidak tau kenapa tidak bisa mendaftar,pendaftaran yang sangat sulit tidak tau kenapa tidak bisa mendaftar,True,67,10,1.11.1,0,Tidak,,,Sampel ulasan publik Play Store
eb559899-c639-47ba-8b12-bb69c7dfba4a,2026-09-26 00:43:31,https://play.google.com/store/apps/details?id=id.trimegah.tplus.android,ID,id,5,1.0,100.0,Positive,Transaksi & Portofolio Saham,2026-01-14 22:11:53,2026,"Apliksi cukup nyaman buat dipke beli reksa dana,saham,obligasi dan lain-lain proses aman","Apliksi cukup nyaman buat dipke beli reksa dana,saham,obligasi dan lain-lain proses aman",True,88,12,1.11.1,0,Tidak,,,Sampel ulasan publik Play Store
d9cdf568-f7fd-4ca4-9796-bbe9a351be80,2026-09-26 00:43:31,https://play.google.com/store/apps/details?id=id.trimegah.tplus.android,ID,id,5,1.0,100.0,Positive,Apresiasi Umum & Kepuasan,2026-01-13 22:45:10,2026,makasih trima+ karna udah membantu ku transaksi dengan aplikasi ini aku jadi terbantu good job apk,makasih trima+ karna udah membantu ku transaksi dengan aplikasi ini aku jadi terbantu good job apk,True,98,16,Tidak Tercatat,0,Tidak,,,Sampel ulasan publik Play Store
8bc5d1d7-194c-4a8d-856f-5b349439d66e,2026-09-26 00:43:31,https://play.google.com/store/apps/details?id=id.trimegah.tplus.android,ID,id,5,1.0,100.0,Positive,Apresiasi Umum & Kepuasan,2026-01-13 22:43:04,2026,apk sangat bagus sekali,apk sangat bagus sekali,True,23,4,1.11.1,0,Tidak,,,Sampel ulasan publik Play Store
a88ee930-6af2-4486-85f2-bd258d8ae289,2026-09-26 00:43:31,https://play.google.com/store/apps/details?id=id.trimegah.tplus.android,ID,id,5,1.0,100.0,Positive,UI/UX & Performa (Loading/Navigasi),2026-01-13 22:20:05,2026,aplikasinya ga ribet enak banget buat mantau saham dan csnya baik juga ga lelet enak deh pokonya debest,aplikasinya ga ribet enak banget buat mantau saham dan csnya baik juga ga lelet enak deh pokonya debest,True,103,18,1.11.1,0,Tidak,,,Sampel ulasan publik Play Store
dc2e56f4-c05d-4270-aac3-c91afbe79a0b,2026-09-26 00:43:31,https://play.google.com/store/apps/details?id=id.trimegah.tplus.android,ID,id,5,1.0,100.0,Positive,Fitur Analisis & Data Pasar,2026-01-13 11:12:47,2026,kirain bakalan sulit buat belajar ih nvestasi untuk pemula tapi di trima+ fiturnya lengkap dan mudah dimengerti mana aman dan terpercaya lagi,kirain bakalan sulit buat belajar ih nvestasi untuk pemula tapi di trima+ fiturnya lengkap dan mudah dimengerti mana aman dan terpercaya lagi,True,141,22,1.11.1,0,Tidak,,,Sampel ulasan publik Play Store
6e0fe0d1-971f-40fd-950c-770b778d7fba,2026-09-26 00:43:31,https://play.google.com/store/apps/details?id=id.trimegah.tplus.android,ID,id,5,1.0,100.0,Positive,Apresiasi Umum & Kepuasan,2026-01-12 15:46:01,2026,Bagus aplikasinya sederhana dan mudah,Bagus aplikasinya sederhana dan mudah,True,37,5,1.11.1,0,Tidak,,,Sampel ulasan publik Play Store
2c22d801-0973-4863-8445-b9445205609a,2026-09-26 00:43:31,https://play.google.com/store/apps/details?id=id.trimegah.tplus.android,ID,id,5,1.0,100.0,Positive,Transaksi & Portofolio Saham,2026-01-12 08:50:12,2026,"Salah satu fitur yg aku suka di Trima yaitu Trima+ Picks sama Trima+ Ideas karna itu ngebantu bnget buat cari ide beli saham. Totally aplikasinya sngt nyaman digunakan dan transparan menurutku, terus buat call center nya gercep fast respon, itu aja terimakasih🙏🏻🙏🏻","Salah satu fitur yg aku suka di Trima yaitu Trima+ Picks sama Trima+ Ideas karna itu ngebantu bnget buat cari ide beli saham. Totally aplikasinya sngt nyaman digunakan dan transparan menurutku, terus buat call center nya gercep fast respon, itu aja terimakasih🙏🏻🙏🏻",True,264,42,1.11.1,0,Tidak,,,Sampel ulasan publik Play Store
43465702-8a97-4e44-b272-222176c26536,2026-09-26 00:43:31,https://play.google.com/store/apps/details?id=id.trimegah.tplus.android,ID,id,5,1.0,100.0,Positive,Transaksi & Portofolio Saham,2026-01-12 08:45:35,2026,"aplikasi nya sangat berguna dan mudah digunakan, dsni jika beli saham dengan mudah dalam 1 aplikasi, tim call center juga sangat fastrespon","aplikasi nya sangat berguna dan mudah digunakan, dsni jika beli saham dengan mudah dalam 1 aplikasi, tim call center juga sangat fastrespon",True,139,22,1.11.1,0,Tidak,,,Sampel ulasan publik Play Store
fb3213f2-f75d-4675-8c9b-cda75533d13f,2026-09-26 00:43:31,https://play.google.com/store/apps/details?id=id.trimegah.tplus.android,ID,id,5,1.0,100.0,Positive,Customer Service & Layanan,2026-01-11 20:29:50,2026,fitur di aplikasi trima+ ngebantu buat trander saham sama admin nya responsif banget,fitur di aplikasi trima+ ngebantu buat trander saham sama admin nya responsif banget,True,84,13,1.11.1,0,Tidak,,,Sampel ulasan publik Play Store
d1a4d5a0-a68d-4b89-a006-85da0cf6b9b9,2026-09-26 00:43:31,https://play.google.com/store/apps/details?id=id.trimegah.tplus.android,ID,id,5,1.0,100.0,Positive,Transaksi & Portofolio Saham,2026-01-11 15:12:26,2026,"Aku pakai aplikasi ini buat investasi dan sejauh ini ngebantu banget. Tim call center dan adminnya responsif, tiap ada kendala langsung dibantuin. Buat trading, watchlist dan form order lengkap, jadi gampang mantau saham incaran. Trima+ Picks dan Trima+ Ideas juga kepake banget buat cari ide saham pas lagi bingung. Plus, saham, reksa dana, dan obligasi bisa dibeli dalam satu aplikasi, jadi praktis dan nggak ribet.","Aku pakai aplikasi ini buat investasi dan sejauh ini ngebantu banget. Tim call center dan adminnya responsif, tiap ada kendala langsung dibantuin. Buat trading, watchlist dan form order lengkap, jadi gampang mantau saham incaran. Trima+ Picks dan Trima+ Ideas juga kepake banget buat cari ide saham pas lagi bingung. Plus, saham, reksa dana, dan obligasi bisa dibeli dalam satu aplikasi, jadi praktis dan nggak ribet.",True,417,65,Tidak Tercatat,0,Tidak,,,Sampel ulasan publik Play Store
6a939cf1-0a5c-433b-9772-07e65724df57,2026-09-26 00:43:31,https://play.google.com/store/apps/details?id=id.trimegah.tplus.android,ID,id,5,1.0,100.0,Positive,Transaksi & Portofolio Saham,2026-01-11 06:13:20,2026,"aplikasi ini mudah digunain dan enak banget, khususnya buat para pemula. tampilannya simpel tapi watchlist sama form order lengkap banget, ngebantu banget buat trader saham. kalau ada kendala juga nggak ribet, tim call center dan admin responsif 24 jam, jadi kita gak perlu khawatir","aplikasi ini mudah digunain dan enak banget, khususnya buat para pemula. tampilannya simpel tapi watchlist sama form order lengkap banget, ngebantu banget buat trader saham. kalau ada kendala juga nggak ribet, tim call center dan admin responsif 24 jam, jadi kita gak perlu khawatir",True,282,44,Tidak Tercatat,0,Tidak,,,Sampel ulasan publik Play Store
93215b93-44a9-4f48-b29e-a9f972bb5213,2026-09-26 00:43:31,https://play.google.com/store/apps/details?id=id.trimegah.tplus.android,ID,id,5,1.0,100.0,Positive,Transaksi & Portofolio Saham,2026-01-10 22:18:50,2026,"suka banget pake aplikasi Trima+,gampang banget pake fitur trima+ picks dan trima+ ideas ngebantu banget cari ide buat bisa beli saham,reksa dana, dan obligasi di dalam 1 aplikasi cocok buat pemula kaya aku","suka banget pake aplikasi Trima+,gampang banget pake fitur trima+ picks dan trima+ ideas ngebantu banget cari ide buat bisa beli saham,reksa dana, dan obligasi di dalam 1 aplikasi cocok buat pemula kaya aku",True,206,33,1.11.1,0,Tidak,,,Sampel ulasan publik Play Store
8f4a40dd-c033-49e4-a4fa-d72f0a6fa68c,2026-09-26 00:43:31,https://play.google.com/store/apps/details?id=id.trimegah.tplus.android,ID,id,5,1.0,100.0,Positive,Transaksi & Portofolio Saham,2026-01-10 22:14:27,2026,"baru pertama kali aplikasi ini buat beli saham, reksa dana dan obligasi dalam satu aplikasi aku suka bangett gampang makenyaa sama team call center sangat responsif banget","baru pertama kali aplikasi ini buat beli saham, reksa dana dan obligasi dalam satu aplikasi aku suka bangett gampang makenyaa sama team call center sangat responsif banget",True,171,27,1.11.1,0,Tidak,,,Sampel ulasan publik Play Store
1f1b4b23-fbb6-44af-b06a-62fc194de095,2026-09-26 00:43:31,https://play.google.com/store/apps/details?id=id.trimegah.tplus.android,ID,id,5,1.0,100.0,Positive,Customer Service & Layanan,2026-01-10 21:48:19,2026,"aplikasi trima + ini dari segi fitur nya oke banget , lengkap dalam satu aplikasi, admin nya juga cepat respon. buat trader saham bisa banget aplikasi ini","aplikasi trima + ini dari segi fitur nya oke banget , lengkap dalam satu aplikasi, admin nya juga cepat respon. buat trader saham bisa banget aplikasi ini",True,154,27,Tidak Tercatat,0,Tidak,,,Sampel ulasan publik Play Store
bfadad8c-3388-4aaa-89f6-cea369a44e5b,2026-09-26 00:43:31,https://play.google.com/store/apps/details?id=id.trimegah.tplus.android,ID,id,5,1.0,100.0,Positive,UI/UX & Performa (Loading/Navigasi),2026-01-10 21:45:05,2026,"aplikasi nya bagus banget,ga ribet pula aku kira bakal ribet kaya aplikasi lain eh ternyata engga,100/10 DEHHHH gooddd,timm call center dan adminnya sangat responsif dan membantu bangett","aplikasi nya bagus banget,ga ribet pula aku kira bakal ribet kaya aplikasi lain eh ternyata engga,100/10 DEHHHH gooddd,timm call center dan adminnya sangat responsif dan membantu bangett",True,186,27,Tidak Tercatat,0,Tidak,,,Sampel ulasan publik Play Store
41d6dc4a-0285-473d-8263-34b01699f58e,2026-09-26 00:43:31,https://play.google.com/store/apps/details?id=id.trimegah.tplus.android,ID,id,5,1.0,100.0,Positive,Transaksi & Portofolio Saham,2026-01-10 19:51:38,2026,"Beneran ngebantu banget. Fitur Watchlist dan Form Ordernya lengkap, bikin aktivitas trading jadi jauh lebih praktis. Nggak perlu ribet lagi, semua yang dibutuhkan trader saham sudah ada di dlam aplikasi. Wajib coba buat kita semua yang mau trading lebih efisien dan cocok untuk pemula","Beneran ngebantu banget. Fitur Watchlist dan Form Ordernya lengkap, bikin aktivitas trading jadi jauh lebih praktis. Nggak perlu ribet lagi, semua yang dibutuhkan trader saham sudah ada di dlam aplikasi. Wajib coba buat kita semua yang mau trading lebih efisien dan cocok untuk pemula",True,284,44,Tidak Tercatat,0,Tidak,,,Sampel ulasan publik Play Store
8980f571-a63d-4a90-96cf-d4d9928b4f2e,2026-09-26 00:43:31,https://play.google.com/store/apps/details?id=id.trimegah.tplus.android,ID,id,5,1.0,100.0,Positive,Transaksi & Portofolio Saham,2026-01-10 10:25:53,2026,"Ada aplikasi bagus dan kompeten nih temen². aplikasi ""Trima+"". Tahu gak guys ,akses portofolio cepet dan ringkas, kamu bisa lihat saham, Reksadana, dan obligasi. Ada keuntungan lain-lain di Trima+. Dan sistemnya aman, terpercaya dan transparan. yuk segera install apknya..","Ada aplikasi bagus dan kompeten nih temen². aplikasi ""Trima+"". Tahu gak guys ,akses portofolio cepet dan ringkas, kamu bisa lihat saham, Reksadana, dan obligasi. Ada keuntungan lain-lain di Trima+. Dan sistemnya aman, terpercaya dan transparan. yuk segera install apknya..",True,272,39,1.11.1,0,Tidak,,,Sampel ulasan publik Play Store
ae4b3f61-742b-441a-870e-c75efa50830d,2026-09-26 00:43:31,https://play.google.com/store/apps/details?id=id.trimegah.tplus.android,ID,id,5,1.0,100.0,Positive,Transaksi & Portofolio Saham,2026-01-09 17:34:11,2026,"Watchlist dan form order lengkap banget, ngebantu buat trader saham","Watchlist dan form order lengkap banget, ngebantu buat trader saham",True,67,10,1.11.1,0,Tidak,,,Sampel ulasan publik Play Store
92de3751-ac0a-4e17-b3f9-2077fa7d8f1d,2026-09-26 00:43:31,https://play.google.com/store/apps/details?id=id.trimegah.tplus.android,ID,id,5,1.0,100.0,Positive,Transaksi & Portofolio Saham,2026-01-09 16:16:56,2026,"aplikasi trima+ ini sangaaattt bagus untuk digunakan, semuaa fiturnya sangat lengkap dari tim call center dan admin sangat respon dan membantu banget, dan watchlist&from order ngebantu banget buat trader saham, fitur trima+picks dan trima+ideas ngebantu banget buat cari ide ide tentang saham.. pokoknyaaa aplikasi ini sangat bagus untuk di gunakan","aplikasi trima+ ini sangaaattt bagus untuk digunakan, semuaa fiturnya sangat lengkap dari tim call center dan admin sangat respon dan membantu banget, dan watchlist&from order ngebantu banget buat trader saham, fitur trima+picks dan trima+ideas ngebantu banget buat cari ide ide tentang saham.. pokoknyaaa aplikasi ini sangat bagus untuk di gunakan",True,348,50,1.11.1,0,Tidak,,,Sampel ulasan publik Play Store
3bfb8e2d-d5f9-471c-80ee-bcea3cf7af2d,2026-09-26 00:43:31,https://play.google.com/store/apps/details?id=id.trimegah.tplus.android,ID,id,5,1.0,100.0,Positive,Transaksi & Portofolio Saham,2026-01-09 16:05:59,2026,"Salah satu keunggulan utama Trima+ adalah fitur Advanced Order. Ini adalah ""asisten pribadi"" Anda dalam trading: * Trailing Stop: Mengunci keuntungan secara otomatis saat harga naik, lalu turun sedikit. * Stop Loss: Menjaga modal Anda agar tidak rugi terlalu dalam saat pasar sedang buruk. * Fitur ini bekerja di latar belakang (server-side), jadi Anda tidak perlu menatap layar HP seharian.","Salah satu keunggulan utama Trima+ adalah fitur Advanced Order. Ini adalah ""asisten pribadi"" Anda dalam trading: * Trailing Stop: Mengunci keuntungan secara otomatis saat harga naik, lalu turun sedikit. * Stop Loss: Menjaga modal Anda agar tidak rugi terlalu dalam saat pasar sedang buruk. * Fitur ini bekerja di latar belakang (server-side), jadi Anda tidak perlu menatap layar HP seharian.",True,391,60,1.11.1,0,Tidak,,,Sampel ulasan publik Play Store
dd56a93a-ae9c-4f72-b629-324723fdd106,2026-09-26 00:43:31,https://play.google.com/store/apps/details?id=id.trimegah.tplus.android,ID,id,5,1.0,100.0,Positive,Transaksi & Portofolio Saham,2026-01-09 14:10:32,2026,beli saham atau Reksadana sangat mudah dengan satu aplikasi saja. liat portofolio hanya satu halaman saja dan yang lebih penting layanan 24,beli saham atau Reksadana sangat mudah dengan satu aplikasi saja. liat portofolio hanya satu halaman saja dan yang lebih penting layanan 24,True,139,22,1.11.1,0,Tidak,,,Sampel ulasan publik Play Store
6ae3bd78-6ef0-481a-b66f-419f3c6eb2f1,2026-09-26 00:43:31,https://play.google.com/store/apps/details?id=id.trimegah.tplus.android,ID,id,5,1.0,100.0,Positive,UI/UX & Performa (Loading/Navigasi),2026-01-08 16:14:27,2026,"Menurut saya, aplikasi Trima+ cukup membantu dan nyaman dipakai. Tampilannya simpel jadi tidak bikin bingung, prosesnya juga terasa cepat dan praktis. Selama dipakai jarang ada kendala, semua fitur berjalan dengan baik. Cocok untuk dipakai sehari-hari, apalagi buat yang mau serba mudah. Overall, aplikasinya oke dan layak dicoba..","Menurut saya, aplikasi Trima+ cukup membantu dan nyaman dipakai. Tampilannya simpel jadi tidak bikin bingung, prosesnya juga terasa cepat dan praktis. Selama dipakai jarang ada kendala, semua fitur berjalan dengan baik. Cocok untuk dipakai sehari-hari, apalagi buat yang mau serba mudah. Overall, aplikasinya oke dan layak dicoba..",True,331,47,1.11.1,2,Tidak,,,Sampel ulasan publik Play Store
326638fd-ee79-48da-891c-5698a0e8411d,2026-09-26 00:43:31,https://play.google.com/store/apps/details?id=id.trimegah.tplus.android,ID,id,1,0.0,0.0,Negative,Transaksi & Portofolio Saham,2026-01-07 22:34:58,2026,"Gak bisa ganti nmr rekening penarikan di aplikasi ini , Parah banget","Gak bisa ganti nmr rekening penarikan di aplikasi ini , Parah banget",True,68,12,1.11.1,2,Tidak,,,Sampel ulasan publik Play Store
a13f2c6c-ea66-4ace-afbe-2f5ccf0bfb94,2026-09-26 00:43:31,https://play.google.com/store/apps/details?id=id.trimegah.tplus.android,ID,id,5,1.0,100.0,Positive,Login & Autentikasi,2026-01-07 21:18:55,2026,"biasanya klo mau Inves harus pinter pilih untung ada trima+ semua fitur nya lengkap. Bisa beli saham, reksa dana, dan obligasi di dalam 1 aplikasi","biasanya klo mau Inves harus pinter pilih untung ada trima+ semua fitur nya lengkap. Bisa beli saham, reksa dana, dan obligasi di dalam 1 aplikasi",True,146,25,1.11.1,0,Tidak,,,Sampel ulasan publik Play Store
7a21dea2-745e-48b9-a73a-43571ffceb42,2026-09-26 00:43:31,https://play.google.com/store/apps/details?id=id.trimegah.tplus.android,ID,id,5,1.0,100.0,Positive,Fitur Analisis & Data Pasar,2026-01-07 17:34:39,2026,"Bagi pemula yang bingung memilih aset, fitur Trima+ Picks dan Trima+ Ideas ngebantu cari ide saham potensial setiap harinya.","Bagi pemula yang bingung memilih aset, fitur Trima+ Picks dan Trima+ Ideas ngebantu cari ide saham potensial setiap harinya.",True,124,19,Tidak Tercatat,0,Tidak,,,Sampel ulasan publik Play Store
3736d091-7781-4bab-aaaa-e727aad019f0,2026-09-26 00:43:31,https://play.google.com/store/apps/details?id=id.trimegah.tplus.android,ID,id,5,1.0,100.0,Positive,Login & Autentikasi,2026-01-07 08:29:25,2026,"Trima+ ini praktis dan nyaman dipakai, apalagi buat yang baru mulai atau yang sudah aktif trading. Tim call center dan adminnya responsif banget, cepat tanggap dan selalu bantu kalau ada kendala, jadi nggak bikin bingung. Yang paling enak, beli saham, reksa dana, dan obligasi bisa langsung di satu aplikasi, jadi nggak perlu pindah-pindah. Simpel, lengkap, dan cocok buat kebutuhan investasi sehari-hari.","Trima+ ini praktis dan nyaman dipakai, apalagi buat yang baru mulai atau yang sudah aktif trading. Tim call center dan adminnya responsif banget, cepat tanggap dan selalu bantu kalau ada kendala, jadi nggak bikin bingung. Yang paling enak, beli saham, reksa dana, dan obligasi bisa langsung di satu aplikasi, jadi nggak perlu pindah-pindah. Simpel, lengkap, dan cocok buat kebutuhan investasi sehari-hari.",True,405,61,1.11.1,0,Tidak,,,Sampel ulasan publik Play Store
6caf281c-03d4-488b-8ca8-19189db21130,2026-09-26 00:43:31,https://play.google.com/store/apps/details?id=id.trimegah.tplus.android,ID,id,5,1.0,100.0,Positive,Transaksi & Portofolio Saham,2026-01-07 07:55:19,2026,"Pakai Trima+ awalnya karena rekomendasi, tapi setelah dicoba ternyata aplikasinya nyaman dipakai. Tampilannya simpel dan fiturnya jelas. Kalau ada kendala, tim call center dan adminnya responsif dan informatif. Aku paling sering pakai watchlist buat pantau saham dan form order-nya juga lengkap, jadi transaksi lebih gampang. Trima+ Picks dan Trima+ Ideas cukup membantu buat cari gambaran saham yang menarik. Enaknya lagi, di satu aplikasi sudah bisa investasi saham, reksa dana, dan obligasi.","Pakai Trima+ awalnya karena rekomendasi, tapi setelah dicoba ternyata aplikasinya nyaman dipakai. Tampilannya simpel dan fiturnya jelas. Kalau ada kendala, tim call center dan adminnya responsif dan informatif. Aku paling sering pakai watchlist buat pantau saham dan form order-nya juga lengkap, jadi transaksi lebih gampang. Trima+ Picks dan Trima+ Ideas cukup membantu buat cari gambaran saham yang menarik. Enaknya lagi, di satu aplikasi sudah bisa investasi saham, reksa dana, dan obligasi.",True,494,71,1.11.1,0,Tidak,,,Sampel ulasan publik Play Store
46492118-ca47-4353-b318-6fcdd680e5ea,2026-09-26 00:43:31,https://play.google.com/store/apps/details?id=id.trimegah.tplus.android,ID,id,5,1.0,100.0,Positive,Apresiasi Umum & Kepuasan,2026-01-06 18:52:09,2026,aplikasi yang sangat cocok untuk Anda,aplikasi yang sangat cocok untuk Anda,True,37,6,1.11.1,0,Tidak,,,Sampel ulasan publik Play Store
741e2b89-173a-4d61-bea4-9b921330f434,2026-09-26 00:43:31,https://play.google.com/store/apps/details?id=id.trimegah.tplus.android,ID,id,1,0.0,0.0,Negative,Keluhan Umum Aplikasi,2026-01-06 16:58:10,2026,aplikasi ngelag mulu,aplikasi ngelag mulu,True,20,3,1.11.1,0,Tidak,,,Sampel ulasan publik Play Store
27d630e1-98c7-400b-ae4e-3a534373e9d2,2026-09-26 00:43:31,https://play.google.com/store/apps/details?id=id.trimegah.tplus.android,ID,id,5,1.0,100.0,Positive,Transaksi & Portofolio Saham,2026-01-06 15:47:53,2026,"Aplikasi Trima+ sangat membantu untuk investasi saham dan reksadana. Tampilannya simpel, mudah dipahami pemula, dan proses transaksi cepat serta aman. Fitur lengkap, data update, dan cocok untuk mulai investasi jangka panjang. Sangat direkomendasikan! 👍","Aplikasi Trima+ sangat membantu untuk investasi saham dan reksadana. Tampilannya simpel, mudah dipahami pemula, dan proses transaksi cepat serta aman. Fitur lengkap, data update, dan cocok untuk mulai investasi jangka panjang. Sangat direkomendasikan! 👍",True,253,34,1.11.1,0,Tidak,,,Sampel ulasan publik Play Store
98c32bc2-8a28-4524-9797-1543b1e59e20,2026-09-26 00:43:31,https://play.google.com/store/apps/details?id=id.trimegah.tplus.android,ID,id,5,1.0,100.0,Positive,Transaksi & Portofolio Saham,2026-01-06 15:24:42,2026,"selama saya pake aplikasi ini aman aja soalnya kan trimegah sudah lama di dunia investasi dan diawasi OJK. Cocok ni buat yang mau investasi jangka panjang karena ada riset dan analisis yang membantu ambil keputusan. Layanannya juga profesional, jadi bikin lebih tenang saat pakai aplikasinya. Watchlist dan form order lengkap banget, ngebantu buat trader saham","selama saya pake aplikasi ini aman aja soalnya kan trimegah sudah lama di dunia investasi dan diawasi OJK. Cocok ni buat yang mau investasi jangka panjang karena ada riset dan analisis yang membantu ambil keputusan. Layanannya juga profesional, jadi bikin lebih tenang saat pakai aplikasinya. Watchlist dan form order lengkap banget, ngebantu buat trader saham",True,360,55,Tidak Tercatat,0,Tidak,,,Sampel ulasan publik Play Store
166dcc72-9748-4244-9e6d-65fa60ec6a3a,2026-09-26 00:43:31,https://play.google.com/store/apps/details?id=id.trimegah.tplus.android,ID,id,5,1.0,100.0,Positive,Login & Autentikasi,2026-01-06 15:16:01,2026,Tim Call Center Trimegah super gercep waktu saya ada masalah diwithdraw responsif banget untuk jawabin dan bantu sampai bener bener masuk ke dana sayaa pokonya mantapbangett,Tim Call Center Trimegah super gercep waktu saya ada masalah diwithdraw responsif banget untuk jawabin dan bantu sampai bener bener masuk ke dana sayaa pokonya mantapbangett,True,173,26,1.11.1,0,Tidak,,,Sampel ulasan publik Play Store
bc8806e2-019b-449f-bb76-3c48a66eaa78,2026-09-26 00:43:31,https://play.google.com/store/apps/details?id=id.trimegah.tplus.android,ID,id,5,1.0,100.0,Positive,Transaksi & Portofolio Saham,2026-01-06 14:16:34,2026,"ok bagus buat kita para trader yg maunya simple2 aja, tim cs nya fast respon bgt sangat membantu sekali, jg watchlist form ordernya lengkap keren","ok bagus buat kita para trader yg maunya simple2 aja, tim cs nya fast respon bgt sangat membantu sekali, jg watchlist form ordernya lengkap keren",True,145,25,Tidak Tercatat,0,Tidak,,,Sampel ulasan publik Play Store
40acce4c-84a9-439b-bf2d-950d0431cc6f,2026-09-26 00:43:31,https://play.google.com/store/apps/details?id=id.trimegah.tplus.android,ID,id,5,1.0,100.0,Positive,Transaksi & Portofolio Saham,2026-01-06 11:39:17,2026,"Tim call center dan adminnya super responsif dan helpful banget. Fitur watchlist dan form order-nya lengkap, bikin trading saham jadi makin gampang. Ditambah lagi ada Trima+ Picks dan Trima+ Ideas yang ngebantu banget cari ide saham potensial. Plus, semua bisa dibeli dalam satu aplikasi—mulai dari saham, reksa dana, sampai obligasi. Praktis parah!","Tim call center dan adminnya super responsif dan helpful banget. Fitur watchlist dan form order-nya lengkap, bikin trading saham jadi makin gampang. Ditambah lagi ada Trima+ Picks dan Trima+ Ideas yang ngebantu banget cari ide saham potensial. Plus, semua bisa dibeli dalam satu aplikasi—mulai dari saham, reksa dana, sampai obligasi. Praktis parah!",True,349,52,Tidak Tercatat,0,Tidak,,,Sampel ulasan publik Play Store
fb062519-c43c-4806-8b78-8e0509bdb8c5,2026-09-26 00:43:31,https://play.google.com/store/apps/details?id=id.trimegah.tplus.android,ID,id,1,0.0,0.0,Negative,Customer Service & Layanan,2026-01-06 08:06:01,2026,tidak bisa daftar. mentok di scan wajah.,tidak bisa daftar. mentok di scan wajah.,True,40,7,1.11.1,0,Tidak,,,Sampel ulasan publik Play Store
ffc7e0be-1463-4689-ab42-086312e6d97e,2026-09-26 00:43:31,https://play.google.com/store/apps/details?id=id.trimegah.tplus.android,ID,id,5,1.0,100.0,Positive,Customer Service & Layanan,2026-01-05 21:57:17,2026,"Tim call center dan admin sangat responsif dan membantu banget, super gercep/sat set untuk jawabin segala pertanyaan dan beneran dipandu hingga selesai.","Tim call center dan admin sangat responsif dan membantu banget, super gercep/sat set untuk jawabin segala pertanyaan dan beneran dipandu hingga selesai.",True,152,22,Tidak Tercatat,0,Tidak,,,Sampel ulasan publik Play Store
e14ed1b1-093a-4913-bd9c-ce344d830446,2026-09-26 00:43:31,https://play.google.com/store/apps/details?id=id.trimegah.tplus.android,ID,id,5,1.0,100.0,Positive,Transaksi & Portofolio Saham,2026-01-05 20:12:42,2026,"aplikasinya enak banget, kususnya untuk pemula gk ribet, tampilannya juga simpel dan gampang, whatchlist dan form ordernya lengkap banget, bikin gampang buat mantau saham, CS nya juga responsif, setiap bertanya pasti dibalas.","aplikasinya enak banget, kususnya untuk pemula gk ribet, tampilannya juga simpel dan gampang, whatchlist dan form ordernya lengkap banget, bikin gampang buat mantau saham, CS nya juga responsif, setiap bertanya pasti dibalas.",True,225,32,1.11.1,1,Tidak,,,Sampel ulasan publik Play Store
0f3a026b-4d82-46b2-82bf-e2c0e84e60fd,2026-09-26 00:43:31,https://play.google.com/store/apps/details?id=id.trimegah.tplus.android,ID,id,5,1.0,100.0,Positive,Transaksi & Portofolio Saham,2026-01-05 19:33:41,2026,"aku uda pake aplikasi Trima+ ga nyangka bangeet dalam 1 aplikasi bisa beli saham,Reksadana sama obligasi,wort it lah","aku uda pake aplikasi Trima+ ga nyangka bangeet dalam 1 aplikasi bisa beli saham,Reksadana sama obligasi,wort it lah",True,116,18,1.11.1,0,Tidak,,,Sampel ulasan publik Play Store
5f816fc7-10b2-467b-90f0-e671806f3d37,2026-09-26 00:43:31,https://play.google.com/store/apps/details?id=id.trimegah.tplus.android,ID,id,5,1.0,100.0,Positive,UI/UX & Performa (Loading/Navigasi),2026-01-05 18:55:18,2026,"Suka banget pake prima+ , callcenter yg renponsif super fastrespon dan tampilan dari apk ini simple tapi lengkap untuk semua kebutuhan dasar investasi .","Suka banget pake prima+ , callcenter yg renponsif super fastrespon dan tampilan dari apk ini simple tapi lengkap untuk semua kebutuhan dasar investasi .",True,152,24,1.11.1,0,Tidak,,,Sampel ulasan publik Play Store
3fab52dc-2b94-49c6-a3cd-42e08ad3c9dc,2026-09-26 00:43:31,https://play.google.com/store/apps/details?id=id.trimegah.tplus.android,ID,id,5,1.0,100.0,Positive,Transaksi & Portofolio Saham,2026-01-05 18:40:58,2026,untuk apk nya memang mudah sekali di gunakan dan fitur nya banyak+bisa beli saham berkat ada nya apk ini jadi ga ribet mau milih apk yg lain,untuk apk nya memang mudah sekali di gunakan dan fitur nya banyak+bisa beli saham berkat ada nya apk ini jadi ga ribet mau milih apk yg lain,True,140,27,1.11.1,0,Tidak,,,Sampel ulasan publik Play Store
c2e3dd53-3717-4872-8915-f86895be5d7c,2026-09-26 00:43:31,https://play.google.com/store/apps/details?id=id.trimegah.tplus.android,ID,id,5,1.0,100.0,Positive,Customer Service & Layanan,2026-01-05 18:31:32,2026,"pernah tengah malam ada kendala,coba minta bantuan ke tim chat call center dan admin,tanpa lama langsung dijawab,the best lah membantu banget","pernah tengah malam ada kendala,coba minta bantuan ke tim chat call center dan admin,tanpa lama langsung dijawab,the best lah membantu banget",True,141,21,1.11.1,0,Tidak,,,Sampel ulasan publik Play Store
4e213f9e-d944-4082-b85a-4cb528496d67,2026-09-26 00:43:31,https://play.google.com/store/apps/details?id=id.trimegah.tplus.android,ID,id,5,1.0,100.0,Positive,Fitur Analisis & Data Pasar,2026-01-05 17:42:53,2026,"sejak pakai Trima+ sangat membantu trader saham dalam mengambil keputusan, terutama untuk pantau pergerakan harga dan berita pasar. Secara keseluruhan aplikasi nya bagus dan stabil","sejak pakai Trima+ sangat membantu trader saham dalam mengambil keputusan, terutama untuk pantau pergerakan harga dan berita pasar. Secara keseluruhan aplikasi nya bagus dan stabil",True,180,25,1.11.1,0,Tidak,,,Sampel ulasan publik Play Store
fcc6022e-c48b-4734-9305-97248692be42,2026-09-26 00:43:31,https://play.google.com/store/apps/details?id=id.trimegah.tplus.android,ID,id,5,1.0,100.0,Positive,Transaksi & Portofolio Saham,2026-01-05 14:58:14,2026,"Aplikasi platform investasi yang lengkap. Kita bisa membeli dan mengelola saham, reksa dana, dan obligasi di dalam 1 aplikasi (all in). Fitur Lengkap, terdapat fast order, charting interaktif, news, market update, serta rekomendasi (Trima Picks). Proses penarikan dana juga cepat, diproses di hari yang sama.","Aplikasi platform investasi yang lengkap. Kita bisa membeli dan mengelola saham, reksa dana, dan obligasi di dalam 1 aplikasi (all in). Fitur Lengkap, terdapat fast order, charting interaktif, news, market update, serta rekomendasi (Trima Picks). Proses penarikan dana juga cepat, diproses di hari yang sama.",True,308,45,1.11.1,0,Tidak,,,Sampel ulasan publik Play Store
72ffaf0e-4a11-4ea0-bec2-cc729f420397,2026-09-26 00:43:31,https://play.google.com/store/apps/details?id=id.trimegah.tplus.android,ID,id,1,0.0,0.0,Negative,Transaksi & Portofolio Saham,2026-01-05 12:48:00,2026,nggak bisa tarik dana,nggak bisa tarik dana,True,21,4,1.11.1,2,Tidak,,,Sampel ulasan publik Play Store
e18a0901-5d71-4bb4-ac0b-4c05a608b42b,2026-09-26 00:43:31,https://play.google.com/store/apps/details?id=id.trimegah.tplus.android,ID,id,1,0.0,0.0,Negative,Customer Service & Layanan,2026-01-05 12:19:28,2026,"aplikasi macam taik , untuk verif wajah ajah ngelag wkwk","aplikasi macam taik , untuk verif wajah ajah ngelag wkwk",True,56,10,1.11.1,0,Tidak,,,Sampel ulasan publik Play Store
e7e50f8b-7795-4955-ab5e-855918dd8c22,2026-09-26 00:43:31,https://play.google.com/store/apps/details?id=id.trimegah.tplus.android,ID,id,3,0.5,50.0,Neutral,Stabilitas Sistem & Bug (Crash/Error),2026-01-04 17:27:33,2026,deteksi wajah error,deteksi wajah error,True,19,3,Tidak Tercatat,0,Tidak,,,Sampel ulasan publik Play Store
8d9f868c-cadc-4b43-902d-475710d0edb1,2026-09-26 00:43:31,https://play.google.com/store/apps/details?id=id.trimegah.tplus.android,ID,id,5,1.0,100.0,Positive,UI/UX & Performa (Loading/Navigasi),2026-01-03 22:35:25,2026,"Awalnya saya pakai Trima+ karena ingin aplikasi investasi yang praktis tapi tetap lengkap. Sebagai trader dan investor yang masih terus belajar, saya butuh platform yang nggak ribet tapi tetap bisa diandalkan. Dari pertama pakai, kesan profesionalnya langsung terasa. Suatu hari saya sempat bingung soal transaksi dan pengaturan akun. Saya coba hubungi bantuan, dan ternyata tim call center dan admin Trima+ sangat responsif dan membantu banget. Nggak cuma cepat jawab, tapi juga jelas dan sabar","Awalnya saya pakai Trima+ karena ingin aplikasi investasi yang praktis tapi tetap lengkap. Sebagai trader dan investor yang masih terus belajar, saya butuh platform yang nggak ribet tapi tetap bisa diandalkan. Dari pertama pakai, kesan profesionalnya langsung terasa. Suatu hari saya sempat bingung soal transaksi dan pengaturan akun. Saya coba hubungi bantuan, dan ternyata tim call center dan admin Trima+ sangat responsif dan membantu banget. Nggak cuma cepat jawab, tapi juga jelas dan sabar",True,495,74,1.11.1,0,Tidak,,,Sampel ulasan publik Play Store
9be68fcd-6e20-4cd6-a8eb-15b3e7a556e3,2026-09-26 00:43:31,https://play.google.com/store/apps/details?id=id.trimegah.tplus.android,ID,id,5,1.0,100.0,Positive,Fitur Analisis & Data Pasar,2026-01-03 22:17:59,2026,"aplikasinya bagus buat main saham bagi pemula, dengan fitur yang mudah difahami","aplikasinya bagus buat main saham bagi pemula, dengan fitur yang mudah difahami",True,79,12,1.11.1,0,Tidak,,,Sampel ulasan publik Play Store
f359626a-b068-4e7c-9f89-5e263ca01585,2026-09-26 00:43:31,https://play.google.com/store/apps/details?id=id.trimegah.tplus.android,ID,id,5,1.0,100.0,Positive,Transaksi & Portofolio Saham,2026-01-03 21:59:09,2026,"Sudah beberapa bulan saya menggunakan Trima+ untuk kebutuhan investasi, dan sejauh ini pengalamannya sangat memuaskan. Dari sisi aplikasi, tampilannya cukup user friendly dan mudah dipahami, bahkan untuk yang baru mulai terjun ke dunia saham. Proses transaksi juga terasa aman dan lancar, jadi lebih percaya diri saat melakukan jual beli.","Sudah beberapa bulan saya menggunakan Trima+ untuk kebutuhan investasi, dan sejauh ini pengalamannya sangat memuaskan. Dari sisi aplikasi, tampilannya cukup user friendly dan mudah dipahami, bahkan untuk yang baru mulai terjun ke dunia saham. Proses transaksi juga terasa aman dan lancar, jadi lebih percaya diri saat melakukan jual beli.",True,338,49,1.11.1,0,Tidak,,,Sampel ulasan publik Play Store
a3db8158-9168-41cd-8d2b-9e81dbd0493d,2026-09-26 00:43:31,https://play.google.com/store/apps/details?id=id.trimegah.tplus.android,ID,id,5,1.0,100.0,Positive,Transaksi & Portofolio Saham,2026-01-03 21:57:14,2026,"Sejak pakai Trima+, aktivitas trading saham jadi jauh lebih rapi dan nyaman. Awalnya saya cuma cari aplikasi untuk beli saham, tapi ternyata fiturnya lengkap banget. Dari awal daftar sampai mulai transaksi, semuanya terasa dipandu dengan baik. Tim call center dan adminnya juga responsif, pernah beberapa kali saya tanya soal teknis dan dijawab dengan cepat serta jelas, jadi sebagai pengguna merasa benar-benar diperhatikan.","Sejak pakai Trima+, aktivitas trading saham jadi jauh lebih rapi dan nyaman. Awalnya saya cuma cari aplikasi untuk beli saham, tapi ternyata fiturnya lengkap banget. Dari awal daftar sampai mulai transaksi, semuanya terasa dipandu dengan baik. Tim call center dan adminnya juga responsif, pernah beberapa kali saya tanya soal teknis dan dijawab dengan cepat serta jelas, jadi sebagai pengguna merasa benar-benar diperhatikan.",True,425,62,1.11.1,0,Tidak,,,Sampel ulasan publik Play Store
9981a2e6-0b66-42e3-af6a-bcab6ba57c3f,2026-09-26 00:43:31,https://play.google.com/store/apps/details?id=id.trimegah.tplus.android,ID,id,1,0.0,0.0,Negative,Login & Autentikasi,2026-01-03 21:08:14,2026,oi dana rdn gw ud wd dr tgl 29 des 2025 blm masuk rek.skr uda 3 jan 2026.ada apa dgn broker bermasalahkah?stockbit ga selama ini buat cairin dana rdn ke rek pribadi.kacau kacau kacau dahhh ni broker,oi dana rdn gw ud wd dr tgl 29 des 2025 blm masuk rek.skr uda 3 jan 2026.ada apa dgn broker bermasalahkah?stockbit ga selama ini buat cairin dana rdn ke rek pribadi.kacau kacau kacau dahhh ni broker,True,198,37,1.11.1,2,Tidak,,,Sampel ulasan publik Play Store
0901823b-57e8-4c6b-9c9f-86e879c0569d,2026-09-26 00:43:31,https://play.google.com/store/apps/details?id=id.trimegah.tplus.android,ID,id,5,1.0,100.0,Positive,Transaksi & Portofolio Saham,2026-01-02 20:29:32,2026,"Watchlist dan form order lengkap banget, ngebantu buat trader saham. dan ini tuh Aplikasi yang sangat membantu untuk investasi! Antarmukanya bersih dan mudah dipahami, bahkan untuk pemula seperti saya. Proses registrasinya cepat dan fitur-fiturnya lengkap untuk pantau pasar saham secara real-time. Sangat direkomendasikan buat yang mau mulai kelola keuangan!""","Watchlist dan form order lengkap banget, ngebantu buat trader saham. dan ini tuh Aplikasi yang sangat membantu untuk investasi! Antarmukanya bersih dan mudah dipahami, bahkan untuk pemula seperti saya. Proses registrasinya cepat dan fitur-fiturnya lengkap untuk pantau pasar saham secara real-time. Sangat direkomendasikan buat yang mau mulai kelola keuangan!""",True,360,49,1.11.1,0,Tidak,,,Sampel ulasan publik Play Store
f0ace9ef-f05d-4b55-8f8d-746dbef1e844,2026-09-26 00:43:31,https://play.google.com/store/apps/details?id=id.trimegah.tplus.android,ID,id,5,1.0,100.0,Positive,Apresiasi Umum & Kepuasan,2026-01-02 20:20:09,2026,"trima+ ini lengkap banget, ngebantu trend sham, udh gitu simpel dan praktis pemakaian ya, pokok ya jangan ragu deh pake app ini 👍","trima+ ini lengkap banget, ngebantu trend sham, udh gitu simpel dan praktis pemakaian ya, pokok ya jangan ragu deh pake app ini 👍",True,129,23,1.11.1,0,Tidak,,,Sampel ulasan publik Play Store
e158b60e-1319-487c-a21f-220da5dc486e,2026-09-26 00:43:31,https://play.google.com/store/apps/details?id=id.trimegah.tplus.android,ID,id,1,0.0,0.0,Negative,Transaksi & Portofolio Saham,2026-01-02 19:51:30,2026,"jgn di download, saldo harus ngendap min 100rb, persyaratan untuk pembelian reksa dana, saham dll ribet bgt sumpah, beda baget apk kompetitornya","jgn di download, saldo harus ngendap min 100rb, persyaratan untuk pembelian reksa dana, saham dll ribet bgt sumpah, beda baget apk kompetitornya",True,144,22,1.11.1,4,Tidak,,,Sampel ulasan publik Play Store
6535c7b9-1c62-42dd-8944-a2f8b607f6f6,2026-09-26 00:43:31,https://play.google.com/store/apps/details?id=id.trimegah.tplus.android,ID,id,5,1.0,100.0,Positive,Transaksi & Portofolio Saham,2026-01-02 19:42:58,2026,"Pas baru mulai belajar saham nyari apk yg gak ribet trus nemu Trima+ ini. Tampilannya simpel dan gampang dipahami. Watchlist sama form order kepake banget buat mantau saham harian. Apalagi Trima+ Picks dan Ideas, bikin ada gambaran sebelum ambil keputusan. CS dan adminnya juga responsif, tiap nanya selalu dibales dengan jelas. Praktis karena saham, reksa dana, sama obligasi bisa diakses di satu aplikasi, rekomen 😗","Pas baru mulai belajar saham nyari apk yg gak ribet trus nemu Trima+ ini. Tampilannya simpel dan gampang dipahami. Watchlist sama form order kepake banget buat mantau saham harian. Apalagi Trima+ Picks dan Ideas, bikin ada gambaran sebelum ambil keputusan. CS dan adminnya juga responsif, tiap nanya selalu dibales dengan jelas. Praktis karena saham, reksa dana, sama obligasi bisa diakses di satu aplikasi, rekomen 😗",True,417,65,1.11.1,0,Tidak,,,Sampel ulasan publik Play Store
1fe40e73-c23a-438f-842a-c6a3a806e054,2026-09-26 00:43:31,https://play.google.com/store/apps/details?id=id.trimegah.tplus.android,ID,id,5,1.0,100.0,Positive,UI/UX & Performa (Loading/Navigasi),2026-01-02 19:41:27,2026,"Tim Call Center nya bener bener luar biasa! Aku sempat bingung soal fitur transaksi, tapi respon mereka super cepat, ramah, dan bantuin sampai tuntas tanpa nunda. Semua pertanyaan dijawab dengan jelas, bahkan mereka aktif follow up biar aku bener bener paham. Ditambah fitur aplikasinya lengkap dan mudah digunakan, bikin pengalaman investasi jadi nyaman bngt. Pokoknya pelayanan dan kecepatan tim Trima+ ngga ada duanya!","Tim Call Center nya bener bener luar biasa! Aku sempat bingung soal fitur transaksi, tapi respon mereka super cepat, ramah, dan bantuin sampai tuntas tanpa nunda. Semua pertanyaan dijawab dengan jelas, bahkan mereka aktif follow up biar aku bener bener paham. Ditambah fitur aplikasinya lengkap dan mudah digunakan, bikin pengalaman investasi jadi nyaman bngt. Pokoknya pelayanan dan kecepatan tim Trima+ ngga ada duanya!",True,421,63,Tidak Tercatat,0,Tidak,,,Sampel ulasan publik Play Store
c1bb7a2a-6208-4ddc-902e-bac0305bd70f,2026-09-26 00:43:31,https://play.google.com/store/apps/details?id=id.trimegah.tplus.android,ID,id,5,1.0,100.0,Positive,Transaksi & Portofolio Saham,2026-01-02 15:08:44,2026,"Trima+ itu pilihan solid dan kredibel untuk investor yang mencari platform resmi dengan riset berkualitas tinggi dari Trimegah. Cocok banget buat yang sabar dan fokus jangka panjang, terutama pemula yang ingin belajar sambil berinvestasi saham/reksa dana. Meski ada ruang improvement di sisi UX dan stabilitas, aplikasi ini terus berkembang dan didukung perusahaan terpercaya.coba Trima+ jika kamu ingin sekuritas mapan dengan fitur riset kuat. Mulai dengan deposit kecil","Trima+ itu pilihan solid dan kredibel untuk investor yang mencari platform resmi dengan riset berkualitas tinggi dari Trimegah. Cocok banget buat yang sabar dan fokus jangka panjang, terutama pemula yang ingin belajar sambil berinvestasi saham/reksa dana. Meski ada ruang improvement di sisi UX dan stabilitas, aplikasi ini terus berkembang dan didukung perusahaan terpercaya.coba Trima+ jika kamu ingin sekuritas mapan dengan fitur riset kuat. Mulai dengan deposit kecil",True,471,67,1.11.1,0,Tidak,,,Sampel ulasan publik Play Store
674b90ee-6993-43fe-90f8-dfdbc05dcca2,2026-09-26 00:43:31,https://play.google.com/store/apps/details?id=id.trimegah.tplus.android,ID,id,5,1.0,100.0,Positive,Stabilitas Sistem & Bug (Crash/Error),2026-01-02 14:53:14,2026,Aplikasi yang baik berjalan lancar tanpa bug yang berarti. Fitur-fiturnya persis seperti yang saya butuhkan.,Aplikasi yang baik berjalan lancar tanpa bug yang berarti. Fitur-fiturnya persis seperti yang saya butuhkan.,True,108,15,1.11.1,0,Tidak,,,Sampel ulasan publik Play Store
575c1f91-e368-4485-a18d-99236e3b2daa,2026-09-26 00:43:31,https://play.google.com/store/apps/details?id=id.trimegah.tplus.android,ID,id,5,1.0,100.0,Positive,Transaksi & Portofolio Saham,2026-01-02 14:06:10,2026,"Wah, aplikasi Trima+ ini bener-bener membantu banget! 🤩 Prosesnya gampang, antriannya cepet, dan pelayannya ramah-ramah. Sukses terus ya buat Trima+! 👍 5 bintang ⭐⭐⭐⭐⭐","Wah, aplikasi Trima+ ini bener-bener membantu banget! 🤩 Prosesnya gampang, antriannya cepet, dan pelayannya ramah-ramah. Sukses terus ya buat Trima+! 👍 5 bintang ⭐⭐⭐⭐⭐",True,167,24,Tidak Tercatat,0,Tidak,,,Sampel ulasan publik Play Store
37a8dfb3-2e0e-461a-9bf3-4695e9c7edac,2026-09-26 00:43:31,https://play.google.com/store/apps/details?id=id.trimegah.tplus.android,ID,id,1,0.0,0.0,Negative,Login & Autentikasi,2026-01-02 10:56:29,2026,"verifikasi nya ribet bgt, pdhl no hp udh bener dibilang nya gak cocok","verifikasi nya ribet bgt, pdhl no hp udh bener dibilang nya gak cocok",True,69,13,1.11.1,1,Tidak,,,Sampel ulasan publik Play Store
8681cac7-c678-419f-9f56-c289fcfda88a,2026-09-26 00:43:31,https://play.google.com/store/apps/details?id=id.trimegah.tplus.android,ID,id,5,1.0,100.0,Positive,Fitur Analisis & Data Pasar,2026-01-02 09:04:11,2026,apk yang bagus cukup membantu dan cukup mudah untuk dipahami proses yang mudah dan fitur yang sangat mendukung kebutuhan,apk yang bagus cukup membantu dan cukup mudah untuk dipahami proses yang mudah dan fitur yang sangat mendukung kebutuhan,True,120,19,1.11.1,0,Tidak,,,Sampel ulasan publik Play Store
76d7a494-7a6e-4c4d-b455-05972042bc54,2026-09-26 00:43:31,https://play.google.com/store/apps/details?id=id.trimegah.tplus.android,ID,id,1,0.0,0.0,Negative,Login & Autentikasi,2026-01-01 20:53:59,2026,"Aplikasi sekuritas terburuk, saldo aplikasi dengan RDN tidak sinkron. Saya sudah lama tarik dana dari aplikasi tapi dana belum masuk ke rekening pribadi juga","Aplikasi sekuritas terburuk, saldo aplikasi dengan RDN tidak sinkron. Saya sudah lama tarik dana dari aplikasi tapi dana belum masuk ke rekening pribadi juga",True,157,24,1.11.1,5,Tidak,,,Sampel ulasan publik Play Store
b45ce5e0-bd45-4bae-ac40-adb83352943c,2026-09-26 00:43:31,https://play.google.com/store/apps/details?id=id.trimegah.tplus.android,ID,id,5,1.0,100.0,Positive,Fitur Analisis & Data Pasar,2025-12-31 20:52:29,2025,"jujurr trima+ membantuu bangett untukk mencari ide ide sahamm,saya sangat puas sekali dengan fitur trima +","jujurr trima+ membantuu bangett untukk mencari ide ide sahamm,saya sangat puas sekali dengan fitur trima +",True,106,16,Tidak Tercatat,0,Tidak,,,Sampel ulasan publik Play Store
e7d412a1-fa50-40b7-ac81-df7a816100a4,2026-09-26 00:43:31,https://play.google.com/store/apps/details?id=id.trimegah.tplus.android,ID,id,5,1.0,100.0,Positive,UI/UX & Performa (Loading/Navigasi),2025-12-31 20:47:05,2025,apk mudah di mengerti dan sangat cocok untuk anak muda jaman sekarang yang gk mau ribet,apk mudah di mengerti dan sangat cocok untuk anak muda jaman sekarang yang gk mau ribet,True,87,16,1.11.1,0,Tidak,,,Sampel ulasan publik Play Store
cd82b9d2-fb4f-48e9-b64b-dec8c10d5083,2026-09-26 00:43:31,https://play.google.com/store/apps/details?id=id.trimegah.tplus.android,ID,id,5,1.0,100.0,Positive,Login & Autentikasi,2025-12-31 19:01:57,2025,"Awalnya saya pakai Terima+ cuma buat pantau saham, tapi ternyata fiturnya jauh lebih lengkap dari yang saya kira. Yang paling kerasa, akses portofolionya cepet dan ringkas—dalam satu halaman saya sudah bisa langsung lihat posisi saham, reksa dana, dan obligasi tanpa harus pindah-pindah menu. Praktis banget, apalagi buat yang sering mantau aset tiap hari.","Awalnya saya pakai Terima+ cuma buat pantau saham, tapi ternyata fiturnya jauh lebih lengkap dari yang saya kira. Yang paling kerasa, akses portofolionya cepet dan ringkas—dalam satu halaman saya sudah bisa langsung lihat posisi saham, reksa dana, dan obligasi tanpa harus pindah-pindah menu. Praktis banget, apalagi buat yang sering mantau aset tiap hari.",True,356,53,Tidak Tercatat,0,Tidak,,,Sampel ulasan publik Play Store
b3c72ecc-4438-4ec6-852c-25fcb8ac4e91,2026-09-26 00:43:31,https://play.google.com/store/apps/details?id=id.trimegah.tplus.android,ID,id,5,1.0,100.0,Positive,Apresiasi Umum & Kepuasan,2025-12-31 17:17:19,2025,"aplikasi yang sangat bagus , cocok untuk investasi2 .","aplikasi yang sangat bagus , cocok untuk investasi2 .",True,53,9,1.11.1,0,Tidak,,,Sampel ulasan publik Play Store
c7416acd-6304-4797-9c12-430c672d0908,2026-09-26 00:43:31,https://play.google.com/store/apps/details?id=id.trimegah.tplus.android,ID,id,5,1.0,100.0,Positive,Transaksi & Portofolio Saham,2025-12-31 14:50:49,2025,"aplikasi jual beli saham yang sangat rekomendasi, aku suka pakai trima+. mantap..😎","aplikasi jual beli saham yang sangat rekomendasi, aku suka pakai trima+. mantap..😎",True,82,12,1.11.1,0,Tidak,,,Sampel ulasan publik Play Store
417df242-d83d-4857-a62b-fb95d7738983,2026-09-26 00:43:31,https://play.google.com/store/apps/details?id=id.trimegah.tplus.android,ID,id,5,1.0,100.0,Positive,Transaksi & Portofolio Saham,2025-12-31 14:41:40,2025,aplikasi yang bermanfaat bisa lihat saham reksa dana dan obligasi di 1 halaman,aplikasi yang bermanfaat bisa lihat saham reksa dana dan obligasi di 1 halaman,True,78,13,1.11.1,0,Tidak,,,Sampel ulasan publik Play Store
9efd47f5-1140-478c-8e96-c0471585a836,2026-09-26 00:43:31,https://play.google.com/store/apps/details?id=id.trimegah.tplus.android,ID,id,1,0.0,0.0,Negative,Transaksi & Portofolio Saham,2025-12-30 18:15:05,2025,parah aplikasi ini masa tiba -400? padahal aku top up 600 Lalu 500k nya aku tarik Harusnua 100 ko malah -400 yah,parah aplikasi ini masa tiba -400? padahal aku top up 600 Lalu 500k nya aku tarik Harusnua 100 ko malah -400 yah,True,112,22,1.11.1,1,Tidak,,,Sampel ulasan publik Play Store
0182c0e1-da98-4734-8a7e-c3cf06dbd304,2026-09-26 00:43:31,https://play.google.com/store/apps/details?id=id.trimegah.tplus.android,ID,id,5,1.0,100.0,Positive,Transaksi & Portofolio Saham,2025-12-30 14:59:31,2025,"Aplikasi Trima+ sangat membantu untuk investasi saham dan reksadana. Tampilan aplikasinya rapi, mudah dipahami, dan cocok untuk pemula. Fitur-fitur analisis sahamnya cukup lengkap, transaksi juga cepat dan aman. Informasi yang diberikan jelas dan update. Overall puas menggunakan aplikasi ini, recommended 👍","Aplikasi Trima+ sangat membantu untuk investasi saham dan reksadana. Tampilan aplikasinya rapi, mudah dipahami, dan cocok untuk pemula. Fitur-fitur analisis sahamnya cukup lengkap, transaksi juga cepat dan aman. Informasi yang diberikan jelas dan update. Overall puas menggunakan aplikasi ini, recommended 👍",True,307,41,1.11.1,0,Tidak,,,Sampel ulasan publik Play Store
78885fc1-65c1-44f9-a949-e50fdc9be22f,2026-09-26 00:43:31,https://play.google.com/store/apps/details?id=id.trimegah.tplus.android,ID,id,5,1.0,100.0,Positive,Fitur Analisis & Data Pasar,2025-12-30 14:50:19,2025,"Apk invest keren buat yang mau mulai investasi! 😎 Mudah digunakan, banyak pilihan produk, dan fitur analitiknya membantu banget","Apk invest keren buat yang mau mulai investasi! 😎 Mudah digunakan, banyak pilihan produk, dan fitur analitiknya membantu banget",True,127,19,1.11.1,0,Tidak,,,Sampel ulasan publik Play Store
09390990-6c4d-4538-b0ed-370620869e38,2026-09-26 00:43:31,https://play.google.com/store/apps/details?id=id.trimegah.tplus.android,ID,id,5,1.0,100.0,Positive,Transaksi & Portofolio Saham,2025-12-30 14:48:47,2025,bisa beli saham reksadana dan obligasi dalam 1 aplikasi,bisa beli saham reksadana dan obligasi dalam 1 aplikasi,True,55,9,Tidak Tercatat,0,Tidak,,,Sampel ulasan publik Play Store
110cb836-0931-4e65-a466-a0e5e2410737,2026-09-26 00:43:31,https://play.google.com/store/apps/details?id=id.trimegah.tplus.android,ID,id,5,1.0,100.0,Positive,Transaksi & Portofolio Saham,2025-12-30 14:24:16,2025,pengalaman pake apk trima ini bagus buat cari saham gda kendala dari penarikan atau yg lain rekomendd👍👍,pengalaman pake apk trima ini bagus buat cari saham gda kendala dari penarikan atau yg lain rekomendd👍👍,True,103,17,1.11.1,0,Tidak,,,Sampel ulasan publik Play Store
cae98d42-da07-46ff-a24a-aa22d6ff4562,2026-09-26 00:43:31,https://play.google.com/store/apps/details?id=id.trimegah.tplus.android,ID,id,1,0.0,0.0,Negative,Login & Autentikasi,2025-12-30 12:43:40,2025,"1. Proses registrasi lama 2. Topup gak masuk RDN 3. Tiba tiba ada penarikan dana RDN padahal tidak dan saldo pun tidak masuk 4. Total dana RDN di aplikasi dan Rekening RDN bank tidak sinkron 5. Respon dan penyelesaian laporan sangat LAMBAT, Sudah sebulan belum diperbaiki. Kesimpulannya, gausah pake sekuritas ini.","1. Proses registrasi lama 2. Topup gak masuk RDN 3. Tiba tiba ada penarikan dana RDN padahal tidak dan saldo pun tidak masuk 4. Total dana RDN di aplikasi dan Rekening RDN bank tidak sinkron 5. Respon dan penyelesaian laporan sangat LAMBAT, Sudah sebulan belum diperbaiki. Kesimpulannya, gausah pake sekuritas ini.",True,314,51,1.11.1,2,Tidak,,,Sampel ulasan publik Play Store
037b9712-8bf2-4774-b7c0-1209870921cb,2026-09-26 00:43:31,https://play.google.com/store/apps/details?id=id.trimegah.tplus.android,ID,id,1,0.0,0.0,Negative,Login & Autentikasi,2025-12-30 09:33:08,2025,"daftar lewat apk nya langsung gak bisa terus pdahal kode otp udh bener, lewat website kode otp nya gak ada , susah banget buat daftar","daftar lewat apk nya langsung gak bisa terus pdahal kode otp udh bener, lewat website kode otp nya gak ada , susah banget buat daftar",True,133,25,1.11.1,3,Tidak,,,Sampel ulasan publik Play Store
05ca2da0-f806-47c7-a4fd-be4982122510,2026-09-26 00:43:31,https://play.google.com/store/apps/details?id=id.trimegah.tplus.android,ID,id,1,0.0,0.0,Negative,Login & Autentikasi,2025-12-29 21:45:41,2025,"WD udah seminggu gak masuk ke rekening, udah telpon cs (nada bicaranya datar bangat) katanya ditunggu aja paling lama jam 4 sore... ehh gak masuk juga. Emang kurang aja ini sekuritas, ditambah lagi harus ada ngendap di akun 100 k. Buset dah, Kalo bukan karena IPO superbank kemarin, Amit amit dah. Saya baca- baca komentar orang kayaknya komentar bayaran : )","WD udah seminggu gak masuk ke rekening, udah telpon cs (nada bicaranya datar bangat) katanya ditunggu aja paling lama jam 4 sore... ehh gak masuk juga. Emang kurang aja ini sekuritas, ditambah lagi harus ada ngendap di akun 100 k. Buset dah, Kalo bukan karena IPO superbank kemarin, Amit amit dah. Saya baca- baca komentar orang kayaknya komentar bayaran : )",True,358,61,1.11.1,3,Tidak,,,Sampel ulasan publik Play Store
00823f38-e502-4374-a567-7ed2d5078496,2026-09-26 00:43:31,https://play.google.com/store/apps/details?id=id.trimegah.tplus.android,ID,id,3,0.5,50.0,Neutral,UI/UX & Performa (Loading/Navigasi),2025-12-29 17:36:12,2025,"masih kurang untuk transaksinya masih belum ada tempat untuk mencari history, di mohon seger di update","masih kurang untuk transaksinya masih belum ada tempat untuk mencari history, di mohon seger di update",True,102,16,1.11.1,0,Tidak,,,Sampel ulasan publik Play Store
857fd4f2-6716-425b-9edf-6af3648c1928,2026-09-26 00:43:31,https://play.google.com/store/apps/details?id=id.trimegah.tplus.android,ID,id,5,1.0,100.0,Positive,UI/UX & Performa (Loading/Navigasi),2025-12-29 15:11:06,2025,"Yang aku suka dari Trima+ itu tampilannya simpel tapi isinya lengkap. Nggak berasa penuh, tapi semua kebutuhan dasar investasi ada.","Yang aku suka dari Trima+ itu tampilannya simpel tapi isinya lengkap. Nggak berasa penuh, tapi semua kebutuhan dasar investasi ada.",True,131,20,1.11.1,0,Tidak,,,Sampel ulasan publik Play Store
0b293b31-edb5-42dd-9958-d8bf27ae62fb,2026-09-26 00:43:31,https://play.google.com/store/apps/details?id=id.trimegah.tplus.android,ID,id,5,1.0,100.0,Positive,Login & Autentikasi,2025-12-29 14:44:23,2025,"Bisa beli saham, reksa dana, dan obligasi di dalam 1 aplikasi. Trima aplikasi investasi yang keren abis.Akses portofolio cepet, tim call center responsif, login simpel, dan fitur komplit","Bisa beli saham, reksa dana, dan obligasi di dalam 1 aplikasi. Trima aplikasi investasi yang keren abis.Akses portofolio cepet, tim call center responsif, login simpel, dan fitur komplit",True,186,28,Tidak Tercatat,0,Tidak,,,Sampel ulasan publik Play Store
a4c9ab85-4155-4184-ac05-9e4a371e5f0b,2026-09-26 00:43:31,https://play.google.com/store/apps/details?id=id.trimegah.tplus.android,ID,id,5,1.0,100.0,Positive,Login & Autentikasi,2025-12-29 14:43:20,2025,"sebagai trader saya sangat bisa mengandalkan Trima+ karena watchlist dan form order nya bener bener lengkap banget, fitur Trima+ juga ideas yang selalu ngebantu cari ide beli saham. aplikasi Trima+ memudahkan saya karna bisa membeli saham, obligasi, reksadana di dalam 1 aplikasi tanpa berpindah pindah","sebagai trader saya sangat bisa mengandalkan Trima+ karena watchlist dan form order nya bener bener lengkap banget, fitur Trima+ juga ideas yang selalu ngebantu cari ide beli saham. aplikasi Trima+ memudahkan saya karna bisa membeli saham, obligasi, reksadana di dalam 1 aplikasi tanpa berpindah pindah",True,302,45,1.11.1,1,Tidak,,,Sampel ulasan publik Play Store
e0b19fca-bc71-4e13-85c5-f6dc70ca10e1,2026-09-26 00:43:31,https://play.google.com/store/apps/details?id=id.trimegah.tplus.android,ID,id,5,1.0,100.0,Positive,Transaksi & Portofolio Saham,2025-12-29 14:40:13,2025,"Bisa beli saham, reksa dana, dan obligasi di dalam 1 aplikasi jadi lengkap dan simpel juga Tim call center dan admin sangat responsif dan membantu banget keren","Bisa beli saham, reksa dana, dan obligasi di dalam 1 aplikasi jadi lengkap dan simpel juga Tim call center dan admin sangat responsif dan membantu banget keren",True,159,27,Tidak Tercatat,0,Tidak,,,Sampel ulasan publik Play Store
b719e23d-7feb-45c9-a24e-4486ab5f302e,2026-09-26 00:43:31,https://play.google.com/store/apps/details?id=id.trimegah.tplus.android,ID,id,1,0.0,0.0,Negative,Transaksi & Portofolio Saham,2025-12-29 13:52:09,2025,"penanganan nya sungguh lama hampir 2minggu padahal sudah ada bukti riwayat transaksinya sebagai bukti, asli kalo dana sedikit aja sudah ga bisa menangani gimana dana yang besar? sudah di email jawabanya masih template sungguh melelahkan pakai apk ini.apakah bisa di laporkan ke ojk atau otoritas terkait, dana 900rb saya masih belum di transfer sampai sekarang?","penanganan nya sungguh lama hampir 2minggu padahal sudah ada bukti riwayat transaksinya sebagai bukti, asli kalo dana sedikit aja sudah ga bisa menangani gimana dana yang besar? sudah di email jawabanya masih template sungguh melelahkan pakai apk ini.apakah bisa di laporkan ke ojk atau otoritas terkait, dana 900rb saya masih belum di transfer sampai sekarang?",True,361,55,1.10.0,3,Tidak,,,Sampel ulasan publik Play Store
3c28269e-207a-4c1c-8611-8bc29787505e,2026-09-26 00:43:31,https://play.google.com/store/apps/details?id=id.trimegah.tplus.android,ID,id,3,0.5,50.0,Neutral,Netral / Saran Umum,2025-12-29 13:25:19,2025,kurang trelling stopnya aja kaka,kurang trelling stopnya aja kaka,True,32,5,1.11.1,0,Tidak,,,Sampel ulasan publik Play Store
17948abc-9d06-4f53-8e96-bafa44977ded,2026-09-26 00:43:31,https://play.google.com/store/apps/details?id=id.trimegah.tplus.android,ID,id,5,1.0,100.0,Positive,Transaksi & Portofolio Saham,2025-12-29 13:17:59,2025,"Akses portofolio jadi lebih cepat dan praktis karena saham, reksa dana, dan obligasi dapat dilihat sekaligus dalam satu halaman.","Akses portofolio jadi lebih cepat dan praktis karena saham, reksa dana, dan obligasi dapat dilihat sekaligus dalam satu halaman.",True,128,19,Tidak Tercatat,0,Tidak,,,Sampel ulasan publik Play Store
55ce6ea5-bdfc-47b3-a8ea-f084d75feb79,2026-09-26 00:43:31,https://play.google.com/store/apps/details?id=id.trimegah.tplus.android,ID,id,5,1.0,100.0,Positive,Apresiasi Umum & Kepuasan,2025-12-28 22:37:45,2025,jos tenan Ki aplikasi gak nyangka aplikasi Trima+jos jos jos,jos tenan Ki aplikasi gak nyangka aplikasi Trima+jos jos jos,True,60,10,1.11.1,0,Tidak,,,Sampel ulasan publik Play Store
920eae74-11a5-4e09-8a17-c66a7a7720ed,2026-09-26 00:43:31,https://play.google.com/store/apps/details?id=id.trimegah.tplus.android,ID,id,5,1.0,100.0,Positive,Login & Autentikasi,2025-12-28 21:25:21,2025,"Aplikasi trima+ praktis dan nyaman dipakai cocok untuk pemula. Portofolio cepat diakses, semua aset dalam satu halaman, login cukup pakai nomor HP. Fiturnya lengkap dan support-nya responsif. worth it!!","Aplikasi trima+ praktis dan nyaman dipakai cocok untuk pemula. Portofolio cepat diakses, semua aset dalam satu halaman, login cukup pakai nomor HP. Fiturnya lengkap dan support-nya responsif. worth it!!",True,202,29,1.11.1,0,Tidak,,,Sampel ulasan publik Play Store
45b2be7d-57e8-4145-9f50-1dd72c086070,2026-09-26 00:43:31,https://play.google.com/store/apps/details?id=id.trimegah.tplus.android,ID,id,5,1.0,100.0,Positive,Transaksi & Portofolio Saham,2025-12-26 10:40:24,2025,aksesnya cepet banget sama beli sahamnya mudah dan admin nya ramah bangetc,aksesnya cepet banget sama beli sahamnya mudah dan admin nya ramah bangetc,True,74,12,1.11.1,0,Tidak,,,Sampel ulasan publik Play Store
8528807c-28af-457b-b0f6-e7edf2c22a8d,2026-09-26 00:43:31,https://play.google.com/store/apps/details?id=id.trimegah.tplus.android,ID,id,5,1.0,100.0,Positive,Login & Autentikasi,2025-12-26 10:16:45,2025,"Investasi jadi jauh lebih praktis semenjak pakai Trima+! Sekarang login sekarang bisa cuman pakai nomor HP, jadi tidak perlu repot ingat password yang rumit. Salah satu keunggulan utamanya adalah saya bisa beli saham, reksa dana, dan obligasi di dalam 1 aplikasi, yang bikin akses portofolio cepet dan ringkas (bisa lihat saham, reksa dana, dan obligasi di 1 halaman) tanpa harus pindah-pindah menu","Investasi jadi jauh lebih praktis semenjak pakai Trima+! Sekarang login sekarang bisa cuman pakai nomor HP, jadi tidak perlu repot ingat password yang rumit. Salah satu keunggulan utamanya adalah saya bisa beli saham, reksa dana, dan obligasi di dalam 1 aplikasi, yang bikin akses portofolio cepet dan ringkas (bisa lihat saham, reksa dana, dan obligasi di 1 halaman) tanpa harus pindah-pindah menu",True,398,62,Tidak Tercatat,0,Tidak,,,Sampel ulasan publik Play Store
c8604721-de72-4f65-b767-d0c565319adf,2026-09-26 00:43:31,https://play.google.com/store/apps/details?id=id.trimegah.tplus.android,ID,id,5,1.0,100.0,Positive,Transaksi & Portofolio Saham,2025-12-26 10:01:16,2025,"pertama kali pakai Trima+, semua kebutuhan investasi kayak saham, reksa dana, dan obligasi bisa diakses dalam satu aplikasi. Pas kita butuh bantuan, call center dan adminnya cepat tanggap dan jelas ga kaya yang lain, jadi pakainya lebih tenang, overall mantap sii","pertama kali pakai Trima+, semua kebutuhan investasi kayak saham, reksa dana, dan obligasi bisa diakses dalam satu aplikasi. Pas kita butuh bantuan, call center dan adminnya cepat tanggap dan jelas ga kaya yang lain, jadi pakainya lebih tenang, overall mantap sii",True,263,41,1.11.1,0,Tidak,,,Sampel ulasan publik Play Store
c57c4996-1f77-46aa-86a1-08c07d8481a7,2026-09-26 00:43:31,https://play.google.com/store/apps/details?id=id.trimegah.tplus.android,ID,id,5,1.0,100.0,Positive,Apresiasi Umum & Kepuasan,2025-12-25 19:47:49,2025,"Trima+ sangat membantu aku dalam mengelola uang dan juga Trima+ bisa melacak transaksi yg buat kita semakin mudah dalam bertransaksi,Terima kasih Trima+ sudah membuat keuangan ku jdi teratur","Trima+ sangat membantu aku dalam mengelola uang dan juga Trima+ bisa melacak transaksi yg buat kita semakin mudah dalam bertransaksi,Terima kasih Trima+ sudah membuat keuangan ku jdi teratur",True,190,28,1.11.1,0,Tidak,,,Sampel ulasan publik Play Store
4db2e985-9d14-49ec-ab26-df748988b62c,2026-09-26 00:43:31,https://play.google.com/store/apps/details?id=id.trimegah.tplus.android,ID,id,5,1.0,100.0,Positive,Apresiasi Umum & Kepuasan,2025-12-25 19:25:39,2025,"dulu sebelum mengenal trima+ saya berinvestasi menggunakan banyak aplikasi karna belum ada aplikasi yg menyediakan banyak opsi investasi seperti trima+, karna adanya trima+ sekarang memudahkan saya untuk berinvestasi","dulu sebelum mengenal trima+ saya berinvestasi menggunakan banyak aplikasi karna belum ada aplikasi yg menyediakan banyak opsi investasi seperti trima+, karna adanya trima+ sekarang memudahkan saya untuk berinvestasi",True,216,28,1.11.1,0,Tidak,,,Sampel ulasan publik Play Store
406904f9-16cd-4399-8c6c-14929bbb92a6,2026-09-26 00:43:31,https://play.google.com/store/apps/details?id=id.trimegah.tplus.android,ID,id,5,1.0,100.0,Positive,Login & Autentikasi,2025-12-25 19:25:22,2025,cukup suka biasanya aplikasi keuangan lain perlu KTP dan verifikasi yang cukup ribet tapi disini pake nomor udah selesai.,cukup suka biasanya aplikasi keuangan lain perlu KTP dan verifikasi yang cukup ribet tapi disini pake nomor udah selesai.,True,121,19,Tidak Tercatat,0,Tidak,,,Sampel ulasan publik Play Store
af17de34-9baa-4c6a-ad16-22a6b6ff6861,2026-09-26 00:43:31,https://play.google.com/store/apps/details?id=id.trimegah.tplus.android,ID,id,1,0.0,0.0,Negative,Customer Service & Layanan,2025-12-25 16:06:31,2025,"cs lama, saldo ngendap 100 rb 😄","cs lama, saldo ngendap 100 rb 😄",True,31,7,1.11.1,0,Tidak,,,Sampel ulasan publik Play Store
7d150ccf-1531-41e7-86f5-195ec03d0307,2026-09-26 00:43:31,https://play.google.com/store/apps/details?id=id.trimegah.tplus.android,ID,id,5,1.0,100.0,Positive,Customer Service & Layanan,2025-12-25 11:03:16,2025,"CS nya membantu banget saat ada kendala, padahal tengah malem, mantap Trima","CS nya membantu banget saat ada kendala, padahal tengah malem, mantap Trima",True,75,12,1.11.1,0,Tidak,,,Sampel ulasan publik Play Store
ad083734-9aa4-4cdd-99b5-f402ff8ac3be,2026-09-26 00:43:31,https://play.google.com/store/apps/details?id=id.trimegah.tplus.android,ID,id,5,1.0,100.0,Positive,Login & Autentikasi,2025-12-25 10:59:10,2025,"Sejak pakai Trima+, pantau portofolio investasi jadi jauh lebih ringkas. Dalam satu halaman saya bisa langsung lihat saham, reksa dana, dan obligasi tanpa harus pindah-pindah menu. Login juga sekarang cukup pakai nomor HP, jadi lebih cepat dan praktis. UI/UX aplikasinya terasa intuitif, cocok buat pengguna yang pengen serba jelas dan rapi","Sejak pakai Trima+, pantau portofolio investasi jadi jauh lebih ringkas. Dalam satu halaman saya bisa langsung lihat saham, reksa dana, dan obligasi tanpa harus pindah-pindah menu. Login juga sekarang cukup pakai nomor HP, jadi lebih cepat dan praktis. UI/UX aplikasinya terasa intuitif, cocok buat pengguna yang pengen serba jelas dan rapi",True,340,51,Tidak Tercatat,0,Tidak,,,Sampel ulasan publik Play Store
029e6a85-4570-46bb-ac15-23775226b5ac,2026-09-26 00:43:31,https://play.google.com/store/apps/details?id=id.trimegah.tplus.android,ID,id,1,0.0,0.0,Negative,Keluhan Umum Aplikasi,2025-12-24 14:19:47,2025,"aplikasi sampah, rating aplikasi ini bagus bukan karna fakta tapi mereka di bayar","aplikasi sampah, rating aplikasi ini bagus bukan karna fakta tapi mereka di bayar",True,81,13,1.11.0,2,Tidak,,,Sampel ulasan publik Play Store
139fa926-e472-4d1c-b61d-0591f328968c,2026-09-26 00:43:31,https://play.google.com/store/apps/details?id=id.trimegah.tplus.android,ID,id,5,1.0,100.0,Positive,Login & Autentikasi,2025-12-23 14:26:24,2025,saya tidak bisa membuat rekening di karenakan error pada verifikasi wajah. segera atasi,saya tidak bisa membuat rekening di karenakan error pada verifikasi wajah. segera atasi,True,87,13,1.11.0,0,Tidak,,,Sampel ulasan publik Play Store
f39be809-40c2-4e3b-8215-bc742f1d8dc2,2026-09-26 00:43:31,https://play.google.com/store/apps/details?id=id.trimegah.tplus.android,ID,id,1,0.0,0.0,Negative,Customer Service & Layanan,2025-12-23 13:42:33,2025,"aplikasi terburuk. tibatiba uang diaplikasi jadi minus dan tibatiba ada tagihan sebesar 300k sedangkan di akun saya sisakan 100k karena tidak bisa ditarik semua alasan mereka takutnya ada dormen dari bank jadi wajib sisa 100k. namun sekarang saya ditagih sama trimegah, di spam email, ditelpon juga. tapi saat ditelpon karyawan si mba² nya ga bisa jelaskan disuruh baca email saja, dan juga tidak sopan! saya sedang bicara mereka langsung mematikan sepihak. aplikasi terburuk, kecewa!","aplikasi terburuk. tibatiba uang diaplikasi jadi minus dan tibatiba ada tagihan sebesar 300k sedangkan di akun saya sisakan 100k karena tidak bisa ditarik semua alasan mereka takutnya ada dormen dari bank jadi wajib sisa 100k. namun sekarang saya ditagih sama trimegah, di spam email, ditelpon juga. tapi saat ditelpon karyawan si mba² nya ga bisa jelaskan disuruh baca email saja, dan juga tidak sopan! saya sedang bicara mereka langsung mematikan sepihak. aplikasi terburuk, kecewa!",True,484,74,1.11.1,46,Tidak,,,Sampel ulasan publik Play Store
fb24085e-76e1-498c-a9d2-1eafd56ab14a,2026-09-26 00:43:31,https://play.google.com/store/apps/details?id=id.trimegah.tplus.android,ID,id,5,1.0,100.0,Positive,Apresiasi Umum & Kepuasan,2025-12-23 13:33:52,2025,"kasih bintang 5, meski WD harus menyisakan 100k","kasih bintang 5, meski WD harus menyisakan 100k",True,47,8,1.11.1,1,Tidak,,,Sampel ulasan publik Play Store
1e079397-3f04-4b3d-8971-d6bdcb35263a,2026-09-26 00:43:31,https://play.google.com/store/apps/details?id=id.trimegah.tplus.android,ID,id,5,1.0,100.0,Positive,UI/UX & Performa (Loading/Navigasi),2025-12-23 09:59:20,2025,"fitur yang paling saya suka di trima+ ini adalah fitur trima+ ideas Di fitur tersebut kita bisa mendapat analisis teknikal ,market update dan market harian.","fitur yang paling saya suka di trima+ ini adalah fitur trima+ ideas Di fitur tersebut kita bisa mendapat analisis teknikal ,market update dan market harian.",True,156,25,1.11.0,0,Tidak,,,Sampel ulasan publik Play Store
5813054a-f47b-47ad-93e5-edf4fb7b904f,2026-09-26 00:43:31,https://play.google.com/store/apps/details?id=id.trimegah.tplus.android,ID,id,5,1.0,100.0,Positive,Transaksi & Portofolio Saham,2025-12-23 08:45:46,2025,Ada fitur yang menarik seperti fitur Trima+ Picks dan Trima+ Ideas ngebantu cari ide beli saham yang sangat membantu sekali,Ada fitur yang menarik seperti fitur Trima+ Picks dan Trima+ Ideas ngebantu cari ide beli saham yang sangat membantu sekali,True,123,20,1.11.0,0,Tidak,,,Sampel ulasan publik Play Store
ec07eb94-d6af-451e-8cfd-ab566cf74c08,2026-09-26 00:43:31,https://play.google.com/store/apps/details?id=id.trimegah.tplus.android,ID,id,5,1.0,100.0,Positive,Transaksi & Portofolio Saham,2025-12-23 08:03:50,2025,"Aplikasi Trima+ ini sangat bermanfaat dan membantu sekali karena bisa beli saham, reksa dana, dan obligasi di dalam 1 aplikasi","Aplikasi Trima+ ini sangat bermanfaat dan membantu sekali karena bisa beli saham, reksa dana, dan obligasi di dalam 1 aplikasi",True,126,20,1.11.0,0,Tidak,,,Sampel ulasan publik Play Store
d0ba6ee3-8c8b-444c-9276-fcdd1e77e795,2026-09-26 00:43:31,https://play.google.com/store/apps/details?id=id.trimegah.tplus.android,ID,id,5,1.0,100.0,Positive,UI/UX & Performa (Loading/Navigasi),2025-12-23 07:54:59,2025,"Baru coba pakai Trima+ dan sejauh ini aplikasinya sangat user friendly. Proses pendaftarannya cepat dan tampilannya bersih, jadi enak dilihat buat pantau saham harian. Cocok banget buat pemula yang baru mau mulai investasi!","Baru coba pakai Trima+ dan sejauh ini aplikasinya sangat user friendly. Proses pendaftarannya cepat dan tampilannya bersih, jadi enak dilihat buat pantau saham harian. Cocok banget buat pemula yang baru mau mulai investasi!",True,223,33,Tidak Tercatat,0,Tidak,,,Sampel ulasan publik Play Store
9135e501-6891-42ed-9d8c-f8bc0e28a59f,2026-09-26 00:43:31,https://play.google.com/store/apps/details?id=id.trimegah.tplus.android,ID,id,5,1.0,100.0,Positive,UI/UX & Performa (Loading/Navigasi),2025-12-22 22:30:06,2025,"salah satu aplikasi untuk investasi lengkap, mudah dipahami, log in sekarang bisa pakai hp, Tampilan dan UX terbilang modern, tim call center nya juga gercep banget. rekomen deh","salah satu aplikasi untuk investasi lengkap, mudah dipahami, log in sekarang bisa pakai hp, Tampilan dan UX terbilang modern, tim call center nya juga gercep banget. rekomen deh",True,177,28,1.11.0,0,Tidak,,,Sampel ulasan publik Play Store
11c7030d-28d1-419e-9f44-f6be98398c9b,2026-09-26 00:43:31,https://play.google.com/store/apps/details?id=id.trimegah.tplus.android,ID,id,5,1.0,100.0,Positive,Transaksi & Portofolio Saham,2025-12-22 22:07:24,2025,"Fitur sangat lengkap, bisa lihat salam, obligasi, reksadana di 1 halaman, call center juga responsif, Luar biasaaa","Fitur sangat lengkap, bisa lihat salam, obligasi, reksadana di 1 halaman, call center juga responsif, Luar biasaaa",True,114,17,1.10.0,0,Tidak,,,Sampel ulasan publik Play Store
21c60792-a1d2-4699-9f87-b6b6cac51e65,2026-09-26 00:43:31,https://play.google.com/store/apps/details?id=id.trimegah.tplus.android,ID,id,5,1.0,100.0,Positive,UI/UX & Performa (Loading/Navigasi),2025-12-22 21:55:55,2025,aplikasi trading yg menurutku bagus sih mudah dipahami jg ya semoga kedepanya lebih baik lg,aplikasi trading yg menurutku bagus sih mudah dipahami jg ya semoga kedepanya lebih baik lg,True,91,15,1.11.0,1,Tidak,,,Sampel ulasan publik Play Store
0abe131f-5f72-40d9-b8fc-813f8369e4a3,2026-09-26 00:43:31,https://play.google.com/store/apps/details?id=id.trimegah.tplus.android,ID,id,5,1.0,100.0,Positive,Customer Service & Layanan,2025-12-22 19:41:25,2025,"mau registrasi aja gak bisa dan sulit.. puluhan kali registrasi terhenti di deteksi wajah.. pakai hape lain pun tidak bisa. ya udah, gak jadi daftar. masih banyak yg lain..","mau registrasi aja gak bisa dan sulit.. puluhan kali registrasi terhenti di deteksi wajah.. pakai hape lain pun tidak bisa. ya udah, gak jadi daftar. masih banyak yg lain..",True,172,29,1.11.0,0,Tidak,,,Sampel ulasan publik Play Store
edb8602d-e631-4918-9096-436b8ce5e3bf,2026-09-26 00:43:31,https://play.google.com/store/apps/details?id=id.trimegah.tplus.android,ID,id,5,1.0,100.0,Positive,Login & Autentikasi,2025-12-22 18:58:35,2025,"Saya suka fitur Investment journey, karena bisa melihat laporan perjalanan investasi secara keseluruhan, termasuk keuntungan/kerugian yang sudah terealisasi dan dividen. Statistik trandingnya rapi dan mudah dipahami.","Saya suka fitur Investment journey, karena bisa melihat laporan perjalanan investasi secara keseluruhan, termasuk keuntungan/kerugian yang sudah terealisasi dan dividen. Statistik trandingnya rapi dan mudah dipahami.",True,216,26,Tidak Tercatat,0,Tidak,,,Sampel ulasan publik Play Store
4ba83b9d-c92d-4dfd-ab61-713d9e1697eb,2026-09-26 00:43:31,https://play.google.com/store/apps/details?id=id.trimegah.tplus.android,ID,id,5,1.0,100.0,Positive,Customer Service & Layanan,2025-12-22 16:50:21,2025,"Jujur, fitur Trima+ Picks sama Trima+ Ideas itu ngebantu banget buat cari ide saham. Aku yang kadang suka overthinking jadi punya gambaran sebelum ambil keputusan. Aplikasinya juga gampang dipakai, nggak bikin pusing. Kalau ada yang mau ditanyain, tim call center dan adminnya ramah dan cepat balas. Enak banget pakainya buat daily trading","Jujur, fitur Trima+ Picks sama Trima+ Ideas itu ngebantu banget buat cari ide saham. Aku yang kadang suka overthinking jadi punya gambaran sebelum ambil keputusan. Aplikasinya juga gampang dipakai, nggak bikin pusing. Kalau ada yang mau ditanyain, tim call center dan adminnya ramah dan cepat balas. Enak banget pakainya buat daily trading",True,339,52,1.11.1,3,Tidak,,,Sampel ulasan publik Play Store
1eed646d-0879-4829-abc6-52441c662c65,2026-09-26 00:43:31,https://play.google.com/store/apps/details?id=id.trimegah.tplus.android,ID,id,5,1.0,100.0,Positive,Transaksi & Portofolio Saham,2025-12-22 16:45:10,2025,"saya pendatang baru dalam reksa dana, pada aplikasi ini Tim call center dan admin sangat responsif dan membantu banget apalagi saya masih baru dalam dunia investasi. menu yang di sediakan oleh aplikasi lengkap mulai dari history jual beli saham hingga tampilan portofolio dari investasi kita tersusun rapi susuai jenis nya bahkan informasi nilai dari investasii di jelaskan secara rinci","saya pendatang baru dalam reksa dana, pada aplikasi ini Tim call center dan admin sangat responsif dan membantu banget apalagi saya masih baru dalam dunia investasi. menu yang di sediakan oleh aplikasi lengkap mulai dari history jual beli saham hingga tampilan portofolio dari investasi kita tersusun rapi susuai jenis nya bahkan informasi nilai dari investasii di jelaskan secara rinci",True,386,59,Tidak Tercatat,0,Tidak,,,Sampel ulasan publik Play Store
4480ddf7-3dda-49ed-a20f-3565f75c3ddd,2026-09-26 00:43:31,https://play.google.com/store/apps/details?id=id.trimegah.tplus.android,ID,id,5,1.0,100.0,Positive,Login & Autentikasi,2025-12-22 16:43:39,2025,"Pakai aplikasi ini bikin pantau portofolio jadi simpel karena saham, reksa dana, dan obligasi ada di satu halaman. Login juga praktis pakai nomor HP. Fiturnya lengkap dengan UI/UX intuitif, watchlist dan form order ngebantu banget. Saat butuh bantuan, call center & admin Trimegah responsif dan gercep. Kepake banget sehari²","Pakai aplikasi ini bikin pantau portofolio jadi simpel karena saham, reksa dana, dan obligasi ada di satu halaman. Login juga praktis pakai nomor HP. Fiturnya lengkap dengan UI/UX intuitif, watchlist dan form order ngebantu banget. Saat butuh bantuan, call center & admin Trimegah responsif dan gercep. Kepake banget sehari²",True,324,49,1.11.0,0,Tidak,,,Sampel ulasan publik Play Store
9f4c63c8-f745-4997-a44d-5893c563ca58,2026-09-26 00:43:31,https://play.google.com/store/apps/details?id=id.trimegah.tplus.android,ID,id,5,1.0,100.0,Positive,Transaksi & Portofolio Saham,2025-12-22 14:44:05,2025,"Aplikasi ini memudahkan memantau saham, reksa dana, dan obligasi dalam satu tempat. Fiturnya lengkap, tampilannya mudah dipahami, dan layanan call center sangat responsif.","Aplikasi ini memudahkan memantau saham, reksa dana, dan obligasi dalam satu tempat. Fiturnya lengkap, tampilannya mudah dipahami, dan layanan call center sangat responsif.",True,171,23,Tidak Tercatat,0,Tidak,,,Sampel ulasan publik Play Store
04d49e3a-c9ce-4160-9679-c70a89183f7c,2026-09-26 00:43:31,https://play.google.com/store/apps/details?id=id.trimegah.tplus.android,ID,id,5,1.0,100.0,Positive,Transaksi & Portofolio Saham,2025-12-22 13:51:28,2025,"Fitur nya lengkap, bisa beli saham, reksa dana dan obligasi. jadi mudah cuma dalam 1 aplikas ini guys rekomendet buat para pemula yang mah belajar","Fitur nya lengkap, bisa beli saham, reksa dana dan obligasi. jadi mudah cuma dalam 1 aplikas ini guys rekomendet buat para pemula yang mah belajar",True,146,25,1.11.0,0,Tidak,,,Sampel ulasan publik Play Store
63d0d630-3ea3-4fcc-bf79-2083e5c9f842,2026-09-26 00:43:31,https://play.google.com/store/apps/details?id=id.trimegah.tplus.android,ID,id,1,0.0,0.0,Negative,Login & Autentikasi,2025-12-22 11:52:09,2025,"aplikasi super duper ribet. aplikasi2 lain mah kalo udh bisa login ya udh tinggal beli2 aja. trim ini ribet buabget, baru mau beli 1 macam RD aja dimintai data2 lagi, dan aplikasi loading sampe lbh dr 5 menit. Paraaaaaaaahhhhhhhh","aplikasi super duper ribet. aplikasi2 lain mah kalo udh bisa login ya udh tinggal beli2 aja. trim ini ribet buabget, baru mau beli 1 macam RD aja dimintai data2 lagi, dan aplikasi loading sampe lbh dr 5 menit. Paraaaaaaaahhhhhhhh",True,229,39,1.11.0,1,Tidak,,,Sampel ulasan publik Play Store
d03e6389-95e2-4ef1-b9a2-75974b76c2fe,2026-09-26 00:43:31,https://play.google.com/store/apps/details?id=id.trimegah.tplus.android,ID,id,5,1.0,100.0,Positive,Apresiasi Umum & Kepuasan,2025-12-21 21:44:35,2025,saya pake trima+ karena pengen kelola investasi sejauh ini membantu banget,saya pake trima+ karena pengen kelola investasi sejauh ini membantu banget,True,74,11,1.11.0,0,Tidak,,,Sampel ulasan publik Play Store
fb2b2c71-9f54-428a-8ed2-fd7d3ea93b70,2026-09-26 00:43:31,https://play.google.com/store/apps/details?id=id.trimegah.tplus.android,ID,id,5,1.0,100.0,Positive,Login & Autentikasi,2025-12-21 21:04:37,2025,aplikasi nya sangat mudah digunakan login nya juga bisa pake nomor telepon jadi lebih satset saat login,aplikasi nya sangat mudah digunakan login nya juga bisa pake nomor telepon jadi lebih satset saat login,True,103,17,1.11.0,2,Tidak,,,Sampel ulasan publik Play Store
d9515676-ef3e-41ca-adb0-f9f8a266ae4f,2026-09-26 00:43:31,https://play.google.com/store/apps/details?id=id.trimegah.tplus.android,ID,id,5,1.0,100.0,Positive,Transaksi & Portofolio Saham,2025-12-21 20:58:40,2025,"suka sekali sama trima+, cocok buat aku yang pertama kali mengenal ini. portofolionya bagus dan mudah dimengerti. call center juga cepat menanggapi dan sangat membantu","suka sekali sama trima+, cocok buat aku yang pertama kali mengenal ini. portofolionya bagus dan mudah dimengerti. call center juga cepat menanggapi dan sangat membantu",True,167,25,1.11.0,0,Tidak,,,Sampel ulasan publik Play Store
31c91ee5-49ac-405f-a5a1-e979da45cf3f,2026-09-26 00:43:31,https://play.google.com/store/apps/details?id=id.trimegah.tplus.android,ID,id,5,1.0,100.0,Positive,Login & Autentikasi,2025-12-21 15:27:36,2025,"Aplikasi Trimegah praktis dan lengkap. Bisa investasi saham, reksa dana, dan obligasi dalam satu aplikasi. UI/UX mudah dipahami, login pakai nomor HP, fitur trading lengkap. Call center dan admin sangat responsif dan membantu. Recommended!","Aplikasi Trimegah praktis dan lengkap. Bisa investasi saham, reksa dana, dan obligasi dalam satu aplikasi. UI/UX mudah dipahami, login pakai nomor HP, fitur trading lengkap. Call center dan admin sangat responsif dan membantu. Recommended!",True,239,34,1.11.0,0,Tidak,,,Sampel ulasan publik Play Store
7a441bb9-9651-477a-9c92-9ce6a6b5230a,2026-09-26 00:43:31,https://play.google.com/store/apps/details?id=id.trimegah.tplus.android,ID,id,1,0.0,0.0,Negative,Login & Autentikasi,2025-12-21 15:19:52,2025,"segera kembalikan uang saya, sudah 2 minggu Penarikan dana masih belum juga masuk ke rekening, Call center tidak tanggap,","segera kembalikan uang saya, sudah 2 minggu Penarikan dana masih belum juga masuk ke rekening, Call center tidak tanggap,",True,121,19,1.10.0,2,Tidak,,,Sampel ulasan publik Play Store
d4239ffa-1c4e-414d-9cfd-3d30a63fe93a,2026-09-26 00:43:31,https://play.google.com/store/apps/details?id=id.trimegah.tplus.android,ID,id,5,1.0,100.0,Positive,Transaksi & Portofolio Saham,2025-12-21 14:28:15,2025,"Akses portofolio cepet dan ringkas (bisa lihat saham, reksa dana, dan obligasi di 1 halaman) aplikasi nya juga menguntungkan kita investasi juga aman saham nya menguntungkan semua juga","Akses portofolio cepet dan ringkas (bisa lihat saham, reksa dana, dan obligasi di 1 halaman) aplikasi nya juga menguntungkan kita investasi juga aman saham nya menguntungkan semua juga",True,184,28,1.11.0,0,Tidak,,,Sampel ulasan publik Play Store
8cf4a4e9-1a1f-4c90-a383-39b4b4d0314d,2026-09-26 00:43:31,https://play.google.com/store/apps/details?id=id.trimegah.tplus.android,ID,id,5,1.0,100.0,Positive,Transaksi & Portofolio Saham,2025-12-21 14:22:56,2025,"﻿﻿﻿﻿Trima+ adalah tempat dimana kamu bisa jual beli saham reksa dana dan obligasi sekaligus tanpa repot dengan penampilan baru, Trima+ bakal bawain kamu pengalaman bertransaksi yang lebih nyaman dengan fitur-fitur paling update","﻿﻿﻿﻿Trima+ adalah tempat dimana kamu bisa jual beli saham reksa dana dan obligasi sekaligus tanpa repot dengan penampilan baru, Trima+ bakal bawain kamu pengalaman bertransaksi yang lebih nyaman dengan fitur-fitur paling update",True,227,32,1.11.0,0,Tidak,,,Sampel ulasan publik Play Store
7c43b686-dc51-4e4a-bd13-f58605495647,2026-09-26 00:43:31,https://play.google.com/store/apps/details?id=id.trimegah.tplus.android,ID,id,5,1.0,100.0,Positive,Transaksi & Portofolio Saham,2025-12-21 14:22:37,2025,"buat yang mau terjun dunia saham, fitur Trima+ picks dan Trima+ ideas membantu cari ide beli saham, tampilan nya pun mudah dipahami","buat yang mau terjun dunia saham, fitur Trima+ picks dan Trima+ ideas membantu cari ide beli saham, tampilan nya pun mudah dipahami",True,131,22,Tidak Tercatat,0,Tidak,,,Sampel ulasan publik Play Store
8a4b22e3-b5e5-41fc-a73a-09207ba2ecd3,2026-09-26 00:43:31,https://play.google.com/store/apps/details?id=id.trimegah.tplus.android,ID,id,5,1.0,100.0,Positive,Customer Service & Layanan,2025-12-21 13:56:56,2025,wah aplikasi yang bagus dan investasi yg cemerlang buruan pake aplikasi ini untuk pemula investasi,wah aplikasi yang bagus dan investasi yg cemerlang buruan pake aplikasi ini untuk pemula investasi,True,98,15,1.11.0,0,Tidak,,,Sampel ulasan publik Play Store
4175aa26-41ad-4cf0-9f12-8b765026233f,2026-09-26 00:43:31,https://play.google.com/store/apps/details?id=id.trimegah.tplus.android,ID,id,5,1.0,100.0,Positive,Login & Autentikasi,2025-12-21 13:48:00,2025,"Aku pake Aplikasi Trima+ dari awal login sangat mudah cuma pake nomer handphone. Fiturnya lengkap dengan watchlist dan form order lengkap buat bantu trader saham, dan Fitur Trima+ Picks dan Trima+ Ideas ngebantu juga buat cari ide beli saham, dan ygpaling penting+gercer Tim Call Center dan Admin sangat responsif banget deh.","Aku pake Aplikasi Trima+ dari awal login sangat mudah cuma pake nomer handphone. Fiturnya lengkap dengan watchlist dan form order lengkap buat bantu trader saham, dan Fitur Trima+ Picks dan Trima+ Ideas ngebantu juga buat cari ide beli saham, dan ygpaling penting+gercer Tim Call Center dan Admin sangat responsif banget deh.",True,325,51,Tidak Tercatat,0,Tidak,,,Sampel ulasan publik Play Store
e0c0f83b-2166-48e5-9efb-e9d875997d39,2026-09-26 00:43:31,https://play.google.com/store/apps/details?id=id.trimegah.tplus.android,ID,id,5,1.0,100.0,Positive,Login & Autentikasi,2025-12-21 13:30:16,2025,Apk ini sangat bermanfaat untuk pemula dalam investasi karena fiturnya yang lengkap dan mudah dipahami pengguna selain itu untuk metode deposit dan penarikan tidak ribet cepat masuk ke saldo.,Apk ini sangat bermanfaat untuk pemula dalam investasi karena fiturnya yang lengkap dan mudah dipahami pengguna selain itu untuk metode deposit dan penarikan tidak ribet cepat masuk ke saldo.,True,191,29,1.11.0,0,Tidak,,,Sampel ulasan publik Play Store
bc73cd8f-95d8-4f34-a7eb-5d07f1076ab3,2026-09-26 00:43:31,https://play.google.com/store/apps/details?id=id.trimegah.tplus.android,ID,id,5,1.0,100.0,Positive,Customer Service & Layanan,2025-12-21 13:23:33,2025,apk trima sangat sat set dan sistem keamanan bisa di percaya dan investasi lebih mudah dan pelayanan cepat baik dan jelas sangat rekomendasi.,apk trima sangat sat set dan sistem keamanan bisa di percaya dan investasi lebih mudah dan pelayanan cepat baik dan jelas sangat rekomendasi.,True,141,23,1.11.0,0,Tidak,,,Sampel ulasan publik Play Store
5ab9edcb-6f77-4b3d-a00b-9e6469d669d1,2026-09-26 00:43:31,https://play.google.com/store/apps/details?id=id.trimegah.tplus.android,ID,id,5,1.0,100.0,Positive,UI/UX & Performa (Loading/Navigasi),2025-12-21 12:58:52,2025,unuk update data gimana ya?,unuk update data gimana ya?,True,27,5,1.11.0,0,Tidak,,,Sampel ulasan publik Play Store
95d0af4e-d535-41fc-8af5-40595e1d42f3,2026-09-26 00:43:31,https://play.google.com/store/apps/details?id=id.trimegah.tplus.android,ID,id,1,0.0,0.0,Negative,Keluhan Umum Aplikasi,2025-12-21 11:02:45,2025,bintang 000000,bintang 000000,True,14,2,1.11.0,1,Tidak,,,Sampel ulasan publik Play Store
08424f6b-1c01-484d-b8b5-56312fb0d752,2026-09-26 00:43:31,https://play.google.com/store/apps/details?id=id.trimegah.tplus.android,ID,id,5,1.0,100.0,Positive,Transaksi & Portofolio Saham,2025-12-20 13:01:45,2025,aplikasi Trima+ sangat mudah dipahami GK bingung untuk pemula ada banyak fitur menarik cocok untuk membeli saham dan GK bikin bingung proses juga cepat aplikasi recommended banget pokoknya Sukes terus,aplikasi Trima+ sangat mudah dipahami GK bingung untuk pemula ada banyak fitur menarik cocok untuk membeli saham dan GK bikin bingung proses juga cepat aplikasi recommended banget pokoknya Sukes terus,True,200,30,1.11.0,0,Tidak,,,Sampel ulasan publik Play Store
19e2d834-cf15-4163-9f08-44c0588cdf62,2026-09-26 00:43:31,https://play.google.com/store/apps/details?id=id.trimegah.tplus.android,ID,id,5,1.0,100.0,Positive,Apresiasi Umum & Kepuasan,2025-12-20 12:27:28,2025,"aplikasi ter simple dan enak dipakai, semoga sukses terus ya trima+","aplikasi ter simple dan enak dipakai, semoga sukses terus ya trima+",True,67,11,1.11.0,1,Tidak,,,Sampel ulasan publik Play Store
ab8e55f0-8b34-4d1a-be40-ed7ecbcf92f4,2026-09-26 00:43:31,https://play.google.com/store/apps/details?id=id.trimegah.tplus.android,ID,id,5,1.0,100.0,Positive,Customer Service & Layanan,2025-12-20 12:21:30,2025,apknya bagus wajib coba pokoknya apa lagi respon cepet dari tim call centernya,apknya bagus wajib coba pokoknya apa lagi respon cepet dari tim call centernya,True,78,13,Tidak Tercatat,0,Tidak,,,Sampel ulasan publik Play Store
746c5343-d1ae-4335-bddc-735f9e320270,2026-09-26 00:43:31,https://play.google.com/store/apps/details?id=id.trimegah.tplus.android,ID,id,5,1.0,100.0,Positive,Apresiasi Umum & Kepuasan,2025-12-20 12:17:25,2025,aplikasi yang bagus dan sangat rekomend banget ccok deh Bintang 5 trs,aplikasi yang bagus dan sangat rekomend banget ccok deh Bintang 5 trs,True,69,12,1.11.0,0,Tidak,,,Sampel ulasan publik Play Store
e8d378c1-4258-42eb-8e64-e6ea7ad23930,2026-09-26 00:43:31,https://play.google.com/store/apps/details?id=id.trimegah.tplus.android,ID,id,5,1.0,100.0,Positive,Apresiasi Umum & Kepuasan,2025-12-20 11:41:16,2025,sebagai trader aplikasi nya enak beget,sebagai trader aplikasi nya enak beget,True,38,6,1.11.0,0,Tidak,,,Sampel ulasan publik Play Store
69d929e8-291c-4b67-828b-2f25f4793d93,2026-09-26 00:43:31,https://play.google.com/store/apps/details?id=id.trimegah.tplus.android,ID,id,5,1.0,100.0,Positive,Apresiasi Umum & Kepuasan,2025-12-20 10:44:11,2025,aplikasi bagus sangat simpel dan juga sangat mudah dipahami,aplikasi bagus sangat simpel dan juga sangat mudah dipahami,True,59,9,1.11.0,0,Tidak,,,Sampel ulasan publik Play Store
b97b6cce-1971-45f5-80a1-bc40f30c9980,2026-09-26 00:43:31,https://play.google.com/store/apps/details?id=id.trimegah.tplus.android,ID,id,5,1.0,100.0,Positive,Transaksi & Portofolio Saham,2025-12-20 09:33:43,2025,"Ingin bertanya dengan admin , apakah RDN jago bisa buat trima+.","Ingin bertanya dengan admin , apakah RDN jago bisa buat trima+.",True,63,11,1.11.0,0,Tidak,,,Sampel ulasan publik Play Store
d57c69b2-189b-4ab4-8758-9968e105c8f0,2026-09-26 00:43:31,https://play.google.com/store/apps/details?id=id.trimegah.tplus.android,ID,id,1,0.0,0.0,Negative,Login & Autentikasi,2025-12-19 16:10:08,2025,"terimakasih atas respon cs-nya yang tidak mengatasi masalah. sudah laporan lewat Gmail kalo saldo yang ditarik sudah BERHASIL di aplikasi namun ***BELUM MASUK*** di rekening. padahal udah 10 HARI loh ini responnya lama batt. Masa status penarikan dana tidak berhasil dikarenakan dana masih terdapat di SRE tapi saldo GAK dikembalikan. Kan KOCAKK.. udh telpon juga ngga ada kepastian kapan akan masuknya. udah aplikasinya GA JELAS, karyawan nya juga sama-sama GA JELAS","terimakasih atas respon cs-nya yang tidak mengatasi masalah. sudah laporan lewat Gmail kalo saldo yang ditarik sudah BERHASIL di aplikasi namun ***BELUM MASUK*** di rekening. padahal udah 10 HARI loh ini responnya lama batt. Masa status penarikan dana tidak berhasil dikarenakan dana masih terdapat di SRE tapi saldo GAK dikembalikan. Kan KOCAKK.. udh telpon juga ngga ada kepastian kapan akan masuknya. udah aplikasinya GA JELAS, karyawan nya juga sama-sama GA JELAS",True,467,71,1.10.0,8,Tidak,,,Sampel ulasan publik Play Store
ac875290-960f-4736-89c7-95a1223bf2a6,2026-09-26 00:43:31,https://play.google.com/store/apps/details?id=id.trimegah.tplus.android,ID,id,5,1.0,100.0,Positive,Transaksi & Portofolio Saham,2025-12-19 11:56:26,2025,"membantu banget, gk perlu download aplikasi yang lain lagi, bisa beli saham, reksa dana, dan obligasi","membantu banget, gk perlu download aplikasi yang lain lagi, bisa beli saham, reksa dana, dan obligasi",True,101,16,1.11.0,1,Tidak,,,Sampel ulasan publik Play Store
dc25fe79-6ee3-45f2-84e3-b7c3a12171a5,2026-09-26 00:43:31,https://play.google.com/store/apps/details?id=id.trimegah.tplus.android,ID,id,5,1.0,100.0,Positive,UI/UX & Performa (Loading/Navigasi),2025-12-19 11:17:59,2025,"Tim Call Center nya benar-benar luar biasa! Aku sempat bingung soal fitur transaksi, tapi respon mereka super cepat, ramah, dan bantuin sampai tuntas","Tim Call Center nya benar-benar luar biasa! Aku sempat bingung soal fitur transaksi, tapi respon mereka super cepat, ramah, dan bantuin sampai tuntas",True,149,23,1.11.0,0,Tidak,,,Sampel ulasan publik Play Store
d46a7620-e50f-49b9-ba60-53f193e57c35,2026-09-26 00:43:31,https://play.google.com/store/apps/details?id=id.trimegah.tplus.android,ID,id,5,1.0,100.0,Positive,Login & Autentikasi,2025-12-19 10:41:28,2025,"Trima aplikasi investasi yang keren abis! Akses portofolio cepet, tim call center responsif, login simpel, dan fitur komplit","Trima aplikasi investasi yang keren abis! Akses portofolio cepet, tim call center responsif, login simpel, dan fitur komplit",True,124,18,1.11.0,0,Tidak,,,Sampel ulasan publik Play Store
568c7c69-7285-47f1-bba8-0d7bfa2b3dde,2026-09-26 00:43:31,https://play.google.com/store/apps/details?id=id.trimegah.tplus.android,ID,id,5,1.0,100.0,Positive,Login & Autentikasi,2025-12-19 10:33:48,2025,"Dalam satu halaman yang ringkas, kamu bisa memantau saham, reksa dana, hingga obligasi tanpa perlu berpindah menu👍","Dalam satu halaman yang ringkas, kamu bisa memantau saham, reksa dana, hingga obligasi tanpa perlu berpindah menu👍",True,114,17,1.11.0,0,Tidak,,,Sampel ulasan publik Play Store
11f6f803-9d0d-4009-9973-62997cad8903,2026-09-26 00:43:31,https://play.google.com/store/apps/details?id=id.trimegah.tplus.android,ID,id,5,1.0,100.0,Positive,UI/UX & Performa (Loading/Navigasi),2025-12-18 14:15:01,2025,mantap banget nieh....gak ribet dalm pendaftaran,mantap banget nieh....gak ribet dalm pendaftaran,True,48,6,1.10.0,0,Tidak,,,Sampel ulasan publik Play Store
252e4fea-8789-4043-b07c-a79552f5b6ef,2026-09-26 00:43:31,https://play.google.com/store/apps/details?id=id.trimegah.tplus.android,ID,id,1,0.0,0.0,Negative,Transaksi & Portofolio Saham,2025-12-18 09:51:35,2025,mohon maaf min saya kasih bintang 1 dulu.. karena terlalu banyak kendala dan proses yang begitu lambat dalam pencairan dana dari RDN ke rekening.. terus pengembalian refund juga lama banget di kembaliin nya.. untuk pelayanan ritel di aplikasi trimegah masih belum siap untuk menjadi sekuritas yang besar,mohon maaf min saya kasih bintang 1 dulu.. karena terlalu banyak kendala dan proses yang begitu lambat dalam pencairan dana dari RDN ke rekening.. terus pengembalian refund juga lama banget di kembaliin nya.. untuk pelayanan ritel di aplikasi trimegah masih belum siap untuk menjadi sekuritas yang besar,True,303,47,1.11.0,16,Tidak,,,Sampel ulasan publik Play Store
6018b807-fe58-4388-84f3-f7b64c57ba38,2026-09-26 00:43:31,https://play.google.com/store/apps/details?id=id.trimegah.tplus.android,ID,id,1,0.0,0.0,Negative,Keluhan Umum Aplikasi,2025-12-18 09:39:15,2025,sekuritas sampah,sekuritas sampah,True,16,2,1.11.0,1,Tidak,,,Sampel ulasan publik Play Store
7319bfea-38a0-48db-ba53-f339502d6ea0,2026-09-26 00:43:31,https://play.google.com/store/apps/details?id=id.trimegah.tplus.android,ID,id,1,0.0,0.0,Negative,Login & Autentikasi,2025-12-17 21:44:24,2025,"Tarik dana 500rb dari RDN ke rekening BCA udah 3 hari kerja ga masuk juga, gimana ini?? Mohon kejelasannya!! Mau hubungi CS pun ga ada tanggapan. AWAS HATI-HATI YANG MAU PAKAI SEKURITAS INI!! SEKURITAS SCAM!!","Tarik dana 500rb dari RDN ke rekening BCA udah 3 hari kerja ga masuk juga, gimana ini?? Mohon kejelasannya!! Mau hubungi CS pun ga ada tanggapan. AWAS HATI-HATI YANG MAU PAKAI SEKURITAS INI!! SEKURITAS SCAM!!",True,208,35,1.10.0,2,Tidak,,,Sampel ulasan publik Play Store
88f9be72-f952-4ace-bbf1-4013a2f5bd87,2026-09-26 00:43:31,https://play.google.com/store/apps/details?id=id.trimegah.tplus.android,ID,id,5,1.0,100.0,Positive,Transaksi & Portofolio Saham,2025-12-17 19:56:42,2025,sebagai trader reksadana saya memilih trima+ karna memiliki banyak fitur unggulan yang tidak ada diaplikasi lain. juga costumer service sangat Gercep bila terjadi kendala.,sebagai trader reksadana saya memilih trima+ karna memiliki banyak fitur unggulan yang tidak ada diaplikasi lain. juga costumer service sangat Gercep bila terjadi kendala.,True,171,24,Tidak Tercatat,0,Tidak,,,Sampel ulasan publik Play Store
1d2987c4-8132-4f02-973c-289b4a58618b,2026-09-26 00:43:31,https://play.google.com/store/apps/details?id=id.trimegah.tplus.android,ID,id,5,1.0,100.0,Positive,Apresiasi Umum & Kepuasan,2025-12-17 19:51:08,2025,sejak saya investasi saya bisa mendapatkan keuntungan yang lebih besar terima kasih Trima+,sejak saya investasi saya bisa mendapatkan keuntungan yang lebih besar terima kasih Trima+,True,90,13,1.11.0,0,Tidak,,,Sampel ulasan publik Play Store
723d4410-cc35-4c52-8fa9-76f29369611e,2026-09-26 00:43:31,https://play.google.com/store/apps/details?id=id.trimegah.tplus.android,ID,id,5,1.0,100.0,Positive,Fitur Analisis & Data Pasar,2025-12-17 19:39:05,2025,"Trima+ adalah aplikasi keuangan yang sangat lengkap dan,mudah digunakan Dengan fitur-fitur yang komplit nyaman lagi makai nya","Trima+ adalah aplikasi keuangan yang sangat lengkap dan,mudah digunakan Dengan fitur-fitur yang komplit nyaman lagi makai nya",True,125,17,Tidak Tercatat,0,Tidak,,,Sampel ulasan publik Play Store
6ff0972a-8442-428d-935e-0cbe16807486,2026-09-26 00:43:31,https://play.google.com/store/apps/details?id=id.trimegah.tplus.android,ID,id,5,1.0,100.0,Positive,Transaksi & Portofolio Saham,2025-12-17 19:35:24,2025,"apk trima+ sangat bagus,mudah dimengerti,fitur""nya juga bagus,mudah dipahami,apk Reksadana sudah terdaftar di ojk,jadi sangat aman","apk trima+ sangat bagus,mudah dimengerti,fitur""nya juga bagus,mudah dipahami,apk Reksadana sudah terdaftar di ojk,jadi sangat aman",True,130,15,1.11.0,0,Tidak,,,Sampel ulasan publik Play Store
0a2d82a3-fd6e-4ccf-be01-a675b1ac7444,2026-09-26 00:43:31,https://play.google.com/store/apps/details?id=id.trimegah.tplus.android,ID,id,5,1.0,100.0,Positive,Transaksi & Portofolio Saham,2025-12-17 11:55:01,2025,"proses cepat untuk jual beli saham,Reksadana,obligasi dalam 1 aplikasi dengan menentukan harga,lot,atau nilai rupiah serta bisa mengubah, menambah,atau membatalkan orderan","proses cepat untuk jual beli saham,Reksadana,obligasi dalam 1 aplikasi dengan menentukan harga,lot,atau nilai rupiah serta bisa mengubah, menambah,atau membatalkan orderan",True,171,20,1.10.0,0,Tidak,,,Sampel ulasan publik Play Store
05121046-912a-4b4e-8500-3a75939ff3a7,2026-09-26 00:43:31,https://play.google.com/store/apps/details?id=id.trimegah.tplus.android,ID,id,5,1.0,100.0,Positive,Apresiasi Umum & Kepuasan,2025-12-16 19:06:30,2025,aplikasi yang mudah di gunakan,aplikasi yang mudah di gunakan,True,30,5,1.10.0,0,Tidak,,,Sampel ulasan publik Play Store
3989f65d-6287-400a-9507-2891aee2e32d,2026-09-26 00:43:31,https://play.google.com/store/apps/details?id=id.trimegah.tplus.android,ID,id,5,1.0,100.0,Positive,Fitur Analisis & Data Pasar,2025-12-16 18:10:37,2025,"Pertama kali buka kaget sama aplikasinya,lengkap banget banyak fitur juga,over all puas sama aplikasi satu ini,the best pokoknya buat aplikasi ini🤩","Pertama kali buka kaget sama aplikasinya,lengkap banget banyak fitur juga,over all puas sama aplikasi satu ini,the best pokoknya buat aplikasi ini🤩",True,147,21,1.10.0,0,Tidak,,,Sampel ulasan publik Play Store
a8382a6c-7786-4dea-90ac-4e2d39fa98bf,2026-09-26 00:43:31,https://play.google.com/store/apps/details?id=id.trimegah.tplus.android,ID,id,5,1.0,100.0,Positive,UI/UX & Performa (Loading/Navigasi),2025-12-16 17:18:37,2025,"menurut saya fitur yang ada di aplikasi Trima+ ini sangat berguna dan menarik,lebih berguna dan bermanfaat sekali","menurut saya fitur yang ada di aplikasi Trima+ ini sangat berguna dan menarik,lebih berguna dan bermanfaat sekali",True,113,17,1.10.0,0,Tidak,,,Sampel ulasan publik Play Store
b3d7b3d8-0e23-4d15-a4eb-6ba0f52c2c8f,2026-09-26 00:43:31,https://play.google.com/store/apps/details?id=id.trimegah.tplus.android,ID,id,5,1.0,100.0,Positive,Fitur Analisis & Data Pasar,2025-12-16 12:17:42,2025,"mantap,film nya bagus-bagus dan menarik. ini akan menjadi aplikasi untuk menonton film terbaik rekomendasi saya sih sepertinya","mantap,film nya bagus-bagus dan menarik. ini akan menjadi aplikasi untuk menonton film terbaik rekomendasi saya sih sepertinya",True,126,17,1.10.0,0,Tidak,,,Sampel ulasan publik Play Store
34e60dfb-a698-43a4-8669-0ab0f1dc9d1e,2026-09-26 00:43:31,https://play.google.com/store/apps/details?id=id.trimegah.tplus.android,ID,id,5,1.0,100.0,Positive,Login & Autentikasi,2025-12-16 11:56:25,2025,"bagus nih apk gua udah lama banget make nih trima+ ga pernah mengecewakan dari segi tampilan maupun trading buat buy saham, reksa dana dll cara daftar dan login nya juga mudah ga ribet top dah nih aplikasi keren","bagus nih apk gua udah lama banget make nih trima+ ga pernah mengecewakan dari segi tampilan maupun trading buat buy saham, reksa dana dll cara daftar dan login nya juga mudah ga ribet top dah nih aplikasi keren",True,211,38,1.10.0,0,Tidak,,,Sampel ulasan publik Play Store
4fc261ce-82d4-4746-83fd-df852ce9494e,2026-09-26 00:43:31,https://play.google.com/store/apps/details?id=id.trimegah.tplus.android,ID,id,5,1.0,100.0,Positive,Apresiasi Umum & Kepuasan,2025-12-16 11:50:59,2025,apk yang sangt baik dan memuaskan di jamin aman dan nyaman🤩🤩,apk yang sangt baik dan memuaskan di jamin aman dan nyaman🤩🤩,True,60,11,1.10.0,0,Tidak,,,Sampel ulasan publik Play Store
17575239-a343-4491-a228-a29c060c16bc,2026-09-26 00:43:31,https://play.google.com/store/apps/details?id=id.trimegah.tplus.android,ID,id,5,1.0,100.0,Positive,Apresiasi Umum & Kepuasan,2025-12-16 11:50:30,2025,saya baru terjun di dunia trading memakai aplikasi ini sangat rekomen langsung profit alhamdullilah,saya baru terjun di dunia trading memakai aplikasi ini sangat rekomen langsung profit alhamdullilah,True,99,14,1.10.0,0,Tidak,,,Sampel ulasan publik Play Store
d0a2c4f7-a6ff-4238-9cc5-76aef0eb3165,2026-09-26 00:43:31,https://play.google.com/store/apps/details?id=id.trimegah.tplus.android,ID,id,5,1.0,100.0,Positive,Fitur Analisis & Data Pasar,2025-12-16 11:08:31,2025,"apk nya sangat bagus,fitur nya juga banyak banget jadi buat pemula juga gampang di pahami nya","apk nya sangat bagus,fitur nya juga banyak banget jadi buat pemula juga gampang di pahami nya",True,93,16,1.10.0,0,Tidak,,,Sampel ulasan publik Play Store
fc32eabd-557f-40c1-81c2-4c907c045d3f,2026-09-26 00:43:31,https://play.google.com/store/apps/details?id=id.trimegah.tplus.android,ID,id,5,1.0,100.0,Positive,Apresiasi Umum & Kepuasan,2025-12-16 10:29:41,2025,aplikasi ini sangat membantu saya untuk trading terimakasih Trim+,aplikasi ini sangat membantu saya untuk trading terimakasih Trim+,True,65,9,1.10.0,0,Tidak,,,Sampel ulasan publik Play Store
30a6c49d-b9eb-43bb-8a5f-880fd69b0cfc,2026-09-26 00:43:31,https://play.google.com/store/apps/details?id=id.trimegah.tplus.android,ID,id,4,0.75,75.0,Positive,Login & Autentikasi,2025-12-16 09:46:38,2025,Login sekarang bisa cuman pakai hp,Login sekarang bisa cuman pakai hp,True,34,6,Tidak Tercatat,0,Tidak,,,Sampel ulasan publik Play Store
a9e446d2-ef06-45c4-9a8a-a7ba8f10b0bf,2026-09-26 00:43:31,https://play.google.com/store/apps/details?id=id.trimegah.tplus.android,ID,id,5,1.0,100.0,Positive,Transaksi & Portofolio Saham,2025-12-15 23:11:13,2025,"Gak salah lagi, aplikasi Trima+ beneran ngebantu aku cari ide beli saham! Fitur Trima+ Picks kasih aku rekomendasi saham yang lagi hype dan potensial, sedangkan Trima+ Ideas kasih aku insight dan analisis yang detail buat aku pertimbangin.","Gak salah lagi, aplikasi Trima+ beneran ngebantu aku cari ide beli saham! Fitur Trima+ Picks kasih aku rekomendasi saham yang lagi hype dan potensial, sedangkan Trima+ Ideas kasih aku insight dan analisis yang detail buat aku pertimbangin.",True,239,37,1.10.0,0,Tidak,,,Sampel ulasan publik Play Store
9c2b90c5-4e9e-44ad-b15b-48c6165d66a0,2026-09-26 00:43:31,https://play.google.com/store/apps/details?id=id.trimegah.tplus.android,ID,id,1,0.0,0.0,Negative,Transaksi & Portofolio Saham,2025-12-15 19:08:05,2025,aplikasi penipuan deposit lancar giliran melakukan penarikan di tahan sudah 4 hari gak landing udah lapor cs kata suruh nunggu gak jelas wajib di laporin OJK apk kayak gini,aplikasi penipuan deposit lancar giliran melakukan penarikan di tahan sudah 4 hari gak landing udah lapor cs kata suruh nunggu gak jelas wajib di laporin OJK apk kayak gini,True,172,29,1.10.0,3,Tidak,,,Sampel ulasan publik Play Store
32c53bc2-a572-45f1-a121-0dfda8f48af3,2026-09-26 00:43:31,https://play.google.com/store/apps/details?id=id.trimegah.tplus.android,ID,id,5,1.0,100.0,Positive,Transaksi & Portofolio Saham,2025-12-15 10:51:00,2025,"bisa beli saham, reksa dana, dan obligasi di dalam 1 aplikasi.","bisa beli saham, reksa dana, dan obligasi di dalam 1 aplikasi.",True,62,11,1.10.0,0,Tidak,,,Sampel ulasan publik Play Store
693eae1d-fd22-49ce-9078-e815c097ce3d,2026-09-26 00:43:31,https://play.google.com/store/apps/details?id=id.trimegah.tplus.android,ID,id,5,1.0,100.0,Positive,Transaksi & Portofolio Saham,2025-12-15 10:33:05,2025,fitur trima+ ngebantu cari ide beli saham,fitur trima+ ngebantu cari ide beli saham,True,41,7,1.10.0,0,Tidak,,,Sampel ulasan publik Play Store
beddfce4-181c-412a-93e9-5c1d56ea6c32,2026-09-26 00:43:31,https://play.google.com/store/apps/details?id=id.trimegah.tplus.android,ID,id,5,1.0,100.0,Positive,Transaksi & Portofolio Saham,2025-12-15 04:44:24,2025,"bisa beli dana,saham,obligasi di dalam satu aplikasi ini pelayanan cs nya yang ramah dan cepat recommended banget pokoknya","bisa beli dana,saham,obligasi di dalam satu aplikasi ini pelayanan cs nya yang ramah dan cepat recommended banget pokoknya",True,122,18,1.10.0,0,Tidak,,,Sampel ulasan publik Play Store
59f2bf98-a784-4963-bef4-8ad8c3d93614,2026-09-26 00:43:31,https://play.google.com/store/apps/details?id=id.trimegah.tplus.android,ID,id,5,1.0,100.0,Positive,Transaksi & Portofolio Saham,2025-12-14 14:26:12,2025,"Waktu aku bingung soal fitur order, mereka langsung bantu step by step lewat chat sampai beres.","Waktu aku bingung soal fitur order, mereka langsung bantu step by step lewat chat sampai beres.",True,95,16,1.10.0,0,Tidak,,,Sampel ulasan publik Play Store
eb5fb6ad-d6d4-4b07-8ef1-c4ea22d160d1,2026-09-26 00:43:31,https://play.google.com/store/apps/details?id=id.trimegah.tplus.android,ID,id,5,1.0,100.0,Positive,Apresiasi Umum & Kepuasan,2025-12-14 14:13:56,2025,"jujur, salah satu alasan saya betah pakai aplikasi ini adalah tim Call Center Trimegah yang super gercep","jujur, salah satu alasan saya betah pakai aplikasi ini adalah tim Call Center Trimegah yang super gercep",True,104,17,1.10.0,0,Tidak,,,Sampel ulasan publik Play Store
a66f4e40-6f1c-415f-99f0-e84806998cd6,2026-09-26 00:43:31,https://play.google.com/store/apps/details?id=id.trimegah.tplus.android,ID,id,5,1.0,100.0,Positive,Transaksi & Portofolio Saham,2025-12-14 14:04:12,2025,"aplikasi nya bagus fitur lengkap dan simpel gampang buat cek portofolio kita, team CS yang responsif dan ramah","aplikasi nya bagus fitur lengkap dan simpel gampang buat cek portofolio kita, team CS yang responsif dan ramah",True,110,18,1.10.0,0,Tidak,,,Sampel ulasan publik Play Store
03fa2088-2737-4ba0-8f68-51c896911cc4,2026-09-26 00:43:31,https://play.google.com/store/apps/details?id=id.trimegah.tplus.android,ID,id,5,1.0,100.0,Positive,Transaksi & Portofolio Saham,2025-12-14 14:02:23,2025,"akses portofolio cepet dan ringkas (bisa lihat saham, reksa dana, dan obligasi di 1 halaman).","akses portofolio cepet dan ringkas (bisa lihat saham, reksa dana, dan obligasi di 1 halaman).",True,93,15,1.10.0,0,Tidak,,,Sampel ulasan publik Play Store
b880828e-49df-4fff-9a16-951de41e4c95,2026-09-26 00:43:31,https://play.google.com/store/apps/details?id=id.trimegah.tplus.android,ID,id,5,1.0,100.0,Positive,Login & Autentikasi,2025-12-14 13:30:30,2025,"Aku termasuk orang yang suka aplikasi investasi yang simpel tapi fungsinya lengkap, dan Trima+ masuk ke kriteria itu. Dari awal daftar sampai transaksi rasanya cukup smooth. Yang paling kepakai buatku adalah watchlist dan Trima+ Ideas karena ngebantu nyaring saham yang lagi menarik. Kalau ada kendala, admin dan call center-nya sigap bantu jelasin dengan bahasa yang gampang dimengerti. Satu aplikasi bisa buat beli saham, reksa dana, dan obligasi, jadi semua portofolio bisa ke-manage disatu tempat","Aku termasuk orang yang suka aplikasi investasi yang simpel tapi fungsinya lengkap, dan Trima+ masuk ke kriteria itu. Dari awal daftar sampai transaksi rasanya cukup smooth. Yang paling kepakai buatku adalah watchlist dan Trima+ Ideas karena ngebantu nyaring saham yang lagi menarik. Kalau ada kendala, admin dan call center-nya sigap bantu jelasin dengan bahasa yang gampang dimengerti. Satu aplikasi bisa buat beli saham, reksa dana, dan obligasi, jadi semua portofolio bisa ke-manage disatu tempat",True,500,74,1.10.0,0,Tidak,,,Sampel ulasan publik Play Store
eb3bf7ea-dab5-4570-8235-4caa7ba91dbd,2026-09-26 00:43:31,https://play.google.com/store/apps/details?id=id.trimegah.tplus.android,ID,id,5,1.0,100.0,Positive,Transaksi & Portofolio Saham,2025-12-13 19:26:55,2025,setelah coba aplikasi trima+ ternyata sangat memudahkan sekali dalam memantau portofolio jadi g ribet' lagi mantep pokoknya apk ini,setelah coba aplikasi trima+ ternyata sangat memudahkan sekali dalam memantau portofolio jadi g ribet' lagi mantep pokoknya apk ini,True,131,19,1.10.0,0,Tidak,,,Sampel ulasan publik Play Store
2a3238ba-9833-42bc-8cdc-0613f496e4cb,2026-09-26 00:43:31,https://play.google.com/store/apps/details?id=id.trimegah.tplus.android,ID,id,5,1.0,100.0,Positive,UI/UX & Performa (Loading/Navigasi),2025-12-13 19:01:31,2025,"Menurut gue pribadi fitur di aplikasi trima ini sangat nyaman dan menarik, tim call center Trimegah nya juga gercep dan sat set lah pokoknya","Menurut gue pribadi fitur di aplikasi trima ini sangat nyaman dan menarik, tim call center Trimegah nya juga gercep dan sat set lah pokoknya",True,140,24,1.10.0,0,Tidak,,,Sampel ulasan publik Play Store
04fec64d-2368-4576-ab91-2c08ca5c2495,2026-09-26 00:43:31,https://play.google.com/store/apps/details?id=id.trimegah.tplus.android,ID,id,5,1.0,100.0,Positive,Fitur Analisis & Data Pasar,2025-12-13 19:00:22,2025,Sejauh ini pakai Trima+ cukup memuaskan. Navigasi aplikasinya gampang dipahami dan fiturnya membantu kebutuhan sehari-hari. Praktis dan tidak menyulitkan pengguna,Sejauh ini pakai Trima+ cukup memuaskan. Navigasi aplikasinya gampang dipahami dan fiturnya membantu kebutuhan sehari-hari. Praktis dan tidak menyulitkan pengguna,True,162,20,1.10.0,0,Tidak,,,Sampel ulasan publik Play Store
7c575284-8e19-4f91-998a-c85c77f0b39f,2026-09-26 00:43:31,https://play.google.com/store/apps/details?id=id.trimegah.tplus.android,ID,id,5,1.0,100.0,Positive,Login & Autentikasi,2025-12-13 10:08:09,2025,"Login mudah banget,Trima+ emang pas buat ara trader saham,karna fitur bener2 pas dan bagus","Login mudah banget,Trima+ emang pas buat ara trader saham,karna fitur bener2 pas dan bagus",True,90,14,1.10.0,0,Tidak,,,Sampel ulasan publik Play Store
8a8a8eeb-e6d0-4820-ad9f-ecaa1cf4f87c,2026-09-26 00:43:31,https://play.google.com/store/apps/details?id=id.trimegah.tplus.android,ID,id,5,1.0,100.0,Positive,Transaksi & Portofolio Saham,2025-12-13 10:08:07,2025,"Mudah buat saya pakai,form order lengkap banget memudahkan saya buat beli saham lewat Trima+ ini👌👌","Mudah buat saya pakai,form order lengkap banget memudahkan saya buat beli saham lewat Trima+ ini👌👌",True,98,15,Tidak Tercatat,0,Tidak,,,Sampel ulasan publik Play Store
25b946e6-b143-40cc-b8f9-e50d64b5b6c4,2026-09-26 00:43:31,https://play.google.com/store/apps/details?id=id.trimegah.tplus.android,ID,id,5,1.0,100.0,Positive,Fitur Analisis & Data Pasar,2025-12-13 10:07:48,2025,"Fitur Trima+ Ideas dan fitur Trima+ Picks nya bener2 ngebantu buat saya cari ide,layanan ny bgus","Fitur Trima+ Ideas dan fitur Trima+ Picks nya bener2 ngebantu buat saya cari ide,layanan ny bgus",True,96,16,1.10.0,0,Tidak,,,Sampel ulasan publik Play Store
2f83b8d2-c27c-436a-88ed-616dc5aff040,2026-09-26 00:43:31,https://play.google.com/store/apps/details?id=id.trimegah.tplus.android,ID,id,5,1.0,100.0,Positive,Transaksi & Portofolio Saham,2025-12-13 10:02:36,2025,"simple buat aku beli saham lewat Trima+ ,proses satset dan anti ribet pasti nya yahh","simple buat aku beli saham lewat Trima+ ,proses satset dan anti ribet pasti nya yahh",True,84,15,1.10.0,0,Tidak,,,Sampel ulasan publik Play Store
4c7fc843-bb94-4c9e-a078-225a087d483f,2026-09-26 00:43:31,https://play.google.com/store/apps/details?id=id.trimegah.tplus.android,ID,id,5,1.0,100.0,Positive,Customer Service & Layanan,2025-12-13 09:52:00,2025,"tim call center sangat mmbntu saya,untuk ke responsif an ny emng di acungi jempol,FAST res banget","tim call center sangat mmbntu saya,untuk ke responsif an ny emng di acungi jempol,FAST res banget",True,97,16,1.10.0,0,Tidak,,,Sampel ulasan publik Play Store
cffbb208-0831-4137-a8d0-68f34e1769dc,2026-09-26 00:43:31,https://play.google.com/store/apps/details?id=id.trimegah.tplus.android,ID,id,5,1.0,100.0,Positive,Apresiasi Umum & Kepuasan,2025-12-13 09:47:19,2025,Aplikasi bagus membantu syaa buat trader saham dengan nyaman dan aman,Aplikasi bagus membantu syaa buat trader saham dengan nyaman dan aman,True,69,11,1.10.0,0,Tidak,,,Sampel ulasan publik Play Store
23724c9b-90e4-4fb7-9e82-89faf890b433,2026-09-26 00:43:31,https://play.google.com/store/apps/details?id=id.trimegah.tplus.android,ID,id,5,1.0,100.0,Positive,Fitur Analisis & Data Pasar,2025-12-12 22:14:00,2025,bagus suka dengan fitur nya,bagus suka dengan fitur nya,True,27,5,1.10.0,0,Tidak,,,Sampel ulasan publik Play Store
01a30076-0e05-4cc1-8ab6-2057acb93f05,2026-09-26 00:43:31,https://play.google.com/store/apps/details?id=id.trimegah.tplus.android,ID,id,5,1.0,100.0,Positive,Apresiasi Umum & Kepuasan,2025-12-12 15:59:13,2025,"sangat bagus, memudahkan dalam berinvestasi saham dll. sangat memuaskan pokoknya sangat bagus👍🏻","sangat bagus, memudahkan dalam berinvestasi saham dll. sangat memuaskan pokoknya sangat bagus👍🏻",True,95,12,1.10.0,0,Tidak,,,Sampel ulasan publik Play Store
389a6259-4494-4f84-93bd-c41315b11000,2026-09-26 00:43:31,https://play.google.com/store/apps/details?id=id.trimegah.tplus.android,ID,id,1,0.0,0.0,Negative,Transaksi & Portofolio Saham,2025-12-12 10:51:41,2025,mau tarik dana ga bisa tolong!!!,mau tarik dana ga bisa tolong!!!,True,32,6,1.10.0,2,Tidak,,,Sampel ulasan publik Play Store
dce92c31-0bea-4780-b205-f65477f2f455,2026-09-26 00:43:31,https://play.google.com/store/apps/details?id=id.trimegah.tplus.android,ID,id,5,1.0,100.0,Positive,Customer Service & Layanan,2025-12-11 20:00:36,2025,"sejauh ini aku pake Trima+ yang paling kerasa banget itu pelayanan tim call centernya, sangat amat totalitas plisss, cepet, jelas, dan bener-bener ngebantu sampe masalah kelar, jadi kalo ada yang bikin bingung soal fitur atau transaksi, mereka selalu sigap jawab, pengalaman pake aplikasinya jadi jauh lebih nyaman, love bgttt dahhh","sejauh ini aku pake Trima+ yang paling kerasa banget itu pelayanan tim call centernya, sangat amat totalitas plisss, cepet, jelas, dan bener-bener ngebantu sampe masalah kelar, jadi kalo ada yang bikin bingung soal fitur atau transaksi, mereka selalu sigap jawab, pengalaman pake aplikasinya jadi jauh lebih nyaman, love bgttt dahhh",True,332,50,1.10.0,2,Tidak,,,Sampel ulasan publik Play Store
f4218296-631a-412d-97cc-c8db67a373e4,2026-09-26 00:43:31,https://play.google.com/store/apps/details?id=id.trimegah.tplus.android,ID,id,5,1.0,100.0,Positive,Transaksi & Portofolio Saham,2025-12-11 19:26:24,2025,"Fitur yang disediakan cukup lengkap, mulai dari pembayaran, pembelian produk digital, hingga layanan lainnya. Harga produknya juga terjangkau sehingga cocok dipakai untuk kebutuhan pribadi maupun untuk berjualan. Notifikasi transaksinya jelas dan customer service responsif ketika dibutuhkan.","Fitur yang disediakan cukup lengkap, mulai dari pembayaran, pembelian produk digital, hingga layanan lainnya. Harga produknya juga terjangkau sehingga cocok dipakai untuk kebutuhan pribadi maupun untuk berjualan. Notifikasi transaksinya jelas dan customer service responsif ketika dibutuhkan.",True,292,36,Tidak Tercatat,0,Tidak,,,Sampel ulasan publik Play Store
c1659ba6-5a85-467c-8530-a703dbec1bc7,2026-09-26 00:43:31,https://play.google.com/store/apps/details?id=id.trimegah.tplus.android,ID,id,5,1.0,100.0,Positive,Login & Autentikasi,2025-12-11 15:14:30,2025,"Trima+ emang aplikasi investasi yang keren abis! Gak cuma itu, fitur-fiturnya juga lengkap dan gampang dipake, jadi aku bisa fokus ke investasiku. Loginnya simpel, cuma pakai nomor HP, dan CS-nya juga super responsif.","Trima+ emang aplikasi investasi yang keren abis! Gak cuma itu, fitur-fiturnya juga lengkap dan gampang dipake, jadi aku bisa fokus ke investasiku. Loginnya simpel, cuma pakai nomor HP, dan CS-nya juga super responsif.",True,217,33,Tidak Tercatat,0,Tidak,,,Sampel ulasan publik Play Store
3fecbff4-d51c-4396-952a-3715ae7207e5,2026-09-26 00:43:31,https://play.google.com/store/apps/details?id=id.trimegah.tplus.android,ID,id,5,1.0,100.0,Positive,Transaksi & Portofolio Saham,2025-12-11 09:56:45,2025,"Aplikasi trima+ fiturnya komplit, UI/UX intuitive. Bisa beli saham, reksa dana, dan obligasi dalam 1 aplikasi. Akses portofolio ceper dan ringkas.","Aplikasi trima+ fiturnya komplit, UI/UX intuitive. Bisa beli saham, reksa dana, dan obligasi dalam 1 aplikasi. Akses portofolio ceper dan ringkas.",True,146,21,Tidak Tercatat,0,Tidak,,,Sampel ulasan publik Play Store
3b0bf282-c375-4ec2-b2f4-c003ff733205,2026-09-26 00:43:31,https://play.google.com/store/apps/details?id=id.trimegah.tplus.android,ID,id,5,1.0,100.0,Positive,Login & Autentikasi,2025-12-11 00:57:01,2025,Ga perlu khawatir jika ada kendala karna tim call center dan admin sangat responsif dan membantu banget ...login jadi lebih satset...,Ga perlu khawatir jika ada kendala karna tim call center dan admin sangat responsif dan membantu banget ...login jadi lebih satset...,True,133,21,1.10.0,0,Tidak,,,Sampel ulasan publik Play Store
4e7bfc64-4b0c-4125-ba44-c2035e58ee4e,2026-09-26 00:43:31,https://play.google.com/store/apps/details?id=id.trimegah.tplus.android,ID,id,5,1.0,100.0,Positive,Transaksi & Portofolio Saham,2025-12-10 21:09:02,2025,"Aplikasi yang sangat mudah di gunakan untuk investasi online dari Trimegah Sekuritas, yang memungkinkan pengguna untuk bertransaksi saham, reksa dana, dan obligasi melalui satu akun. Aplikasi ini menawarkan fitur seperti fast order untuk jual beli saham yang mudah, analisis grafik, rekomendasi saham dari ahli nya.","Aplikasi yang sangat mudah di gunakan untuk investasi online dari Trimegah Sekuritas, yang memungkinkan pengguna untuk bertransaksi saham, reksa dana, dan obligasi melalui satu akun. Aplikasi ini menawarkan fitur seperti fast order untuk jual beli saham yang mudah, analisis grafik, rekomendasi saham dari ahli nya.",True,315,45,Tidak Tercatat,0,Tidak,,,Sampel ulasan publik Play Store
b77ab4b1-c784-47b0-9fc1-755b6dc4df74,2026-09-26 00:43:31,https://play.google.com/store/apps/details?id=id.trimegah.tplus.android,ID,id,5,1.0,100.0,Positive,Transaksi & Portofolio Saham,2025-12-10 21:00:56,2025,"bagi kalian yang berkecimpung di dunia reksadana, obligasi maupun saham, wajib banget download apk ini, karena dengan 1 apk ini udah bisa ngejalanin ketiganya","bagi kalian yang berkecimpung di dunia reksadana, obligasi maupun saham, wajib banget download apk ini, karena dengan 1 apk ini udah bisa ngejalanin ketiganya",True,158,24,1.10.0,0,Tidak,,,Sampel ulasan publik Play Store
b10e4c98-2520-4cdb-886d-df1d95524955,2026-09-26 00:43:31,https://play.google.com/store/apps/details?id=id.trimegah.tplus.android,ID,id,5,1.0,100.0,Positive,Reksa Dana & SBN,2025-12-10 12:12:00,2025,Aku pake TRIMA+ dan ternyata mantep banget sekarang semua aset kaya saham obligasi bisa langsung kelihatan jadi ga ribet ribet buka menu dan tim call center TRIMA ny sangat gercep,Aku pake TRIMA+ dan ternyata mantep banget sekarang semua aset kaya saham obligasi bisa langsung kelihatan jadi ga ribet ribet buka menu dan tim call center TRIMA ny sangat gercep,True,179,30,1.10.0,0,Tidak,,,Sampel ulasan publik Play Store
99a2ffe1-54c8-4511-b77c-acb1621a9367,2026-09-26 00:43:31,https://play.google.com/store/apps/details?id=id.trimegah.tplus.android,ID,id,1,0.0,0.0,Negative,Transaksi & Portofolio Saham,2025-12-10 08:38:58,2025,JANGAN DOWNLOAD. Hal mendasar tarik dana tidak bisa langsung dan tuntas. muncul kalimat dana tidak cukup padahal saya ingin mengosongkan cash saya. ternyata ada kewajiban cash tertinggal yaitu 100.000. Lalu jika uang mengendap bisa dikatakan deposito seharusnya ada bunga yg diberikan karena seseorang sudah menyimpan uang pada rekenin trimegah. Awas scam terselubung.apakah OJK sudah tau?,JANGAN DOWNLOAD. Hal mendasar tarik dana tidak bisa langsung dan tuntas. muncul kalimat dana tidak cukup padahal saya ingin mengosongkan cash saya. ternyata ada kewajiban cash tertinggal yaitu 100.000. Lalu jika uang mengendap bisa dikatakan deposito seharusnya ada bunga yg diberikan karena seseorang sudah menyimpan uang pada rekenin trimegah. Awas scam terselubung.apakah OJK sudah tau?,True,389,55,1.10.0,12,Tidak,,,Sampel ulasan publik Play Store
b9748bb1-ff38-4083-a5be-50d5079b9700,2026-09-26 00:43:31,https://play.google.com/store/apps/details?id=id.trimegah.tplus.android,ID,id,2,0.25,25.0,Negative,Fitur Analisis & Data Pasar,2025-12-10 07:16:48,2025,"chart nya mohon diperbaiki,,,kami jadi bingung baca teknikal saham...","chart nya mohon diperbaiki,,,kami jadi bingung baca teknikal saham...",True,69,9,1.10.0,0,Tidak,,,Sampel ulasan publik Play Store
82c385b1-c96d-4bec-b49e-449350e2936f,2026-09-26 00:43:31,https://play.google.com/store/apps/details?id=id.trimegah.tplus.android,ID,id,5,1.0,100.0,Positive,Apresiasi Umum & Kepuasan,2025-12-10 00:39:49,2025,Menarik,Menarik,True,7,1,Tidak Tercatat,0,Tidak,,,Sampel ulasan publik Play Store
67eb5f93-31cf-4dc3-8f4e-987eb9c0a3f6,2026-09-26 00:43:31,https://play.google.com/store/apps/details?id=id.trimegah.tplus.android,ID,id,5,1.0,100.0,Positive,Apresiasi Umum & Kepuasan,2025-12-09 18:27:07,2025,"aplikasi yang sangat mudah dan simpel, pokoknya mantapsss","aplikasi yang sangat mudah dan simpel, pokoknya mantapsss",True,57,8,1.10.0,0,Tidak,,,Sampel ulasan publik Play Store
fb09a7d7-ab4a-429b-8595-d8214fd75255,2026-09-26 00:43:31,https://play.google.com/store/apps/details?id=id.trimegah.tplus.android,ID,id,5,1.0,100.0,Positive,Login & Autentikasi,2025-12-09 17:54:54,2025,login sekarang bisa cuman pakai no hp aja fiturnya pun skrng udh lengkap dan yang pasti nya Tim call center dan adminnya sangat responsif dan sangat membantu sekali,login sekarang bisa cuman pakai no hp aja fiturnya pun skrng udh lengkap dan yang pasti nya Tim call center dan adminnya sangat responsif dan sangat membantu sekali,True,164,28,1.10.0,0,Tidak,,,Sampel ulasan publik Play Store
af015640-d7bf-476e-884d-468fbee9c915,2026-09-26 00:43:31,https://play.google.com/store/apps/details?id=id.trimegah.tplus.android,ID,id,5,1.0,100.0,Positive,Transaksi & Portofolio Saham,2025-12-09 10:29:49,2025,"keren ini bisa beli saham, reksa dana terus obligasi cuma dalam 1 apk aja lho, mantap pokoknya🥰","keren ini bisa beli saham, reksa dana terus obligasi cuma dalam 1 apk aja lho, mantap pokoknya🥰",True,95,17,1.10.0,0,Tidak,,,Sampel ulasan publik Play Store
58a9ef29-4bd9-44e5-b6fa-13674a8efb65,2026-09-26 00:43:31,https://play.google.com/store/apps/details?id=id.trimegah.tplus.android,ID,id,5,1.0,100.0,Positive,Apresiasi Umum & Kepuasan,2025-12-08 18:33:40,2025,mantap,mantap,True,6,1,1.10.0,0,Tidak,,,Sampel ulasan publik Play Store
075cd14b-5f5d-4d29-8122-14d3b8550c1e,2026-09-26 00:43:31,https://play.google.com/store/apps/details?id=id.trimegah.tplus.android,ID,id,5,1.0,100.0,Positive,Login & Autentikasi,2025-12-08 15:33:55,2025,"team call centernya gercep bgt y best respin keluh kesah kita loginny juga sekarang ud bisa pake no hp,fitur2ny juga komplit best pokoknya","team call centernya gercep bgt y best respin keluh kesah kita loginny juga sekarang ud bisa pake no hp,fitur2ny juga komplit best pokoknya",True,138,23,Tidak Tercatat,0,Tidak,,,Sampel ulasan publik Play Store
8ee1d120-f2e6-4433-a859-98a807a7e559,2026-09-26 00:43:31,https://play.google.com/store/apps/details?id=id.trimegah.tplus.android,ID,id,5,1.0,100.0,Positive,Login & Autentikasi,2025-12-08 15:07:00,2025,"apk nya ringan, cepat dibuka, dan ringkas bisa akses saham,reksadana dan obligasi dlm 1 halaman, juga bisa membelinya hanya dlm 1 apk. apk sangat aman krna sudah trdaftar, memiliki izin usaha, dan diawasi OJK. tim call center+admin juga sangat responsif cepat tanggap pda customer. fitur"" nya komplit jadi bisa membantu utk cari"" ide beli saham, login juga sangat mudah cukup pakai no hp aja,","apk nya ringan, cepat dibuka, dan ringkas bisa akses saham,reksadana dan obligasi dlm 1 halaman, juga bisa membelinya hanya dlm 1 apk. apk sangat aman krna sudah trdaftar, memiliki izin usaha, dan diawasi OJK. tim call center+admin juga sangat responsif cepat tanggap pda customer. fitur"" nya komplit jadi bisa membantu utk cari"" ide beli saham, login juga sangat mudah cukup pakai no hp aja,",True,392,64,1.10.0,0,Tidak,,,Sampel ulasan publik Play Store
782a9ed6-bef1-4a28-8734-b30cb1c65a91,2026-09-26 00:43:31,https://play.google.com/store/apps/details?id=id.trimegah.tplus.android,ID,id,5,1.0,100.0,Positive,Apresiasi Umum & Kepuasan,2025-12-08 14:57:03,2025,cara aman untuk investasi untuk belajar investasi yuk bisa yuk,cara aman untuk investasi untuk belajar investasi yuk bisa yuk,True,62,10,1.10.0,0,Tidak,,,Sampel ulasan publik Play Store
d85877f2-ee2e-47a6-ad35-eb82e628767b,2026-09-26 00:43:31,https://play.google.com/store/apps/details?id=id.trimegah.tplus.android,ID,id,5,1.0,100.0,Positive,Login & Autentikasi,2025-12-08 14:50:20,2025,"Aplikasi ini bagus bgt, login nya juga gampang bgt cuman pakai nomor HP. Fitur Trima+ Picks dan Trima+ Ideas ngebantu aku cari ide beli saham & call center nya sangat responsif dan membantu aku🥰","Aplikasi ini bagus bgt, login nya juga gampang bgt cuman pakai nomor HP. Fitur Trima+ Picks dan Trima+ Ideas ngebantu aku cari ide beli saham & call center nya sangat responsif dan membantu aku🥰",True,194,34,1.10.0,0,Tidak,,,Sampel ulasan publik Play Store
03236ba3-203c-4000-9700-623d02a74281,2026-09-26 00:43:31,https://play.google.com/store/apps/details?id=id.trimegah.tplus.android,ID,id,5,1.0,100.0,Positive,Apresiasi Umum & Kepuasan,2025-12-08 14:25:22,2025,aplikasi keren,aplikasi keren,True,14,2,1.10.0,0,Tidak,,,Sampel ulasan publik Play Store
a2e95795-084a-4a01-ba72-034e748659fe,2026-09-26 00:43:31,https://play.google.com/store/apps/details?id=id.trimegah.tplus.android,ID,id,5,1.0,100.0,Positive,Login & Autentikasi,2025-12-08 14:20:22,2025,aplikasi yang ga ribet login nya juga gampang. mudah untuk melihat saham saham lainnya cocok untuk yg investasi ga hanya 1 akun,aplikasi yang ga ribet login nya juga gampang. mudah untuk melihat saham saham lainnya cocok untuk yg investasi ga hanya 1 akun,True,127,22,1.10.0,0,Tidak,,,Sampel ulasan publik Play Store
0f535f3c-6e2d-4824-b073-72e28fce68f9,2026-09-26 00:43:31,https://play.google.com/store/apps/details?id=id.trimegah.tplus.android,ID,id,1,0.0,0.0,Negative,UI/UX & Performa (Loading/Navigasi),2025-12-08 14:04:43,2025,Ribet,Ribet,True,5,1,Tidak Tercatat,1,Tidak,,,Sampel ulasan publik Play Store
eb26f695-0649-476b-af05-fe39a53df673,2026-09-26 00:43:31,https://play.google.com/store/apps/details?id=id.trimegah.tplus.android,ID,id,5,1.0,100.0,Positive,Transaksi & Portofolio Saham,2025-12-08 13:59:16,2025,"Saya pakai Trima+ karena pengin kelola investasi dalam satu aplikasi, dan sejauh ini sangat membantu. Portofolionya rapi dan ringkas, jadi bisa langsung lihat saham, reksa dana, dan obligasi dalam satu halaman tanpa ribet. Fitur watchlist dan form order-nya lengkap, cocok banget buat yang aktif trading saham. Tampilannya juga enak dilihat dan mudah dipahami, jadi nggak bikin bingung. Saya juga cukup terbantu dengan fitur Trima+ Picks dan Trima+ Ideas buat cari referensi saham.","Saya pakai Trima+ karena pengin kelola investasi dalam satu aplikasi, dan sejauh ini sangat membantu. Portofolionya rapi dan ringkas, jadi bisa langsung lihat saham, reksa dana, dan obligasi dalam satu halaman tanpa ribet. Fitur watchlist dan form order-nya lengkap, cocok banget buat yang aktif trading saham. Tampilannya juga enak dilihat dan mudah dipahami, jadi nggak bikin bingung. Saya juga cukup terbantu dengan fitur Trima+ Picks dan Trima+ Ideas buat cari referensi saham.",True,481,72,1.10.0,1,Tidak,,,Sampel ulasan publik Play Store
3e6cf325-d4dd-4649-b0c6-ec0d646ba997,2026-09-26 00:43:31,https://play.google.com/store/apps/details?id=id.trimegah.tplus.android,ID,id,5,1.0,100.0,Positive,Transaksi & Portofolio Saham,2025-12-08 07:38:17,2025,"Baru coba pake Trima+ buat investasi saham & reksadana, ternyata gampang banget! Tampilannya enak dilihat dan nggak ribet. Buat yang baru mulai investasi juga cocok sih. Transaksi lancar dan sejauh ini pengalaman aku oke banget.","Baru coba pake Trima+ buat investasi saham & reksadana, ternyata gampang banget! Tampilannya enak dilihat dan nggak ribet. Buat yang baru mulai investasi juga cocok sih. Transaksi lancar dan sejauh ini pengalaman aku oke banget.",True,228,35,1.10.0,0,Tidak,,,Sampel ulasan publik Play Store
552d4a42-3076-44fe-8497-6f30b0f6867e,2026-09-26 00:43:31,https://play.google.com/store/apps/details?id=id.trimegah.tplus.android,ID,id,5,1.0,100.0,Positive,Reksa Dana & SBN,2025-12-07 21:52:06,2025,"mantap aplikasi dalam 1 aplikasi bisa buat saham, dan obligasi","mantap aplikasi dalam 1 aplikasi bisa buat saham, dan obligasi",True,62,10,1.10.0,0,Tidak,,,Sampel ulasan publik Play Store
83df44b8-32fd-4561-a292-6b63491da2a8,2026-09-26 00:43:31,https://play.google.com/store/apps/details?id=id.trimegah.tplus.android,ID,id,5,1.0,100.0,Positive,Login & Autentikasi,2025-12-06 18:05:08,2025,Login sekarang simple bgtt bisa cuman pakai nomor HP doang jadi lebih praktis trs juga fiturnya lengkap bgtttt,Login sekarang simple bgtt bisa cuman pakai nomor HP doang jadi lebih praktis trs juga fiturnya lengkap bgtttt,True,110,18,1.10.0,0,Tidak,,,Sampel ulasan publik Play Store
e9cb8cca-caa3-4a6a-a3dd-7b4c00520a41,2026-09-26 00:43:31,https://play.google.com/store/apps/details?id=id.trimegah.tplus.android,ID,id,1,0.0,0.0,Negative,Transaksi & Portofolio Saham,2025-12-06 16:40:09,2025,"hmm sering tiba"" force close saat daftar RDN jadi gabisa bikin akun investasi","hmm sering tiba"" force close saat daftar RDN jadi gabisa bikin akun investasi",True,77,13,1.10.0,4,Tidak,,,Sampel ulasan publik Play Store
be505370-1abb-42d1-a570-6a50c19fbc6a,2026-09-26 00:43:31,https://play.google.com/store/apps/details?id=id.trimegah.tplus.android,ID,id,1,0.0,0.0,Negative,Registrasi & Onboarding (KYC),2025-12-06 13:29:26,2025,"untuk pembukaan rekening setelah registrasi ga bisa ,percuma daftar","untuk pembukaan rekening setelah registrasi ga bisa ,percuma daftar",True,67,9,1.10.0,2,Tidak,,,Sampel ulasan publik Play Store
6aa1ef5d-1c58-4c29-be7b-3435bc92d0aa,2026-09-26 00:43:31,https://play.google.com/store/apps/details?id=id.trimegah.tplus.android,ID,id,5,1.0,100.0,Positive,Customer Service & Layanan,2025-12-06 10:09:07,2025,"sangat bagus, cs responsif dan sigap dalam menyelesaikan pertanyaan dan masalah nasabah. fitur sangat mudah dipahami dan penggunaannya. semoga ada perkembangan lebih baik lagi kedepannya","sangat bagus, cs responsif dan sigap dalam menyelesaikan pertanyaan dan masalah nasabah. fitur sangat mudah dipahami dan penggunaannya. semoga ada perkembangan lebih baik lagi kedepannya",True,186,25,1.10.0,1,Tidak,,,Sampel ulasan publik Play Store
5db51d32-ff98-4a12-a1c9-7bcfa1c1d4d1,2026-09-26 00:43:31,https://play.google.com/store/apps/details?id=id.trimegah.tplus.android,ID,id,5,1.0,100.0,Positive,Login & Autentikasi,2025-12-06 09:18:21,2025,"Beli saham dan Reksadana bisa di satu aplikasi jadi lebih mudah lengkap dengan fitur yang sangat membantu, cuma pakai no hp udah bisa login di Trima+ admin juga responsif banget","Beli saham dan Reksadana bisa di satu aplikasi jadi lebih mudah lengkap dengan fitur yang sangat membantu, cuma pakai no hp udah bisa login di Trima+ admin juga responsif banget",True,177,30,Tidak Tercatat,0,Tidak,,,Sampel ulasan publik Play Store
62402e38-351c-44f4-9753-7dd3106707ec,2026-09-26 00:43:31,https://play.google.com/store/apps/details?id=id.trimegah.tplus.android,ID,id,1,0.0,0.0,Negative,Keluhan Umum Aplikasi,2025-12-06 08:31:51,2025,apikasi sampah. Scam berbasis investasi,apikasi sampah. Scam berbasis investasi,True,39,5,1.10.0,5,Tidak,,,Sampel ulasan publik Play Store
b23572e3-3fd7-4d31-b004-026a1a592865,2026-09-26 00:43:31,https://play.google.com/store/apps/details?id=id.trimegah.tplus.android,ID,id,1,0.0,0.0,Negative,Transaksi & Portofolio Saham,2025-12-06 05:19:35,2025,"1 minggu lebih buat akun rdn gk jadi2 cuma disuruh nunggu2 sangat lama hanya sekedar membuat rdn, sekuritas lain cuma 2-3 hari udh jadi akun nya.","1 minggu lebih buat akun rdn gk jadi2 cuma disuruh nunggu2 sangat lama hanya sekedar membuat rdn, sekuritas lain cuma 2-3 hari udh jadi akun nya.",True,145,26,Tidak Tercatat,1,Tidak,,,Sampel ulasan publik Play Store
2f4b649d-ae07-4499-987c-9311acf2b6aa,2026-09-26 00:43:31,https://play.google.com/store/apps/details?id=id.trimegah.tplus.android,ID,id,1,0.0,0.0,Negative,Transaksi & Portofolio Saham,2025-12-05 20:39:09,2025,"sangat tidak rekomen aplikasinya, top up dipersulit dan proses top up ataupun penarikan dana sangat lama","sangat tidak rekomen aplikasinya, top up dipersulit dan proses top up ataupun penarikan dana sangat lama",True,104,16,1.10.0,11,Tidak,,,Sampel ulasan publik Play Store
deb4b978-c5c6-47a0-a235-8d7577aea450,2026-09-26 00:43:31,https://play.google.com/store/apps/details?id=id.trimegah.tplus.android,ID,id,5,1.0,100.0,Positive,UI/UX & Performa (Loading/Navigasi),2025-12-05 13:13:26,2025,Masalah fitur mah gausah diraguin lagi... komplit.. dan UI UX nya tuh intuitive mantul dah pokoknya!!,Masalah fitur mah gausah diraguin lagi... komplit.. dan UI UX nya tuh intuitive mantul dah pokoknya!!,True,101,16,1.10.0,0,Tidak,,,Sampel ulasan publik Play Store
0a1cf029-e25f-4dda-b209-110186b86dba,2026-09-26 00:43:31,https://play.google.com/store/apps/details?id=id.trimegah.tplus.android,ID,id,1,0.0,0.0,Negative,Login & Autentikasi,2025-12-05 12:02:30,2025,"buruk banget minimal rdn harus 100k gabakal bisa ditarik waktu masuk dana dan keluar dana gada tuh di histori, udah gitu lama banget. sering bug di appsnya paling malesin windraw sama top up lamanya nauzubillah, udah diproses untuk tarik dana malah dicancel gada tu konfirmasi apa apa, ketahan deh uanv saya disitu","buruk banget minimal rdn harus 100k gabakal bisa ditarik waktu masuk dana dan keluar dana gada tuh di histori, udah gitu lama banget. sering bug di appsnya paling malesin windraw sama top up lamanya nauzubillah, udah diproses untuk tarik dana malah dicancel gada tu konfirmasi apa apa, ketahan deh uanv saya disitu",True,314,52,1.10.0,12,Tidak,,,Sampel ulasan publik Play Store
5238fcd1-0cfe-427f-8c1c-3e8829f941df,2026-09-26 00:43:31,https://play.google.com/store/apps/details?id=id.trimegah.tplus.android,ID,id,1,0.0,0.0,Negative,Login & Autentikasi,2025-12-05 10:57:56,2025,"bintang 0 gila, apk ga siap, tarik saldo lama bgt gila bilang nyaa transaksi sebelum 10.30 diproses hari itu, tetap aja ga masuk di hari itu, proses nya lama, lalu saldo harus jd deposit 100k tanpa ada ketentuan dari awal, apk scam aneh gilaa, kalo ada bintang 0 bintang 0, gilaaa, jangan download!!!!","bintang 0 gila, apk ga siap, tarik saldo lama bgt gila bilang nyaa transaksi sebelum 10.30 diproses hari itu, tetap aja ga masuk di hari itu, proses nya lama, lalu saldo harus jd deposit 100k tanpa ada ketentuan dari awal, apk scam aneh gilaa, kalo ada bintang 0 bintang 0, gilaaa, jangan download!!!!",True,301,53,1.10.0,23,Tidak,,,Sampel ulasan publik Play Store
ee977dd7-1181-438a-87b0-28aa98da65df,2026-09-26 00:43:31,https://play.google.com/store/apps/details?id=id.trimegah.tplus.android,ID,id,1,0.0,0.0,Negative,Fitur Analisis & Data Pasar,2025-12-05 09:15:58,2025,Saldo mengendap 100K dan fitur di apk sulit,Saldo mengendap 100K dan fitur di apk sulit,True,43,8,Tidak Tercatat,4,Tidak,,,Sampel ulasan publik Play Store
7c92390c-f97b-4107-b341-f9c37aed5087,2026-09-26 00:43:31,https://play.google.com/store/apps/details?id=id.trimegah.tplus.android,ID,id,1,0.0,0.0,Negative,Transaksi & Portofolio Saham,2025-12-04 18:23:36,2025,"sangat menyesal download apk ini, promonya aja pertama sama superbank iming² dpt jatah ipo stlh buka tdk dpt dan byk alasan, buka rek dipersulit lama banget nggak diberi² no rdn, top up jg jedanya lama banget nggak msk² dananya, hr ini top up msknya bsk jd mau beli saham g bisa, mau narik dana g bs semua hrs disisai 100. 000 tp pelayanannya mengecewakan nggak spt yg lain... kalau ada nilai minus sy beri minus apk ini... sangat² mengecewakan🤦🏻‍♀️🤦🏻‍♀️🤦🏻‍♀️🤦🏻‍♀️🤦🏻‍♀️","sangat menyesal download apk ini, promonya aja pertama sama superbank iming² dpt jatah ipo stlh buka tdk dpt dan byk alasan, buka rek dipersulit lama banget nggak diberi² no rdn, top up jg jedanya lama banget nggak msk² dananya, hr ini top up msknya bsk jd mau beli saham g bisa, mau narik dana g bs semua hrs disisai 100. 000 tp pelayanannya mengecewakan nggak spt yg lain... kalau ada nilai minus sy beri minus apk ini... sangat² mengecewakan🤦🏻‍♀️🤦🏻‍♀️🤦🏻‍♀️🤦🏻‍♀️🤦🏻‍♀️",True,469,79,1.10.0,17,Tidak,,,Sampel ulasan publik Play Store
479308f4-f346-4aa9-97bb-ea47a5ebdb91,2026-09-26 00:43:31,https://play.google.com/store/apps/details?id=id.trimegah.tplus.android,ID,id,1,0.0,0.0,Negative,Registrasi & Onboarding (KYC),2025-12-04 17:03:33,2025,"sekuritas busuk, sudah ngikut persyaratan saat pendaftaran superbank dan trimegah sekuritas malah ga dapet jatah. mana isi saldo mengendap 100 rb lagi. kapok deh ngikut challenge dari trimegah sekuritas.","sekuritas busuk, sudah ngikut persyaratan saat pendaftaran superbank dan trimegah sekuritas malah ga dapet jatah. mana isi saldo mengendap 100 rb lagi. kapok deh ngikut challenge dari trimegah sekuritas.",True,203,29,1.10.0,3,Tidak,,,Sampel ulasan publik Play Store
7bba1928-f5e1-47d8-bdf5-5b1abadd5430,2026-09-26 00:43:31,https://play.google.com/store/apps/details?id=id.trimegah.tplus.android,ID,id,1,0.0,0.0,Negative,Login & Autentikasi,2025-12-04 16:22:56,2025,"HATIHATI GUYS, GUA PENARIKAN DARI TANGGAL 03 DESEMBER DAN SAMPAI DENGAN TANGGAL 04 DESEMBER SALDO BELUM KUNJUNG MASUK KE REK PRIBADI. SANGAT TIDAK PROFESIONAL, PENARIKANNYA GA PAKE SISTEM KEKNYA, MASIH MANUAL WKWKWKWK.","HATIHATI GUYS, GUA PENARIKAN DARI TANGGAL 03 DESEMBER DAN SAMPAI DENGAN TANGGAL 04 DESEMBER SALDO BELUM KUNJUNG MASUK KE REK PRIBADI. SANGAT TIDAK PROFESIONAL, PENARIKANNYA GA PAKE SISTEM KEKNYA, MASIH MANUAL WKWKWKWK.",True,218,32,1.9.1,3,Tidak,,,Sampel ulasan publik Play Store
331c2128-089a-41f9-84b6-95705bd53ac5,2026-09-26 00:43:31,https://play.google.com/store/apps/details?id=id.trimegah.tplus.android,ID,id,1,0.0,0.0,Negative,Transaksi & Portofolio Saham,2025-12-04 10:20:23,2025,Penarikan Dana Lama,Penarikan Dana Lama,True,19,3,1.10.0,3,Tidak,,,Sampel ulasan publik Play Store
d4c44e43-9016-40d5-a5ce-896a7deba33e,2026-09-26 00:43:31,https://play.google.com/store/apps/details?id=id.trimegah.tplus.android,ID,id,1,0.0,0.0,Negative,Customer Service & Layanan,2025-12-04 10:03:08,2025,"jelek bgt customer care ga pernah di respon, 1 kali pun ga di gubris. sekuritas bahaya not recommended","jelek bgt customer care ga pernah di respon, 1 kali pun ga di gubris. sekuritas bahaya not recommended",True,102,18,1.9.1,2,Tidak,,,Sampel ulasan publik Play Store
e59af794-fb62-4522-93b8-2da9261f4b86,2026-09-26 00:43:31,https://play.google.com/store/apps/details?id=id.trimegah.tplus.android,ID,id,5,1.0,100.0,Positive,Transaksi & Portofolio Saham,2025-12-03 12:06:51,2025,"akses portofolio sangat cepat dan josjiz, bisa beli saham dengan sangat gampang dan mudah","akses portofolio sangat cepat dan josjiz, bisa beli saham dengan sangat gampang dan mudah",True,89,14,1.10.0,0,Tidak,,,Sampel ulasan publik Play Store
f440033b-6d22-4c0e-9751-f41eb459eafa,2026-09-26 00:43:31,https://play.google.com/store/apps/details?id=id.trimegah.tplus.android,ID,id,3,0.5,50.0,Neutral,Transaksi & Portofolio Saham,2025-12-02 20:59:21,2025,belum bisa rdn jago ya?,belum bisa rdn jago ya?,True,23,5,1.10.0,0,Tidak,,,Sampel ulasan publik Play Store
9a83549d-bcaf-478b-bfa4-290f5a674621,2026-09-26 00:43:31,https://play.google.com/store/apps/details?id=id.trimegah.tplus.android,ID,id,1,0.0,0.0,Negative,Registrasi & Onboarding (KYC),2025-12-02 17:05:06,2025,"gak bisa daftar , stuk di foto ktp","gak bisa daftar , stuk di foto ktp",True,34,8,1.10.0,4,Ya,"Mohon maaf atas ketidaknyamanannya, terkait kendala yang dialami mohon dapat disampaikan ke customer service kami di +6221 2924 9000 atau email ke callcenter@trimegah.com.",2025-12-03 16:17:01,Sampel ulasan publik Play Store
98a406cc-1d32-42a9-b5e7-b919df1c47af,2026-09-26 00:43:31,https://play.google.com/store/apps/details?id=id.trimegah.tplus.android,ID,id,5,1.0,100.0,Positive,Transaksi & Portofolio Saham,2025-12-02 16:54:35,2025,"keren banget si ini aplikasi, bisa beli saham, reksa dana,sama obligasi cuma cukup satu aplikasi ini aja👏🏻","keren banget si ini aplikasi, bisa beli saham, reksa dana,sama obligasi cuma cukup satu aplikasi ini aja👏🏻",True,106,17,1.10.0,0,Tidak,,,Sampel ulasan publik Play Store
08059001-8690-46db-88ef-8220af16eebb,2026-09-26 00:43:31,https://play.google.com/store/apps/details?id=id.trimegah.tplus.android,ID,id,5,1.0,100.0,Positive,Apresiasi Umum & Kepuasan,2025-12-02 15:49:36,2025,aplikasi ini bisa lihat saham dan aplikatornya super gercep gamau kalah ama yang lain mantap pokoknya 👍🏻,aplikasi ini bisa lihat saham dan aplikatornya super gercep gamau kalah ama yang lain mantap pokoknya 👍🏻,True,104,17,Tidak Tercatat,0,Tidak,,,Sampel ulasan publik Play Store
07aa1486-8c68-4e01-b71e-319c12943d98,2026-09-26 00:43:31,https://play.google.com/store/apps/details?id=id.trimegah.tplus.android,ID,id,5,1.0,100.0,Positive,Customer Service & Layanan,2025-12-02 11:36:24,2025,"saya puas sekali pakai trima+ ini selain fitur mudah di pahami dan tim call center dan admin sangat responsif dan membantu banget jugaa,the best pokonya🥰","saya puas sekali pakai trima+ ini selain fitur mudah di pahami dan tim call center dan admin sangat responsif dan membantu banget jugaa,the best pokonya🥰",True,153,25,1.10.0,0,Tidak,,,Sampel ulasan publik Play Store
482f4d0b-67f6-45fc-91bc-2def33cb49f8,2026-09-26 00:43:31,https://play.google.com/store/apps/details?id=id.trimegah.tplus.android,ID,id,5,1.0,100.0,Positive,UI/UX & Performa (Loading/Navigasi),2025-12-02 11:04:51,2025,Tampilannya simpel dan ringkes jdi buat pemula tuh enak liatnya Semua juga sudah jelas dan mudah dipahami,Tampilannya simpel dan ringkes jdi buat pemula tuh enak liatnya Semua juga sudah jelas dan mudah dipahami,True,105,17,Tidak Tercatat,0,Tidak,,,Sampel ulasan publik Play Store
e5d82926-5584-4941-96fc-c01cf4c92f18,2026-09-26 00:43:31,https://play.google.com/store/apps/details?id=id.trimegah.tplus.android,ID,id,2,0.25,25.0,Negative,Keluhan Umum Aplikasi,2025-12-02 09:30:29,2025,tiap hari suka erro gajelas nih trima,tiap hari suka erro gajelas nih trima,True,37,7,1.8.1,0,Ya,"Mohon maaf atas ketidak nyamanannya, terkait kendala yang dialami mohon dapat disampaikan ke customer service kami di +6221 2924 9000 atau email ke callcenter@trimegah.com.",2025-12-03 16:17:30,Sampel ulasan publik Play Store
4d388146-48ab-4e6d-b2e2-9408ce88e7d9,2026-09-26 00:43:31,https://play.google.com/store/apps/details?id=id.trimegah.tplus.android,ID,id,2,0.25,25.0,Negative,Fitur Analisis & Data Pasar,2025-12-02 09:26:50,2025,"implementasi aplikasi seperti tidak terlalu matang, banyak sekali moment off erornya. di jam perdagangan erornya. opem marken langsung muncul pemberitahuan upstream eror","implementasi aplikasi seperti tidak terlalu matang, banyak sekali moment off erornya. di jam perdagangan erornya. opem marken langsung muncul pemberitahuan upstream eror",True,169,22,1.10.0,5,Ya,"Mohon maaf atas ketidak nyamanannya, terkait kendala yang dialami mohon dapat disampaikan ke customer service kami di +6221 2924 9000 atau email ke callcenter@trimegah.com.",2025-12-03 16:17:41,Sampel ulasan publik Play Store
18096210-a698-4735-894d-768d644a40d4,2026-09-26 00:43:31,https://play.google.com/store/apps/details?id=id.trimegah.tplus.android,ID,id,1,0.0,0.0,Negative,Stabilitas Sistem & Bug (Crash/Error),2025-12-02 09:20:35,2025,"server nih sekuritas kayak belum siap, error mulu","server nih sekuritas kayak belum siap, error mulu",True,49,8,1.10.0,1,Ya,"Mohon maaf atas ketidak nyamanannya, terkait kendala yang dialami mohon dapat disampaikan ke customer service kami di +6221 2924 9000 atau email ke callcenter@trimegah.com.",2025-12-03 16:17:50,Sampel ulasan publik Play Store
eed27d15-5edd-487a-8b6c-ce185b28c665,2026-09-26 00:43:31,https://play.google.com/store/apps/details?id=id.trimegah.tplus.android,ID,id,2,0.25,25.0,Negative,Keluhan Umum Aplikasi,2025-12-02 09:19:19,2025,sering eror muluu,sering eror muluu,True,17,3,1.10.0,0,Tidak,,,Sampel ulasan publik Play Store
125e06ec-6164-4163-9aa7-cb05c51539e0,2026-09-26 00:43:31,https://play.google.com/store/apps/details?id=id.trimegah.tplus.android,ID,id,1,0.0,0.0,Negative,Login & Autentikasi,2025-12-02 04:39:37,2025,PENGISIAN DANA LAMA SEKALI SUDAH LEBIH DARI 3 HARI DANA GAK MASUK MASUK,PENGISIAN DANA LAMA SEKALI SUDAH LEBIH DARI 3 HARI DANA GAK MASUK MASUK,True,71,13,1.10.0,2,Ya,"Mohon maaf atas ketidak nyamanannya. Untuk penyetoran dana di luar jam kerja, akan terupdate pada hari kerja berikutnya. Jika ada pertanyaan, dapat disampaikan ke customer service kami di +6221 2924 9000 atau email ke callcenter@trimegah.com.",2025-12-03 16:19:37,Sampel ulasan publik Play Store
649db435-c59a-4d59-9ff6-0cffef929cb4,2026-09-26 00:43:31,https://play.google.com/store/apps/details?id=id.trimegah.tplus.android,ID,id,1,0.0,0.0,Negative,Login & Autentikasi,2025-12-01 23:17:25,2025,Deposit saya kpan masuk apk nya min,Deposit saya kpan masuk apk nya min,True,35,7,1.10.0,1,Ya,"Mohon maaf atas ketidak nyamanannya. Untuk penyetoran dana di luar jam kerja, akan terupdate pada hari kerja berikutnya. Jika ada pertanyaan, dapat disampaikan ke customer service kami di +6221 2924 9000 atau email ke callcenter@trimegah.com.",2025-12-03 16:19:42,Sampel ulasan publik Play Store
3bf8ca14-6878-4dc4-978f-20fd2f4e0db6,2026-09-26 00:43:31,https://play.google.com/store/apps/details?id=id.trimegah.tplus.android,ID,id,1,0.0,0.0,Negative,Transaksi & Portofolio Saham,2025-12-01 21:03:38,2025,"kalo ada bintang minus saya beri bintang minus, percuma mengadakan promo Dnegan superbank jika ketentuan nya memberatkan, kalo pembuatan akunya cepat ya tidak apa apa,ini pembuatan akun lama,masalah top up rdn juga disulitkan,harusnya promo diperpanjang kalo tau begini, yang paling kecewa adalah, katanya bsia top up lewat OCTO Nyatanya tidak bisa","kalo ada bintang minus saya beri bintang minus, percuma mengadakan promo Dnegan superbank jika ketentuan nya memberatkan, kalo pembuatan akunya cepat ya tidak apa apa,ini pembuatan akun lama,masalah top up rdn juga disulitkan,harusnya promo diperpanjang kalo tau begini, yang paling kecewa adalah, katanya bsia top up lewat OCTO Nyatanya tidak bisa",True,348,51,1.10.0,19,Ya,"Mohon maaf atas ketidak nyamanannya. Untuk penyetoran dana di luar jam kerja, akan terupdate pada hari kerja berikutnya. Jika ada pertanyaan, dapat disampaikan ke customer service kami di +6221 2924 9000 atau email ke callcenter@trimegah.com.",2025-12-03 16:19:54,Sampel ulasan publik Play Store
cf3ac699-a73b-4d91-824b-1bc872301613,2026-09-26 00:43:31,https://play.google.com/store/apps/details?id=id.trimegah.tplus.android,ID,id,1,0.0,0.0,Negative,Login & Autentikasi,2025-12-01 17:11:58,2025,"susah mengisi RDN dari tgl 28 November sore. sampai dgn tgl 1 Desember tidak ada masuk dana. Trimegah / Trima+ Mengecewakan. diemail tidak ada respon, telpon CS pun hanya terdengar seluruh Petugas kami sedang melayani.","susah mengisi RDN dari tgl 28 November sore. sampai dgn tgl 1 Desember tidak ada masuk dana. Trimegah / Trima+ Mengecewakan. diemail tidak ada respon, telpon CS pun hanya terdengar seluruh Petugas kami sedang melayani.",True,218,35,1.10.0,15,Ya,"Mohon maaf atas ketidak nyamanannya. Untuk penyetoran dana di luar jam kerja, akan terupdate pada hari kerja berikutnya. Jika ada pertanyaan, dapat disampaikan ke customer service kami di +6221 2924 9000 atau email ke callcenter@trimegah.com.",2025-12-03 16:20:17,Sampel ulasan publik Play Store
9c4b0d04-9b4d-448e-b6b3-f53b90dee829,2026-09-26 00:43:31,https://play.google.com/store/apps/details?id=id.trimegah.tplus.android,ID,id,1,0.0,0.0,Negative,Login & Autentikasi,2025-12-01 14:21:38,2025,"cukup sekali, top up rdn ga masuk masuk, customer servis jutek banget","cukup sekali, top up rdn ga masuk masuk, customer servis jutek banget",True,69,12,1.10.0,3,Ya,"Mohon maaf atas ketidak nyamanannya. Untuk penyetoran dana di luar jam kerja, akan terupdate pada hari kerja berikutnya. Jika ada pertanyaan, dapat disampaikan ke customer service kami di +6221 2924 9000 atau email ke callcenter@trimegah.com.",2025-12-03 16:21:13,Sampel ulasan publik Play Store
c49784b6-dd24-449b-8baa-401e9bb92b70,2026-09-26 00:43:31,https://play.google.com/store/apps/details?id=id.trimegah.tplus.android,ID,id,1,0.0,0.0,Negative,Login & Autentikasi,2025-12-01 12:39:27,2025,dana ke ga masuk ke apps mau tarik tapi ga bisaa mana juga lumayan,dana ke ga masuk ke apps mau tarik tapi ga bisaa mana juga lumayan,True,66,14,1.10.0,3,Ya,"Mohon maaf atas ketidak nyamanannya. Untuk penyetoran dana di luar jam kerja, akan terupdate pada hari kerja berikutnya. Jika ada pertanyaan, dapat disampaikan ke customer service kami di +6221 2924 9000 atau email ke callcenter@trimegah.com.",2025-12-03 16:21:23,Sampel ulasan publik Play Store
de1e0d84-2241-4d2f-ac76-3aaa63afc893,2026-09-26 00:43:31,https://play.google.com/store/apps/details?id=id.trimegah.tplus.android,ID,id,5,1.0,100.0,Positive,Transaksi & Portofolio Saham,2025-12-01 11:17:20,2025,sangat berguna dan mudah di gunakan untuk membuat portofolio ku.. tampilan nya pun sangat keren,sangat berguna dan mudah di gunakan untuk membuat portofolio ku.. tampilan nya pun sangat keren,True,95,15,Tidak Tercatat,0,Tidak,,,Sampel ulasan publik Play Store
60d955b5-1632-4a5c-8f29-9563870637d7,2026-09-26 00:43:31,https://play.google.com/store/apps/details?id=id.trimegah.tplus.android,ID,id,5,1.0,100.0,Positive,Customer Service & Layanan,2025-12-01 11:02:41,2025,"sekarang log in bisa nomor hp doang JD lebih gampang dan simpel banget,,call santer nya jg gercep pas kemaren ada kendala langsung respon gak pakek lama👍👍","sekarang log in bisa nomor hp doang JD lebih gampang dan simpel banget,,call santer nya jg gercep pas kemaren ada kendala langsung respon gak pakek lama👍👍",True,154,26,1.10.0,0,Tidak,,,Sampel ulasan publik Play Store
e852c1b3-d722-4c82-8c7a-2a0458a817e0,2026-09-26 00:43:31,https://play.google.com/store/apps/details?id=id.trimegah.tplus.android,ID,id,5,1.0,100.0,Positive,Apresiasi Umum & Kepuasan,2025-12-01 10:56:27,2025,simple and useful,simple and useful,True,17,3,1.10.0,0,Tidak,,,Sampel ulasan publik Play Store
bda1b2c0-2b8e-4573-8d94-44b9ff56e437,2026-09-26 00:43:31,https://play.google.com/store/apps/details?id=id.trimegah.tplus.android,ID,id,1,0.0,0.0,Negative,Login & Autentikasi,2025-12-01 09:46:46,2025,"aplikasi gak ada cs, semua bot jadi susah keluhan, contoh dana gak masuk di app. mending cari sekuritas lain, gk ada kejelasan atau tempat lapor dana yg tidak masuk","aplikasi gak ada cs, semua bot jadi susah keluhan, contoh dana gak masuk di app. mending cari sekuritas lain, gk ada kejelasan atau tempat lapor dana yg tidak masuk",True,164,29,1.10.0,4,Tidak,,,Sampel ulasan publik Play Store
60415743-e188-47a0-878b-317a4f0d754e,2026-09-26 00:43:31,https://play.google.com/store/apps/details?id=id.trimegah.tplus.android,ID,id,5,1.0,100.0,Positive,Customer Service & Layanan,2025-12-01 07:17:22,2025,"Tim call center dan admin sangat responsif dan membantu banget, jadii sayaa puas dengan pelayanan nya dehhh, terbaik pokoknyaa, ga nyesell download trimaa +","Tim call center dan admin sangat responsif dan membantu banget, jadii sayaa puas dengan pelayanan nya dehhh, terbaik pokoknyaa, ga nyesell download trimaa +",True,156,24,1.10.0,0,Tidak,,,Sampel ulasan publik Play Store
bc5a9b03-0178-44c1-b051-c35062526563,2026-09-26 00:43:31,https://play.google.com/store/apps/details?id=id.trimegah.tplus.android,ID,id,5,1.0,100.0,Positive,Fitur Analisis & Data Pasar,2025-12-01 07:05:16,2025,"aplikasi yang mudah digunakan, fitur-fiturnya lengkap, performanya stabil, dan sangat membantu aktivitas harian pengguna","aplikasi yang mudah digunakan, fitur-fiturnya lengkap, performanya stabil, dan sangat membantu aktivitas harian pengguna",True,120,14,1.10.0,2,Tidak,,,Sampel ulasan publik Play Store
57fb12ab-8824-477d-b446-b2a89fc95161,2026-09-26 00:43:31,https://play.google.com/store/apps/details?id=id.trimegah.tplus.android,ID,id,5,1.0,100.0,Positive,Apresiasi Umum & Kepuasan,2025-11-30 09:25:25,2025,suka banget sama aplikasi trima ini mudah dan lancar investasi nya,suka banget sama aplikasi trima ini mudah dan lancar investasi nya,True,66,11,1.10.0,0,Tidak,,,Sampel ulasan publik Play Store
17ed1f3a-a29d-4bb0-85a2-4632e3b18f0b,2026-09-26 00:43:31,https://play.google.com/store/apps/details?id=id.trimegah.tplus.android,ID,id,5,1.0,100.0,Positive,Fitur Analisis & Data Pasar,2025-11-30 09:22:33,2025,"Prima+ sangat membantu! Aplikasinya ringan, fitur lengkap, dan prosesnya cepat. Recommended banget!","Prima+ sangat membantu! Aplikasinya ringan, fitur lengkap, dan prosesnya cepat. Recommended banget!",True,99,12,1.10.0,1,Tidak,,,Sampel ulasan publik Play Store
d18ab8a8-bca1-4ac6-8bf9-c1af1ada3dc8,2026-09-26 00:43:31,https://play.google.com/store/apps/details?id=id.trimegah.tplus.android,ID,id,1,0.0,0.0,Negative,Login & Autentikasi,2025-11-30 06:52:26,2025,"udah top up, tapi dana belum masuk² padahal udah lewat 1 hari","udah top up, tapi dana belum masuk² padahal udah lewat 1 hari",True,61,12,Tidak Tercatat,2,Ya,"Mohon maaf atas ketidak nyamanannya. Untuk penyetoran dana di luar jam kerja, akan terupdate pada hari kerja berikutnya. Jika ada pertanyaan, dapat disampaikan ke customer service kami di +6221 2924 9000 atau email ke callcenter@trimegah.com.",2025-12-03 16:22:19,Sampel ulasan publik Play Store
5de67f6d-ac05-48d0-9125-dd315e767ded,2026-09-26 00:43:31,https://play.google.com/store/apps/details?id=id.trimegah.tplus.android,ID,id,5,1.0,100.0,Positive,Transaksi & Portofolio Saham,2025-11-29 23:00:09,2025,"Bagi teman teman yang ingin berinvestasi dengan aman dan mudah, Trima +"",jawabnya. Dengan akses portofolio cepet dan ringkas, kamu bisa lihat saham, Reksadana, dan obligasi. Masih banyak fitur dan andalan Thtima. Sistemnya aman, terpercaya dan transparan.Menguntungkan dan cocokcocok.","Bagi teman teman yang ingin berinvestasi dengan aman dan mudah, Trima +"",jawabnya. Dengan akses portofolio cepet dan ringkas, kamu bisa lihat saham, Reksadana, dan obligasi. Masih banyak fitur dan andalan Thtima. Sistemnya aman, terpercaya dan transparan.Menguntungkan dan cocokcocok.",True,284,38,Tidak Tercatat,0,Tidak,,,Sampel ulasan publik Play Store
b3066d8c-9e87-4154-b4bf-f529a3eb4247,2026-09-26 00:43:31,https://play.google.com/store/apps/details?id=id.trimegah.tplus.android,ID,id,2,0.25,25.0,Negative,Transaksi & Portofolio Saham,2025-11-29 14:12:22,2025,mau buka RDN ga berhasil terus. isi dana pake sre klik yg sudah di jelaskan tetep ga bisa. ampun deh ah,mau buka RDN ga berhasil terus. isi dana pake sre klik yg sudah di jelaskan tetep ga bisa. ampun deh ah,True,103,21,1.10.0,0,Ya,"Mohon maaf atas ketidak nyamanannya, terkait kendala yang dialami mohon dapat disampaikan ke customer service kami di +6221 2924 9000 atau email ke callcenter@trimegah.com.",2025-12-03 16:22:57,Sampel ulasan publik Play Store
8dfef7e2-3539-464e-81a4-881c783dc091,2026-09-26 00:43:31,https://play.google.com/store/apps/details?id=id.trimegah.tplus.android,ID,id,5,1.0,100.0,Positive,Transaksi & Portofolio Saham,2025-11-28 21:25:05,2025,"Halo admin, saya daftar penarikan menggunakan Rekening BRI kenapa Nama Bank Saya Jadi BNI","Halo admin, saya daftar penarikan menggunakan Rekening BRI kenapa Nama Bank Saya Jadi BNI",True,89,14,Tidak Tercatat,0,Tidak,,,Sampel ulasan publik Play Store
d77e8382-6a33-4a99-8bc5-2ff04312188d,2026-09-26 00:43:31,https://play.google.com/store/apps/details?id=id.trimegah.tplus.android,ID,id,5,1.0,100.0,Positive,Apresiasi Umum & Kepuasan,2025-11-28 20:53:56,2025,keten banget,keten banget,True,12,2,1.10.0,0,Tidak,,,Sampel ulasan publik Play Store
27781a67-decc-4e4b-994b-4db38d6e07f8,2026-09-26 00:43:31,https://play.google.com/store/apps/details?id=id.trimegah.tplus.android,ID,id,5,1.0,100.0,Positive,Login & Autentikasi,2025-11-28 09:52:09,2025,"Menurutku pribadi fitur diaplikasi trima ini sangat nyaman dan menarik bagi gw, apalagi tim call center Trimegah nya sangat gercep,satset dan sangat responsif cuy dan fitur trima + picks dan trima + ideas ngebantu cari ide beli saham, cara loginnya juga bisa pakai nomor hp aja cuy","Menurutku pribadi fitur diaplikasi trima ini sangat nyaman dan menarik bagi gw, apalagi tim call center Trimegah nya sangat gercep,satset dan sangat responsif cuy dan fitur trima + picks dan trima + ideas ngebantu cari ide beli saham, cara loginnya juga bisa pakai nomor hp aja cuy",True,281,47,1.10.0,0,Tidak,,,Sampel ulasan publik Play Store
37443534-30cd-43b9-be77-e3ba4ca490ca,2026-09-26 00:43:31,https://play.google.com/store/apps/details?id=id.trimegah.tplus.android,ID,id,5,1.0,100.0,Positive,Transaksi & Portofolio Saham,2025-11-28 09:51:05,2025,"aplikasi yang mempunyai fitur yang komplit, bisa beli dan jual saham, reksa dana dan obligasi sekaligus. dan navigasi aplikasi yang mudah dimengerti. memudahkan user mengoperasikan aplikasinya","aplikasi yang mempunyai fitur yang komplit, bisa beli dan jual saham, reksa dana dan obligasi sekaligus. dan navigasi aplikasi yang mudah dimengerti. memudahkan user mengoperasikan aplikasinya",True,192,26,1.10.0,1,Tidak,,,Sampel ulasan publik Play Store
6ea3e043-1ea8-48e6-9d1c-e1320e66a287,2026-09-26 00:43:31,https://play.google.com/store/apps/details?id=id.trimegah.tplus.android,ID,id,5,1.0,100.0,Positive,UI/UX & Performa (Loading/Navigasi),2025-11-27 19:55:16,2025,ok ..sh..cm lanjut buka rek nya koq susah ya..,ok ..sh..cm lanjut buka rek nya koq susah ya..,True,46,9,1.10.0,1,Tidak,,,Sampel ulasan publik Play Store
22c8bbe9-0efb-41b4-8d60-e3712d409b5d,2026-09-26 00:43:31,https://play.google.com/store/apps/details?id=id.trimegah.tplus.android,ID,id,1,0.0,0.0,Negative,Login & Autentikasi,2025-11-27 19:41:31,2025,terlalu sulit ....Berjam jam ...hasilnya ulang lagi setelah semua data masuk......jauh sama sekuritas lain...jelek sistemnya,terlalu sulit ....Berjam jam ...hasilnya ulang lagi setelah semua data masuk......jauh sama sekuritas lain...jelek sistemnya,True,124,15,Tidak Tercatat,3,Ya,"Mohon maaf atas ketidak nyamanannya, terkait kendala yang dialami mohon dapat disampaikan ke customer service kami di +6221 2924 9000 atau email ke callcenter@trimegah.com.",2025-12-03 16:23:26,Sampel ulasan publik Play Store
9d73b8a7-45dc-4270-80e6-53d720c3499d,2026-09-26 00:43:31,https://play.google.com/store/apps/details?id=id.trimegah.tplus.android,ID,id,1,0.0,0.0,Negative,Keluhan Umum Aplikasi,2025-11-27 19:33:29,2025,apanih?? kok eror mulu buat dftar sekuritas,apanih?? kok eror mulu buat dftar sekuritas,True,43,7,1.9.1,3,Tidak,,,Sampel ulasan publik Play Store
3651f812-f51b-486a-84ca-3662724cc735,2026-09-26 00:43:31,https://play.google.com/store/apps/details?id=id.trimegah.tplus.android,ID,id,3,0.5,50.0,Neutral,UI/UX & Performa (Loading/Navigasi),2025-11-27 17:57:43,2025,"KTP kurang jelas sedikit Tidak bisa membacanya, susah registrasi nya","KTP kurang jelas sedikit Tidak bisa membacanya, susah registrasi nya",True,68,10,1.9.1,2,Tidak,,,Sampel ulasan publik Play Store
f28a9f2e-9a41-47f2-bd14-862e3bd055c9,2026-09-26 00:43:31,https://play.google.com/store/apps/details?id=id.trimegah.tplus.android,ID,id,1,0.0,0.0,Negative,Keluhan Umum Aplikasi,2025-11-27 16:44:21,2025,APLIKASI YANG TERAMAT SULIT DIAKSES dan MENJENGKELKAN,APLIKASI YANG TERAMAT SULIT DIAKSES dan MENJENGKELKAN,True,53,7,1.9.1,2,Tidak,,,Sampel ulasan publik Play Store
081623e7-dd4b-438b-9161-4f909b6d4d15,2026-09-26 00:43:31,https://play.google.com/store/apps/details?id=id.trimegah.tplus.android,ID,id,1,0.0,0.0,Negative,Registrasi & Onboarding (KYC),2025-11-27 15:49:32,2025,"aplikasi tidak jelas, selalu erorr saat upload ktp, seminimalnya meng hire developer yang berkualitas","aplikasi tidak jelas, selalu erorr saat upload ktp, seminimalnya meng hire developer yang berkualitas",True,101,14,1.10.0,3,Ya,"Mohon maaf atas ketidak nyamanannya, terkait kendala yang dialami mohon dapat disampaikan ke customer service kami di +6221 2924 9000 atau email ke callcenter@trimegah.com.",2025-12-03 16:24:53,Sampel ulasan publik Play Store
2808749d-53b4-437a-a46d-8e26947a1bf7,2026-09-26 00:43:31,https://play.google.com/store/apps/details?id=id.trimegah.tplus.android,ID,id,1,0.0,0.0,Negative,Stabilitas Sistem & Bug (Crash/Error),2025-11-27 13:35:23,2025,"sulit banget daftarnya, layarnya tiba2 putih ga bisa lanjut. Nyerah gua, cape ngulang2 daftarnya🤣🤣","sulit banget daftarnya, layarnya tiba2 putih ga bisa lanjut. Nyerah gua, cape ngulang2 daftarnya🤣🤣",True,98,14,1.9.1,6,Ya,"Mohon maaf atas ketidak nyamanannya, terkait kendala yang dialami mohon dapat disampaikan ke customer service kami di +6221 2924 9000 atau email ke callcenter@trimegah.com.",2025-12-03 16:25:39,Sampel ulasan publik Play Store
ebe32d5a-6caa-4b71-8918-575497d8e323,2026-09-26 00:43:31,https://play.google.com/store/apps/details?id=id.trimegah.tplus.android,ID,id,1,0.0,0.0,Negative,Stabilitas Sistem & Bug (Crash/Error),2025-11-27 11:28:49,2025,Baru mau registrasi saja sdh error..bagaimana kalau sdh approval dan investasi,Baru mau registrasi saja sdh error..bagaimana kalau sdh approval dan investasi,True,78,11,1.9.1,1,Ya,"Mohon maaf atas ketidak nyamanannya, terkait kendala yang dialami mohon dapat disampaikan ke customer service kami di +6221 2924 9000 atau email ke callcenter@trimegah.com.",2025-12-03 16:26:28,Sampel ulasan publik Play Store
3fc48c44-4df5-4e1e-b917-a4413252e4f5,2026-09-26 00:43:31,https://play.google.com/store/apps/details?id=id.trimegah.tplus.android,ID,id,5,1.0,100.0,Positive,Transaksi & Portofolio Saham,2025-11-27 09:47:04,2025,"aplikasi nya bagus fitur lengkap dan simpel gampang buat cek portofolio kita, team CS yang responsif dan ramah membantu semua masalah kita, keren","aplikasi nya bagus fitur lengkap dan simpel gampang buat cek portofolio kita, team CS yang responsif dan ramah membantu semua masalah kita, keren",True,145,23,1.10.0,0,Tidak,,,Sampel ulasan publik Play Store
2d57e858-f67d-4080-943b-09b4443fd68c,2026-09-26 00:43:31,https://play.google.com/store/apps/details?id=id.trimegah.tplus.android,ID,id,1,0.0,0.0,Negative,UI/UX & Performa (Loading/Navigasi),2025-11-27 09:31:41,2025,"Susah bener ini buat registrasi nya, wajah tidak sesuai Mulu. Ya jelas aja engga sesuai itu KTP di buat 10 taun yang lalu. Mending lu buka juga deh opsi registrasi via telpon","Susah bener ini buat registrasi nya, wajah tidak sesuai Mulu. Ya jelas aja engga sesuai itu KTP di buat 10 taun yang lalu. Mending lu buka juga deh opsi registrasi via telpon",True,174,32,1.9.1,3,Ya,"Mohon maaf atas ketidak nyamanannya, terkait kendala yang dialami mohon dapat disampaikan ke customer service kami di +6221 2924 9000 atau email ke callcenter@trimegah.com.",2025-12-03 16:26:52,Sampel ulasan publik Play Store
55bc0e9a-881e-4482-b194-7734285de43b,2026-09-26 00:43:31,https://play.google.com/store/apps/details?id=id.trimegah.tplus.android,ID,id,2,0.25,25.0,Negative,Transaksi & Portofolio Saham,2025-11-27 08:55:23,2025,kenapa saya mau buka RDN GA bisa bisa. apa bisa jelaskan.,kenapa saya mau buka RDN GA bisa bisa. apa bisa jelaskan.,True,57,11,1.10.0,1,Tidak,,,Sampel ulasan publik Play Store
7fb835c5-23de-4256-94cc-11b44a25fff1,2026-09-26 00:43:31,https://play.google.com/store/apps/details?id=id.trimegah.tplus.android,ID,id,1,0.0,0.0,Negative,Keluhan Umum Aplikasi,2025-11-27 05:46:21,2025,aplikasi ampas ga bisa regist,aplikasi ampas ga bisa regist,True,29,5,1.9.1,2,Tidak,,,Sampel ulasan publik Play Store
53c11282-bdca-42f7-8c86-f09490d25897,2026-09-26 00:43:31,https://play.google.com/store/apps/details?id=id.trimegah.tplus.android,ID,id,1,0.0,0.0,Negative,Stabilitas Sistem & Bug (Crash/Error),2025-11-26 22:49:53,2025,"g bisa daftar, ngeblank","g bisa daftar, ngeblank",True,23,4,1.9.1,0,Tidak,,,Sampel ulasan publik Play Store
8b787a8c-e787-41b3-a8a4-a1da78dd76a7,2026-09-26 00:43:31,https://play.google.com/store/apps/details?id=id.trimegah.tplus.android,ID,id,2,0.25,25.0,Negative,Stabilitas Sistem & Bug (Crash/Error),2025-11-26 17:23:10,2025,"min masih ada bug aplikasinya,saya coba di hp redmi 2022 langsung force close min,tolong segera diperbaiki min🙏","min masih ada bug aplikasinya,saya coba di hp redmi 2022 langsung force close min,tolong segera diperbaiki min🙏",True,111,17,1.9.1,0,Tidak,,,Sampel ulasan publik Play Store
fd81f042-ecb6-41d5-802e-3cf09504f114,2026-09-26 00:43:31,https://play.google.com/store/apps/details?id=id.trimegah.tplus.android,ID,id,5,1.0,100.0,Positive,Transaksi & Portofolio Saham,2025-11-26 06:55:54,2025,Sejauh ini pake aplikasi Trima+ worth it sih. Akses nya mudah dan tampilan juga simple. Ada fiturnya yang interaktif dan lengkap untuk bantu memahami tren dan pola pergerakan harga saham ataupun reksa dana jadi bisa untuk mengidentifikasi peluang investasi dan mengelola risiko dengan lebih baik.,Sejauh ini pake aplikasi Trima+ worth it sih. Akses nya mudah dan tampilan juga simple. Ada fiturnya yang interaktif dan lengkap untuk bantu memahami tren dan pola pergerakan harga saham ataupun reksa dana jadi bisa untuk mengidentifikasi peluang investasi dan mengelola risiko dengan lebih baik.,True,296,45,Tidak Tercatat,0,Tidak,,,Sampel ulasan publik Play Store
519d2c60-8767-4f93-9205-f7c9e31222e1,2026-09-26 00:43:31,https://play.google.com/store/apps/details?id=id.trimegah.tplus.android,ID,id,1,0.0,0.0,Negative,Login & Autentikasi,2025-11-25 11:16:38,2025,tolong diperbaiki seperti sekuritas lainnya. untuk topup dan penarikan dana nya terlalu lama memakan waktu jeda nya. tidak seperti sekuritas lainnya. topup di jam kerja aja tidak langsung masuk harus email mulu baru muncul. ckk,tolong diperbaiki seperti sekuritas lainnya. untuk topup dan penarikan dana nya terlalu lama memakan waktu jeda nya. tidak seperti sekuritas lainnya. topup di jam kerja aja tidak langsung masuk harus email mulu baru muncul. ckk,True,227,35,1.9.1,14,Tidak,,,Sampel ulasan publik Play Store
66514f3c-d9a5-4596-bf95-4be4691d53cc,2026-09-26 00:43:31,https://play.google.com/store/apps/details?id=id.trimegah.tplus.android,ID,id,5,1.0,100.0,Positive,Login & Autentikasi,2025-11-25 08:42:06,2025,"Trima+ aplikasi yang mudah digunakan, cuma login menggunakan nomer Hp, Cs juga sangat responsif saat saya bertanya dan dijawab dengan penjelasan yang sangat mudah dipahami. tentunya fiturnya terlengkap. recommended buat yang suka saham seperti saya","Trima+ aplikasi yang mudah digunakan, cuma login menggunakan nomer Hp, Cs juga sangat responsif saat saya bertanya dan dijawab dengan penjelasan yang sangat mudah dipahami. tentunya fiturnya terlengkap. recommended buat yang suka saham seperti saya",True,248,35,1.10.0,0,Tidak,,,Sampel ulasan publik Play Store
76753b32-b907-430a-ad66-6c9c0befb9a6,2026-09-26 00:43:31,https://play.google.com/store/apps/details?id=id.trimegah.tplus.android,ID,id,5,1.0,100.0,Positive,Transaksi & Portofolio Saham,2025-11-25 08:36:42,2025,wih mantap ini apk bisa beli saham yg lumayan bagus,wih mantap ini apk bisa beli saham yg lumayan bagus,True,51,10,1.10.0,0,Tidak,,,Sampel ulasan publik Play Store
d20b4c24-6dec-463d-a5d7-8d432e8f3f9e,2026-09-26 00:43:31,https://play.google.com/store/apps/details?id=id.trimegah.tplus.android,ID,id,5,1.0,100.0,Positive,Stabilitas Sistem & Bug (Crash/Error),2025-11-24 22:19:28,2025,"bagus buat pemula dan yg sudah mahir sih,buat liat profotolio juga enak apk gak lemot recommend sih apk nya dan gada bug","bagus buat pemula dan yg sudah mahir sih,buat liat profotolio juga enak apk gak lemot recommend sih apk nya dan gada bug",True,120,22,1.9.1,0,Tidak,,,Sampel ulasan publik Play Store
a3cb811c-c3c7-4df5-97b9-8a23fd81f993,2026-09-26 00:43:31,https://play.google.com/store/apps/details?id=id.trimegah.tplus.android,ID,id,5,1.0,100.0,Positive,Fitur Analisis & Data Pasar,2025-11-24 22:17:22,2025,"trima+ adalah aplikasi keuangan yang sangat lengkap dan mudah, fiturnya juga komplit,saya lebih mudah mengelola keuangan saya!","trima+ adalah aplikasi keuangan yang sangat lengkap dan mudah, fiturnya juga komplit,saya lebih mudah mengelola keuangan saya!",True,126,17,1.9.1,1,Tidak,,,Sampel ulasan publik Play Store
bef5ac04-6b8a-4f73-9e03-37021f837a61,2026-09-26 00:43:31,https://play.google.com/store/apps/details?id=id.trimegah.tplus.android,ID,id,3,0.5,50.0,Neutral,Stabilitas Sistem & Bug (Crash/Error),2025-11-23 23:27:27,2025,"kesel banget make nya, kebanyakan realod sama banyak errornya, kalo bisa di tingkat kan lagi min development nya supaya mudah dan lancar untuk pengguna","kesel banget make nya, kebanyakan realod sama banyak errornya, kalo bisa di tingkat kan lagi min development nya supaya mudah dan lancar untuk pengguna",True,151,24,1.9.1,2,Tidak,,,Sampel ulasan publik Play Store
b5c2f9fc-6516-4867-b9aa-939cb04b6761,2026-09-26 00:43:31,https://play.google.com/store/apps/details?id=id.trimegah.tplus.android,ID,id,5,1.0,100.0,Positive,Apresiasi Umum & Kepuasan,2025-11-23 04:38:24,2025,Trima plus sell and buy nya fast tanpa kendala,Trima plus sell and buy nya fast tanpa kendala,True,46,9,Tidak Tercatat,0,Tidak,,,Sampel ulasan publik Play Store
3381454d-c8e5-4f72-982d-8e1cee7fdb12,2026-09-26 00:43:31,https://play.google.com/store/apps/details?id=id.trimegah.tplus.android,ID,id,5,1.0,100.0,Positive,Transaksi & Portofolio Saham,2025-11-21 11:45:23,2025,"sangat memudahkan dan membantu dalam memantau portofolio aset dan saham,","sangat memudahkan dan membantu dalam memantau portofolio aset dan saham,",True,72,10,Tidak Tercatat,1,Tidak,,,Sampel ulasan publik Play Store
df694970-7bf4-4ce1-9113-61a6ac406c79,2026-09-26 00:43:31,https://play.google.com/store/apps/details?id=id.trimegah.tplus.android,ID,id,5,1.0,100.0,Positive,Customer Service & Layanan,2025-11-21 09:17:12,2025,"aplikasinya bagus banget pokoknya responnya cepet banget Tim Call Center Trimegah super gercep/sat set dan responsif banget untuk jawabin segala pertanyaan dan siap assist hingga selesai setiap waktu , jadi kalo bingung atau ada kendala , bener bener di bantu banget kalau lagi ada kendala","aplikasinya bagus banget pokoknya responnya cepet banget Tim Call Center Trimegah super gercep/sat set dan responsif banget untuk jawabin segala pertanyaan dan siap assist hingga selesai setiap waktu , jadi kalo bingung atau ada kendala , bener bener di bantu banget kalau lagi ada kendala",True,289,45,1.9.1,0,Tidak,,,Sampel ulasan publik Play Store
d11de709-ed8a-47aa-b891-c1f66e518932,2026-09-26 00:43:31,https://play.google.com/store/apps/details?id=id.trimegah.tplus.android,ID,id,5,1.0,100.0,Positive,Apresiasi Umum & Kepuasan,2025-11-20 08:59:33,2025,Aplikasinya lengkap banget terus juga ringkas dan simpel buat dimengerti pokoknya puas banget deh yang biasanya harus buka beberapa aplikasi sekarang pakai ini jadi satu aplikasi udah lengkap banget,Aplikasinya lengkap banget terus juga ringkas dan simpel buat dimengerti pokoknya puas banget deh yang biasanya harus buka beberapa aplikasi sekarang pakai ini jadi satu aplikasi udah lengkap banget,True,198,29,Tidak Tercatat,0,Tidak,,,Sampel ulasan publik Play Store
a4c4f286-b955-49e6-8c9f-7db8358074f6,2026-09-26 00:43:31,https://play.google.com/store/apps/details?id=id.trimegah.tplus.android,ID,id,5,1.0,100.0,Positive,Transaksi & Portofolio Saham,2025-11-19 18:51:41,2025,udah coba pakai trima beberapa Minggu dan ternyata enak banget buat mantau portofolio sekarang semua aset kayak saham rekomendasi banget,udah coba pakai trima beberapa Minggu dan ternyata enak banget buat mantau portofolio sekarang semua aset kayak saham rekomendasi banget,True,136,20,Tidak Tercatat,0,Tidak,,,Sampel ulasan publik Play Store
317d9480-41eb-457f-a13f-9d068c42d0a0,2026-09-26 00:43:31,https://play.google.com/store/apps/details?id=id.trimegah.tplus.android,ID,id,5,1.0,100.0,Positive,Transaksi & Portofolio Saham,2025-11-18 00:49:18,2025,udah coba pakai trima berapa minggu enak portofolio bagus rekomendasi banget guys,udah coba pakai trima berapa minggu enak portofolio bagus rekomendasi banget guys,True,81,12,1.9.1,0,Tidak,,,Sampel ulasan publik Play Store
8ce6ea37-2916-4aa3-b386-050fe326f876,2026-09-26 00:43:31,https://play.google.com/store/apps/details?id=id.trimegah.tplus.android,ID,id,5,1.0,100.0,Positive,Apresiasi Umum & Kepuasan,2025-11-17 08:29:16,2025,aplikasinya sangat berguna auto kasih bintang 5,aplikasinya sangat berguna auto kasih bintang 5,True,47,7,1.9.1,0,Tidak,,,Sampel ulasan publik Play Store
ba1b6096-485f-412a-9f32-9755c155f1b3,2026-09-26 00:43:31,https://play.google.com/store/apps/details?id=id.trimegah.tplus.android,ID,id,5,1.0,100.0,Positive,Login & Autentikasi,2025-11-17 07:53:40,2025,"Pertama kali buka, tampilannya simpel dan rapi, jadi aku yang masih pemula nggak merasa bingung. Fitur saham juga semakin lengkap setelah update terbaru rasanya semua yang aku butuhkan sudah tersedia langsung di beranda. Notifikasi email juga bantu banget, terutama kalau ada aktivitas login atau hal penting lain, jadi lebih merasa aman","Pertama kali buka, tampilannya simpel dan rapi, jadi aku yang masih pemula nggak merasa bingung. Fitur saham juga semakin lengkap setelah update terbaru rasanya semua yang aku butuhkan sudah tersedia langsung di beranda. Notifikasi email juga bantu banget, terutama kalau ada aktivitas login atau hal penting lain, jadi lebih merasa aman",True,337,51,1.9.1,4,Tidak,,,Sampel ulasan publik Play Store
cedd7b70-5193-40fe-8c92-4a999ed970b4,2026-09-26 00:43:31,https://play.google.com/store/apps/details?id=id.trimegah.tplus.android,ID,id,5,1.0,100.0,Positive,Transaksi & Portofolio Saham,2025-11-17 07:34:06,2025,"semakin mudah bikin portofolio saham dengan trima, menghemat waktu dan memudahkan banget","semakin mudah bikin portofolio saham dengan trima, menghemat waktu dan memudahkan banget",True,88,12,Tidak Tercatat,0,Tidak,,,Sampel ulasan publik Play Store
c6b1027f-6c4a-4d73-8430-badf1888f167,2026-09-26 00:43:31,https://play.google.com/store/apps/details?id=id.trimegah.tplus.android,ID,id,5,1.0,100.0,Positive,Customer Service & Layanan,2025-11-17 07:20:26,2025,"Aplikasi trima + bagus dan fiturnya juga banyak, apalagi Tim call center dan admin sangat responsif dan membantu banget , yuk yang mau trading jangan ragu ragu lagi","Aplikasi trima + bagus dan fiturnya juga banyak, apalagi Tim call center dan admin sangat responsif dan membantu banget , yuk yang mau trading jangan ragu ragu lagi",True,164,28,1.9.1,0,Tidak,,,Sampel ulasan publik Play Store
8306be08-d461-43cc-96f7-341ad3685c4e,2026-09-26 00:43:31,https://play.google.com/store/apps/details?id=id.trimegah.tplus.android,ID,id,5,1.0,100.0,Positive,Transaksi & Portofolio Saham,2025-11-12 13:11:08,2025,"fitur trima+ ngebantu cari ide beli saham, tim call center dan administratif sangat fase respon kalau ada kendala dan saya sangat terbantu","fitur trima+ ngebantu cari ide beli saham, tim call center dan administratif sangat fase respon kalau ada kendala dan saya sangat terbantu",True,138,22,1.9.1,0,Tidak,,,Sampel ulasan publik Play Store
4ce4cc36-63cc-4097-933a-d658d18c2376,2026-09-26 00:43:31,https://play.google.com/store/apps/details?id=id.trimegah.tplus.android,ID,id,5,1.0,100.0,Positive,Transaksi & Portofolio Saham,2025-11-12 10:39:52,2025,"Suka banget sama aplikasi Trima+. Aku bisa beli saham, reksa dana, obligasi di dalam 1 aplikasi. Bukan itu saja. Salah satu fitur yg aku suka Trima+ Picks dan Trima+ Ideas bisa ngebantu cari ide beli saham. Mudah dan nyaman sekali pakai aplikasi Trima+.","Suka banget sama aplikasi Trima+. Aku bisa beli saham, reksa dana, obligasi di dalam 1 aplikasi. Bukan itu saja. Salah satu fitur yg aku suka Trima+ Picks dan Trima+ Ideas bisa ngebantu cari ide beli saham. Mudah dan nyaman sekali pakai aplikasi Trima+.",True,253,43,1.9.1,0,Tidak,,,Sampel ulasan publik Play Store
4f3d3430-8f73-4b02-81a7-5075b0bc2ae7,2026-09-26 00:43:31,https://play.google.com/store/apps/details?id=id.trimegah.tplus.android,ID,id,1,0.0,0.0,Negative,Registrasi & Onboarding (KYC),2025-11-11 18:18:37,2025,"saya mau daftar bikin akun pakai nomer hp selalu ga bisa, katanya server eror","saya mau daftar bikin akun pakai nomer hp selalu ga bisa, katanya server eror",True,77,14,1.9.1,4,Tidak,,,Sampel ulasan publik Play Store
dc0e1f38-fe8b-460b-97da-d200f877544f,2026-09-26 00:43:31,https://play.google.com/store/apps/details?id=id.trimegah.tplus.android,ID,id,1,0.0,0.0,Negative,UI/UX & Performa (Loading/Navigasi),2025-11-11 09:01:26,2025,"Sekelas LG bikin aplikasi buat HP Z FOLD gk dipikirin malah dizoom tampilannya dr HP biasa ke HP Z FOLD suruh belajar lagi tim developernya, Coba belajar aplikasi yg bagus dan bisa dark mode kaya YP XL XC dan menyesuaikan tampilannya dengan Z Fold pasti customer seneng","Sekelas LG bikin aplikasi buat HP Z FOLD gk dipikirin malah dizoom tampilannya dr HP biasa ke HP Z FOLD suruh belajar lagi tim developernya, Coba belajar aplikasi yg bagus dan bisa dark mode kaya YP XL XC dan menyesuaikan tampilannya dengan Z Fold pasti customer seneng",True,269,47,1.9.1,6,Tidak,,,Sampel ulasan publik Play Store
2525b03f-0c99-44f5-8dce-8159b68ed0c1,2026-09-26 00:43:31,https://play.google.com/store/apps/details?id=id.trimegah.tplus.android,ID,id,2,0.25,25.0,Negative,Customer Service & Layanan,2025-11-10 20:50:10,2025,kenapa harus pake npwp sih mana wajib banget males ngurusnya,kenapa harus pake npwp sih mana wajib banget males ngurusnya,True,60,10,1.9.1,1,Tidak,,,Sampel ulasan publik Play Store
002f3ff2-891a-4c30-9ab2-cbf851a8a8e5,2026-09-26 00:43:31,https://play.google.com/store/apps/details?id=id.trimegah.tplus.android,ID,id,3,0.5,50.0,Neutral,Stabilitas Sistem & Bug (Crash/Error),2025-11-10 16:05:04,2025,"bug nya tolong diperbaiki min, masa iya error pas mau registrasi gitu","bug nya tolong diperbaiki min, masa iya error pas mau registrasi gitu",True,69,12,Tidak Tercatat,1,Tidak,,,Sampel ulasan publik Play Store
6c816f7c-38d5-4391-8f0d-1113c3ca9604,2026-09-26 00:43:31,https://play.google.com/store/apps/details?id=id.trimegah.tplus.android,ID,id,3,0.5,50.0,Neutral,Login & Autentikasi,2025-11-09 12:10:40,2025,"dear admin, kenapa tarik dana saya belum masuk ke rekening pribadi saya, dan kenapa saya melakukan tarik dana sekali tapi aplikasi melakukan dua kali, terima kasih","dear admin, kenapa tarik dana saya belum masuk ke rekening pribadi saya, dan kenapa saya melakukan tarik dana sekali tapi aplikasi melakukan dua kali, terima kasih",True,163,26,1.9.1,1,Tidak,,,Sampel ulasan publik Play Store
30e15b75-af5d-410c-8434-fe251ad45675,2026-09-26 00:43:31,https://play.google.com/store/apps/details?id=id.trimegah.tplus.android,ID,id,2,0.25,25.0,Negative,Stabilitas Sistem & Bug (Crash/Error),2025-11-07 07:14:07,2025,perbaiki bug apk dan server,perbaiki bug apk dan server,True,27,5,1.9.1,0,Tidak,,,Sampel ulasan publik Play Store
3ece2ac4-b657-4f7b-9f09-77603fed5446,2026-09-26 00:43:31,https://play.google.com/store/apps/details?id=id.trimegah.tplus.android,ID,id,1,0.0,0.0,Negative,Transaksi & Portofolio Saham,2025-11-06 09:41:40,2025,"terima kasih atas pengalaman yg tidak menyenagkan selama memakai trimegah. mulai dari susah withdrawal, dulu bisa jual waran via app sekarang harus telpon call center dealer. aplikasi nya sekarang lemot parah dan tampilan makin tidak friendly.","terima kasih atas pengalaman yg tidak menyenagkan selama memakai trimegah. mulai dari susah withdrawal, dulu bisa jual waran via app sekarang harus telpon call center dealer. aplikasi nya sekarang lemot parah dan tampilan makin tidak friendly.",True,243,36,1.9.1,32,Tidak,,,Sampel ulasan publik Play Store
19e7dcdc-0a15-4295-8634-b950c887b7a8,2026-09-26 00:43:31,https://play.google.com/store/apps/details?id=id.trimegah.tplus.android,ID,id,5,1.0,100.0,Positive,Transaksi & Portofolio Saham,2025-11-05 16:35:08,2025,"mohon maaf untuk para suhu cara untuk tarik dana, knp ia tidak bisa di ketik, beda hal nya waktu topup cepat proses nya","mohon maaf untuk para suhu cara untuk tarik dana, knp ia tidak bisa di ketik, beda hal nya waktu topup cepat proses nya",True,119,23,1.9.0,0,Tidak,,,Sampel ulasan publik Play Store
8af1fdc1-2e0c-488e-a540-4de32df6b1e7,2026-09-26 00:43:31,https://play.google.com/store/apps/details?id=id.trimegah.tplus.android,ID,id,5,1.0,100.0,Positive,Transaksi & Portofolio Saham,2025-10-31 16:41:12,2025,"aplikasi ini bneran GK ribet sih menurut ku,karna log-in nya bisa cuma pakai no hp aja. Fitur nya juga lengkap mulai dari bisa beli saham,reksa dana dan obligasi.orderan nya juga lengkap, ngebantu banget buat trade saham,dan tim call center juga pada gercep buat jawabin pernyataan Kita yg gk dimengerti. oke bngett pkoknya","aplikasi ini bneran GK ribet sih menurut ku,karna log-in nya bisa cuma pakai no hp aja. Fitur nya juga lengkap mulai dari bisa beli saham,reksa dana dan obligasi.orderan nya juga lengkap, ngebantu banget buat trade saham,dan tim call center juga pada gercep buat jawabin pernyataan Kita yg gk dimengerti. oke bngett pkoknya",True,323,52,1.9.0,0,Tidak,,,Sampel ulasan publik Play Store
0a49efc0-3135-4f29-83f2-f9c951089538,2026-09-26 00:43:31,https://play.google.com/store/apps/details?id=id.trimegah.tplus.android,ID,id,5,1.0,100.0,Positive,UI/UX & Performa (Loading/Navigasi),2025-10-31 16:37:28,2025,"BEST banget sihhh menurutku yang suka bingung atau lambat di respon di apk ini tim call center dan admin nya super sat set banget sihh , Mereka super cepat, responsif, dan selalu siap membantu menjawab semua pertanyaan kalian . pelayanan nya juga ramah dan profesional, mereka akan menemani kamu hingga semua urusan selesai, kapan pun kamu butuh ...","BEST banget sihhh menurutku yang suka bingung atau lambat di respon di apk ini tim call center dan admin nya super sat set banget sihh , Mereka super cepat, responsif, dan selalu siap membantu menjawab semua pertanyaan kalian . pelayanan nya juga ramah dan profesional, mereka akan menemani kamu hingga semua urusan selesai, kapan pun kamu butuh ...",True,349,58,1.9.0,0,Tidak,,,Sampel ulasan publik Play Store
fe8abfd6-be78-4013-b0d2-ae73b52a4886,2026-09-26 00:43:31,https://play.google.com/store/apps/details?id=id.trimegah.tplus.android,ID,id,5,1.0,100.0,Positive,Login & Autentikasi,2025-10-31 16:27:51,2025,"baru kali ini Nemu applikasi tepat, Trima+. akses portofolio cepat dan ringkas. Login ya sekarang mudah lagi. cukup pakai nomor Hp. good nggak tuh ....","baru kali ini Nemu applikasi tepat, Trima+. akses portofolio cepat dan ringkas. Login ya sekarang mudah lagi. cukup pakai nomor Hp. good nggak tuh ....",True,151,25,1.9.0,0,Tidak,,,Sampel ulasan publik Play Store
66af7b6b-964b-4a21-a5ca-9993b84cbdef,2026-09-26 00:43:31,https://play.google.com/store/apps/details?id=id.trimegah.tplus.android,ID,id,5,1.0,100.0,Positive,Transaksi & Portofolio Saham,2025-10-31 16:25:48,2025,"Wow Aplikasi trending topik paling keren dan lengkap. sekarang lebih gampang lagi bisa cuman pake nomer Hp . Bisa juga beli sama, mantap.","Wow Aplikasi trending topik paling keren dan lengkap. sekarang lebih gampang lagi bisa cuman pake nomer Hp . Bisa juga beli sama, mantap.",True,137,23,Tidak Tercatat,0,Tidak,,,Sampel ulasan publik Play Store
53d01c4c-9296-4015-9cae-7ad7aa7f7096,2026-09-26 00:43:31,https://play.google.com/store/apps/details?id=id.trimegah.tplus.android,ID,id,5,1.0,100.0,Positive,Transaksi & Portofolio Saham,2025-10-30 18:53:46,2025,"akses portofolio cepat dan ringkas ( bisa lihat saham reksa dana dan obligasi di dalam 1 halaman ) fitur trima+ piks dan trima+ ideas ngebantu cari ide beli saham,bisa beli saham reksa dana dan obligasi di dalam 1 aplikasi tim call center dan admin sangat responsif dan membantu banget","akses portofolio cepat dan ringkas ( bisa lihat saham reksa dana dan obligasi di dalam 1 halaman ) fitur trima+ piks dan trima+ ideas ngebantu cari ide beli saham,bisa beli saham reksa dana dan obligasi di dalam 1 aplikasi tim call center dan admin sangat responsif dan membantu banget",True,285,49,1.9.0,0,Tidak,,,Sampel ulasan publik Play Store
0be939f0-cfdc-4fd9-a817-6318fb43e4d9,2026-09-26 00:43:31,https://play.google.com/store/apps/details?id=id.trimegah.tplus.android,ID,id,5,1.0,100.0,Positive,Login & Autentikasi,2025-10-30 18:18:21,2025,"Bagi teman teman yang bingung brosing investasi saham. Ada Trima +,yabg bisa jadi solusinya.login sekarang bisa cuma dengan nomor hp ,mudah kan.Akses portofolio cepat dan ringkas.Fiturnya komplit,UI/UX intuitive.Bisa beli saham jugaada ,Reksadana ,dan obligasi didalam satu aplikasi.Fitur Trima+ picis dan Trima + ideas sangat membantu Masih banyak lagi keuntungan lainnya yang tersedia dan diperoleh dengan mudah.Gass gaes ,jangan tunggu lama lama ,download agar secepatnya merasakan keberuntunga","Bagi teman teman yang bingung brosing investasi saham. Ada Trima +,yabg bisa jadi solusinya.login sekarang bisa cuma dengan nomor hp ,mudah kan.Akses portofolio cepat dan ringkas.Fiturnya komplit,UI/UX intuitive.Bisa beli saham jugaada ,Reksadana ,dan obligasi didalam satu aplikasi.Fitur Trima+ picis dan Trima + ideas sangat membantu Masih banyak lagi keuntungan lainnya yang tersedia dan diperoleh dengan mudah.Gass gaes ,jangan tunggu lama lama ,download agar secepatnya merasakan keberuntunga",True,497,66,1.9.0,0,Tidak,,,Sampel ulasan publik Play Store
b3de045b-d35b-43df-bd39-be41e6d4d2b7,2026-09-26 00:43:31,https://play.google.com/store/apps/details?id=id.trimegah.tplus.android,ID,id,5,1.0,100.0,Positive,Login & Autentikasi,2025-10-30 17:59:12,2025,"Apakah anda sedang mencari sarana investasi saham.Jangan bingung lagi Trima +,adalah jawaban yang tepat.login sekarang bisa cuma dengan nomor hp loh.Akses portofolio cepat dan ringkas.Fiturnya komplit,UI/UX intuitive.Bisa belisaham ,Reksadana ,dan obligasi didalam satu aplikasi.Masih banyaknlagi keuntungan lainnya yang menguntungkan dan diperoleh dengan mudah.Coba az gaes download dan meluncur..","Apakah anda sedang mencari sarana investasi saham.Jangan bingung lagi Trima +,adalah jawaban yang tepat.login sekarang bisa cuma dengan nomor hp loh.Akses portofolio cepat dan ringkas.Fiturnya komplit,UI/UX intuitive.Bisa belisaham ,Reksadana ,dan obligasi didalam satu aplikasi.Masih banyaknlagi keuntungan lainnya yang menguntungkan dan diperoleh dengan mudah.Coba az gaes download dan meluncur..",True,398,48,Tidak Tercatat,0,Tidak,,,Sampel ulasan publik Play Store
a3e4c353-be23-4562-b0ea-a49ca910e302,2026-09-26 00:43:31,https://play.google.com/store/apps/details?id=id.trimegah.tplus.android,ID,id,5,1.0,100.0,Positive,Transaksi & Portofolio Saham,2025-10-30 13:19:42,2025,"Aplikasi Trima+ bagus bgt. Watchlist dan form order lengkap banget, ngebantu buat trader saham","Aplikasi Trima+ bagus bgt. Watchlist dan form order lengkap banget, ngebantu buat trader saham",True,94,14,1.9.0,0,Tidak,,,Sampel ulasan publik Play Store
6ab3695e-1f3f-477d-9cce-8e9f2aa83a47,2026-09-26 00:43:31,https://play.google.com/store/apps/details?id=id.trimegah.tplus.android,ID,id,5,1.0,100.0,Positive,Transaksi & Portofolio Saham,2025-10-29 20:43:37,2025,"Fiturnya komplit banget deh, bisa beli saham, reksadana, sama obligasi di satu aplikasi apalagi. Tim call center gercep juga jawabnya sukaa responsif gitu.","Fiturnya komplit banget deh, bisa beli saham, reksadana, sama obligasi di satu aplikasi apalagi. Tim call center gercep juga jawabnya sukaa responsif gitu.",True,155,23,Tidak Tercatat,0,Tidak,,,Sampel ulasan publik Play Store
2eda8164-a17c-4e39-bc13-89b444db1a94,2026-09-26 00:43:31,https://play.google.com/store/apps/details?id=id.trimegah.tplus.android,ID,id,5,1.0,100.0,Positive,Transaksi & Portofolio Saham,2025-10-29 20:40:43,2025,Fiturnya komplit. fitur Trima+ Picks dan Trima+ Ideas ngebantu banget buat saya cari ide beli saham. Tim call center dan admin sangat responsif dan membantu saya banget. sejauh ini saya puas dengan Trima+,Fiturnya komplit. fitur Trima+ Picks dan Trima+ Ideas ngebantu banget buat saya cari ide beli saham. Tim call center dan admin sangat responsif dan membantu saya banget. sejauh ini saya puas dengan Trima+,True,204,33,1.9.0,0,Tidak,,,Sampel ulasan publik Play Store
b06ba65b-b28a-4eaa-a3d8-5580aa06f4f2,2026-09-26 00:43:31,https://play.google.com/store/apps/details?id=id.trimegah.tplus.android,ID,id,5,1.0,100.0,Positive,Login & Autentikasi,2025-10-29 20:39:55,2025,"Lebih mudah ya sekarang, loginnya cuma tinggal pake nomor HP aja apalagi fiturnya pada komplit lagi dan call center sama adminnya bener² responsif dan ramah pokoknya.","Lebih mudah ya sekarang, loginnya cuma tinggal pake nomor HP aja apalagi fiturnya pada komplit lagi dan call center sama adminnya bener² responsif dan ramah pokoknya.",True,166,26,1.9.0,0,Tidak,,,Sampel ulasan publik Play Store
c3ed97f2-a0cc-40f8-9b0d-922f944fa79f,2026-09-26 00:43:31,https://play.google.com/store/apps/details?id=id.trimegah.tplus.android,ID,id,5,1.0,100.0,Positive,Login & Autentikasi,2025-10-29 20:38:09,2025,"demi apa login sekarang bisa cuma pakai nomor hp 😭 bisa belo saham, reksa dana, dan obligasi di dalam 1 aplikasi. kapan lagi ada aplikasi yang bisa sekomplit ini woy. makasi sama temenku yg telah rekomendasikan apps inii 😄 love sekebon","demi apa login sekarang bisa cuma pakai nomor hp 😭 bisa belo saham, reksa dana, dan obligasi di dalam 1 aplikasi. kapan lagi ada aplikasi yang bisa sekomplit ini woy. makasi sama temenku yg telah rekomendasikan apps inii 😄 love sekebon",True,235,41,1.9.0,0,Tidak,,,Sampel ulasan publik Play Store
faf505de-f819-4326-bc83-9f576a9857ed,2026-09-26 00:43:31,https://play.google.com/store/apps/details?id=id.trimegah.tplus.android,ID,id,5,1.0,100.0,Positive,Login & Autentikasi,2025-10-28 17:11:00,2025,"Udah coba pakai Trima+ beberapa minggu, dan ternyata enak banget buat mantau portofolio. Sekarang semua aset kayak saham, reksa dana, sampai obligasi bisa langsung kelihatan di satu halaman, jadi gak ribet buka-buka menu. Login-nya juga gampang banget, cukup pakai nomor HP aja.Yang paling aku suka, tim call center Trimegah super responsif! Waktu aku bingung soal fitur order, mereka langsung bantu step by step lewat chat sampai beres.","Udah coba pakai Trima+ beberapa minggu, dan ternyata enak banget buat mantau portofolio. Sekarang semua aset kayak saham, reksa dana, sampai obligasi bisa langsung kelihatan di satu halaman, jadi gak ribet buka-buka menu. Login-nya juga gampang banget, cukup pakai nomor HP aja.Yang paling aku suka, tim call center Trimegah super responsif! Waktu aku bingung soal fitur order, mereka langsung bantu step by step lewat chat sampai beres.",True,437,67,1.9.0,9,Tidak,,,Sampel ulasan publik Play Store
6e822458-28cd-4078-afef-42758d51da07,2026-09-26 00:43:31,https://play.google.com/store/apps/details?id=id.trimegah.tplus.android,ID,id,5,1.0,100.0,Positive,Transaksi & Portofolio Saham,2025-10-28 17:04:56,2025,"trima+ menyediakan Akses portofolio cepet dan ringkasan (bisa lihat saham, reksa dana, dan obligasi di 1 halaman,tim call center gercep,resposif banget buat jawab","trima+ menyediakan Akses portofolio cepet dan ringkasan (bisa lihat saham, reksa dana, dan obligasi di 1 halaman,tim call center gercep,resposif banget buat jawab",True,162,23,1.9.0,0,Tidak,,,Sampel ulasan publik Play Store
4242afaf-f53d-4def-a295-ad8cf7d0fde5,2026-09-26 00:43:31,https://play.google.com/store/apps/details?id=id.trimegah.tplus.android,ID,id,5,1.0,100.0,Positive,Login & Autentikasi,2025-10-28 17:04:30,2025,"Fitur login pakai nomor HP ini bikin akses jadi super cepat dan praktis. Tampilannya juga clean dan responsif, jadi makin nyaman dipakai setiap hari. Langkah simpel tapi impactful banget dari Trimegah buat memudahkan semua investor 👏","Fitur login pakai nomor HP ini bikin akses jadi super cepat dan praktis. Tampilannya juga clean dan responsif, jadi makin nyaman dipakai setiap hari. Langkah simpel tapi impactful banget dari Trimegah buat memudahkan semua investor 👏",True,233,36,1.9.0,0,Tidak,,,Sampel ulasan publik Play Store
4d71083b-0394-49f0-98d3-61d7efd03fcc,2026-09-26 00:43:31,https://play.google.com/store/apps/details?id=id.trimegah.tplus.android,ID,id,5,1.0,100.0,Positive,Transaksi & Portofolio Saham,2025-10-28 17:01:53,2025,Fitur trima+ picks sama ideas itu ngebantu banget sih buat ngebantu buat beli sagam terus akses portofolionya cepet juga ringkas udah enak banget bisa lihat saham jadi 1 halaman aja,Fitur trima+ picks sama ideas itu ngebantu banget sih buat ngebantu buat beli sagam terus akses portofolionya cepet juga ringkas udah enak banget bisa lihat saham jadi 1 halaman aja,True,181,30,1.9.0,0,Tidak,,,Sampel ulasan publik Play Store
10250d71-fe2f-4fb9-be93-978142f4bfaf,2026-09-26 00:43:31,https://play.google.com/store/apps/details?id=id.trimegah.tplus.android,ID,id,5,1.0,100.0,Positive,Login & Autentikasi,2025-10-28 17:01:20,2025,"loginnya gampang banget cuma pake nomor HP, fiturnya lengkap, dan yang paling menarik fitur Trima+ picks sama Trima+ Ideasnya sangat ngebantu buat nyari ide beli saham","loginnya gampang banget cuma pake nomor HP, fiturnya lengkap, dan yang paling menarik fitur Trima+ picks sama Trima+ Ideasnya sangat ngebantu buat nyari ide beli saham",True,167,26,1.9.0,0,Tidak,,,Sampel ulasan publik Play Store
c6a8b814-f83e-494c-ac40-d748ac5d8eca,2026-09-26 00:43:31,https://play.google.com/store/apps/details?id=id.trimegah.tplus.android,ID,id,5,1.0,100.0,Positive,Apresiasi Umum & Kepuasan,2025-10-28 12:37:43,2025,gak bisa register min.knapa ya?,gak bisa register min.knapa ya?,True,31,5,1.9.0,0,Tidak,,,Sampel ulasan publik Play Store
65985872-490b-4f33-92b0-0ad9aed08a2a,2026-09-26 00:43:31,https://play.google.com/store/apps/details?id=id.trimegah.tplus.android,ID,id,5,1.0,100.0,Positive,Transaksi & Portofolio Saham,2025-10-28 00:22:33,2025,"Fiturnya komplit betul guys, UI/UX intuitive. Fitur Trima+ Picks dan Trima+ Ideas beneran ngebantu banget buat yang lagi cari-cari ide buat beli saham, selain itu jga, ada reksa dana, dan obligasi di dalam 1 aplikasi.","Fiturnya komplit betul guys, UI/UX intuitive. Fitur Trima+ Picks dan Trima+ Ideas beneran ngebantu banget buat yang lagi cari-cari ide buat beli saham, selain itu jga, ada reksa dana, dan obligasi di dalam 1 aplikasi.",True,217,35,1.9.0,0,Tidak,,,Sampel ulasan publik Play Store
a116625b-8430-47ad-9b5e-ff33e0c97475,2026-09-26 00:43:31,https://play.google.com/store/apps/details?id=id.trimegah.tplus.android,ID,id,5,1.0,100.0,Positive,Fitur Analisis & Data Pasar,2025-10-26 22:46:51,2025,bagi yang mau belajar saham bisa banget donwload Trima+ fiturnya lengkap dan simple mudah dipahami untuk pemula dan yang terpenting call centernya gercep banget,bagi yang mau belajar saham bisa banget donwload Trima+ fiturnya lengkap dan simple mudah dipahami untuk pemula dan yang terpenting call centernya gercep banget,True,160,24,1.9.0,0,Tidak,,,Sampel ulasan publik Play Store
7777d25f-5457-4c84-84ef-fba586fd4f21,2026-09-26 00:43:31,https://play.google.com/store/apps/details?id=id.trimegah.tplus.android,ID,id,5,1.0,100.0,Positive,Transaksi & Portofolio Saham,2025-10-26 21:05:03,2025,"Aplikasi Trima+ ini cukup bagus, terutama untuk yang baru mau coba-coba investasi saham, reksa dana, dan obligasi. Tampilannya simpel dan lumayan mudah dipahami","Aplikasi Trima+ ini cukup bagus, terutama untuk yang baru mau coba-coba investasi saham, reksa dana, dan obligasi. Tampilannya simpel dan lumayan mudah dipahami",True,160,23,1.9.0,0,Tidak,,,Sampel ulasan publik Play Store
84707a13-3d62-4b59-a05c-35aaa20c3e00,2026-09-26 00:43:31,https://play.google.com/store/apps/details?id=id.trimegah.tplus.android,ID,id,5,1.0,100.0,Positive,Transaksi & Portofolio Saham,2025-10-26 20:05:43,2025,"Trima+ menawarkan akses portofolio yang cepat dan ringkas, memungkinkan pengguna untuk memantau investasi dengan lebih mudah dan efisien.","Trima+ menawarkan akses portofolio yang cepat dan ringkas, memungkinkan pengguna untuk memantau investasi dengan lebih mudah dan efisien.",True,137,18,1.9.0,0,Tidak,,,Sampel ulasan publik Play Store
8fd024c1-6d6f-4379-abb4-902dbe34963f,2026-09-26 00:43:31,https://play.google.com/store/apps/details?id=id.trimegah.tplus.android,ID,id,5,1.0,100.0,Positive,Transaksi & Portofolio Saham,2025-10-25 17:42:49,2025,"saya suka apk trima+ ini karena Bisa beli saham, reksa dana, dan obligasi di dalam 1 aplikasi jadi lebih mudah","saya suka apk trima+ ini karena Bisa beli saham, reksa dana, dan obligasi di dalam 1 aplikasi jadi lebih mudah",True,110,20,1.9.0,0,Tidak,,,Sampel ulasan publik Play Store
ffb53403-28f5-448c-845d-7a881acfe3ca,2026-09-26 00:43:31,https://play.google.com/store/apps/details?id=id.trimegah.tplus.android,ID,id,5,1.0,100.0,Positive,Login & Autentikasi,2025-10-25 16:30:04,2025,"Aplikasi ini punya akses portofolio cepet dan ringkas, gunanya bisa lihat saham, reksa dana, dan obligasi di 1 halaman. Login pun skr bisa pake nomor hp. Fiturnya komplit, tim call center Trimegah super gercep. Jadi bagus untuk kamu yang mau beli saham, reksa dana dan obligasi di dalam 1 aplikasi","Aplikasi ini punya akses portofolio cepet dan ringkas, gunanya bisa lihat saham, reksa dana, dan obligasi di 1 halaman. Login pun skr bisa pake nomor hp. Fiturnya komplit, tim call center Trimegah super gercep. Jadi bagus untuk kamu yang mau beli saham, reksa dana dan obligasi di dalam 1 aplikasi",True,297,50,Tidak Tercatat,0,Tidak,,,Sampel ulasan publik Play Store
860ea021-def7-4732-a1c2-1e51962bd3a6,2026-09-26 00:43:31,https://play.google.com/store/apps/details?id=id.trimegah.tplus.android,ID,id,5,1.0,100.0,Positive,Login & Autentikasi,2025-10-25 16:20:35,2025,"aplikasi nya lengkap banget sih apalagi gampang buat digunainnya, banyak fitur portofolio yang ringkas, tim call center responsif, sama loginnya juga praktis cuma pake nomor HP. cocok deh buat investor yang cari app gampang tapi fiturnya lengkap dalam satu aplikasi. 🌟","aplikasi nya lengkap banget sih apalagi gampang buat digunainnya, banyak fitur portofolio yang ringkas, tim call center responsif, sama loginnya juga praktis cuma pake nomor HP. cocok deh buat investor yang cari app gampang tapi fiturnya lengkap dalam satu aplikasi. 🌟",True,268,41,1.9.0,1,Tidak,,,Sampel ulasan publik Play Store
16b15bc6-1e30-4255-a710-4bcbd6d16b83,2026-09-26 00:43:31,https://play.google.com/store/apps/details?id=id.trimegah.tplus.android,ID,id,5,1.0,100.0,Positive,Transaksi & Portofolio Saham,2025-10-25 16:04:41,2025,"fiturnya bener2 lengkap banget, ada fitur buat cari ide beli saham. apalagi ada tim call center yg adminnya responsif dan membantu jika merasa bingung karena mmg semuanya oke. mau trading aman ya di Terima+😎😍","fiturnya bener2 lengkap banget, ada fitur buat cari ide beli saham. apalagi ada tim call center yg adminnya responsif dan membantu jika merasa bingung karena mmg semuanya oke. mau trading aman ya di Terima+😎😍",True,208,34,1.9.0,0,Tidak,,,Sampel ulasan publik Play Store
fc8dbdfd-4424-45ed-aaa6-20168e995b58,2026-09-26 00:43:31,https://play.google.com/store/apps/details?id=id.trimegah.tplus.android,ID,id,5,1.0,100.0,Positive,Login & Autentikasi,2025-10-25 15:58:57,2025,"Login nya gampang cukup dengan no HP, fitur lengkap, csnya juga gercep","Login nya gampang cukup dengan no HP, fitur lengkap, csnya juga gercep",True,70,12,1.9.0,0,Tidak,,,Sampel ulasan publik Play Store
90e00bbc-8f34-4d01-b2db-04f377e54546,2026-09-26 00:43:31,https://play.google.com/store/apps/details?id=id.trimegah.tplus.android,ID,id,5,1.0,100.0,Positive,Apresiasi Umum & Kepuasan,2025-10-24 21:59:32,2025,"mantap satset, darkmode kapan tersedia ya?","mantap satset, darkmode kapan tersedia ya?",True,42,6,1.9.0,0,Tidak,,,Sampel ulasan publik Play Store
776a3f8b-74d5-422a-8612-cce1109c3676,2026-09-26 00:43:31,https://play.google.com/store/apps/details?id=id.trimegah.tplus.android,ID,id,5,1.0,100.0,Positive,Transaksi & Portofolio Saham,2025-10-24 21:44:10,2025,"Bagi teman teman yang ingin berinvestasi dengan aman dan mudah , Trima +"",jawabnya. Dengan akses portofolio cepet dan ringkas,kamu bisa lihat saham ,Reksadana,dan obligasi.Masih banyak fitur dan andalan Thtima.Sistemnya aman , terpercaya dan transparan.Menguntungkan dan cocok .","Bagi teman teman yang ingin berinvestasi dengan aman dan mudah , Trima +"",jawabnya. Dengan akses portofolio cepet dan ringkas,kamu bisa lihat saham ,Reksadana,dan obligasi.Masih banyak fitur dan andalan Thtima.Sistemnya aman , terpercaya dan transparan.Menguntungkan dan cocok .",True,278,37,1.9.0,0,Tidak,,,Sampel ulasan publik Play Store
ac4cc806-3a9f-4816-b75c-a69ae88716ba,2026-09-26 00:43:31,https://play.google.com/store/apps/details?id=id.trimegah.tplus.android,ID,id,5,1.0,100.0,Positive,Transaksi & Portofolio Saham,2025-10-24 21:37:10,2025,"Satu klik langsung bisa akses portofolio cepet dan ringkas (bisa lihat saham, reksa dana, dan obligasi di 1 halaman). Bahasa mudah dipahami, untuk yang belum berpengalaman tim call center Trimegah super gercep/sat set dan responsif banget untuk jawabin segala pertanyaan dan siap assist hingga selesai setiap waktu!.I i dia ""Trima+"".Rekomended gaes","Satu klik langsung bisa akses portofolio cepet dan ringkas (bisa lihat saham, reksa dana, dan obligasi di 1 halaman). Bahasa mudah dipahami, untuk yang belum berpengalaman tim call center Trimegah super gercep/sat set dan responsif banget untuk jawabin segala pertanyaan dan siap assist hingga selesai setiap waktu!.I i dia ""Trima+"".Rekomended gaes",True,348,51,1.9.0,0,Tidak,,,Sampel ulasan publik Play Store
94c19200-9ef1-4520-b558-eb9b77443de1,2026-09-26 00:43:31,https://play.google.com/store/apps/details?id=id.trimegah.tplus.android,ID,id,5,1.0,100.0,Positive,Login & Autentikasi,2025-10-24 21:35:28,2025,"Saya mencoba aplikasi Trima+ untuk investasi saham, reksa dana, dan obligasi. Fitur pemilihan produk reksa dana dan ""Trima+ Picks"" sangat membantu. Namun, notifikasi yang sering tidak berfungsi dan login yang tidak stabil perlu diperbaiki. Rating 4/5. Aplikasi ini cukup lengkap, tapi perlu perbaikan pada beberapa aspek.","Saya mencoba aplikasi Trima+ untuk investasi saham, reksa dana, dan obligasi. Fitur pemilihan produk reksa dana dan ""Trima+ Picks"" sangat membantu. Namun, notifikasi yang sering tidak berfungsi dan login yang tidak stabil perlu diperbaiki. Rating 4/5. Aplikasi ini cukup lengkap, tapi perlu perbaikan pada beberapa aspek.",True,321,46,Tidak Tercatat,0,Tidak,,,Sampel ulasan publik Play Store
9680a2a9-17d7-499d-a128-43bb95571ebb,2026-09-26 00:43:31,https://play.google.com/store/apps/details?id=id.trimegah.tplus.android,ID,id,5,1.0,100.0,Positive,Login & Autentikasi,2025-10-23 20:10:34,2025,"""Trima+ adalah aplikasi keuangan yang sangat lengkap dan mudah digunakan! Dengan fitur-fitur yang komplit, saya bisa mengelola keuangan saya dengan lebih efektif. Yang paling saya sukai adalah proses loginnya yang sangat sederhana, hanya dengan menggunakan nomor HP saja sudah bisa langsung masuk ke dalam aplikasi. Tidak perlu repot mengingat kata sandi atau melakukan proses verifikasi yang rumit. Aplikasi ini sangat cocok bagi mereka yang ingin memiliki kontrol penuh atas keuangan mereka dengan","""Trima+ adalah aplikasi keuangan yang sangat lengkap dan mudah digunakan! Dengan fitur-fitur yang komplit, saya bisa mengelola keuangan saya dengan lebih efektif. Yang paling saya sukai adalah proses loginnya yang sangat sederhana, hanya dengan menggunakan nomor HP saja sudah bisa langsung masuk ke dalam aplikasi. Tidak perlu repot mengingat kata sandi atau melakukan proses verifikasi yang rumit. Aplikasi ini sangat cocok bagi mereka yang ingin memiliki kontrol penuh atas keuangan mereka dengan",True,499,72,1.9.0,1,Tidak,,,Sampel ulasan publik Play Store
f0ddf09e-6e32-4e00-a46b-c240617630aa,2026-09-26 00:43:31,https://play.google.com/store/apps/details?id=id.trimegah.tplus.android,ID,id,5,1.0,100.0,Positive,Apresiasi Umum & Kepuasan,2025-10-23 15:06:40,2025,aplikasi trima+ sangat menjangkau dan bagus banget . trima megah sat set dan tim call centernya ramah sekali,aplikasi trima+ sangat menjangkau dan bagus banget . trima megah sat set dan tim call centernya ramah sekali,True,108,18,1.9.0,0,Tidak,,,Sampel ulasan publik Play Store
fecaf2b3-fbae-497e-83b3-fe4a4316b540,2026-09-26 00:43:31,https://play.google.com/store/apps/details?id=id.trimegah.tplus.android,ID,id,1,0.0,0.0,Negative,Transaksi & Portofolio Saham,2025-10-22 11:07:34,2025,"Kemarin pengen coba dan jadikan apk utama dalam investasi. tapi tidak sesuai ekspektasi, proses deposit terbilang cepat tapi saat withdraw sangat sulit, ketentuan tidak boleh lewat jam 10:30 kalau tidak mau d proses di hari berikutnya. ini dari jam 6 pagi tidak ada kejelasan proses penarikannya. haddeh, seharusnya sekuritas besar dan nama besar itu bisa buat program, sistem, dan pengguna lebih nyaman. ini coba duit ratusan ribu prosesnya lama banget. gimana puluhan sampai ratusan kira2?","Kemarin pengen coba dan jadikan apk utama dalam investasi. tapi tidak sesuai ekspektasi, proses deposit terbilang cepat tapi saat withdraw sangat sulit, ketentuan tidak boleh lewat jam 10:30 kalau tidak mau d proses di hari berikutnya. ini dari jam 6 pagi tidak ada kejelasan proses penarikannya. haddeh, seharusnya sekuritas besar dan nama besar itu bisa buat program, sistem, dan pengguna lebih nyaman. ini coba duit ratusan ribu prosesnya lama banget. gimana puluhan sampai ratusan kira2?",True,491,75,1.8.1,3,Tidak,,,Sampel ulasan publik Play Store
73192047-39fe-43c8-ab0e-832cff22cbd1,2026-09-26 00:43:31,https://play.google.com/store/apps/details?id=id.trimegah.tplus.android,ID,id,5,1.0,100.0,Positive,Transaksi & Portofolio Saham,2025-10-22 10:29:55,2025,"mulai belajar reksadana dari 0 sampe bisa ngerti di apk ini, dari sekian banyaknya apk reksadana cuma ini yg dimengerti. tampilannya mudah dipahami, akses portopolionya cepet, bisa lihat saham dan reksadana sekaligus dalam 1 halaman jadi bisa pantau kedua nya. buat kalian yang mau belajar reksadana dan investasi saham ini apk frendly bgt buat pemula kaya aku gini.","mulai belajar reksadana dari 0 sampe bisa ngerti di apk ini, dari sekian banyaknya apk reksadana cuma ini yg dimengerti. tampilannya mudah dipahami, akses portopolionya cepet, bisa lihat saham dan reksadana sekaligus dalam 1 halaman jadi bisa pantau kedua nya. buat kalian yang mau belajar reksadana dan investasi saham ini apk frendly bgt buat pemula kaya aku gini.",True,366,58,1.8.1,0,Tidak,,,Sampel ulasan publik Play Store
9c3af3bd-830b-4f79-9c4b-54565ef99d7c,2026-09-26 00:43:31,https://play.google.com/store/apps/details?id=id.trimegah.tplus.android,ID,id,5,1.0,100.0,Positive,Login & Autentikasi,2025-10-22 08:35:16,2025,"Akses portofolio di Trimegah sekarang makin cepet dan ringkas, semua aset seperti saham, reksa dana, dan obligasi bisa dilihat di satu halaman aja, jadi lebih praktis tanpa harus pindah-pindah menu. Login-nya pun cukup pakai nomor HP, super simpel dan aman. Dari segi tampilan, UI/UX-nya intuitif banget dan fiturnya juga lengkap. Buat yang aktif trading, ada watchlist dan form order yang detail banget biar transaksi makin efisien.","Akses portofolio di Trimegah sekarang makin cepet dan ringkas, semua aset seperti saham, reksa dana, dan obligasi bisa dilihat di satu halaman aja, jadi lebih praktis tanpa harus pindah-pindah menu. Login-nya pun cukup pakai nomor HP, super simpel dan aman. Dari segi tampilan, UI/UX-nya intuitif banget dan fiturnya juga lengkap. Buat yang aktif trading, ada watchlist dan form order yang detail banget biar transaksi makin efisien.",True,433,66,Tidak Tercatat,0,Tidak,,,Sampel ulasan publik Play Store
e38ff481-0912-4d40-a478-bb73ed4b89e3,2026-09-26 00:43:31,https://play.google.com/store/apps/details?id=id.trimegah.tplus.android,ID,id,5,1.0,100.0,Positive,Login & Autentikasi,2025-10-21 11:59:40,2025,Semudah itu login di aplikasi ini hanya dengan nomor HP. Fiturnya komplit dan mudah dipahami apalagi oleh seorang pemula seperti saya. Timnya juga sangat cepat respon dan tanggapannya terhadap semua hal yg jadi pertanyaan saya jadi sangat tepat dan membantu sekali.,Semudah itu login di aplikasi ini hanya dengan nomor HP. Fiturnya komplit dan mudah dipahami apalagi oleh seorang pemula seperti saya. Timnya juga sangat cepat respon dan tanggapannya terhadap semua hal yg jadi pertanyaan saya jadi sangat tepat dan membantu sekali.,True,265,41,1.8.1,0,Tidak,,,Sampel ulasan publik Play Store
b3f2e470-b330-45f3-b8da-25bfc0448012,2026-09-26 00:43:31,https://play.google.com/store/apps/details?id=id.trimegah.tplus.android,ID,id,5,1.0,100.0,Positive,Login & Autentikasi,2025-10-20 22:47:37,2025,"Fitur trima+ komplit, bisa beli saham, reksa dana dan obigasi di 1 aplikasi. Login nya pun gampang bisa pake no hp aja, dan yg terpenting sudah ada ijin dan di awasi oleh ojk jd lebih aman.","Fitur trima+ komplit, bisa beli saham, reksa dana dan obigasi di 1 aplikasi. Login nya pun gampang bisa pake no hp aja, dan yg terpenting sudah ada ijin dan di awasi oleh ojk jd lebih aman.",True,189,36,1.8.1,0,Tidak,,,Sampel ulasan publik Play Store
a78811d8-76e4-41cb-9bda-c01c83d42f8e,2026-09-26 00:43:31,https://play.google.com/store/apps/details?id=id.trimegah.tplus.android,ID,id,5,1.0,100.0,Positive,UI/UX & Performa (Loading/Navigasi),2025-10-20 22:46:48,2025,"UI/UXnya terasa intuitif dan enak dipakai, cocok untuk pemula maupun trader aktif. Hal yang bikin aku betah juga yaitu tim call center yang luar biasa gercep dan responsif. Setiap kali aku tanya soal fitur atau kendala transaksi, mereka sigap bantuin sampai benar benar kelar.","UI/UXnya terasa intuitif dan enak dipakai, cocok untuk pemula maupun trader aktif. Hal yang bikin aku betah juga yaitu tim call center yang luar biasa gercep dan responsif. Setiap kali aku tanya soal fitur atau kendala transaksi, mereka sigap bantuin sampai benar benar kelar.",True,276,44,1.8.1,0,Tidak,,,Sampel ulasan publik Play Store
4460f452-d158-47e3-8d45-3a5b2a96e565,2026-09-26 00:43:31,https://play.google.com/store/apps/details?id=id.trimegah.tplus.android,ID,id,5,1.0,100.0,Positive,Login & Autentikasi,2025-10-20 22:36:59,2025,"Investasi di aplikasi ini sangat mudah, login cukup pakai nomer hp aja, fiturnya juga lengkap dan gak rumit. Bisa tanam saham, reksa dana, dan obligasi di satu tempat, Adminnya cepet tanggap kalau ada kendala. Top pokonya.","Investasi di aplikasi ini sangat mudah, login cukup pakai nomer hp aja, fiturnya juga lengkap dan gak rumit. Bisa tanam saham, reksa dana, dan obligasi di satu tempat, Adminnya cepet tanggap kalau ada kendala. Top pokonya.",True,222,36,1.8.1,0,Tidak,,,Sampel ulasan publik Play Store
f07fc83c-ef02-4759-adf2-af8b71833cb0,2026-09-26 00:43:31,https://play.google.com/store/apps/details?id=id.trimegah.tplus.android,ID,id,5,1.0,100.0,Positive,Transaksi & Portofolio Saham,2025-10-20 22:35:42,2025,bisa beli saham reksa dana akses portofolio cepet dab ringkas banyak fitur tersedia di dalam aplikasi nya,bisa beli saham reksa dana akses portofolio cepet dab ringkas banyak fitur tersedia di dalam aplikasi nya,True,105,17,1.8.1,0,Tidak,,,Sampel ulasan publik Play Store
840d3864-dd5c-466b-97f5-b70dd8db81fb,2026-09-26 00:43:31,https://play.google.com/store/apps/details?id=id.trimegah.tplus.android,ID,id,5,1.0,100.0,Positive,Login & Autentikasi,2025-10-20 22:31:53,2025,"Aplikasi investasi paling lengkap. bisa beli saham reksa dana dan obligasi di satu halaman. fitur-fitur nya lengkap, login nya gampang dan gak sulit bisa pakai nomer hp saja. Tim call centernya responsif banget setiap pertanyaan semua di jawab dengan detail dan jelas. pokonya recommend deh.","Aplikasi investasi paling lengkap. bisa beli saham reksa dana dan obligasi di satu halaman. fitur-fitur nya lengkap, login nya gampang dan gak sulit bisa pakai nomer hp saja. Tim call centernya responsif banget setiap pertanyaan semua di jawab dengan detail dan jelas. pokonya recommend deh.",True,291,45,Tidak Tercatat,0,Tidak,,,Sampel ulasan publik Play Store
c01b2b3e-244d-46f1-ab4e-27e71d89bfa2,2026-09-26 00:43:31,https://play.google.com/store/apps/details?id=id.trimegah.tplus.android,ID,id,5,1.0,100.0,Positive,Transaksi & Portofolio Saham,2025-10-20 21:31:11,2025,"keren sih apk yang satu ini udah cepet lengkap lagi mau trader saham, reksa dana, dan yang lain, apalagi ketika kita ada keluh kesah cs nya gercep banget balesin nya udh gitu fitur lengkap lagi.","keren sih apk yang satu ini udah cepet lengkap lagi mau trader saham, reksa dana, dan yang lain, apalagi ketika kita ada keluh kesah cs nya gercep banget balesin nya udh gitu fitur lengkap lagi.",True,194,35,1.8.1,0,Tidak,,,Sampel ulasan publik Play Store
17624c88-b1f1-440b-8611-7b46f8e3eb57,2026-09-26 00:43:31,https://play.google.com/store/apps/details?id=id.trimegah.tplus.android,ID,id,5,1.0,100.0,Positive,Transaksi & Portofolio Saham,2025-10-19 13:05:43,2025,"Fitur Trima+ Picks dan Trima+ Ideas ngebantu banget buat cari ide beli saham! Sekarang aku nggak bingung lagi mau mulai dari mana, karena ada rekomendasi saham lengkap dengan alasan dan tema investasinya. Jadi bukan cuma tahu saham apa yang bagus, tapi juga paham kenapanya. Aplikasinya mudah dipakai dan tampilannya keren serasa punya mentor investasi pribadi!","Fitur Trima+ Picks dan Trima+ Ideas ngebantu banget buat cari ide beli saham! Sekarang aku nggak bingung lagi mau mulai dari mana, karena ada rekomendasi saham lengkap dengan alasan dan tema investasinya. Jadi bukan cuma tahu saham apa yang bagus, tapi juga paham kenapanya. Aplikasinya mudah dipakai dan tampilannya keren serasa punya mentor investasi pribadi!",True,361,55,1.8.1,0,Tidak,,,Sampel ulasan publik Play Store
7fd87402-16b5-4718-a611-7bbc36669829,2026-09-26 00:43:31,https://play.google.com/store/apps/details?id=id.trimegah.tplus.android,ID,id,5,1.0,100.0,Positive,Login & Autentikasi,2025-10-19 12:58:15,2025,"fiturnya lengkap sperti fitur prima+ picks dan trima ideals sangat membantu sy buat cari ide untuk beli saham. Login sekarang juga sudah mudah sekali cuma pakai nomor hp,dan tim Call Center nya dan admin sangat membantu dan respotif.","fiturnya lengkap sperti fitur prima+ picks dan trima ideals sangat membantu sy buat cari ide untuk beli saham. Login sekarang juga sudah mudah sekali cuma pakai nomor hp,dan tim Call Center nya dan admin sangat membantu dan respotif.",True,233,38,1.8.1,0,Tidak,,,Sampel ulasan publik Play Store
8d474dad-f261-4c4e-b48b-8031383776fb,2026-09-26 00:43:31,https://play.google.com/store/apps/details?id=id.trimegah.tplus.android,ID,id,5,1.0,100.0,Positive,Login & Autentikasi,2025-10-19 12:55:12,2025,"aplikasi ini mempunyai akses portofolio cepat dan ringkas kegunaannya bisa lihat saham,reksa dana, dan obligasi di 1 halaman. login skr bisa cuma pakai nomor HP. fiturnya komplit, watchlist dan form order lengkap banget.","aplikasi ini mempunyai akses portofolio cepat dan ringkas kegunaannya bisa lihat saham,reksa dana, dan obligasi di 1 halaman. login skr bisa cuma pakai nomor HP. fiturnya komplit, watchlist dan form order lengkap banget.",True,220,33,Tidak Tercatat,0,Tidak,,,Sampel ulasan publik Play Store
7db7c073-1fd9-4fe2-9e26-a3694f5a86f3,2026-09-26 00:43:31,https://play.google.com/store/apps/details?id=id.trimegah.tplus.android,ID,id,5,1.0,100.0,Positive,Login & Autentikasi,2025-10-19 12:50:39,2025,"Trima+ keren sih, tampilannya rapi dan fiturnya lengkap banget. Bisa pantau saham, reksa dana, sampe obligasi dalam satu aplikasi. Login cuma pake nomor HP juga praktis banget. Tim call center-nya responsif parah, nanya apa aja dijawab cepet dan jelas. Cocok banget buat yang suka investasi tapi pengen semuanya simple.","Trima+ keren sih, tampilannya rapi dan fiturnya lengkap banget. Bisa pantau saham, reksa dana, sampe obligasi dalam satu aplikasi. Login cuma pake nomor HP juga praktis banget. Tim call center-nya responsif parah, nanya apa aja dijawab cepet dan jelas. Cocok banget buat yang suka investasi tapi pengen semuanya simple.",True,319,49,1.9.0,1,Tidak,,,Sampel ulasan publik Play Store
14081696-ae0a-4d6a-8a1b-6a4468e94db9,2026-09-26 00:43:31,https://play.google.com/store/apps/details?id=id.trimegah.tplus.android,ID,id,1,0.0,0.0,Negative,Stabilitas Sistem & Bug (Crash/Error),2025-10-19 00:10:53,2025,"selalu gagal validasi ektp, semua data sudah benar tapi gagal sampai 5 kali mengulang, gimana cs? mohon bantuan","selalu gagal validasi ektp, semua data sudah benar tapi gagal sampai 5 kali mengulang, gimana cs? mohon bantuan",True,111,18,1.9.0,2,Tidak,,,Sampel ulasan publik Play Store
0e805955-886d-4906-8075-66485aecaa62,2026-09-26 00:43:31,https://play.google.com/store/apps/details?id=id.trimegah.tplus.android,ID,id,5,1.0,100.0,Positive,Fitur Analisis & Data Pasar,2025-10-18 14:16:27,2025,Maksimalkan potensi keuntungan Anda dengan Trima+! Fitur Picks dan Ideas kami dirancang untuk membantu Anda menemukan ide-ide saham yang menjanjikan,Maksimalkan potensi keuntungan Anda dengan Trima+! Fitur Picks dan Ideas kami dirancang untuk membantu Anda menemukan ide-ide saham yang menjanjikan,True,148,20,1.8.1,0,Tidak,,,Sampel ulasan publik Play Store
2b1ad493-0af8-4655-aab9-131f4c5273ed,2026-09-26 00:43:31,https://play.google.com/store/apps/details?id=id.trimegah.tplus.android,ID,id,5,1.0,100.0,Positive,Customer Service & Layanan,2025-10-17 19:04:11,2025,"Layanan pelanggan Trima+ juga sangat baik. Saya pernah mengalami sedikit masalah dengan pembayaran, dan tim customer service Trima+ sangat responsif dan membantu. Mereka menjawab semua pertanyaan saya dengan sabar dan membantu menyelesaikan masalah saya dengan cepat.Tim call center trimegah super gercep/satset rekomen buat kalian pengguna baru.","Layanan pelanggan Trima+ juga sangat baik. Saya pernah mengalami sedikit masalah dengan pembayaran, dan tim customer service Trima+ sangat responsif dan membantu. Mereka menjawab semua pertanyaan saya dengan sabar dan membantu menyelesaikan masalah saya dengan cepat.Tim call center trimegah super gercep/satset rekomen buat kalian pengguna baru.",True,346,46,1.8.1,0,Tidak,,,Sampel ulasan publik Play Store
f1b102a6-ec83-4262-92e0-6036434ffc59,2026-09-26 00:43:31,https://play.google.com/store/apps/details?id=id.trimegah.tplus.android,ID,id,5,1.0,100.0,Positive,Login & Autentikasi,2025-10-17 19:03:32,2025,"Seneng banget nemuin aplikasi ini. Aplikasinya mudah banget apalagi bagi pemula . Login cuma pake nomor hp, fiturnya komplit. Timnya juga gercep banget dalam hal pelayanan. Aplikasi ini memang oke banget","Seneng banget nemuin aplikasi ini. Aplikasinya mudah banget apalagi bagi pemula . Login cuma pake nomor hp, fiturnya komplit. Timnya juga gercep banget dalam hal pelayanan. Aplikasi ini memang oke banget",True,203,31,1.8.1,0,Tidak,,,Sampel ulasan publik Play Store
e4d2758e-4fb8-4bd8-8c63-9c75296f5ac9,2026-09-26 00:43:31,https://play.google.com/store/apps/details?id=id.trimegah.tplus.android,ID,id,5,1.0,100.0,Positive,Transaksi & Portofolio Saham,2025-10-17 19:00:35,2025,"Gokil banget Aplikasi satu ini, yang dulu nya harus buka beberapa aplikasi buat cek investasi bikin ribet, tapi semuanya jadi mudah pake Trima+ aku bisa mudah liat semua portofolio mulai dari saham, rekas dana, sampai obligasi di satu halaman saja. Portofolio nya tampil dengan lebih ringkas, jadi bikin gampang banget buat nge-track semuanya, yang bikin makin suka tim call center nya yang benar benar super sat set, aku sempat bingung soal fitur transaksi nya , tapi respon mereka cepat banget","Gokil banget Aplikasi satu ini, yang dulu nya harus buka beberapa aplikasi buat cek investasi bikin ribet, tapi semuanya jadi mudah pake Trima+ aku bisa mudah liat semua portofolio mulai dari saham, rekas dana, sampai obligasi di satu halaman saja. Portofolio nya tampil dengan lebih ringkas, jadi bikin gampang banget buat nge-track semuanya, yang bikin makin suka tim call center nya yang benar benar super sat set, aku sempat bingung soal fitur transaksi nya , tapi respon mereka cepat banget",True,495,80,1.8.1,4,Tidak,,,Sampel ulasan publik Play Store
f7ca0fae-8b25-4e97-89ce-2cc1bc5a5234,2026-09-26 00:43:31,https://play.google.com/store/apps/details?id=id.trimegah.tplus.android,ID,id,5,1.0,100.0,Positive,Transaksi & Portofolio Saham,2025-10-17 18:55:17,2025,"Fitur aplikasi Trima+ ini sangat komplit , Fitur Trima+ Picka dan Trima+ Ideas ngebantu cari ide beli saham untuk kita ,Admin responya sangat cepat dan ngebantu banget buat kita.","Fitur aplikasi Trima+ ini sangat komplit , Fitur Trima+ Picka dan Trima+ Ideas ngebantu cari ide beli saham untuk kita ,Admin responya sangat cepat dan ngebantu banget buat kita.",True,178,29,1.8.1,0,Tidak,,,Sampel ulasan publik Play Store
5d005a85-0526-44ba-9a96-352d6acc7097,2026-09-26 00:43:31,https://play.google.com/store/apps/details?id=id.trimegah.tplus.android,ID,id,5,1.0,100.0,Positive,Login & Autentikasi,2025-10-17 18:22:42,2025,"Aplikasi yg membantu buat trader saham, apalagi login hanya menggunakan nomor hp dan fiturnya komplit mantap banget deh","Aplikasi yg membantu buat trader saham, apalagi login hanya menggunakan nomor hp dan fiturnya komplit mantap banget deh",True,119,18,1.8.1,0,Tidak,,,Sampel ulasan publik Play Store
d59060be-20b4-437a-9984-e0ae4a47ebb3,2026-09-26 00:43:31,https://play.google.com/store/apps/details?id=id.trimegah.tplus.android,ID,id,5,1.0,100.0,Positive,Apresiasi Umum & Kepuasan,2025-10-16 19:13:22,2025,mendukung,mendukung,True,9,1,1.9.0,0,Tidak,,,Sampel ulasan publik Play Store
75872803-0206-4e9d-8eb9-bf5d7310e504,2026-09-26 00:43:31,https://play.google.com/store/apps/details?id=id.trimegah.tplus.android,ID,id,5,1.0,100.0,Positive,Customer Service & Layanan,2025-10-15 17:42:50,2025,call center dan adminnya responsif banget terus log in nya sekarang bisa pakai nomor hp loh.,call center dan adminnya responsif banget terus log in nya sekarang bisa pakai nomor hp loh.,True,92,16,1.8.1,0,Tidak,,,Sampel ulasan publik Play Store
b985ce6c-3fd4-4723-9d75-edcf70b850d7,2026-09-26 00:43:31,https://play.google.com/store/apps/details?id=id.trimegah.tplus.android,ID,id,5,1.0,100.0,Positive,Transaksi & Portofolio Saham,2025-10-15 16:23:36,2025,"serius sekeren ini cuma dari 1 aplikasi loh bisa dengan mudah akses portofolio tinggal klik2 aja udah cepet banget ringkas lg , bisa liat saham , obligasi , reksadana di 1 halaman aja gokil parah no bug no lemot no loading2 asliiiii baru ada aplikasi sekomplit ini secara fitur nya itu loh ga kaya yg lain trima+ bantu banget buat liat naik turun nya saham , jual beli saham dan juga pembelian saham so buat kalian2 yg mau untung mending dwonload aja deh nih yaa aplikasi mantulss","serius sekeren ini cuma dari 1 aplikasi loh bisa dengan mudah akses portofolio tinggal klik2 aja udah cepet banget ringkas lg , bisa liat saham , obligasi , reksadana di 1 halaman aja gokil parah no bug no lemot no loading2 asliiiii baru ada aplikasi sekomplit ini secara fitur nya itu loh ga kaya yg lain trima+ bantu banget buat liat naik turun nya saham , jual beli saham dan juga pembelian saham so buat kalian2 yg mau untung mending dwonload aja deh nih yaa aplikasi mantulss",True,480,87,1.8.1,0,Tidak,,,Sampel ulasan publik Play Store
2f62f911-b810-4024-b7b3-756861367662,2026-09-26 00:43:31,https://play.google.com/store/apps/details?id=id.trimegah.tplus.android,ID,id,5,1.0,100.0,Positive,UI/UX & Performa (Loading/Navigasi),2025-10-15 16:16:59,2025,"Pertama kali daftar Trima+ tampilannya langsung bikin nyaman karena rapi dan mudah di mengerti.Nggak butuh waktu lawam buat paham cara kerjanya,aku mulai coba ngerjain bberapa tugas kecil dan yg bikin aku kaget,hasilnya real!!Aku bnran dapet saldo yg lngsung bisa di tarik.Trima+ juga ngasih pengalaman yanga menyenangkan karena setiap harinya selalu ada misi baru yg bisa di kerjakan,ccok buat yang mau isi waktu senggang tapi tetap produktif.Sangat recommended buat yg suka waktu luang.","Pertama kali daftar Trima+ tampilannya langsung bikin nyaman karena rapi dan mudah di mengerti.Nggak butuh waktu lawam buat paham cara kerjanya,aku mulai coba ngerjain bberapa tugas kecil dan yg bikin aku kaget,hasilnya real!!Aku bnran dapet saldo yg lngsung bisa di tarik.Trima+ juga ngasih pengalaman yanga menyenangkan karena setiap harinya selalu ada misi baru yg bisa di kerjakan,ccok buat yang mau isi waktu senggang tapi tetap produktif.Sangat recommended buat yg suka waktu luang.",True,488,72,Tidak Tercatat,0,Tidak,,,Sampel ulasan publik Play Store
2f314be4-33b7-43a6-b176-981f60f586fb,2026-09-26 00:43:31,https://play.google.com/store/apps/details?id=id.trimegah.tplus.android,ID,id,5,1.0,100.0,Positive,Login & Autentikasi,2025-10-15 16:12:41,2025,"Sejak pakai aplikasi Trimegah, cek portofolio jadi super praktis - saham, reksa dana, dan obligasi bisa dilihat di satu halaman. Login cukup pakai nomor HP, fiturnya lengkap, UI/UX intuitif, dan ada watchlist + form order yang ngebantu banget buat trading. Fitur Trima+ Picks & Ideas juga kasih inspirasi saham. Plus, tim call center dan adminnya responsif banget, selalu siap bantu sampai tuntas.","Sejak pakai aplikasi Trimegah, cek portofolio jadi super praktis - saham, reksa dana, dan obligasi bisa dilihat di satu halaman. Login cukup pakai nomor HP, fiturnya lengkap, UI/UX intuitif, dan ada watchlist + form order yang ngebantu banget buat trading. Fitur Trima+ Picks & Ideas juga kasih inspirasi saham. Plus, tim call center dan adminnya responsif banget, selalu siap bantu sampai tuntas.",True,397,62,Tidak Tercatat,0,Tidak,,,Sampel ulasan publik Play Store
0b97088a-5a0c-41ea-bb89-df65fac12084,2026-09-26 00:43:31,https://play.google.com/store/apps/details?id=id.trimegah.tplus.android,ID,id,5,1.0,100.0,Positive,Transaksi & Portofolio Saham,2025-10-14 23:54:30,2025,aku sudah langganan beli cripto disini sangat rekomendasi,aku sudah langganan beli cripto disini sangat rekomendasi,True,57,8,1.8.1,0,Tidak,,,Sampel ulasan publik Play Store
47ac919a-a1fe-499d-be6d-56da2cd94998,2026-09-26 00:43:31,https://play.google.com/store/apps/details?id=id.trimegah.tplus.android,ID,id,5,1.0,100.0,Positive,UI/UX & Performa (Loading/Navigasi),2025-10-14 21:33:38,2025,"Tim Call Center nya benar-benar luar biasa! Aku sempat bingung soal fitur transaksi, tapi respon mereka super cepat, ramah, dan bantuin sampai tuntas tanpa nunda. Semua pertanyaan dijawab dengan jelas, bahkan mereka aktif follow up biar aku benar-benar paham. Ditambah fitur aplikasinya lengkap dan mudah digunakan, bikin pengalaman investasi jadi nyaman banget. Pokoknya, pelayanan dan kecepatan tim Trima+ nggak ada duanya!","Tim Call Center nya benar-benar luar biasa! Aku sempat bingung soal fitur transaksi, tapi respon mereka super cepat, ramah, dan bantuin sampai tuntas tanpa nunda. Semua pertanyaan dijawab dengan jelas, bahkan mereka aktif follow up biar aku benar-benar paham. Ditambah fitur aplikasinya lengkap dan mudah digunakan, bikin pengalaman investasi jadi nyaman banget. Pokoknya, pelayanan dan kecepatan tim Trima+ nggak ada duanya!",True,425,61,1.8.1,0,Tidak,,,Sampel ulasan publik Play Store
13d16fb2-1896-4ed9-9874-55962507efe3,2026-09-26 00:43:31,https://play.google.com/store/apps/details?id=id.trimegah.tplus.android,ID,id,5,1.0,100.0,Positive,Transaksi & Portofolio Saham,2025-10-14 21:27:07,2025,daftar ya mudah cuman pakek nomer Teflon reksa Dana bisa membanty bnget apk ini,daftar ya mudah cuman pakek nomer Teflon reksa Dana bisa membanty bnget apk ini,True,79,14,1.8.1,0,Tidak,,,Sampel ulasan publik Play Store
a9860958-ed5c-4dba-b211-ae5b6b2df685,2026-09-26 00:43:31,https://play.google.com/store/apps/details?id=id.trimegah.tplus.android,ID,id,5,1.0,100.0,Positive,Login & Autentikasi,2025-10-14 21:26:35,2025,pertama kali sama mengunduh aplikasi ini sangat bagus... fitur trima+ ini juga ngebantu saya untuk beli saham dengan mudah. verifikasinya juga gampang banget cuma dengan no HP... Terima kasih trima+.,pertama kali sama mengunduh aplikasi ini sangat bagus... fitur trima+ ini juga ngebantu saya untuk beli saham dengan mudah. verifikasinya juga gampang banget cuma dengan no HP... Terima kasih trima+.,True,199,30,1.8.1,0,Tidak,,,Sampel ulasan publik Play Store
4a0fa15d-c2b3-497f-89e8-c1235c91a2c2,2026-09-26 00:43:31,https://play.google.com/store/apps/details?id=id.trimegah.tplus.android,ID,id,1,0.0,0.0,Negative,Fitur Analisis & Data Pasar,2025-10-13 17:45:26,2025,rekomendasi trima ideas jarang akurat. dan kenapa aplikasi tidak bisa screen shoot...,rekomendasi trima ideas jarang akurat. dan kenapa aplikasi tidak bisa screen shoot...,True,85,12,1.8.1,1,Tidak,,,Sampel ulasan publik Play Store
23130808-d7fa-4bd5-9711-0dd952747fd4,2026-09-26 00:43:31,https://play.google.com/store/apps/details?id=id.trimegah.tplus.android,ID,id,5,1.0,100.0,Positive,Transaksi & Portofolio Saham,2025-10-13 07:52:08,2025,"Baru pertama kali nyoba sekuritas Trima+ ternyata fiturnya se-WOW itu... Bayangin bisa akses Portfolio secara keseluruhan cuma di 1 halaman doang, terus fitur andalan banget buat bantu analisa saham yg mau kita beli tuh cukup laje Trima+ Picks atau Trima+ Ideas aja, dan yg terpenting tuh tim CS Trima+ yang gercep pake banget responnya buat bantuin kita, Top pokoknya Trima+","Baru pertama kali nyoba sekuritas Trima+ ternyata fiturnya se-WOW itu... Bayangin bisa akses Portfolio secara keseluruhan cuma di 1 halaman doang, terus fitur andalan banget buat bantu analisa saham yg mau kita beli tuh cukup laje Trima+ Picks atau Trima+ Ideas aja, dan yg terpenting tuh tim CS Trima+ yang gercep pake banget responnya buat bantuin kita, Top pokoknya Trima+",True,375,60,1.8.1,0,Tidak,,,Sampel ulasan publik Play Store
e2b27b78-e329-46a6-bc45-dea1cbebd9e1,2026-09-26 00:43:31,https://play.google.com/store/apps/details?id=id.trimegah.tplus.android,ID,id,5,1.0,100.0,Positive,Login & Autentikasi,2025-10-13 07:39:33,2025,"sekarang smua serba canggih ya,trutama apk trima+ ni smua fitur nya bnyak bget,hanya 1 apk kta bsa lihat saham & reksa dana hny dalam 1 apk aja,akses login nya juga mudah bget cukup pakai nmr hp aja kta sudah bsa login,apk ni ngebantu bget buat trader saham..","sekarang smua serba canggih ya,trutama apk trima+ ni smua fitur nya bnyak bget,hanya 1 apk kta bsa lihat saham & reksa dana hny dalam 1 apk aja,akses login nya juga mudah bget cukup pakai nmr hp aja kta sudah bsa login,apk ni ngebantu bget buat trader saham..",True,259,47,1.8.1,0,Tidak,,,Sampel ulasan publik Play Store
31b2aa72-d473-437f-bd12-f8f5719e299d,2026-09-26 00:43:31,https://play.google.com/store/apps/details?id=id.trimegah.tplus.android,ID,id,5,1.0,100.0,Positive,Transaksi & Portofolio Saham,2025-10-13 07:39:02,2025,"Admin nya sangat responsif dan ramah, selain itu dalam satu aplikasi kita bisa beli saham, obligasi & reksadana, lengkap pokonya...","Admin nya sangat responsif dan ramah, selain itu dalam satu aplikasi kita bisa beli saham, obligasi & reksadana, lengkap pokonya...",True,131,20,1.8.1,0,Tidak,,,Sampel ulasan publik Play Store
2c263696-1931-4cee-a65b-5c2d92fa866b,2026-09-26 00:43:31,https://play.google.com/store/apps/details?id=id.trimegah.tplus.android,ID,id,5,1.0,100.0,Positive,Customer Service & Layanan,2025-10-11 22:07:00,2025,"Call center-nya nggak pernah mengecewakan. Setiap ada kendala, selalu direspons dengan cepat dan dijelaskan dengan bahasa yang mudah dimengerti. Pelayanannya bikin tenang","Call center-nya nggak pernah mengecewakan. Setiap ada kendala, selalu direspons dengan cepat dan dijelaskan dengan bahasa yang mudah dimengerti. Pelayanannya bikin tenang",True,170,22,1.8.1,0,Tidak,,,Sampel ulasan publik Play Store
e32c775d-9683-4119-96e6-836623e6fa90,2026-09-26 00:43:31,https://play.google.com/store/apps/details?id=id.trimegah.tplus.android,ID,id,5,1.0,100.0,Positive,Apresiasi Umum & Kepuasan,2025-10-11 21:21:17,2025,"Pengalaman saya dengan call center-nya sangat memuaskan. Mereka cepat tanggap, sopan, da selalu kasih solusi jelas. Rasanya tenang kalau ada masalah transaksi.","Pengalaman saya dengan call center-nya sangat memuaskan. Mereka cepat tanggap, sopan, da selalu kasih solusi jelas. Rasanya tenang kalau ada masalah transaksi.",True,159,22,1.8.1,0,Tidak,,,Sampel ulasan publik Play Store
8ad05e67-8c16-4379-a70b-3f43c79aac02,2026-09-26 00:43:31,https://play.google.com/store/apps/details?id=id.trimegah.tplus.android,ID,id,5,1.0,100.0,Positive,Transaksi & Portofolio Saham,2025-10-11 00:40:21,2025,"Sudah lama pakai aplikasi ini dan sejauh ini puas banget. Semua transaksi lancar, mulai dari beli saham sampai pantau reksa dana. Akses portofolio cepat dan tampilannya juga rapi.","Sudah lama pakai aplikasi ini dan sejauh ini puas banget. Semua transaksi lancar, mulai dari beli saham sampai pantau reksa dana. Akses portofolio cepat dan tampilannya juga rapi.",True,179,28,1.8.1,0,Tidak,,,Sampel ulasan publik Play Store
6d595ccd-cfe7-4869-bbd9-7fa25cce01cb,2026-09-26 00:43:31,https://play.google.com/store/apps/details?id=id.trimegah.tplus.android,ID,id,5,1.0,100.0,Positive,Login & Autentikasi,2025-10-09 21:46:24,2025,"Login pakai nomor HP bikin segalanya jadi lebih mudah. Nggak perlu hafalin user ID panjang-panjang, tinggal masuk dan semua data portofolio langsung terbuka.","Login pakai nomor HP bikin segalanya jadi lebih mudah. Nggak perlu hafalin user ID panjang-panjang, tinggal masuk dan semua data portofolio langsung terbuka.",True,157,23,1.8.1,0,Tidak,,,Sampel ulasan publik Play Store
6e304654-8e86-4d97-82de-98967c64d6dd,2026-09-26 00:43:31,https://play.google.com/store/apps/details?id=id.trimegah.tplus.android,ID,id,5,1.0,100.0,Positive,Customer Service & Layanan,2025-10-09 21:38:09,2025,"Pernah ada kendala saat transaksi, tapi tim call center langsung tanggap dan bantu sampai selesai. Pelayanannya cepat dan jelas, bikin saya merasa aman pakai aplikasi ini.","Pernah ada kendala saat transaksi, tapi tim call center langsung tanggap dan bantu sampai selesai. Pelayanannya cepat dan jelas, bikin saya merasa aman pakai aplikasi ini.",True,171,26,1.8.1,0,Tidak,,,Sampel ulasan publik Play Store
58a51b97-34e0-4c0a-94c2-1d8e1d52f4d1,2026-09-26 00:43:31,https://play.google.com/store/apps/details?id=id.trimegah.tplus.android,ID,id,5,1.0,100.0,Positive,Transaksi & Portofolio Saham,2025-10-08 22:30:23,2025,Fitur Trima+ Picks dan Trima+ Ideas sangat membantu saya yang masih belajar analisa saham. Informasinya mudah dimengerti dan sering jadi acuan saya sebelum beli,Fitur Trima+ Picks dan Trima+ Ideas sangat membantu saya yang masih belajar analisa saham. Informasinya mudah dimengerti dan sering jadi acuan saya sebelum beli,True,160,24,1.8.1,0,Tidak,,,Sampel ulasan publik Play Store
6b5dd069-6372-480d-ae77-39da8d68904a,2026-09-26 00:43:31,https://play.google.com/store/apps/details?id=id.trimegah.tplus.android,ID,id,5,1.0,100.0,Positive,Transaksi & Portofolio Saham,2025-10-07 20:58:42,2025,"Suka banget karena semuanya bisa dilakukan di satu aplikasi. Mulai dari beli saham, reksa dana, sampai pantau portofolio. Nggak perlu buka aplikasi lain lagi. Benar-benar efisien dan user friendly!","Suka banget karena semuanya bisa dilakukan di satu aplikasi. Mulai dari beli saham, reksa dana, sampai pantau portofolio. Nggak perlu buka aplikasi lain lagi. Benar-benar efisien dan user friendly!",True,197,29,Tidak Tercatat,0,Tidak,,,Sampel ulasan publik Play Store
c56fce65-e077-4988-afa2-e687ac600b75,2026-09-26 00:43:31,https://play.google.com/store/apps/details?id=id.trimegah.tplus.android,ID,id,5,1.0,100.0,Positive,Transaksi & Portofolio Saham,2025-10-07 20:57:51,2025,Fitur Trima+ Ideas sering banget saya gunakan buat cari rekomendasi saham. Insight-nya cukup akurat dan mudah dimengerti. Cocok buat investor pemula yang butuh arahan awal sebelum beli saham.,Fitur Trima+ Ideas sering banget saya gunakan buat cari rekomendasi saham. Insight-nya cukup akurat dan mudah dimengerti. Cocok buat investor pemula yang butuh arahan awal sebelum beli saham.,True,191,28,Tidak Tercatat,0,Tidak,,,Sampel ulasan publik Play Store
00d7f2a3-3985-42cd-8fad-e6d6af1793df,2026-09-26 00:43:31,https://play.google.com/store/apps/details?id=id.trimegah.tplus.android,ID,id,5,1.0,100.0,Positive,Transaksi & Portofolio Saham,2025-10-07 20:57:23,2025,"Sudah pakai aplikasi ini beberapa bulan dan puas banget. Akses portofolio cepat, semua aset mulai dari saham, reksa dana, sampai obligasi bisa dicek di satu tempat. Praktis banget buat pantau hasil investasi harian.","Sudah pakai aplikasi ini beberapa bulan dan puas banget. Akses portofolio cepat, semua aset mulai dari saham, reksa dana, sampai obligasi bisa dicek di satu tempat. Praktis banget buat pantau hasil investasi harian.",True,215,33,1.8.1,0,Tidak,,,Sampel ulasan publik Play Store
4b247736-2de9-42f2-8512-abd627192539,2026-09-26 00:43:31,https://play.google.com/store/apps/details?id=id.trimegah.tplus.android,ID,id,5,1.0,100.0,Positive,Customer Service & Layanan,2025-10-07 20:56:45,2025,"Pernah hubungi call center karena ada transaksi tertunda, dan responnya cepat banget. Timnya ramah, profesional, dan langsung bantu sampai masalah selesai. Servis seperti ini yang bikin saya makin percaya pakai aplikasi ini.","Pernah hubungi call center karena ada transaksi tertunda, dan responnya cepat banget. Timnya ramah, profesional, dan langsung bantu sampai masalah selesai. Servis seperti ini yang bikin saya makin percaya pakai aplikasi ini.",True,224,32,1.8.1,0,Tidak,,,Sampel ulasan publik Play Store
08e41592-865c-40df-94c3-e279e4fad514,2026-09-26 00:43:31,https://play.google.com/store/apps/details?id=id.trimegah.tplus.android,ID,id,5,1.0,100.0,Positive,Transaksi & Portofolio Saham,2025-10-06 19:34:51,2025,"Aplikasi ini benar-benar memudahkan saya yang baru belajar investasi. Bisa beli saham, reksa dana, dan obligasi di satu tempat! Ditambah lagi, tim adminnya cepat banget tanggap kalau ada pertanyaan. Rasanya seperti punya asisten pribadi untuk investasi","Aplikasi ini benar-benar memudahkan saya yang baru belajar investasi. Bisa beli saham, reksa dana, dan obligasi di satu tempat! Ditambah lagi, tim adminnya cepat banget tanggap kalau ada pertanyaan. Rasanya seperti punya asisten pribadi untuk investasi",True,252,36,1.8.1,0,Tidak,,,Sampel ulasan publik Play Store
141791fc-e0cc-4a52-8310-ae266bd97340,2026-09-26 00:43:31,https://play.google.com/store/apps/details?id=id.trimegah.tplus.android,ID,id,5,1.0,100.0,Positive,Transaksi & Portofolio Saham,2025-10-06 19:15:25,2025,"Yang paling saya suka dari Trimegah itu fiturnya lengkap banget. Dari watchlist, form order, sampai Trima+ Ideas buat cari ide saham baru. Semua serba praktis dan tampilannya juga intuitif, bikin nyaman dipakai tiap hari.","Yang paling saya suka dari Trimegah itu fiturnya lengkap banget. Dari watchlist, form order, sampai Trima+ Ideas buat cari ide saham baru. Semua serba praktis dan tampilannya juga intuitif, bikin nyaman dipakai tiap hari.",True,221,34,1.8.1,0,Tidak,,,Sampel ulasan publik Play Store
f4d24a1c-72b8-4573-897b-9f3255b3c30f,2026-09-26 00:43:31,https://play.google.com/store/apps/details?id=id.trimegah.tplus.android,ID,id,5,1.0,100.0,Positive,Customer Service & Layanan,2025-10-05 20:59:47,2025,"fitur dalam aplikasi ini komplit banget,tim call center sangat fast respon dan membantu dalam segala hal, dan tidak ketinggalan Buat akunnya sangat mudah hanya dengan nomor telepon","fitur dalam aplikasi ini komplit banget,tim call center sangat fast respon dan membantu dalam segala hal, dan tidak ketinggalan Buat akunnya sangat mudah hanya dengan nomor telepon",True,180,27,1.8.1,0,Tidak,,,Sampel ulasan publik Play Store
b40f9a01-2ad8-43fb-9181-7395400b870a,2026-09-26 00:43:31,https://play.google.com/store/apps/details?id=id.trimegah.tplus.android,ID,id,5,1.0,100.0,Positive,Fitur Analisis & Data Pasar,2025-10-04 21:28:08,2025,Fitur Trima+ Picks sering saya pakai buat referensi saham. Bener-bener membantu ambil keputusan.,Fitur Trima+ Picks sering saya pakai buat referensi saham. Bener-bener membantu ambil keputusan.,True,96,13,1.8.1,0,Tidak,,,Sampel ulasan publik Play Store
124be9e9-2746-4c33-9077-8cc8adfc3b15,2026-09-26 00:43:31,https://play.google.com/store/apps/details?id=id.trimegah.tplus.android,ID,id,5,1.0,100.0,Positive,Login & Autentikasi,2025-10-03 22:07:11,2025,"Sekarang login makin mudah, cukup pakai nomor HP aja. Simpel banget, nggak ribet masukin data banyak.","Sekarang login makin mudah, cukup pakai nomor HP aja. Simpel banget, nggak ribet masukin data banyak.",True,101,16,1.8.1,0,Tidak,,,Sampel ulasan publik Play Store
3d2b5c94-22b0-4710-afbc-54f021b53a3c,2026-09-26 00:43:31,https://play.google.com/store/apps/details?id=id.trimegah.tplus.android,ID,id,2,0.25,25.0,Negative,Stabilitas Sistem & Bug (Crash/Error),2025-10-02 12:18:45,2025,"aplikasi sering force close, nge freeze. kalau jauh dr competitor stockbit. tolong ditingkatkan","aplikasi sering force close, nge freeze. kalau jauh dr competitor stockbit. tolong ditingkatkan",True,95,13,1.8.1,6,Tidak,,,Sampel ulasan publik Play Store
c85ad5bc-4133-4beb-ae58-9900eb8dd4ab,2026-09-26 00:43:31,https://play.google.com/store/apps/details?id=id.trimegah.tplus.android,ID,id,5,1.0,100.0,Positive,Login & Autentikasi,2025-10-01 20:12:18,2025,"trima sekarang login bisa pakai no hp, jadi lebih mudah dan simple banget, akses portofolio cepat dan ringkas, jangan ragu untuk menggunakan trima","trima sekarang login bisa pakai no hp, jadi lebih mudah dan simple banget, akses portofolio cepat dan ringkas, jangan ragu untuk menggunakan trima",True,146,23,Tidak Tercatat,0,Tidak,,,Sampel ulasan publik Play Store
32379d5d-f535-42f7-9124-62d0b41ebdf5,2026-09-26 00:43:31,https://play.google.com/store/apps/details?id=id.trimegah.tplus.android,ID,id,5,1.0,100.0,Positive,Customer Service & Layanan,2025-10-01 19:20:45,2025,"aplikasi Trima mudah di gunakan, tim call center sangat fast respon untuk membantu menyelesaikan masalah yang saya alami, good banget !!","aplikasi Trima mudah di gunakan, tim call center sangat fast respon untuk membantu menyelesaikan masalah yang saya alami, good banget !!",True,136,21,1.8.1,0,Tidak,,,Sampel ulasan publik Play Store
0d7e5a50-965c-49e5-8113-ae3a629dec1c,2026-09-26 00:43:31,https://play.google.com/store/apps/details?id=id.trimegah.tplus.android,ID,id,5,1.0,100.0,Positive,Transaksi & Portofolio Saham,2025-10-01 19:19:53,2025,"apk trima bagus banget pliss, bisa beli saham sampai reksadana dalam satu aplikasi, gak perlu gunakan banyak aplikasi karna semua nya udah ada di trima","apk trima bagus banget pliss, bisa beli saham sampai reksadana dalam satu aplikasi, gak perlu gunakan banyak aplikasi karna semua nya udah ada di trima",True,151,25,1.8.1,0,Tidak,,,Sampel ulasan publik Play Store
8c1602ce-6e37-4998-9502-de191733c547,2026-09-26 00:43:31,https://play.google.com/store/apps/details?id=id.trimegah.tplus.android,ID,id,5,1.0,100.0,Positive,Transaksi & Portofolio Saham,2025-10-01 19:18:55,2025,"fitur Trima+ picks dan Trima+ Ideas ngebantu cari ide buat beli saham, aku jadi lebih terbantu kana fitur ini, tim call center nya juga ok ngebantu banget","fitur Trima+ picks dan Trima+ Ideas ngebantu cari ide buat beli saham, aku jadi lebih terbantu kana fitur ini, tim call center nya juga ok ngebantu banget",True,154,27,1.8.1,0,Tidak,,,Sampel ulasan publik Play Store
36bbf3bc-deb6-4d3c-88ed-9903cad4c614,2026-09-26 00:43:31,https://play.google.com/store/apps/details?id=id.trimegah.tplus.android,ID,id,5,1.0,100.0,Positive,UI/UX & Performa (Loading/Navigasi),2025-10-01 10:25:33,2025,aplikasi mantap ga ribet,aplikasi mantap ga ribet,True,24,4,1.7.0,0,Tidak,,,Sampel ulasan publik Play Store
ace6ff27-27e4-4679-ba90-47cf7d1de1c5,2026-09-26 00:43:31,https://play.google.com/store/apps/details?id=id.trimegah.tplus.android,ID,id,5,1.0,100.0,Positive,Apresiasi Umum & Kepuasan,2025-09-29 15:22:21,2025,sudah bagus,sudah bagus,True,11,2,1.8.1,0,Tidak,,,Sampel ulasan publik Play Store
09a14fc7-a835-40c2-9f1b-3992701edff2,2026-09-26 00:43:31,https://play.google.com/store/apps/details?id=id.trimegah.tplus.android,ID,id,1,0.0,0.0,Negative,Transaksi & Portofolio Saham,2025-09-29 08:05:53,2025,"rekening rdn harus bca dan bri, saya tidak punya","rekening rdn harus bca dan bri, saya tidak punya",True,48,9,1.8.1,0,Ya,"Mohon maaf atas ketidaknyamanannya, terkait kendala yang dialami mohon dapat disampaikan ke customer service kami di +6221 2924 9000 atau email ke callcenter@trimegah.com.",2025-09-30 18:53:48,Sampel ulasan publik Play Store
40357dfe-a539-4705-9d10-e8056a3e3f51,2026-09-26 00:43:31,https://play.google.com/store/apps/details?id=id.trimegah.tplus.android,ID,id,5,1.0,100.0,Positive,UI/UX & Performa (Loading/Navigasi),2025-09-26 11:16:55,2025,"Aplikasi Trima+ ini sangat memuaskan, desainnya modern dan elegan, fitur lengkap untuk investasi dan keuangan pribadi, serta navigasi yang mudah dan intuitif membuat kita nyaman menggunakan aplikasi ini!","Aplikasi Trima+ ini sangat memuaskan, desainnya modern dan elegan, fitur lengkap untuk investasi dan keuangan pribadi, serta navigasi yang mudah dan intuitif membuat kita nyaman menggunakan aplikasi ini!",True,203,28,1.8.1,0,Tidak,,,Sampel ulasan publik Play Store
3a5ec389-1bb4-43a7-a4c4-bed7b6ef38c7,2026-09-26 00:43:31,https://play.google.com/store/apps/details?id=id.trimegah.tplus.android,ID,id,5,1.0,100.0,Positive,UI/UX & Performa (Loading/Navigasi),2025-09-26 11:09:20,2025,"Aplikasi Trima+ ini sangat user friendly, fitur komplit dan desain yang intuitif membuat transaksi keuangan jadi lebih mudah dan menyenangkan!","Aplikasi Trima+ ini sangat user friendly, fitur komplit dan desain yang intuitif membuat transaksi keuangan jadi lebih mudah dan menyenangkan!",True,142,20,Tidak Tercatat,0,Tidak,,,Sampel ulasan publik Play Store
7c8f5c10-ae5b-481d-bea7-207f54ec8b9f,2026-09-26 00:43:31,https://play.google.com/store/apps/details?id=id.trimegah.tplus.android,ID,id,5,1.0,100.0,Positive,Transaksi & Portofolio Saham,2025-09-26 10:16:33,2025,"Aplikasi Trima+ ini membantu kita mencapai tujuan keuangan dengan mudah, beli saham dan reksa dana kapan saja dan di mana saja!","Aplikasi Trima+ ini membantu kita mencapai tujuan keuangan dengan mudah, beli saham dan reksa dana kapan saja dan di mana saja!",True,127,21,Tidak Tercatat,0,Tidak,,,Sampel ulasan publik Play Store
7e454b91-b987-4d87-acc8-9f4228b3e60a,2026-09-26 00:43:31,https://play.google.com/store/apps/details?id=id.trimegah.tplus.android,ID,id,5,1.0,100.0,Positive,Login & Autentikasi,2025-09-24 20:19:06,2025,"Gokil sih Trima+ ini! 😍 Dari satu aplikasi bisa beli saham, reksa dana, sampai obligasi. Portofolionya tampil super ringkas, jadi gampang banget nge-track semuanya. Yang bikin makin suka, ada fitur Trima+ Ideas yang sering kasih referensi saham menarik. Tinggal masukin ke watchlist, langsung siap order. UI/UX-nya juga enak dipakai, nggak bikin pusing. Oh iya, tim call center Trimegah bener-bener sat set! Nanya apa aja langsung dijawab, bahkan dibimbing sampai tuntas. Rasanya aman banget pakai","Gokil sih Trima+ ini! 😍 Dari satu aplikasi bisa beli saham, reksa dana, sampai obligasi. Portofolionya tampil super ringkas, jadi gampang banget nge-track semuanya. Yang bikin makin suka, ada fitur Trima+ Ideas yang sering kasih referensi saham menarik. Tinggal masukin ke watchlist, langsung siap order. UI/UX-nya juga enak dipakai, nggak bikin pusing. Oh iya, tim call center Trimegah bener-bener sat set! Nanya apa aja langsung dijawab, bahkan dibimbing sampai tuntas. Rasanya aman banget pakai",True,497,74,1.8.1,3,Tidak,,,Sampel ulasan publik Play Store
92476bad-1da4-4180-bb3d-4e0af341448d,2026-09-26 00:43:31,https://play.google.com/store/apps/details?id=id.trimegah.tplus.android,ID,id,5,1.0,100.0,Positive,Apresiasi Umum & Kepuasan,2025-09-24 10:25:46,2025,good,good,True,4,1,1.8.1,0,Tidak,,,Sampel ulasan publik Play Store
46643337-efb4-4afd-8171-d198db4875f3,2026-09-26 00:43:31,https://play.google.com/store/apps/details?id=id.trimegah.tplus.android,ID,id,5,1.0,100.0,Positive,Transaksi & Portofolio Saham,2025-09-22 12:59:24,2025,"akhirnya ketemu aplikasi yg simpel, dalam 1 halaman bisa lihat saham, reksa dana dan obligasi, paling gongnya lagi tim call center satset dan stanby setiap waktu","akhirnya ketemu aplikasi yg simpel, dalam 1 halaman bisa lihat saham, reksa dana dan obligasi, paling gongnya lagi tim call center satset dan stanby setiap waktu",True,161,26,1.8.1,0,Tidak,,,Sampel ulasan publik Play Store
430ea58c-684c-4712-99e2-ce72908794a1,2026-09-26 00:43:31,https://play.google.com/store/apps/details?id=id.trimegah.tplus.android,ID,id,5,1.0,100.0,Positive,Login & Autentikasi,2025-09-22 12:44:20,2025,"sekarang loginnya ga ribet cukup pakai no telp aja, ajiiibbb","sekarang loginnya ga ribet cukup pakai no telp aja, ajiiibbb",True,60,10,Tidak Tercatat,0,Tidak,,,Sampel ulasan publik Play Store
2ee97a10-dc63-430c-aaf1-cd920a50e67a,2026-09-26 00:43:31,https://play.google.com/store/apps/details?id=id.trimegah.tplus.android,ID,id,5,1.0,100.0,Positive,Fitur Analisis & Data Pasar,2025-09-21 20:58:14,2025,tim bagian call center fast menangani fiturnya komplit bnget,tim bagian call center fast menangani fiturnya komplit bnget,True,60,9,Tidak Tercatat,0,Tidak,,,Sampel ulasan publik Play Store
4fda9e2a-9ecc-43d5-9ac7-36c5315e4061,2026-09-26 00:43:31,https://play.google.com/store/apps/details?id=id.trimegah.tplus.android,ID,id,5,1.0,100.0,Positive,Apresiasi Umum & Kepuasan,2025-09-21 05:26:11,2025,kalau bukan karna pamormu dalam menjadi UW suatu saham IPO yang selalu sukses.. saya gak kenal kamu... iya kamu!! terus upgrade dan menjadi lebih baik yang amanah ke pelanggan. sukses terus trimegah!!!,kalau bukan karna pamormu dalam menjadi UW suatu saham IPO yang selalu sukses.. saya gak kenal kamu... iya kamu!! terus upgrade dan menjadi lebih baik yang amanah ke pelanggan. sukses terus trimegah!!!,True,201,32,1.8.1,0,Tidak,,,Sampel ulasan publik Play Store
216e4e2e-f16f-444a-a972-d6578b0e9dea,2026-09-26 00:43:31,https://play.google.com/store/apps/details?id=id.trimegah.tplus.android,ID,id,5,1.0,100.0,Positive,Customer Service & Layanan,2025-09-19 22:11:19,2025,"Tim Call Center Trimegah benar-benar luar biasa! Mereka sangat cepat tanggap dan responsif dalam menjawab semua pertanyaan saya. Saya merasa sangat terbantu dengan asistensi mereka yang siap membantu hingga selesai, kapan pun saya membutuhkannya. Pelayanan yang diberikan sangat profesional dan memuaskan. Saya sangat puas dengan pengalaman menggunakan layanan Call Center Trimegah! 5 bintang ⭐️⭐️⭐️⭐️⭐️","Tim Call Center Trimegah benar-benar luar biasa! Mereka sangat cepat tanggap dan responsif dalam menjawab semua pertanyaan saya. Saya merasa sangat terbantu dengan asistensi mereka yang siap membantu hingga selesai, kapan pun saya membutuhkannya. Pelayanan yang diberikan sangat profesional dan memuaskan. Saya sangat puas dengan pengalaman menggunakan layanan Call Center Trimegah! 5 bintang ⭐️⭐️⭐️⭐️⭐️",True,403,54,Tidak Tercatat,0,Tidak,,,Sampel ulasan publik Play Store
f56e872c-3c61-434f-949e-558e18bbd473,2026-09-26 00:43:31,https://play.google.com/store/apps/details?id=id.trimegah.tplus.android,ID,id,5,1.0,100.0,Positive,UI/UX & Performa (Loading/Navigasi),2025-09-19 21:59:15,2025,"fitur-fitur nya lengkap, mudah di pelajari, ga ribet juga. mantap admin kembangkan salam sukses","fitur-fitur nya lengkap, mudah di pelajari, ga ribet juga. mantap admin kembangkan salam sukses",True,95,14,1.8.1,0,Tidak,,,Sampel ulasan publik Play Store
7d1d505b-3ec4-4a73-8d0b-d57f037b861f,2026-09-26 00:43:31,https://play.google.com/store/apps/details?id=id.trimegah.tplus.android,ID,id,5,1.0,100.0,Positive,Customer Service & Layanan,2025-09-19 21:48:31,2025,"lapak trading paling mudah di pelajari buat pemula , fitur lengkap, cs nya juga pada gercep rekomend banget 👍","lapak trading paling mudah di pelajari buat pemula , fitur lengkap, cs nya juga pada gercep rekomend banget 👍",True,109,19,1.8.1,0,Tidak,,,Sampel ulasan publik Play Store
b2cd94a4-6cd3-4e3d-9844-cdeb9d1bf375,2026-09-26 00:43:31,https://play.google.com/store/apps/details?id=id.trimegah.tplus.android,ID,id,5,1.0,100.0,Positive,Login & Autentikasi,2025-09-19 19:57:51,2025,"buat akun trimegah sangat mudah sekali hanya dengan nomor ponsel yang masih aktif,bisa langsung bisa login,tanpa adanya hal-hal tambahan lain","buat akun trimegah sangat mudah sekali hanya dengan nomor ponsel yang masih aktif,bisa langsung bisa login,tanpa adanya hal-hal tambahan lain",True,141,20,1.8.1,0,Tidak,,,Sampel ulasan publik Play Store
c68ec605-21b1-41df-9a7f-1f580b6f63b9,2026-09-26 00:43:31,https://play.google.com/store/apps/details?id=id.trimegah.tplus.android,ID,id,5,1.0,100.0,Positive,Login & Autentikasi,2025-09-19 19:51:22,2025,"Sejak pakai aplikasi Trimegah, cek portofolio jadi super praktis — saham, reksa dana, dan obligasi bisa dilihat di satu halaman. Login cukup pakai nomor HP, fiturnya lengkap, UI/UX intuitif, dan ada watchlist + form order yang ngebantu banget buat trading. Fitur Trima+ Picks & Ideas juga kasih inspirasi saham. Plus, tim call center dan adminnya responsif banget, selalu siap bantu sampai tuntas.","Sejak pakai aplikasi Trimegah, cek portofolio jadi super praktis — saham, reksa dana, dan obligasi bisa dilihat di satu halaman. Login cukup pakai nomor HP, fiturnya lengkap, UI/UX intuitif, dan ada watchlist + form order yang ngebantu banget buat trading. Fitur Trima+ Picks & Ideas juga kasih inspirasi saham. Plus, tim call center dan adminnya responsif banget, selalu siap bantu sampai tuntas.",True,397,62,1.8.1,0,Tidak,,,Sampel ulasan publik Play Store
9a521656-19d6-4145-b25d-3569fb63ad43,2026-09-26 00:43:31,https://play.google.com/store/apps/details?id=id.trimegah.tplus.android,ID,id,5,1.0,100.0,Positive,Customer Service & Layanan,2025-09-19 19:50:54,2025,"tim call center trimegah sangat responsif,fast respon, selalu memberikan solusi jika ada komplai, segala pertanyaan dijawab dengan bagus dan tidak mengecewakan","tim call center trimegah sangat responsif,fast respon, selalu memberikan solusi jika ada komplai, segala pertanyaan dijawab dengan bagus dan tidak mengecewakan",True,159,21,1.8.1,0,Tidak,,,Sampel ulasan publik Play Store
6b75bc90-fa34-4621-bcc6-d959dd5c36cc,2026-09-26 00:43:31,https://play.google.com/store/apps/details?id=id.trimegah.tplus.android,ID,id,1,0.0,0.0,Negative,Keluhan Umum Aplikasi,2025-09-19 09:26:34,2025,untuk saham ipo tempatnya gk jelas,untuk saham ipo tempatnya gk jelas,True,34,6,1.8.1,2,Ya,"Mohon maaf atas ketidaknyamanannya, terkait kendala yang dialami mohon dapat disampaikan ke customer service kami di +6221 2924 9000 atau email ke callcenter@trimegah.com.",2025-09-30 18:55:22,Sampel ulasan publik Play Store
33fc986b-5e1d-45a9-b150-7631dfc146e1,2026-09-26 00:43:31,https://play.google.com/store/apps/details?id=id.trimegah.tplus.android,ID,id,1,0.0,0.0,Negative,Registrasi & Onboarding (KYC),2025-09-19 08:53:31,2025,"saya daftar di akun ini, namun verif belum selesai hingga hari ini","saya daftar di akun ini, namun verif belum selesai hingga hari ini",True,66,12,1.8.1,1,Ya,"Mohon maaf atas ketidaknyamanannya, terkait kendala yang dialami mohon dapat disampaikan ke customer service kami di +6221 2924 9000 atau email ke callcenter@trimegah.com.",2025-09-30 18:55:30,Sampel ulasan publik Play Store
ca35fc15-17b9-4998-ad05-1e6633eaba88,2026-09-26 00:43:31,https://play.google.com/store/apps/details?id=id.trimegah.tplus.android,ID,id,1,0.0,0.0,Negative,Login & Autentikasi,2025-09-18 14:15:38,2025,Saya sngat kecewa dengan sistem Trimegah Sekuritas ini kenapa sulit Banget untuk bisa dapetin saldo hadiah giveaway saya dengan alasan salah input BCA Digital lah padahal jelas jelas saya masukin no rek BCA pribadi yg umum bukan digital karena tertera katanya kalo BCA Digital gak bisa tapi ternyata masuk ke sistem BCA Digital Padahal seharusnya dari awal bisa di sampaikan kalo itu BCA Digital kenapa malah di diemin ajaa Jadinya saya kesulitan untuk bisa ambil Hadiah Giveaway saya yg gak seberapa,Saya sngat kecewa dengan sistem Trimegah Sekuritas ini kenapa sulit Banget untuk bisa dapetin saldo hadiah giveaway saya dengan alasan salah input BCA Digital lah padahal jelas jelas saya masukin no rek BCA pribadi yg umum bukan digital karena tertera katanya kalo BCA Digital gak bisa tapi ternyata masuk ke sistem BCA Digital Padahal seharusnya dari awal bisa di sampaikan kalo itu BCA Digital kenapa malah di diemin ajaa Jadinya saya kesulitan untuk bisa ambil Hadiah Giveaway saya yg gak seberapa,True,500,81,1.8.1,3,Ya,"Mohon maaf atas ketidaknyamanannya, terkait kendala yang dialami mohon dapat disampaikan ke customer service kami di +6221 2924 9000 atau email ke callcenter@trimegah.com.",2025-09-30 18:55:43,Sampel ulasan publik Play Store
bbee6c12-96a2-407e-aefa-64b72bb138cb,2026-09-26 00:43:31,https://play.google.com/store/apps/details?id=id.trimegah.tplus.android,ID,id,5,1.0,100.0,Positive,UI/UX & Performa (Loading/Navigasi),2025-09-17 22:40:54,2025,"Trima+ adalah aplikasi layanan publik digital yang memudahkan masyarakat mengakses berbagai kebutuhan administratif tanpa harus repot datang langsung. Antarmukanya sederhana dan cukup mudah dipahami, dengan notifikasi real-time yang membantu pengguna memantau proses layanan. Meski kadang akses terasa lambat saat jaringan lemah, secara keseluruhan Trima+ sudah sangat bermanfaat dan layak dikembangkan lebih lanjut agar semakin efisien dan ramah pengguna.","Trima+ adalah aplikasi layanan publik digital yang memudahkan masyarakat mengakses berbagai kebutuhan administratif tanpa harus repot datang langsung. Antarmukanya sederhana dan cukup mudah dipahami, dengan notifikasi real-time yang membantu pengguna memantau proses layanan. Meski kadang akses terasa lambat saat jaringan lemah, secara keseluruhan Trima+ sudah sangat bermanfaat dan layak dikembangkan lebih lanjut agar semakin efisien dan ramah pengguna.",True,456,58,Tidak Tercatat,0,Tidak,,,Sampel ulasan publik Play Store
b8d1c569-91db-470b-8660-6685c125aec0,2026-09-26 00:43:31,https://play.google.com/store/apps/details?id=id.trimegah.tplus.android,ID,id,5,1.0,100.0,Positive,Transaksi & Portofolio Saham,2025-09-17 22:23:35,2025,"aplikasi trading yang sangat bagus, beda dari yang lain, di aplikasi Trima+ ada fitur integrasi portofolio untuk saham, reksa dana, dan obligasi dalam satu akun, analisis grafik interaktif dengan menggunakan data TradingView, terus juga ada rekomendasi saham dan reksa dana dari ahli disana, serta kelengkapan fitur order lanjutan seperti Stop Loss dan Buy on Weakness yang membantu investor berinteraksi lebih nyaman dan strategis","aplikasi trading yang sangat bagus, beda dari yang lain, di aplikasi Trima+ ada fitur integrasi portofolio untuk saham, reksa dana, dan obligasi dalam satu akun, analisis grafik interaktif dengan menggunakan data TradingView, terus juga ada rekomendasi saham dan reksa dana dari ahli disana, serta kelengkapan fitur order lanjutan seperti Stop Loss dan Buy on Weakness yang membantu investor berinteraksi lebih nyaman dan strategis",True,431,63,1.8.1,0,Tidak,,,Sampel ulasan publik Play Store
2bd8d607-2b8e-47a5-8b1a-7a7b37977bf9,2026-09-26 00:43:31,https://play.google.com/store/apps/details?id=id.trimegah.tplus.android,ID,id,5,1.0,100.0,Positive,Transaksi & Portofolio Saham,2025-09-17 10:27:16,2025,mudah digunakan untuk jual beli saham dan reksa dana. Fiturnya lengkap dan pengalaman pengguna sangat mulus,mudah digunakan untuk jual beli saham dan reksa dana. Fiturnya lengkap dan pengalaman pengguna sangat mulus,True,107,16,1.8.1,0,Tidak,,,Sampel ulasan publik Play Store
026d022c-4b9c-4c22-a95e-4be4d14716c7,2026-09-26 00:43:31,https://play.google.com/store/apps/details?id=id.trimegah.tplus.android,ID,id,5,1.0,100.0,Positive,Transaksi & Portofolio Saham,2025-09-17 09:09:40,2025,aplikasi trima+ ideal membantu pas bingung buat beli saham,aplikasi trima+ ideal membantu pas bingung buat beli saham,True,58,9,1.8.1,0,Tidak,,,Sampel ulasan publik Play Store
93ff29e4-5dcf-40d9-a2c6-ff360914709e,2026-09-26 00:43:31,https://play.google.com/store/apps/details?id=id.trimegah.tplus.android,ID,id,5,1.0,100.0,Positive,Transaksi & Portofolio Saham,2025-09-16 21:20:51,2025,seneng banget tau apk ini cuma dgn download apk trima+ bisa beli saham obligasi dan reksa dana tanpa ribet fiturnya lengkap dan call center nya sangat fastrespon,seneng banget tau apk ini cuma dgn download apk trima+ bisa beli saham obligasi dan reksa dana tanpa ribet fiturnya lengkap dan call center nya sangat fastrespon,True,161,27,Tidak Tercatat,0,Tidak,,,Sampel ulasan publik Play Store
5ac2576a-2fb1-4a48-bb4c-1fd78c710f2a,2026-09-26 00:43:31,https://play.google.com/store/apps/details?id=id.trimegah.tplus.android,ID,id,5,1.0,100.0,Positive,Transaksi & Portofolio Saham,2025-09-15 21:32:01,2025,"aplikasi ini sangat membantu dalam akses portofolio cepat dan ringkas. Bisa juga lihat saham, reksa dana, dan obligasi dalam satu halaman.","aplikasi ini sangat membantu dalam akses portofolio cepat dan ringkas. Bisa juga lihat saham, reksa dana, dan obligasi dalam satu halaman.",True,138,21,1.8.1,0,Tidak,,,Sampel ulasan publik Play Store
22a1a3ff-face-40f5-9c58-def64f215162,2026-09-26 00:43:31,https://play.google.com/store/apps/details?id=id.trimegah.tplus.android,ID,id,5,1.0,100.0,Positive,Transaksi & Portofolio Saham,2025-09-15 21:30:19,2025,"Fiturnya lengkap dan mudah dipahami. Watchlist dan form ordernya juga lengkap banget, ngebantu banget untuk pemula.","Fiturnya lengkap dan mudah dipahami. Watchlist dan form ordernya juga lengkap banget, ngebantu banget untuk pemula.",True,115,16,Tidak Tercatat,0,Tidak,,,Sampel ulasan publik Play Store
1530bcfa-e088-404e-aa4a-4630f002db50,2026-09-26 00:43:31,https://play.google.com/store/apps/details?id=id.trimegah.tplus.android,ID,id,5,1.0,100.0,Positive,UI/UX & Performa (Loading/Navigasi),2025-09-15 21:29:34,2025,"aplikasi ini mudah banget buat di gunakan ga ribet cuma pake no hp aja, dan cs nya pun ramah bgt di bantu sampe beres, rekomend bgt sih buat yg mau investasi buat pemula😍","aplikasi ini mudah banget buat di gunakan ga ribet cuma pake no hp aja, dan cs nya pun ramah bgt di bantu sampe beres, rekomend bgt sih buat yg mau investasi buat pemula😍",True,170,33,1.8.1,0,Tidak,,,Sampel ulasan publik Play Store
0471f52c-9f76-48d0-84a2-a11831ead38d,2026-09-26 00:43:31,https://play.google.com/store/apps/details?id=id.trimegah.tplus.android,ID,id,5,1.0,100.0,Positive,Customer Service & Layanan,2025-09-15 21:28:32,2025,"mudah banget kalo belajar invest di ini aplikasi fiturnya banyak, lengkap juga udah gitu tim call centernya gercep banget buat nge jawab pertanyaan"" kita pokoknya ga nyesel deh download dan pake aplikasi inj","mudah banget kalo belajar invest di ini aplikasi fiturnya banyak, lengkap juga udah gitu tim call centernya gercep banget buat nge jawab pertanyaan"" kita pokoknya ga nyesel deh download dan pake aplikasi inj",True,207,33,1.8.1,0,Tidak,,,Sampel ulasan publik Play Store
5e931715-b13f-4ad0-847d-0f3adef7eb2b,2026-09-26 00:43:31,https://play.google.com/store/apps/details?id=id.trimegah.tplus.android,ID,id,5,1.0,100.0,Positive,Customer Service & Layanan,2025-09-15 21:26:08,2025,Tim call center dan admin sangat responsif dan gercep bantu solving tiap ada kendala,Tim call center dan admin sangat responsif dan gercep bantu solving tiap ada kendala,True,84,14,Tidak Tercatat,0,Tidak,,,Sampel ulasan publik Play Store
552b5781-472d-49a3-93ac-e78cfe21208a,2026-09-26 00:43:31,https://play.google.com/store/apps/details?id=id.trimegah.tplus.android,ID,id,5,1.0,100.0,Positive,Apresiasi Umum & Kepuasan,2025-09-15 21:19:40,2025,"trima + keren bgt aplikasi investasi terlengkapp yg pernah ada!Aksesnya cepet ringkas jadi gampang bgt buat pantau pergerakan investasi kapan aja dan di mana aja,pokonya best bgt deh aplikasinya!!!!","trima + keren bgt aplikasi investasi terlengkapp yg pernah ada!Aksesnya cepet ringkas jadi gampang bgt buat pantau pergerakan investasi kapan aja dan di mana aja,pokonya best bgt deh aplikasinya!!!!",True,198,29,Tidak Tercatat,0,Tidak,,,Sampel ulasan publik Play Store
50c983ef-779e-46e5-a9ab-d3266928b07a,2026-09-26 00:43:31,https://play.google.com/store/apps/details?id=id.trimegah.tplus.android,ID,id,3,0.5,50.0,Neutral,UI/UX & Performa (Loading/Navigasi),2025-09-15 06:49:49,2025,"sering log out sendiri, susah log in","sering log out sendiri, susah log in",True,36,7,1.8.1,0,Ya,"Mohon maaf atas ketidaknyamanannya, terkait kendala yang dialami mohon dapat disampaikan ke customer service kami di +6221 2924 9000 atau email ke callcenter@trimegah.com.",2024-12-04 08:46:06,Sampel ulasan publik Play Store
3d8f2309-3cb4-4e33-9843-9ca2d04602ca,2026-09-26 00:43:31,https://play.google.com/store/apps/details?id=id.trimegah.tplus.android,ID,id,5,1.0,100.0,Positive,Fitur Analisis & Data Pasar,2025-09-13 12:30:21,2025,aplikasi yang memiliki fitur sangat lengkap dan komplit,aplikasi yang memiliki fitur sangat lengkap dan komplit,True,55,8,1.8.1,0,Tidak,,,Sampel ulasan publik Play Store
f1373881-4e85-482f-bcf0-714e234c8971,2026-09-26 00:43:31,https://play.google.com/store/apps/details?id=id.trimegah.tplus.android,ID,id,5,1.0,100.0,Positive,Transaksi & Portofolio Saham,2025-09-12 22:16:56,2025,"Aplikasi yang memiliki fitur sangat lengkap dan komplit. Disini kita juga dapat membeli saham, Obligasi, Maupun reksa dana. Tim dan admin juga sangar gercep.","Aplikasi yang memiliki fitur sangat lengkap dan komplit. Disini kita juga dapat membeli saham, Obligasi, Maupun reksa dana. Tim dan admin juga sangar gercep.",True,157,24,Tidak Tercatat,0,Tidak,,,Sampel ulasan publik Play Store
e375940d-5fda-413c-8ed9-840e0e96a8c5,2026-09-26 00:43:31,https://play.google.com/store/apps/details?id=id.trimegah.tplus.android,ID,id,5,1.0,100.0,Positive,Customer Service & Layanan,2025-09-12 21:58:53,2025,Pertama kali pakai aplikasi ini emang gak bikin nyesel. Apalagi caranya sangat mudah dan Tim call center nya serta admin nya sangat responsif,Pertama kali pakai aplikasi ini emang gak bikin nyesel. Apalagi caranya sangat mudah dan Tim call center nya serta admin nya sangat responsif,True,141,23,1.8.1,0,Tidak,,,Sampel ulasan publik Play Store
27c8ba8a-230a-4e34-978a-f94664dede94,2026-09-26 00:43:31,https://play.google.com/store/apps/details?id=id.trimegah.tplus.android,ID,id,5,1.0,100.0,Positive,Login & Autentikasi,2025-09-11 16:09:23,2025,Aplikasi yang sangat bagus. Tim call canternya juga satset gak lama lama menunggu. Loginnnya juga cuma pake nomer hp aja. gak perlu ribet ribet,Aplikasi yang sangat bagus. Tim call canternya juga satset gak lama lama menunggu. Loginnnya juga cuma pake nomer hp aja. gak perlu ribet ribet,True,143,24,1.8.1,0,Tidak,,,Sampel ulasan publik Play Store
8a41162a-2599-4767-8ca2-eb92817e7a45,2026-09-26 00:43:31,https://play.google.com/store/apps/details?id=id.trimegah.tplus.android,ID,id,5,1.0,100.0,Positive,Transaksi & Portofolio Saham,2025-09-11 16:05:15,2025,Aplikasi Trima+ ini sangat membantu buat para trader saham apalagi di tambah Watchlist dan form ordernya lengkap sekali..,Aplikasi Trima+ ini sangat membantu buat para trader saham apalagi di tambah Watchlist dan form ordernya lengkap sekali..,True,121,18,1.8.1,0,Tidak,,,Sampel ulasan publik Play Store
65a36811-18f3-4e4e-888e-3ef253900314,2026-09-26 00:43:31,https://play.google.com/store/apps/details?id=id.trimegah.tplus.android,ID,id,5,1.0,100.0,Positive,Fitur Analisis & Data Pasar,2025-09-11 08:58:08,2025,Trima+ adalah aplikasi investasi maupun saham. Terdapat fitur yang komplit sehingga memudahkan para penggunanya.,Trima+ adalah aplikasi investasi maupun saham. Terdapat fitur yang komplit sehingga memudahkan para penggunanya.,True,112,14,1.8.1,0,Tidak,,,Sampel ulasan publik Play Store
be0a2527-326e-451b-95da-d10ac72551f5,2026-09-26 00:43:31,https://play.google.com/store/apps/details?id=id.trimegah.tplus.android,ID,id,1,0.0,0.0,Negative,UI/UX & Performa (Loading/Navigasi),2025-09-09 16:17:14,2025,"saya kasih bintang 1 dlu ya, karna mindahin uang ke atm gak bisa padahal lebih 100 ribu duit ny","saya kasih bintang 1 dlu ya, karna mindahin uang ke atm gak bisa padahal lebih 100 ribu duit ny",True,95,19,1.8.1,1,Tidak,,,Sampel ulasan publik Play Store
a20ec199-5399-4685-8f5d-37047fd97935,2026-09-26 00:43:31,https://play.google.com/store/apps/details?id=id.trimegah.tplus.android,ID,id,5,1.0,100.0,Positive,Login & Autentikasi,2025-09-09 14:01:35,2025,Aplikasi trima+ login nya sekarang mudah cuma pakai nomer hp udah bisa login. Fitur-fiturnya juga komplit..,Aplikasi trima+ login nya sekarang mudah cuma pakai nomer hp udah bisa login. Fitur-fiturnya juga komplit..,True,107,16,Tidak Tercatat,0,Tidak,,,Sampel ulasan publik Play Store
dbafc590-4502-42dc-b73b-59e1e043b87e,2026-09-26 00:43:31,https://play.google.com/store/apps/details?id=id.trimegah.tplus.android,ID,id,5,1.0,100.0,Positive,Apresiasi Umum & Kepuasan,2025-09-09 10:26:45,2025,mantap .,mantap .,True,8,2,1.8.1,0,Tidak,,,Sampel ulasan publik Play Store
069aec78-7390-4897-ac5b-7a7762108242,2026-09-26 00:43:31,https://play.google.com/store/apps/details?id=id.trimegah.tplus.android,ID,id,5,1.0,100.0,Positive,Login & Autentikasi,2025-09-09 00:20:01,2025,Aplikasi trima+ sangat membantu dengan masuk sangat mudah dengan cuma no HP dan simple didalemnya,Aplikasi trima+ sangat membantu dengan masuk sangat mudah dengan cuma no HP dan simple didalemnya,True,97,15,1.8.1,0,Tidak,,,Sampel ulasan publik Play Store
2411e649-9115-43f6-8556-a4b8b50785cf,2026-09-26 00:43:31,https://play.google.com/store/apps/details?id=id.trimegah.tplus.android,ID,id,5,1.0,100.0,Positive,Transaksi & Portofolio Saham,2025-09-08 20:23:00,2025,Aplikasi trima+ ini membantu kita dalam membeli saham. cocok untuk kita yang mau berinvestasi juga..,Aplikasi trima+ ini membantu kita dalam membeli saham. cocok untuk kita yang mau berinvestasi juga..,True,100,15,1.8.1,0,Tidak,,,Sampel ulasan publik Play Store
9d53d633-a4ea-4181-8a27-d3f7081d5a61,2026-09-26 00:43:31,https://play.google.com/store/apps/details?id=id.trimegah.tplus.android,ID,id,5,1.0,100.0,Positive,Transaksi & Portofolio Saham,2025-09-08 10:08:06,2025,"aplikasi cukup pakai nomor HP, form ordernya detail, so kalau mau trading simple banget g ribet. call centernya itu lo, muasin dan bantu banget sampai masalah selesai, rekom buat trading pemula soalnya mudah dan no ribet, ok dah poko nya","aplikasi cukup pakai nomor HP, form ordernya detail, so kalau mau trading simple banget g ribet. call centernya itu lo, muasin dan bantu banget sampai masalah selesai, rekom buat trading pemula soalnya mudah dan no ribet, ok dah poko nya",True,237,40,1.8.1,0,Tidak,,,Sampel ulasan publik Play Store
84db4e96-c8f8-49a6-800a-ae1fdc90163f,2026-09-26 00:43:31,https://play.google.com/store/apps/details?id=id.trimegah.tplus.android,ID,id,5,1.0,100.0,Positive,Transaksi & Portofolio Saham,2025-09-08 09:35:32,2025,"aplikasi investasi oke bangeett , akses apa2 cepet , no lemot2 ,bisa beli saham , ceknya juga ribet jadi kalok mau treding praktis . call center fast respon mereka bantu banget saat di butuhkan ,rekomended buat pemula apa lagi yang udah lama ,good good2","aplikasi investasi oke bangeett , akses apa2 cepet , no lemot2 ,bisa beli saham , ceknya juga ribet jadi kalok mau treding praktis . call center fast respon mereka bantu banget saat di butuhkan ,rekomended buat pemula apa lagi yang udah lama ,good good2",True,253,44,Tidak Tercatat,0,Tidak,,,Sampel ulasan publik Play Store
76b0c1e7-05e6-4d9a-8ada-3b5c2048dedf,2026-09-26 00:43:31,https://play.google.com/store/apps/details?id=id.trimegah.tplus.android,ID,id,5,1.0,100.0,Positive,Transaksi & Portofolio Saham,2025-09-07 20:49:06,2025,"Aplikasi Trima+ menghadirkan antarmuka yang intuitif serta navigasi yang mudah digunakan, memudahkan pengguna memahami dan mengelola portofolionya. Fitur Trima Picks memberikan rekomendasi saham dari tim ahli yang mendukung keputusan investasi berdasarkan riset profesional.","Aplikasi Trima+ menghadirkan antarmuka yang intuitif serta navigasi yang mudah digunakan, memudahkan pengguna memahami dan mengelola portofolionya. Fitur Trima Picks memberikan rekomendasi saham dari tim ahli yang mendukung keputusan investasi berdasarkan riset profesional.",True,274,33,1.8.1,0,Tidak,,,Sampel ulasan publik Play Store
e645d21e-8737-4a7f-a826-ab0797c21211,2026-09-26 00:43:31,https://play.google.com/store/apps/details?id=id.trimegah.tplus.android,ID,id,5,1.0,100.0,Positive,Transaksi & Portofolio Saham,2025-09-07 20:44:34,2025,"Aplikasi Trima+ menyediakan akses langsung ke pasar modal Indonesia, memungkinkan pengguna memonitor, membeli, dan menjual saham secara langsung di satu tempat. Navigasi yang disederhanakan dan dukungan produk reksa dana membuat pemula maupun investor berpengalaman bisa menggunakannya dengan nyaman.","Aplikasi Trima+ menyediakan akses langsung ke pasar modal Indonesia, memungkinkan pengguna memonitor, membeli, dan menjual saham secara langsung di satu tempat. Navigasi yang disederhanakan dan dukungan produk reksa dana membuat pemula maupun investor berpengalaman bisa menggunakannya dengan nyaman.",True,300,38,1.8.1,0,Tidak,,,Sampel ulasan publik Play Store
1917a395-dd62-4c73-88bc-8caea048ae5c,2026-09-26 00:43:31,https://play.google.com/store/apps/details?id=id.trimegah.tplus.android,ID,id,5,1.0,100.0,Positive,Login & Autentikasi,2025-09-06 23:11:35,2025,Fitur komplit dan login nya sekarang bisa cuma pakai no HP nggak ribet makin enteng,Fitur komplit dan login nya sekarang bisa cuma pakai no HP nggak ribet makin enteng,True,83,15,Tidak Tercatat,0,Tidak,,,Sampel ulasan publik Play Store
608df151-a881-4727-83c0-2051e0e20bbc,2026-09-26 00:43:31,https://play.google.com/store/apps/details?id=id.trimegah.tplus.android,ID,id,5,1.0,100.0,Positive,UI/UX & Performa (Loading/Navigasi),2025-09-06 08:53:41,2025,Aplikasi sangat mantap nggak ribet cs-nya juga fast respon mantap,Aplikasi sangat mantap nggak ribet cs-nya juga fast respon mantap,True,65,10,1.8.1,0,Tidak,,,Sampel ulasan publik Play Store
30bba9af-7b20-4ec1-b835-b8a26078e4c1,2026-09-26 00:43:31,https://play.google.com/store/apps/details?id=id.trimegah.tplus.android,ID,id,5,1.0,100.0,Positive,Transaksi & Portofolio Saham,2025-09-06 08:53:07,2025,"Fitur Yang komplit dan sangat mudah jual beli saham, reksa saham, dan dapat membantu kita mengenali lebih dalam tentang jual beli saham","Fitur Yang komplit dan sangat mudah jual beli saham, reksa saham, dan dapat membantu kita mengenali lebih dalam tentang jual beli saham",True,135,22,1.8.1,0,Tidak,,,Sampel ulasan publik Play Store
4e471406-7762-4b58-8753-c14fb04bf7a9,2026-09-26 00:43:31,https://play.google.com/store/apps/details?id=id.trimegah.tplus.android,ID,id,5,1.0,100.0,Positive,Login & Autentikasi,2025-09-04 11:18:11,2025,login sekarang simple banget cuma pakai nomor hp aja udh bisa daftar.. bener bener praktis banget pokoknya.. call center nya juga sangat responsif dan membantu banget,login sekarang simple banget cuma pakai nomor hp aja udh bisa daftar.. bener bener praktis banget pokoknya.. call center nya juga sangat responsif dan membantu banget,True,166,26,1.8.1,0,Tidak,,,Sampel ulasan publik Play Store
a428d7f0-f357-4388-b1c5-336b1a23d22d,2026-09-26 00:43:31,https://play.google.com/store/apps/details?id=id.trimegah.tplus.android,ID,id,5,1.0,100.0,Positive,Apresiasi Umum & Kepuasan,2025-09-04 10:40:09,2025,"Aplikasi bagus banget, tepat dan presisi","Aplikasi bagus banget, tepat dan presisi",True,40,6,1.8.1,0,Tidak,,,Sampel ulasan publik Play Store
38599988-3d5d-4c8d-a581-216d015d6b56,2026-09-26 00:43:31,https://play.google.com/store/apps/details?id=id.trimegah.tplus.android,ID,id,5,1.0,100.0,Positive,Transaksi & Portofolio Saham,2025-09-03 14:20:39,2025,"Menurutku, aplikasi ini bukan cuma komplit fiturnya tapi juga intuitif, gampang dipahami bahkan untuk pemula. Sekarang, beli saham atau reksa dana rasanya jauh lebih praktis karena semua ada dalam satu aplikasi.","Menurutku, aplikasi ini bukan cuma komplit fiturnya tapi juga intuitif, gampang dipahami bahkan untuk pemula. Sekarang, beli saham atau reksa dana rasanya jauh lebih praktis karena semua ada dalam satu aplikasi.",True,211,31,1.8.1,0,Tidak,,,Sampel ulasan publik Play Store
01033564-e413-4f16-9f5c-91bd0e383498,2026-09-26 00:43:31,https://play.google.com/store/apps/details?id=id.trimegah.tplus.android,ID,id,5,1.0,100.0,Positive,Transaksi & Portofolio Saham,2025-09-03 14:08:58,2025,"Trima+ praktis banget, bisa cek saham, reksa dana, dan obligasi dalam 1 aplikasi. Fiturnya lengkap dan mudah dipakai, call center juga responsif banget!","Trima+ praktis banget, bisa cek saham, reksa dana, dan obligasi dalam 1 aplikasi. Fiturnya lengkap dan mudah dipakai, call center juga responsif banget!",True,152,23,1.8.1,0,Tidak,,,Sampel ulasan publik Play Store
9fab4d39-68ea-40ee-9bdc-107045fb7890,2026-09-26 00:43:31,https://play.google.com/store/apps/details?id=id.trimegah.tplus.android,ID,id,5,1.0,100.0,Positive,Transaksi & Portofolio Saham,2025-09-02 20:45:13,2025,Aplikasi sangat mudah portofolio juga mudah di akses dalam satu halaman,Aplikasi sangat mudah portofolio juga mudah di akses dalam satu halaman,True,71,11,1.8.1,0,Tidak,,,Sampel ulasan publik Play Store
e3eb5d1c-2479-4500-909c-8b1838de8180,2026-09-26 00:43:31,https://play.google.com/store/apps/details?id=id.trimegah.tplus.android,ID,id,5,1.0,100.0,Positive,Customer Service & Layanan,2025-09-02 20:42:39,2025,Tim center fast respon nggak lelet sat set banget kalau ada trouble,Tim center fast respon nggak lelet sat set banget kalau ada trouble,True,67,12,1.8.1,0,Tidak,,,Sampel ulasan publik Play Store
e407e986-62c1-4412-8c5b-ed2fd277b06e,2026-09-26 00:43:31,https://play.google.com/store/apps/details?id=id.trimegah.tplus.android,ID,id,5,1.0,100.0,Positive,Login & Autentikasi,2025-09-02 14:13:47,2025,baguss aplikasinya engga ribet masuk ama daftarnya pake nomor telpon udaa bisaa,baguss aplikasinya engga ribet masuk ama daftarnya pake nomor telpon udaa bisaa,True,79,12,1.8.1,0,Tidak,,,Sampel ulasan publik Play Store
4bc80324-6066-4c53-bc10-54649850e299,2026-09-26 00:43:31,https://play.google.com/store/apps/details?id=id.trimegah.tplus.android,ID,id,5,1.0,100.0,Positive,Login & Autentikasi,2025-09-02 13:23:05,2025,ini aplikasi recomend bgttt kalo buat akses portofolio cepet dan ringkas bisa liat saham reksandan dan obligasi di 1 halaman aja trus tim call centernya juga gercep sama responsif bgttt loginnya juga cuman pake no hp aja fiturnya juga komplitt bgttttt ga nyesel dowload ini banyak bgt manfaatnya,ini aplikasi recomend bgttt kalo buat akses portofolio cepet dan ringkas bisa liat saham reksandan dan obligasi di 1 halaman aja trus tim call centernya juga gercep sama responsif bgttt loginnya juga cuman pake no hp aja fiturnya juga komplitt bgttttt ga nyesel dowload ini banyak bgt manfaatnya,True,295,48,1.8.1,0,Tidak,,,Sampel ulasan publik Play Store
11807efa-a282-4062-b0c8-d3faea3cc97c,2026-09-26 00:43:31,https://play.google.com/store/apps/details?id=id.trimegah.tplus.android,ID,id,5,1.0,100.0,Positive,Login & Autentikasi,2025-09-01 21:25:52,2025,Login sekarang cuma pakai nomor nggak ribet dan mudah aplikasi juga sangat simple,Login sekarang cuma pakai nomor nggak ribet dan mudah aplikasi juga sangat simple,True,81,13,Tidak Tercatat,0,Tidak,,,Sampel ulasan publik Play Store
fc727773-2be7-4ca6-8171-d36ca3db3d64,2026-09-26 00:43:31,https://play.google.com/store/apps/details?id=id.trimegah.tplus.android,ID,id,5,1.0,100.0,Positive,Transaksi & Portofolio Saham,2025-09-01 20:24:30,2025,Aplikasi trima+ dengan fitur komplit dan tim call center sangat responsif beli saham dan reksa dana dalam 1 aplikasi,Aplikasi trima+ dengan fitur komplit dan tim call center sangat responsif beli saham dan reksa dana dalam 1 aplikasi,True,116,19,Tidak Tercatat,0,Tidak,,,Sampel ulasan publik Play Store
4bf31c9b-85e8-48ef-9e42-fb5c8e045f96,2026-09-26 00:43:31,https://play.google.com/store/apps/details?id=id.trimegah.tplus.android,ID,id,5,1.0,100.0,Positive,Login & Autentikasi,2025-09-01 19:58:17,2025,login nya mudah enggak ribet bisa pakai nomor hp aplikasi juga fleksibel komplit,login nya mudah enggak ribet bisa pakai nomor hp aplikasi juga fleksibel komplit,True,80,13,1.8.1,0,Tidak,,,Sampel ulasan publik Play Store
f8b27d07-2215-40be-86be-930f68e8ce6d,2026-09-26 00:43:31,https://play.google.com/store/apps/details?id=id.trimegah.tplus.android,ID,id,5,1.0,100.0,Positive,Customer Service & Layanan,2025-09-01 15:28:31,2025,Tim call center super cepat kalau ada kendala langsung respon nggak muter muter langsung paham,Tim call center super cepat kalau ada kendala langsung respon nggak muter muter langsung paham,True,94,15,1.8.1,0,Tidak,,,Sampel ulasan publik Play Store
851be978-8469-4ae7-81e2-8f08cb6e7a93,2026-09-26 00:43:31,https://play.google.com/store/apps/details?id=id.trimegah.tplus.android,ID,id,5,1.0,100.0,Positive,Login & Autentikasi,2025-09-01 08:14:08,2025,"ternyata ini aplikasinya mempermudah untuk beli saham, reksa dana dan obligasi jadi login nya cukup dengan nomor hp jadi rengkes","ternyata ini aplikasinya mempermudah untuk beli saham, reksa dana dan obligasi jadi login nya cukup dengan nomor hp jadi rengkes",True,128,20,1.8.1,1,Tidak,,,Sampel ulasan publik Play Store
5cf45462-5a6f-4d32-88a7-ef28ab510e09,2026-09-26 00:43:31,https://play.google.com/store/apps/details?id=id.trimegah.tplus.android,ID,id,5,1.0,100.0,Positive,Login & Autentikasi,2025-09-01 06:48:54,2025,fitur aplikasinya sangat lengkap dan sangat mudah di paham i..di aplikasi ini juga sangat mudah untuk login cukup dengan nomor HP saja sudah bisaa.. tim call center nya dan adminnya sangat responsif dan mudah di pahami tentunya sangat membantu donggg,fitur aplikasinya sangat lengkap dan sangat mudah di paham i..di aplikasi ini juga sangat mudah untuk login cukup dengan nomor HP saja sudah bisaa.. tim call center nya dan adminnya sangat responsif dan mudah di pahami tentunya sangat membantu donggg,True,250,40,1.8.1,0,Tidak,,,Sampel ulasan publik Play Store
7dbcb69f-f24c-4161-87d6-8cacc2dcfdf6,2026-09-26 00:43:31,https://play.google.com/store/apps/details?id=id.trimegah.tplus.android,ID,id,5,1.0,100.0,Positive,Customer Service & Layanan,2025-08-31 21:50:45,2025,"""Tim call center dan admin sangat responsif dan ramah banget, mereka selalu siap membantu dan menjawab pertanyaan dengan cepat dan tepat, serta memberikan pelayanan yang hangat dan menyenangkan, membuat pelanggan merasa puas dan nyaman dalam berinteraksi dengan mereka, sehingga meningkatkan kepercayaan dan loyalitas pelanggan terhadap perusahaan, dan membuat pelanggan merasa dihargai dan diprioritaskan dalam setiap interaksi yang mereka lakukan.""","""Tim call center dan admin sangat responsif dan ramah banget, mereka selalu siap membantu dan menjawab pertanyaan dengan cepat dan tepat, serta memberikan pelayanan yang hangat dan menyenangkan, membuat pelanggan merasa puas dan nyaman dalam berinteraksi dengan mereka, sehingga meningkatkan kepercayaan dan loyalitas pelanggan terhadap perusahaan, dan membuat pelanggan merasa dihargai dan diprioritaskan dalam setiap interaksi yang mereka lakukan.""",True,450,59,1.8.1,0,Tidak,,,Sampel ulasan publik Play Store
59c7b82b-1413-42b2-b8b0-72a3ee8724c4,2026-09-26 00:43:31,https://play.google.com/store/apps/details?id=id.trimegah.tplus.android,ID,id,5,1.0,100.0,Positive,Transaksi & Portofolio Saham,2025-08-31 21:19:29,2025,"Trima+ nih cakep bgt dah, bisa liat saham, reksadana, and obligasi cuma butuh 1 apk doang. Yg terpenting sih Admin call centernya fast respon bgt, jadi mau jual beli saham jg tenang, kalo bingung tinggal nanya aja, pasti dibantu👍","Trima+ nih cakep bgt dah, bisa liat saham, reksadana, and obligasi cuma butuh 1 apk doang. Yg terpenting sih Admin call centernya fast respon bgt, jadi mau jual beli saham jg tenang, kalo bingung tinggal nanya aja, pasti dibantu👍",True,229,39,1.8.1,0,Tidak,,,Sampel ulasan publik Play Store
b8f72e7d-59a6-4a42-bb57-7a837f82c57a,2026-09-26 00:43:31,https://play.google.com/store/apps/details?id=id.trimegah.tplus.android,ID,id,5,1.0,100.0,Positive,Login & Autentikasi,2025-08-31 16:34:37,2025,"Aplikasi investasi paling lengkap yang pernah saya pakai! Bisa beli saham, reksa dana, bahkan obligasi tanpa ribet. Login pun gampang banget, cukup pakai nomor HP, nggak perlu ingat username panjang. Yang bikin saya betah, ada watchlist sama form order yang super detail, jadi pas mau trading langsung praktis. Pernah tanya ke call center soal fitur, jawabannya cepat dan jelas, mereka beneran siap bantu sampai beres. Sangat direkomendasikan buat investor pemula maupun trader aktif!""","Aplikasi investasi paling lengkap yang pernah saya pakai! Bisa beli saham, reksa dana, bahkan obligasi tanpa ribet. Login pun gampang banget, cukup pakai nomor HP, nggak perlu ingat username panjang. Yang bikin saya betah, ada watchlist sama form order yang super detail, jadi pas mau trading langsung praktis. Pernah tanya ke call center soal fitur, jawabannya cepat dan jelas, mereka beneran siap bantu sampai beres. Sangat direkomendasikan buat investor pemula maupun trader aktif!""",True,485,73,1.8.1,0,Tidak,,,Sampel ulasan publik Play Store
0665da65-c857-4746-891e-1b9fec93cc32,2026-09-26 00:43:31,https://play.google.com/store/apps/details?id=id.trimegah.tplus.android,ID,id,5,1.0,100.0,Positive,Transaksi & Portofolio Saham,2025-08-30 17:52:32,2025,"Akses portofolio cepat & ringkas. Fitur UI/UX intuitive komplit. Watchlist dan form ordernya juga lengkap banget, trader saham jadi terbantu.","Akses portofolio cepat & ringkas. Fitur UI/UX intuitive komplit. Watchlist dan form ordernya juga lengkap banget, trader saham jadi terbantu.",True,141,20,1.8.1,0,Tidak,,,Sampel ulasan publik Play Store
92ff5319-7788-4278-bf8e-d8a5ba232f52,2026-09-26 00:43:31,https://play.google.com/store/apps/details?id=id.trimegah.tplus.android,ID,id,5,1.0,100.0,Positive,Transaksi & Portofolio Saham,2025-08-30 17:48:42,2025,"Bisa beli saham, reksadana dan obligasi di 1apk sekaligus. Tim Call center nya juga gercep, jadi ga bingung kalau ada kendala.","Bisa beli saham, reksadana dan obligasi di 1apk sekaligus. Tim Call center nya juga gercep, jadi ga bingung kalau ada kendala.",True,126,21,Tidak Tercatat,0,Tidak,,,Sampel ulasan publik Play Store
8f5f9218-750f-4cda-84a2-5fadfd7e8e4a,2026-09-26 00:43:31,https://play.google.com/store/apps/details?id=id.trimegah.tplus.android,ID,id,5,1.0,100.0,Positive,Transaksi & Portofolio Saham,2025-08-30 17:45:17,2025,Fitur Trima+ Picks dan Trima+ Ideas ngebantu cari ide buat beli saham. Ditambah sekarang log in bisa pake no hp doang gak ribet,Fitur Trima+ Picks dan Trima+ Ideas ngebantu cari ide buat beli saham. Ditambah sekarang log in bisa pake no hp doang gak ribet,True,127,23,Tidak Tercatat,0,Tidak,,,Sampel ulasan publik Play Store
b3d6ef7b-99e6-4a87-93a9-36611007f024,2026-09-26 00:43:31,https://play.google.com/store/apps/details?id=id.trimegah.tplus.android,ID,id,5,1.0,100.0,Positive,Transaksi & Portofolio Saham,2025-08-29 22:00:42,2025,aplikasi nya udh bagus dilengkapi fitur yang komplit dan respon call center nya cepat untuk akses portofolio ringkas dan gampang bisa lihat reksa dana dan saham juga keren,aplikasi nya udh bagus dilengkapi fitur yang komplit dan respon call center nya cepat untuk akses portofolio ringkas dan gampang bisa lihat reksa dana dan saham juga keren,True,171,28,Tidak Tercatat,0,Tidak,,,Sampel ulasan publik Play Store
b885be7c-a5bd-4050-8387-97a9f7f66ab5,2026-09-26 00:43:31,https://play.google.com/store/apps/details?id=id.trimegah.tplus.android,ID,id,5,1.0,100.0,Positive,Customer Service & Layanan,2025-08-29 21:50:26,2025,tim call center dan admin sangat resposif dan membantu bnget,tim call center dan admin sangat resposif dan membantu bnget,True,60,10,1.8.1,0,Tidak,,,Sampel ulasan publik Play Store
ff0df0fe-7236-45c1-a89a-924d77607a31,2026-09-26 00:43:31,https://play.google.com/store/apps/details?id=id.trimegah.tplus.android,ID,id,5,1.0,100.0,Positive,UI/UX & Performa (Loading/Navigasi),2025-08-29 20:58:32,2025,"daftarnya gampang dan cepet, adminnya juga ramah, banyak fitur menarik dengan tampilan yang gak bikin bosan","daftarnya gampang dan cepet, adminnya juga ramah, banyak fitur menarik dengan tampilan yang gak bikin bosan",True,107,16,1.8.1,0,Tidak,,,Sampel ulasan publik Play Store
5e7d660f-44bd-4668-bc39-4ab06f0023fc,2026-09-26 00:43:31,https://play.google.com/store/apps/details?id=id.trimegah.tplus.android,ID,id,5,1.0,100.0,Positive,Transaksi & Portofolio Saham,2025-08-29 20:45:32,2025,"Aplikasi ini Mempermudah kita dalam membeli saham, reksa dana, dan obligasi. karena semua itu terdapat di aplikasi ini . sangat cocok buat kita yang ingin investasi atau bermain saham.","Aplikasi ini Mempermudah kita dalam membeli saham, reksa dana, dan obligasi. karena semua itu terdapat di aplikasi ini . sangat cocok buat kita yang ingin investasi atau bermain saham.",True,184,29,1.8.1,0,Tidak,,,Sampel ulasan publik Play Store
49a0a36f-8b22-4edd-a865-3ff587bce3e0,2026-09-26 00:43:31,https://play.google.com/store/apps/details?id=id.trimegah.tplus.android,ID,id,5,1.0,100.0,Positive,Login & Autentikasi,2025-08-29 20:11:34,2025,"baru tau ada apk ini., Login cuma pakai nomor hp fiturnya komplit banget ,admin nya sangat membantu sekali ramah dan respon nyaa cepat","baru tau ada apk ini., Login cuma pakai nomor hp fiturnya komplit banget ,admin nya sangat membantu sekali ramah dan respon nyaa cepat",True,134,23,1.8.1,0,Tidak,,,Sampel ulasan publik Play Store
9d84ebb9-69f8-433f-adc4-9d8828e0756f,2026-09-26 00:43:31,https://play.google.com/store/apps/details?id=id.trimegah.tplus.android,ID,id,5,1.0,100.0,Positive,Login & Autentikasi,2025-08-29 19:47:23,2025,aplikasi trima+ terbaik login pakai nomor HP bisa terus Fitur-fiturnya juga komplit terus juga pelayanan cs-nya sangat membantu dan gercep selama saya pakai aplikasi trima+ ngga ada tuh yang namanya masalah pokoknya trima+ the best,aplikasi trima+ terbaik login pakai nomor HP bisa terus Fitur-fiturnya juga komplit terus juga pelayanan cs-nya sangat membantu dan gercep selama saya pakai aplikasi trima+ ngga ada tuh yang namanya masalah pokoknya trima+ the best,True,231,35,1.8.1,1,Tidak,,,Sampel ulasan publik Play Store
1e46eba7-e133-492d-9536-0d8a04739aec,2026-09-26 00:43:31,https://play.google.com/store/apps/details?id=id.trimegah.tplus.android,ID,id,5,1.0,100.0,Positive,Fitur Analisis & Data Pasar,2025-08-28 11:43:11,2025,"fitur nya lengkap, dan lebih mudah untuk di gunakan","fitur nya lengkap, dan lebih mudah untuk di gunakan",True,51,9,1.8.1,0,Tidak,,,Sampel ulasan publik Play Store
4fab186c-4bd1-4266-9b40-dd96d7029b0c,2026-09-26 00:43:31,https://play.google.com/store/apps/details?id=id.trimegah.tplus.android,ID,id,5,1.0,100.0,Positive,UI/UX & Performa (Loading/Navigasi),2025-08-28 11:18:14,2025,"Nggak nyesel pake Trima, tim call center & adminnya gercep parah 💯. Dibantuin sampe beres, mantap banget pokoknya 😍","Nggak nyesel pake Trima, tim call center & adminnya gercep parah 💯. Dibantuin sampe beres, mantap banget pokoknya 😍",True,115,19,Tidak Tercatat,0,Tidak,,,Sampel ulasan publik Play Store
c58825b6-f982-4ddc-93e5-4778fae90e5a,2026-09-26 00:43:31,https://play.google.com/store/apps/details?id=id.trimegah.tplus.android,ID,id,5,1.0,100.0,Positive,Apresiasi Umum & Kepuasan,2025-08-27 18:10:46,2025,"top, sayang gak 24jam","top, sayang gak 24jam",True,21,4,1.8.1,0,Tidak,,,Sampel ulasan publik Play Store
d3b9d319-97ca-43c9-8126-f00a8be2cea7,2026-09-26 00:43:31,https://play.google.com/store/apps/details?id=id.trimegah.tplus.android,ID,id,5,1.0,100.0,Positive,Login & Autentikasi,2025-08-27 17:02:37,2025,"Aplikasi termudah yang pernah ku download dengan paket lengkap, bisa login pake nomer hp juga, Bisa beli saham, Reksa dana, dan Obligasi di dalam 1 aplikasi. Mantab. Recommended banget sih ini menurutku.","Aplikasi termudah yang pernah ku download dengan paket lengkap, bisa login pake nomer hp juga, Bisa beli saham, Reksa dana, dan Obligasi di dalam 1 aplikasi. Mantab. Recommended banget sih ini menurutku.",True,203,32,1.8.1,0,Tidak,,,Sampel ulasan publik Play Store
b043e694-3ac2-4599-b94a-8f4ccdc7b75c,2026-09-26 00:43:31,https://play.google.com/store/apps/details?id=id.trimegah.tplus.android,ID,id,5,1.0,100.0,Positive,Transaksi & Portofolio Saham,2025-08-27 11:13:44,2025,suka bgt deh sama fitur Trima+ Picks dan Trima+ Ideas ngebantu cari ide beli saham daaan Bisa beli reksa dana anddd obligasi di dalam 1 aplikasi. keren banget 👌👌👌👌,suka bgt deh sama fitur Trima+ Picks dan Trima+ Ideas ngebantu cari ide beli saham daaan Bisa beli reksa dana anddd obligasi di dalam 1 aplikasi. keren banget 👌👌👌👌,True,163,29,Tidak Tercatat,0,Tidak,,,Sampel ulasan publik Play Store
2b7add7d-1b3e-46e9-a663-91fc0b694a50,2026-09-26 00:43:31,https://play.google.com/store/apps/details?id=id.trimegah.tplus.android,ID,id,5,1.0,100.0,Positive,Apresiasi Umum & Kepuasan,2025-08-27 10:35:16,2025,"Bagus, aplikasi nya mudah digunakan.","Bagus, aplikasi nya mudah digunakan.",True,36,5,1.8.1,0,Tidak,,,Sampel ulasan publik Play Store
a45644ec-93f7-45ec-a0f5-7a8a6cd0de3f,2026-09-26 00:43:31,https://play.google.com/store/apps/details?id=id.trimegah.tplus.android,ID,id,5,1.0,100.0,Positive,Login & Autentikasi,2025-08-27 08:34:41,2025,Aplikasi Trima aplikasi sekuritas yang emang menurut aku lengkap banget. Login cuman pakai nomor hp dlaja lngsung bisa. Akses portofolio cepat dan juga ringkas. Fituenya komplit dan ngebantu buat cari ide saham karna fitur Trima+Picks dan Trima+ideas. Engga nyesel deh pokoknya.,Aplikasi Trima aplikasi sekuritas yang emang menurut aku lengkap banget. Login cuman pakai nomor hp dlaja lngsung bisa. Akses portofolio cepat dan juga ringkas. Fituenya komplit dan ngebantu buat cari ide saham karna fitur Trima+Picks dan Trima+ideas. Engga nyesel deh pokoknya.,True,278,41,Tidak Tercatat,0,Tidak,,,Sampel ulasan publik Play Store
b1448a57-04d8-4777-bf93-2291d9322447,2026-09-26 00:43:31,https://play.google.com/store/apps/details?id=id.trimegah.tplus.android,ID,id,5,1.0,100.0,Positive,Transaksi & Portofolio Saham,2025-08-24 10:45:48,2025,"wuihhh ini aplikasi trima+ aplikasi invest tanpa lag dong satset, mau beli saham, reksadana atau obligasi bisa dlm 1 halaman saja lho best, fitur UI/UX nya lengkap, trs tim call centernya the best gercep satset nanganinnya, keren banget wes 🤩🤩","wuihhh ini aplikasi trima+ aplikasi invest tanpa lag dong satset, mau beli saham, reksadana atau obligasi bisa dlm 1 halaman saja lho best, fitur UI/UX nya lengkap, trs tim call centernya the best gercep satset nanganinnya, keren banget wes 🤩🤩",True,243,40,Tidak Tercatat,0,Tidak,,,Sampel ulasan publik Play Store
79f57001-7c8a-43d3-aa89-4f02f87c2ca8,2026-09-26 00:43:31,https://play.google.com/store/apps/details?id=id.trimegah.tplus.android,ID,id,5,1.0,100.0,Positive,Transaksi & Portofolio Saham,2025-08-23 11:02:55,2025,"Wah ini nih beneran bagus dong aplikasi trima+ ini aplikasi invest terbaik. tampilan menu nya user friendly banget, beli saham apapun bisa dlm 1 aplikasi saja, UI/UX nya keren gaes, trs juga adminnya fast respon banget, cinta banyak2 💙✨","Wah ini nih beneran bagus dong aplikasi trima+ ini aplikasi invest terbaik. tampilan menu nya user friendly banget, beli saham apapun bisa dlm 1 aplikasi saja, UI/UX nya keren gaes, trs juga adminnya fast respon banget, cinta banyak2 💙✨",True,236,39,Tidak Tercatat,0,Tidak,,,Sampel ulasan publik Play Store
b8399004-2455-4ef3-96af-fa7089a7ff4a,2026-09-26 00:43:31,https://play.google.com/store/apps/details?id=id.trimegah.tplus.android,ID,id,5,1.0,100.0,Positive,Login & Autentikasi,2025-08-21 14:00:20,2025,Fitur-fitur didalamnya sangatlah membantu sekali dalam mencari ide-ide saham dan akses portofolio sangat lumayan cepat. Tim Call Center Trimegah Super gercep/satset dan responsif banget untuk jawabin segala pertanyaan dan siap assist hingga selesai setiap waktu lohhh!! Sangat recommended aplikasi yang satu ini Gercepin download,Fitur-fitur didalamnya sangatlah membantu sekali dalam mencari ide-ide saham dan akses portofolio sangat lumayan cepat. Tim Call Center Trimegah Super gercep/satset dan responsif banget untuk jawabin segala pertanyaan dan siap assist hingga selesai setiap waktu lohhh!! Sangat recommended aplikasi yang satu ini Gercepin download,True,329,44,1.8.1,0,Tidak,,,Sampel ulasan publik Play Store
1f92582b-10a7-46f5-a765-21da38107527,2026-09-26 00:43:31,https://play.google.com/store/apps/details?id=id.trimegah.tplus.android,ID,id,5,1.0,100.0,Positive,Apresiasi Umum & Kepuasan,2025-08-21 12:09:20,2025,Bagus sekali,Bagus sekali,True,12,2,1.7.0,1,Tidak,,,Sampel ulasan publik Play Store
427b04b5-995e-4c42-a743-9e333cd19e32,2026-09-26 00:43:31,https://play.google.com/store/apps/details?id=id.trimegah.tplus.android,ID,id,5,1.0,100.0,Positive,Apresiasi Umum & Kepuasan,2025-08-21 10:30:27,2025,good job & good luck Trima.,good job & good luck Trima.,True,27,6,1.8.0,0,Tidak,,,Sampel ulasan publik Play Store
f110f3bd-ca87-4961-9b6e-8a57dffcbeac,2026-09-26 00:43:31,https://play.google.com/store/apps/details?id=id.trimegah.tplus.android,ID,id,5,1.0,100.0,Positive,Transaksi & Portofolio Saham,2025-08-21 07:30:17,2025,Menu tarik dana di aplikasi sudah dapat berfungsi secara online.,Menu tarik dana di aplikasi sudah dapat berfungsi secara online.,True,64,10,1.8.1,2,Tidak,,,Sampel ulasan publik Play Store
4dd125b7-620a-484c-ad5e-46ba10ebc042,2026-09-26 00:43:31,https://play.google.com/store/apps/details?id=id.trimegah.tplus.android,ID,id,3,0.5,50.0,Neutral,UI/UX & Performa (Loading/Navigasi),2025-08-20 12:51:59,2025,enakan aplikasi trima. yg ini ribet. banyak menu yg harus di klik untuk melihat data.,enakan aplikasi trima. yg ini ribet. banyak menu yg harus di klik untuk melihat data.,True,85,15,1.8.1,0,Ya,"Mohon maaf atas ketidaknyamanannya, terkait kendala yang dialami mohon dapat disampaikan ke customer service kami di +6221 2924 9000 atau email ke callcenter@trimegah.com.",2025-08-20 11:01:53,Sampel ulasan publik Play Store
84dc27af-3d0c-4556-a45c-4fc6ac86e81a,2026-09-26 00:43:31,https://play.google.com/store/apps/details?id=id.trimegah.tplus.android,ID,id,5,1.0,100.0,Positive,Login & Autentikasi,2025-08-19 11:09:36,2025,"aplikasi yang sangat cocok untuk akses portofolio,lihat saham, Reksadana,dan obligasi dengan sangat ringkas dan simple,sangat rekomen untuk yang mau berinvestasi,dan bisa login dengan sangat mudah cukup menggunakan nomor handphone saja, sangat worth it deh pokoknya,recomen bangett","aplikasi yang sangat cocok untuk akses portofolio,lihat saham, Reksadana,dan obligasi dengan sangat ringkas dan simple,sangat rekomen untuk yang mau berinvestasi,dan bisa login dengan sangat mudah cukup menggunakan nomor handphone saja, sangat worth it deh pokoknya,recomen bangett",True,281,36,1.7.0,0,Tidak,,,Sampel ulasan publik Play Store
56a0b775-43c8-457f-9afa-4dfb8805924f,2026-09-26 00:43:31,https://play.google.com/store/apps/details?id=id.trimegah.tplus.android,ID,id,3,0.5,50.0,Neutral,Login & Autentikasi,2025-08-19 09:52:33,2025,"3 bintang dlu soalnya trima plus ini belum bisa pakai sidik jari, padahal aplikasi trima yg dulu bisa pakai sidik jari","3 bintang dlu soalnya trima plus ini belum bisa pakai sidik jari, padahal aplikasi trima yg dulu bisa pakai sidik jari",True,118,21,1.8.1,0,Ya,"Untuk mengaktifkan fingerprints, bisa login menggunakan username terlebih dahulu. Jika ada pertanyaan, bisa disampaikan ke customer service kami di +6221 2924 9000 atau email ke callcenter@trimegah.com.",2025-08-20 10:52:36,Sampel ulasan publik Play Store
54438497-4708-447b-864e-d67ebd18048b,2026-09-26 00:43:31,https://play.google.com/store/apps/details?id=id.trimegah.tplus.android,ID,id,5,1.0,100.0,Positive,Fitur Analisis & Data Pasar,2025-08-19 09:30:49,2025,wih mantab nih 1 apk banyak fiturnya jadi keren nih apk yg pernah coba pasti engga nyesel deh pake apk ini hahahah bahagia rasanya pake apk ini,wih mantab nih 1 apk banyak fiturnya jadi keren nih apk yg pernah coba pasti engga nyesel deh pake apk ini hahahah bahagia rasanya pake apk ini,True,143,27,1.7.0,0,Tidak,,,Sampel ulasan publik Play Store
87199be9-1e30-4763-b697-dd40c08685d6,2026-09-26 00:43:31,https://play.google.com/store/apps/details?id=id.trimegah.tplus.android,ID,id,5,1.0,100.0,Positive,Login & Autentikasi,2025-08-19 09:29:31,2025,"udah coba aplikasi Trima+ Selama satu bulan lebih dan experience yang aku dapatkan sama sekali tidak mengecewakan Login nya cuma makek nomer hp fiturnya lengkap, UI/UX intuitive dan tim call center nya jga gercep banget pokok nya wort it dehh","udah coba aplikasi Trima+ Selama satu bulan lebih dan experience yang aku dapatkan sama sekali tidak mengecewakan Login nya cuma makek nomer hp fiturnya lengkap, UI/UX intuitive dan tim call center nya jga gercep banget pokok nya wort it dehh",True,242,40,1.7.0,0,Tidak,,,Sampel ulasan publik Play Store
eb1ebaeb-7f41-4c38-b900-1a28a4a83fca,2026-09-26 00:43:31,https://play.google.com/store/apps/details?id=id.trimegah.tplus.android,ID,id,5,1.0,100.0,Positive,Transaksi & Portofolio Saham,2025-08-18 13:35:01,2025,"bagus banget aplikasi buat trading, bisa buat beli saham, reksa dana, obligasi cm dalam 1 aplikasi, adminnya jg fast respon, aplikasi lancar jarang gangguan","bagus banget aplikasi buat trading, bisa buat beli saham, reksa dana, obligasi cm dalam 1 aplikasi, adminnya jg fast respon, aplikasi lancar jarang gangguan",True,156,24,1.7.0,0,Tidak,,,Sampel ulasan publik Play Store
6308fb61-71cd-4228-8189-42bdc08235a0,2026-09-26 00:43:31,https://play.google.com/store/apps/details?id=id.trimegah.tplus.android,ID,id,1,0.0,0.0,Negative,Stabilitas Sistem & Bug (Crash/Error),2025-08-18 07:15:26,2025,"ini kenapa log in failed system error terus, Uda log in, download baru..masih sama...","ini kenapa log in failed system error terus, Uda log in, download baru..masih sama...",True,85,14,Tidak Tercatat,4,Ya,Mohon maaf atas kendala yang dialami. Bisa menghubungi customer service kami di +6221 2924 9000 atau email ke callcenter@trimegah.com.,2025-08-20 10:53:25,Sampel ulasan publik Play Store
bab48454-5ab3-42b2-98cb-26f7d55f9d1f,2026-09-26 00:43:31,https://play.google.com/store/apps/details?id=id.trimegah.tplus.android,ID,id,5,1.0,100.0,Positive,Transaksi & Portofolio Saham,2025-08-17 20:25:12,2025,sangat memudahkan untuk mengatur dan membeli saham dengan cara yang sangat mudah dan cepat,sangat memudahkan untuk mengatur dan membeli saham dengan cara yang sangat mudah dan cepat,True,90,14,1.7.0,0,Tidak,,,Sampel ulasan publik Play Store
0009b172-e2ba-41dd-9c2f-3d4389561b53,2026-09-26 00:43:31,https://play.google.com/store/apps/details?id=id.trimegah.tplus.android,ID,id,5,1.0,100.0,Positive,Login & Autentikasi,2025-08-16 17:08:56,2025,"akhir nya nemu juga aplikasi trader yg paling simpel pengoprasian nya. fitur nya juga lengkap. mudah dipahami. mau beli reksadana, obligasi, beli saham juga bisa. puas dengan aplikasi yg satu ini. login nya juga gampang,pake nomor aja udah bisa login. lengkap semua nya ada di satu aplikasi ini. good job Trima+ 👌🏻","akhir nya nemu juga aplikasi trader yg paling simpel pengoprasian nya. fitur nya juga lengkap. mudah dipahami. mau beli reksadana, obligasi, beli saham juga bisa. puas dengan aplikasi yg satu ini. login nya juga gampang,pake nomor aja udah bisa login. lengkap semua nya ada di satu aplikasi ini. good job Trima+ 👌🏻",True,314,52,1.7.0,0,Tidak,,,Sampel ulasan publik Play Store
ffb97d68-1231-4f31-ae8b-70913fdf495e,2026-09-26 00:43:31,https://play.google.com/store/apps/details?id=id.trimegah.tplus.android,ID,id,5,1.0,100.0,Positive,Login & Autentikasi,2025-08-15 18:11:00,2025,"Udah cobain apk ini ternyata login nya bisa pake nomor doang, tim call center sama adminnya ngebantu banget, pengerjaan nya sat set","Udah cobain apk ini ternyata login nya bisa pake nomor doang, tim call center sama adminnya ngebantu banget, pengerjaan nya sat set",True,131,22,1.7.0,0,Tidak,,,Sampel ulasan publik Play Store
dc10d8d1-9ea0-42a6-8b14-f8809dd8b33d,2026-09-26 00:43:31,https://play.google.com/store/apps/details?id=id.trimegah.tplus.android,ID,id,5,1.0,100.0,Positive,Fitur Analisis & Data Pasar,2025-08-15 17:40:33,2025,"log in sekarang gampang, cuman pakai nomor HP, dan fiturnya komplit👍","log in sekarang gampang, cuman pakai nomor HP, dan fiturnya komplit👍",True,68,11,1.7.0,0,Tidak,,,Sampel ulasan publik Play Store
4ede83a9-9918-411b-b5e9-73bfa31b8a95,2026-09-26 00:43:31,https://play.google.com/store/apps/details?id=id.trimegah.tplus.android,ID,id,1,0.0,0.0,Negative,Transaksi & Portofolio Saham,2025-08-14 23:18:15,2025,gak bisa tarik dana? blacklist!,gak bisa tarik dana? blacklist!,True,31,5,Tidak Tercatat,1,Ya,"Untuk penarikan dana sudah bisa dilakukan online melalui menu withdrawal. Jika ada pertanyaan, bisa disampaikan ke customer service kami di +6221 2924 9000 atau email ke callcenter@trimegah.com.",2025-08-20 10:55:05,Sampel ulasan publik Play Store
9744d70a-c189-48bf-8fe8-4aee42188e6e,2026-09-26 00:43:31,https://play.google.com/store/apps/details?id=id.trimegah.tplus.android,ID,id,5,1.0,100.0,Positive,Transaksi & Portofolio Saham,2025-08-14 13:16:56,2025,satu aplikasi sudah mewakili semua.. tampilan mudah klik portofolionya sat set admin super duper cepet responya,satu aplikasi sudah mewakili semua.. tampilan mudah klik portofolionya sat set admin super duper cepet responya,True,111,16,1.7.0,0,Tidak,,,Sampel ulasan publik Play Store
fafd6bff-a0ea-4974-b501-a8182842bd69,2026-09-26 00:43:31,https://play.google.com/store/apps/details?id=id.trimegah.tplus.android,ID,id,1,0.0,0.0,Negative,Transaksi & Portofolio Saham,2025-08-13 15:27:21,2025,pas jam trading tulisannya nol2 ga bisa buat jual beli,pas jam trading tulisannya nol2 ga bisa buat jual beli,True,54,10,Tidak Tercatat,0,Tidak,,,Sampel ulasan publik Play Store
bd380f42-c822-49f8-91df-9a2e3aa36023,2026-09-26 00:43:31,https://play.google.com/store/apps/details?id=id.trimegah.tplus.android,ID,id,5,1.0,100.0,Positive,Customer Service & Layanan,2025-08-13 13:42:34,2025,"Tim call center dan admin memberikan pelayanan yang luar biasa. Mereka sangat responsif dalam menanggapi setiap pertanyaan, memberikan solusi dengan jelas, dan selalu siap membantu dengan ramah serta penuh kesabaran, sehingga setiap kebutuhan atau kendala dapat terselesaikan dengan cepat dan efektif","Tim call center dan admin memberikan pelayanan yang luar biasa. Mereka sangat responsif dalam menanggapi setiap pertanyaan, memberikan solusi dengan jelas, dan selalu siap membantu dengan ramah serta penuh kesabaran, sehingga setiap kebutuhan atau kendala dapat terselesaikan dengan cepat dan efektif",True,300,41,Tidak Tercatat,0,Tidak,,,Sampel ulasan publik Play Store
9feb4c04-a51f-43e1-ac8b-d8854ba2c6e2,2026-09-26 00:43:31,https://play.google.com/store/apps/details?id=id.trimegah.tplus.android,ID,id,5,1.0,100.0,Positive,Login & Autentikasi,2025-08-13 12:56:31,2025,"Fiturnya komplit bisa beli saham reksa dana dan obligasi dalam satu aplikasi . admin dan call center sangat responsif dan ramah , loginnya juga sangat mudah cuman pakai nomor hp .","Fiturnya komplit bisa beli saham reksa dana dan obligasi dalam satu aplikasi . admin dan call center sangat responsif dan ramah , loginnya juga sangat mudah cuman pakai nomor hp .",True,179,31,1.7.0,0,Tidak,,,Sampel ulasan publik Play Store
b8a17698-c519-4ee8-ab37-2167b4d56fb1,2026-09-26 00:43:31,https://play.google.com/store/apps/details?id=id.trimegah.tplus.android,ID,id,5,1.0,100.0,Positive,Apresiasi Umum & Kepuasan,2025-08-12 19:14:45,2025,aplikasinya bagus untuk buat saham dan lain lain untuk investasi masa depan,aplikasinya bagus untuk buat saham dan lain lain untuk investasi masa depan,True,75,12,1.7.0,0,Tidak,,,Sampel ulasan publik Play Store
02697e25-4838-42f7-ab49-c73fdd5e6358,2026-09-26 00:43:31,https://play.google.com/store/apps/details?id=id.trimegah.tplus.android,ID,id,5,1.0,100.0,Positive,Customer Service & Layanan,2025-08-12 17:38:36,2025,Awalnya iseng download setelah di coba puas banget buat trader pemula seperti sama terimakasih trima+,Awalnya iseng download setelah di coba puas banget buat trader pemula seperti sama terimakasih trima+,True,101,15,1.7.0,0,Tidak,,,Sampel ulasan publik Play Store
ab84df4e-ef10-4ae5-90cb-82595553fe4d,2026-09-26 00:43:31,https://play.google.com/store/apps/details?id=id.trimegah.tplus.android,ID,id,5,1.0,100.0,Positive,UI/UX & Performa (Loading/Navigasi),2025-08-11 22:03:58,2025,"fitur nya lengkap dan sekarang bisa jadi mudah, kalo dulu sebelum banyak di upgrade agak susah,tapi sekarang semua nya serba gampang,di tingkatkan lagi ya developer aplikasi nya,agar kedepannya lebih bagus lagi✨","fitur nya lengkap dan sekarang bisa jadi mudah, kalo dulu sebelum banyak di upgrade agak susah,tapi sekarang semua nya serba gampang,di tingkatkan lagi ya developer aplikasi nya,agar kedepannya lebih bagus lagi✨",True,211,31,Tidak Tercatat,0,Tidak,,,Sampel ulasan publik Play Store
408e9729-75d2-4f83-87b3-47e119b29acc,2026-09-26 00:43:31,https://play.google.com/store/apps/details?id=id.trimegah.tplus.android,ID,id,5,1.0,100.0,Positive,Login & Autentikasi,2025-08-11 16:21:44,2025,"Sekarang di aplikasi trima+ udah bisa login cuma pake nomer hp lohh,simpel dan gampang bangett dan admin disini juga fast respon dan sangat membantu sekalii","Sekarang di aplikasi trima+ udah bisa login cuma pake nomer hp lohh,simpel dan gampang bangett dan admin disini juga fast respon dan sangat membantu sekalii",True,156,25,Tidak Tercatat,0,Tidak,,,Sampel ulasan publik Play Store
5c6fbebc-2ed6-4a07-8eb3-38b4c227ff55,2026-09-26 00:43:31,https://play.google.com/store/apps/details?id=id.trimegah.tplus.android,ID,id,4,0.75,75.0,Positive,Login & Autentikasi,2025-08-11 09:33:33,2025,Kok aku tarik rdn dari hari jum'at belum masuk juga si.pdahal udah masuk waktu kerjaa,Kok aku tarik rdn dari hari jum'at belum masuk juga si.pdahal udah masuk waktu kerjaa,True,85,15,Tidak Tercatat,1,Tidak,,,Sampel ulasan publik Play Store
be78b254-700c-4dfb-9ac9-ddbd769545a2,2026-09-26 00:43:31,https://play.google.com/store/apps/details?id=id.trimegah.tplus.android,ID,id,3,0.5,50.0,Neutral,UI/UX & Performa (Loading/Navigasi),2025-08-10 23:09:57,2025,"mau join sekuritas ini kalo udh bisa WD online sudah bisa GK manual pake dokumen ribet, balas komen saya KLO fitur tersebut sudah bisa tersedia, trimakasih","mau join sekuritas ini kalo udh bisa WD online sudah bisa GK manual pake dokumen ribet, balas komen saya KLO fitur tersebut sudah bisa tersedia, trimakasih",True,155,26,1.8.0,0,Ya,"Untuk penarikan dana sudah bisa dilakukan online melalui menu tarik dana. Jika ada pertanyaan, bisa disampaikan ke customer service kami di +6221 2924 9000 atau email ke callcenter@trimegah.com.",2025-08-20 10:55:45,Sampel ulasan publik Play Store
87aaeedd-0c14-4961-9601-86eb855beda8,2026-09-26 00:43:31,https://play.google.com/store/apps/details?id=id.trimegah.tplus.android,ID,id,5,1.0,100.0,Positive,UI/UX & Performa (Loading/Navigasi),2025-08-10 09:50:56,2025,"Awalnya aku cuma iseng coba Trima+ karena butuh aplikasi pembayaran digital yang gak ribet. Tapi setelah pakai beberapa kali, ternyata enak banget! Transaksinya sat-set, gak pernah ngelag, dan tampilannya juga bersih serta gampang dimengerti.","Awalnya aku cuma iseng coba Trima+ karena butuh aplikasi pembayaran digital yang gak ribet. Tapi setelah pakai beberapa kali, ternyata enak banget! Transaksinya sat-set, gak pernah ngelag, dan tampilannya juga bersih serta gampang dimengerti.",True,242,34,1.7.0,1,Tidak,,,Sampel ulasan publik Play Store
7b89a14f-e757-488c-88fe-f7ce2e8dee37,2026-09-26 00:43:31,https://play.google.com/store/apps/details?id=id.trimegah.tplus.android,ID,id,5,1.0,100.0,Positive,Login & Autentikasi,2025-08-09 20:34:03,2025,"Baru nyadar kalo sekarang login Trima+ bisa cuma pake no hp doang 😭 enak bgt ga ribet. Masuk langsung liat semua portofolio di 1 layar, saham, reksa dana, obligasi. Sering bgt gw liatin Trima+ Picks buat nyari ide saham, kadang malah jadi FOMO beli 😂. Pernah trouble order, call center langsung respon, bener2 satset.","Baru nyadar kalo sekarang login Trima+ bisa cuma pake no hp doang 😭 enak bgt ga ribet. Masuk langsung liat semua portofolio di 1 layar, saham, reksa dana, obligasi. Sering bgt gw liatin Trima+ Picks buat nyari ide saham, kadang malah jadi FOMO beli 😂. Pernah trouble order, call center langsung respon, bener2 satset.",True,317,54,1.7.0,1,Tidak,,,Sampel ulasan publik Play Store
3d44fd15-0f51-4139-92f0-0be4efc6e78f,2026-09-26 00:43:31,https://play.google.com/store/apps/details?id=id.trimegah.tplus.android,ID,id,5,1.0,100.0,Positive,Apresiasi Umum & Kepuasan,2025-08-09 15:52:21,2025,the best app for stock Investment. pertahankan dan grow up lagi Trima+ 🚀,the best app for stock Investment. pertahankan dan grow up lagi Trima+ 🚀,True,72,13,1.7.0,0,Tidak,,,Sampel ulasan publik Play Store
89a88f53-5ee2-4945-837a-bd495a437fb7,2026-09-26 00:43:31,https://play.google.com/store/apps/details?id=id.trimegah.tplus.android,ID,id,5,1.0,100.0,Positive,Customer Service & Layanan,2025-08-07 21:16:36,2025,"udh hampir setahun pake trima+ ini nyaman banget, fiturnya lengkap dan mudah digunakan, tim call centernya juga gercep banget dan responsif dalam segala pertanyaan","udh hampir setahun pake trima+ ini nyaman banget, fiturnya lengkap dan mudah digunakan, tim call centernya juga gercep banget dan responsif dalam segala pertanyaan",True,163,24,Tidak Tercatat,0,Tidak,,,Sampel ulasan publik Play Store
8c79b759-bc08-46a4-9d81-2f76a36bf32f,2026-09-26 00:43:31,https://play.google.com/store/apps/details?id=id.trimegah.tplus.android,ID,id,5,1.0,100.0,Positive,Customer Service & Layanan,2025-08-07 21:06:25,2025,Tim Call Center nya responya cepat ga nunggu lama balasan call centernya mantap,Tim Call Center nya responya cepat ga nunggu lama balasan call centernya mantap,True,79,13,1.8.0,0,Tidak,,,Sampel ulasan publik Play Store
501946a2-cbcd-4b2d-952d-54ec46d62821,2026-09-26 00:43:31,https://play.google.com/store/apps/details?id=id.trimegah.tplus.android,ID,id,5,1.0,100.0,Positive,Login & Autentikasi,2025-08-05 19:35:39,2025,"Login nya super gampang cuman pakai nomor HP aja, enggak ribet harus pakai email dll. Udah gitu kalo ada apa² atau ada kendala tim call center dan adminnya responsif dan ngebantu banget, apalagi buat orang awam kaya saya.","Login nya super gampang cuman pakai nomor HP aja, enggak ribet harus pakai email dll. Udah gitu kalo ada apa² atau ada kendala tim call center dan adminnya responsif dan ngebantu banget, apalagi buat orang awam kaya saya.",True,221,38,Tidak Tercatat,0,Tidak,,,Sampel ulasan publik Play Store
e63c075b-b1df-43f0-980d-bca795e1125a,2026-09-26 00:43:31,https://play.google.com/store/apps/details?id=id.trimegah.tplus.android,ID,id,5,1.0,100.0,Positive,Transaksi & Portofolio Saham,2025-08-05 19:30:40,2025,"pendaftaran akun nya sangat mudah dan cepat,,dalam 1 aplikasi sudah bisa untuk beli saham,dana dan obligasi..sangat membuat saya terbantu dalam transaksi online.call center nya juga sangat ramah .pokok nya bestt deh","pendaftaran akun nya sangat mudah dan cepat,,dalam 1 aplikasi sudah bisa untuk beli saham,dana dan obligasi..sangat membuat saya terbantu dalam transaksi online.call center nya juga sangat ramah .pokok nya bestt deh",True,215,31,Tidak Tercatat,0,Tidak,,,Sampel ulasan publik Play Store
9dd0d994-b7ff-4183-b732-057b6d26115c,2026-09-26 00:43:31,https://play.google.com/store/apps/details?id=id.trimegah.tplus.android,ID,id,5,1.0,100.0,Positive,Customer Service & Layanan,2025-08-04 23:54:31,2025,"Aku udah pakai Trima+ beberapa minggu dan sejauh ini puas banget. Proses daftar gampang, info sahamnya lengkap, dan yang paling penting udah diawasi OJK, jadi aku ngerasa lebih aman. Sekarang jadi makin semangat buat rutin nabung dan investasi buat masa depan , ditambah TIM call center dan adminnya sangat responsif sekali , ini membantu aku banget sih.","Aku udah pakai Trima+ beberapa minggu dan sejauh ini puas banget. Proses daftar gampang, info sahamnya lengkap, dan yang paling penting udah diawasi OJK, jadi aku ngerasa lebih aman. Sekarang jadi makin semangat buat rutin nabung dan investasi buat masa depan , ditambah TIM call center dan adminnya sangat responsif sekali , ini membantu aku banget sih.",True,354,57,Tidak Tercatat,0,Tidak,,,Sampel ulasan publik Play Store
e0ee4305-3edb-4fe9-a7e0-afe68a73c0d3,2026-09-26 00:43:31,https://play.google.com/store/apps/details?id=id.trimegah.tplus.android,ID,id,5,1.0,100.0,Positive,Login & Autentikasi,2025-08-04 21:26:30,2025,the best! loginnya gampang cuma pakai nomor hp.. terus tim call center nya super gercep dan sat set untuk jawabin segala pertanyaan & keluhan...,the best! loginnya gampang cuma pakai nomor hp.. terus tim call center nya super gercep dan sat set untuk jawabin segala pertanyaan & keluhan...,True,144,24,1.8.0,0,Tidak,,,Sampel ulasan publik Play Store
ab119ae2-3a65-41a3-82d4-0f19110a9f63,2026-09-26 00:43:31,https://play.google.com/store/apps/details?id=id.trimegah.tplus.android,ID,id,5,1.0,100.0,Positive,Login & Autentikasi,2025-08-02 08:46:10,2025,"loginnya sekarang jadi gampang bangettt cumaa pake nomer hp juga bisaa, goooddddd♥️♥️","loginnya sekarang jadi gampang bangettt cumaa pake nomer hp juga bisaa, goooddddd♥️♥️",True,85,12,1.8.0,0,Tidak,,,Sampel ulasan publik Play Store
bb5fcd06-f04c-4923-ba4e-ed4635ed2201,2026-09-26 00:43:31,https://play.google.com/store/apps/details?id=id.trimegah.tplus.android,ID,id,5,1.0,100.0,Positive,UI/UX & Performa (Loading/Navigasi),2025-08-02 08:43:02,2025,"Kalau menurut saya sih aplikasi ini membantu banget buat pemula karena fiturnya lengkap, mudah dipahami, di mengerti tim call center nya dan adminnya fast respon banget. Pertahankan ya pelayanannya. Pokoknya puas dah 👍👍","Kalau menurut saya sih aplikasi ini membantu banget buat pemula karena fiturnya lengkap, mudah dipahami, di mengerti tim call center nya dan adminnya fast respon banget. Pertahankan ya pelayanannya. Pokoknya puas dah 👍👍",True,219,33,1.8.0,0,Tidak,,,Sampel ulasan publik Play Store
b844a245-4a07-44bd-8161-9cb0149184c8,2026-09-26 00:43:31,https://play.google.com/store/apps/details?id=id.trimegah.tplus.android,ID,id,5,1.0,100.0,Positive,Login & Autentikasi,2025-08-02 08:07:14,2025,wahhh login mudah sekali cukup dengan no hp tanpa ribet tanpa drama,wahhh login mudah sekali cukup dengan no hp tanpa ribet tanpa drama,True,67,12,1.7.0,0,Tidak,,,Sampel ulasan publik Play Store
f11db547-d575-457b-ad1d-e838b33661f6,2026-09-26 00:43:31,https://play.google.com/store/apps/details?id=id.trimegah.tplus.android,ID,id,1,0.0,0.0,Negative,Keluhan Umum Aplikasi,2025-08-01 17:44:35,2025,Cara kerja untuk bantuan sangat menyulitkan. Bukan mempermudah. Tidak seperti securitas lain.,Cara kerja untuk bantuan sangat menyulitkan. Bukan mempermudah. Tidak seperti securitas lain.,True,93,12,1.7.0,1,Ya,"Mohon maaf atas ketidaknyamanannya, terkait kendala yang dialami mohon dapat disampaikan ke customer service kami di +6221 2924 9000 atau email ke callcenter@trimegah.com.",2025-08-20 11:01:30,Sampel ulasan publik Play Store
d9a0a2ba-d98d-4561-bbc8-7c6513f3b136,2026-09-26 00:43:31,https://play.google.com/store/apps/details?id=id.trimegah.tplus.android,ID,id,5,1.0,100.0,Positive,UI/UX & Performa (Loading/Navigasi),2025-08-01 17:12:09,2025,"Platform Digital inin merupakan solusi digital inovatif yang menghadirkan kemudahan dalam satu genggaman. Dengan antarmuka yang modern dan fitur yang dirancang secara menyeluruh, aplikasi ini mampu menunjang berbagai kebutuhan pengguna secara efisien dan praktis. Trima+ tidak hanya mempermudah akses layanan, tetapi juga menghadirkan pengalaman digital yang aman, cepat, dan terintegrasi. Pilihan tepat bagi mereka yang menginginkan kenyamanan dan kecanggihan dalam setiap aktivitas sehari-hari.","Platform Digital inin merupakan solusi digital inovatif yang menghadirkan kemudahan dalam satu genggaman. Dengan antarmuka yang modern dan fitur yang dirancang secara menyeluruh, aplikasi ini mampu menunjang berbagai kebutuhan pengguna secara efisien dan praktis. Trima+ tidak hanya mempermudah akses layanan, tetapi juga menghadirkan pengalaman digital yang aman, cepat, dan terintegrasi. Pilihan tepat bagi mereka yang menginginkan kenyamanan dan kecanggihan dalam setiap aktivitas sehari-hari.",True,496,63,Tidak Tercatat,0,Tidak,,,Sampel ulasan publik Play Store
b8cc08b3-7fad-4d97-bafb-8d416abc07cb,2026-09-26 00:43:31,https://play.google.com/store/apps/details?id=id.trimegah.tplus.android,ID,id,2,0.25,25.0,Negative,Keluhan Umum Aplikasi,2025-08-01 10:19:15,2025,"Agak lelet, tidak seperti trima sebelumnya. Sementara kasih bintang 2 dulu, Kalau sdh lancar dan cepat kita kasih bintang 5.","Agak lelet, tidak seperti trima sebelumnya. Sementara kasih bintang 2 dulu, Kalau sdh lancar dan cepat kita kasih bintang 5.",True,124,20,1.8.0,0,Ya,"Mohon maaf atas ketidaknyamanannya, terkait kendala yang dialami mohon dapat disampaikan ke customer service kami di +6221 2924 9000 atau email ke callcenter@trimegah.com.",2025-08-20 11:01:42,Sampel ulasan publik Play Store
f848ea9c-d6d7-45a0-894f-96a7ccfdd5d5,2026-09-26 00:43:31,https://play.google.com/store/apps/details?id=id.trimegah.tplus.android,ID,id,5,1.0,100.0,Positive,Transaksi & Portofolio Saham,2025-07-30 11:04:11,2025,"Investasi jadi lebih mudah dengan Trima+! Bisa beli saham, reksa dana, dan obligasi dalam satu aplikasi. Fitur sarannya membantu banget. Rekomendasi!","Investasi jadi lebih mudah dengan Trima+! Bisa beli saham, reksa dana, dan obligasi dalam satu aplikasi. Fitur sarannya membantu banget. Rekomendasi!",True,149,21,1.7.0,0,Tidak,,,Sampel ulasan publik Play Store
73006ba7-bcf4-4fc2-bcbc-34ed34c10e47,2026-09-26 00:43:31,https://play.google.com/store/apps/details?id=id.trimegah.tplus.android,ID,id,5,1.0,100.0,Positive,Apresiasi Umum & Kepuasan,2025-07-29 14:24:01,2025,uset friendly,uset friendly,True,13,2,1.7.0,0,Tidak,,,Sampel ulasan publik Play Store
c23c6b8a-572f-43a9-b3d7-372dcebf4433,2026-09-26 00:43:31,https://play.google.com/store/apps/details?id=id.trimegah.tplus.android,ID,id,5,1.0,100.0,Positive,Customer Service & Layanan,2025-07-29 13:20:42,2025,"Trimegah T-Plus adalah aplikasi investasi yang sangat bagus! Mudah digunakan, data pasar real-time akurat, dan transaksi lancar. Benar-benar membantu saya dalam berinvestasi. Wajib punya untuk investor","Trimegah T-Plus adalah aplikasi investasi yang sangat bagus! Mudah digunakan, data pasar real-time akurat, dan transaksi lancar. Benar-benar membantu saya dalam berinvestasi. Wajib punya untuk investor",True,201,26,1.7.0,0,Tidak,,,Sampel ulasan publik Play Store
c453dc5f-ccac-4df1-8181-142f8ac76798,2026-09-26 00:43:31,https://play.google.com/store/apps/details?id=id.trimegah.tplus.android,ID,id,5,1.0,100.0,Positive,Login & Autentikasi,2025-07-28 18:49:30,2025,"Pakai apk Trima+ bener² bikin investasi jd simpel dan efisien. Aku bisa lgsung pantau saham, reksa dana, dan obligasi di satu halaman. Jd nggak perlu pindah² menu. Login cukup pakai nomor HP, praktis banget! Fitur-fitur kayak Trima+ Picks dan Ideas juga sering bantu aku dapet insight beli saham. Plus, tim call center-nya sat set banget, responsif dan selalu siap bantu sampai tuntas","Pakai apk Trima+ bener² bikin investasi jd simpel dan efisien. Aku bisa lgsung pantau saham, reksa dana, dan obligasi di satu halaman. Jd nggak perlu pindah² menu. Login cukup pakai nomor HP, praktis banget! Fitur-fitur kayak Trima+ Picks dan Ideas juga sering bantu aku dapet insight beli saham. Plus, tim call center-nya sat set banget, responsif dan selalu siap bantu sampai tuntas",True,384,62,1.7.0,0,Tidak,,,Sampel ulasan publik Play Store
5f8dfaeb-66ae-4c09-af6f-148ca1395e7b,2026-09-26 00:43:31,https://play.google.com/store/apps/details?id=id.trimegah.tplus.android,ID,id,5,1.0,100.0,Positive,Login & Autentikasi,2025-07-28 15:00:49,2025,"Trima aplikasi investasi yang keren abis! Akses portofolio cepet, tim call center responsif, login simpel, dan fitur komplit. UI/UX nya juga enak dipake, dan fitur Trima+ nya bantu cari ide saham yang bagus. Bisa beli saham, reksa dana, dan obligasi di satu aplikasi, dan tim supportnya siap bantu 24/7. Gak ada alasan buat gak suka! 😊","Trima aplikasi investasi yang keren abis! Akses portofolio cepet, tim call center responsif, login simpel, dan fitur komplit. UI/UX nya juga enak dipake, dan fitur Trima+ nya bantu cari ide saham yang bagus. Bisa beli saham, reksa dana, dan obligasi di satu aplikasi, dan tim supportnya siap bantu 24/7. Gak ada alasan buat gak suka! 😊",True,335,56,1.7.0,0,Tidak,,,Sampel ulasan publik Play Store
eb22f816-0bb4-4da6-8b59-dd2de966f951,2026-09-26 00:43:31,https://play.google.com/store/apps/details?id=id.trimegah.tplus.android,ID,id,5,1.0,100.0,Positive,Transaksi & Portofolio Saham,2025-07-28 13:01:33,2025,"aplikasi buat ngeakses fortopolio dengan cepat dan ringkas, banyak fitur-fitur menarik didalamnya contohnya fitur trima+ picks dan trima+ ideas buat ngebantu cari ide beli saham","aplikasi buat ngeakses fortopolio dengan cepat dan ringkas, banyak fitur-fitur menarik didalamnya contohnya fitur trima+ picks dan trima+ ideas buat ngebantu cari ide beli saham",True,177,25,1.7.0,0,Tidak,,,Sampel ulasan publik Play Store
ec749ca6-9117-444a-b1c3-f8261b6ce92c,2026-09-26 00:43:31,https://play.google.com/store/apps/details?id=id.trimegah.tplus.android,ID,id,4,0.75,75.0,Positive,Transaksi & Portofolio Saham,2025-07-27 18:24:06,2025,"Sedikit saran buat development Trimegah Sekuritas, saya sarankan agar segera mempercepat perbaikan sistem pada penarikannya dan cs nya, khususnya untuk penarikannya sendiri jangan sampai membuat nasabah harus mengisi berupa dokumen atau formulir penarikan secara manual? karena itu sangat merepotkan dan gak efisien. Seharusnya setiap sekuritas itu seminimal mungkin agar bisa nasabah nya terlihat nyaman dan aman dan gak merepotkan saat transaksi jual beli ataupun penarikan dana nya.","Sedikit saran buat development Trimegah Sekuritas, saya sarankan agar segera mempercepat perbaikan sistem pada penarikannya dan cs nya, khususnya untuk penarikannya sendiri jangan sampai membuat nasabah harus mengisi berupa dokumen atau formulir penarikan secara manual? karena itu sangat merepotkan dan gak efisien. Seharusnya setiap sekuritas itu seminimal mungkin agar bisa nasabah nya terlihat nyaman dan aman dan gak merepotkan saat transaksi jual beli ataupun penarikan dana nya.",True,485,67,1.8.0,5,Tidak,,,Sampel ulasan publik Play Store
84fa4fb1-a4a0-4b55-8ee2-16a6f8c484d5,2026-09-26 00:43:31,https://play.google.com/store/apps/details?id=id.trimegah.tplus.android,ID,id,5,1.0,100.0,Positive,Apresiasi Umum & Kepuasan,2025-07-25 16:34:53,2025,ok,ok,True,2,1,1.7.0,0,Tidak,,,Sampel ulasan publik Play Store
529ecacc-b30e-4440-ab24-ca51392c446a,2026-09-26 00:43:31,https://play.google.com/store/apps/details?id=id.trimegah.tplus.android,ID,id,5,1.0,100.0,Positive,Apresiasi Umum & Kepuasan,2025-07-25 09:45:18,2025,lebih informatif.,lebih informatif.,True,17,2,1.7.0,0,Tidak,,,Sampel ulasan publik Play Store
9b4dcc59-7b8c-495f-95cc-d3d9a0c53c0b,2026-09-26 00:43:31,https://play.google.com/store/apps/details?id=id.trimegah.tplus.android,ID,id,1,0.0,0.0,Negative,Transaksi & Portofolio Saham,2025-07-25 09:39:40,2025,tidak bisa dilakukan penarikan dana...,tidak bisa dilakukan penarikan dana...,True,38,5,1.8.0,2,Ya,"Untuk penarikan dana sudah bisa dilakukan online melalui menu tarik dana. Jika ada pertanyaan, bisa disampaikan ke customer service kami di +6221 2924 9000 atau email ke callcenter@trimegah.com.",2025-08-20 10:59:20,Sampel ulasan publik Play Store
bbad9a6b-0e42-4804-96d6-eb13e46bfba4,2026-09-26 00:43:31,https://play.google.com/store/apps/details?id=id.trimegah.tplus.android,ID,id,1,0.0,0.0,Negative,Stabilitas Sistem & Bug (Crash/Error),2025-07-24 13:53:49,2025,"Buset susah banget daftar pembukaan akunnya, error mulu, waktu habislah, tidak melakukan apa apa lah...ini gimana?","Buset susah banget daftar pembukaan akunnya, error mulu, waktu habislah, tidak melakukan apa apa lah...ini gimana?",True,114,16,1.7.0,12,Ya,"Mohon maaf atas ketidaknyamanannya, terkait kendala yang dialami mohon dapat disampaikan ke customer service kami di +6221 2924 9000 atau email ke callcenter@trimegah.com.",2025-08-20 11:03:24,Sampel ulasan publik Play Store
2784395c-7f14-47d1-ad8d-0037c52b884c,2026-09-26 00:43:31,https://play.google.com/store/apps/details?id=id.trimegah.tplus.android,ID,id,5,1.0,100.0,Positive,Transaksi & Portofolio Saham,2025-07-24 12:47:50,2025,"aplikasi keren akses portofolio cepet dan ringkas dan responsif banget untuk jawabin segala pertanyaan dan siap assist hingga d setiap waktu., investasi juga sangat mudah ,timnya juga sat set cepat gak ribet","aplikasi keren akses portofolio cepet dan ringkas dan responsif banget untuk jawabin segala pertanyaan dan siap assist hingga d setiap waktu., investasi juga sangat mudah ,timnya juga sat set cepat gak ribet",True,207,32,Tidak Tercatat,0,Tidak,,,Sampel ulasan publik Play Store
62c40c13-6a8e-461c-853f-986bda60e532,2026-09-26 00:43:31,https://play.google.com/store/apps/details?id=id.trimegah.tplus.android,ID,id,1,0.0,0.0,Negative,Transaksi & Portofolio Saham,2025-07-23 19:00:23,2025,"payah ini sekuritas, masa orang tarik dana aja harus pake form manual, gimana orang mau pada kemari, pelayanannya ga banget","payah ini sekuritas, masa orang tarik dana aja harus pake form manual, gimana orang mau pada kemari, pelayanannya ga banget",True,123,20,1.7.0,3,Ya,"Untuk penarikan dana sudah bisa dilakukan online melalui menu tarik dana. Jika ada pertanyaan, bisa disampaikan ke customer service kami di +6221 2924 9000 atau email ke callcenter@trimegah.com.",2025-08-20 10:59:42,Sampel ulasan publik Play Store
72aeb870-d4e3-4581-9c79-ef56681446d3,2026-09-26 00:43:31,https://play.google.com/store/apps/details?id=id.trimegah.tplus.android,ID,id,5,1.0,100.0,Positive,Apresiasi Umum & Kepuasan,2025-07-23 17:46:22,2025,"Aplikasi simpel,Call centernya gercep","Aplikasi simpel,Call centernya gercep",True,37,4,1.7.0,0,Tidak,,,Sampel ulasan publik Play Store
ffd1f588-e46c-46ee-a1bd-7cbf2a6dccb8,2026-09-26 00:43:31,https://play.google.com/store/apps/details?id=id.trimegah.tplus.android,ID,id,5,1.0,100.0,Positive,Login & Autentikasi,2025-07-22 23:10:20,2025,"Awalnya aku cuma mau cek saham, tapi ternyata aplikasi Trima+ bikin semuanya jadi gampang! Sekali login pakai nomor HP, langsung bisa akses portofolio lengkap—saham, reksa dana, obligasi. Tim CS-nya juga cepat bantuin, super sat set!","Awalnya aku cuma mau cek saham, tapi ternyata aplikasi Trima+ bikin semuanya jadi gampang! Sekali login pakai nomor HP, langsung bisa akses portofolio lengkap—saham, reksa dana, obligasi. Tim CS-nya juga cepat bantuin, super sat set!",True,233,35,Tidak Tercatat,0,Tidak,,,Sampel ulasan publik Play Store
5c16dba5-483c-414e-b6c4-944783f4bc3b,2026-09-26 00:43:31,https://play.google.com/store/apps/details?id=id.trimegah.tplus.android,ID,id,5,1.0,100.0,Positive,Transaksi & Portofolio Saham,2025-07-22 22:17:51,2025,"Baru hari ini aku coba aplikasi Trima+ ga nyangka bisa beli saham, reksadana sekaligus obligasi di dalam satu aplikasi. UI/UX nya juga keren dan nyaman dipakai, ga ribet untuk cari ini itu. Buat yang lagi cari aplikasi terkait saham dan seputarnya, rekomen banget buat dicoba 👍🏻","Baru hari ini aku coba aplikasi Trima+ ga nyangka bisa beli saham, reksadana sekaligus obligasi di dalam satu aplikasi. UI/UX nya juga keren dan nyaman dipakai, ga ribet untuk cari ini itu. Buat yang lagi cari aplikasi terkait saham dan seputarnya, rekomen banget buat dicoba 👍🏻",True,278,46,1.7.0,0,Tidak,,,Sampel ulasan publik Play Store
2375aa51-3aac-42ea-a0a9-94776431a1e6,2026-09-26 00:43:31,https://play.google.com/store/apps/details?id=id.trimegah.tplus.android,ID,id,5,1.0,100.0,Positive,Login & Autentikasi,2025-07-22 22:10:46,2025,"akses portofolio cepet dan ringkas, loginnya cuman pake nomer hp loohh ngga dibikin ribet sama ini aplikasi, buruan donwload aplikasi ini guys dijamin ngga akan nyesel","akses portofolio cepet dan ringkas, loginnya cuman pake nomer hp loohh ngga dibikin ribet sama ini aplikasi, buruan donwload aplikasi ini guys dijamin ngga akan nyesel",True,167,26,Tidak Tercatat,0,Tidak,,,Sampel ulasan publik Play Store
d697d7fc-b0b1-4c19-963d-d8afcd563c24,2026-09-26 00:43:31,https://play.google.com/store/apps/details?id=id.trimegah.tplus.android,ID,id,5,1.0,100.0,Positive,Transaksi & Portofolio Saham,2025-07-21 20:15:32,2025,waktu tanya tanya tim call center dan admin sangat responsif trus waktu njelasin bahasanya mudah di pahami fiturnya juga banyak buat ngebantu cari ide beli saham.,waktu tanya tanya tim call center dan admin sangat responsif trus waktu njelasin bahasanya mudah di pahami fiturnya juga banyak buat ngebantu cari ide beli saham.,True,162,26,1.7.0,0,Tidak,,,Sampel ulasan publik Play Store
3661b06d-d7f7-4607-9d51-0eafdbcdf862,2026-09-26 00:43:31,https://play.google.com/store/apps/details?id=id.trimegah.tplus.android,ID,id,5,1.0,100.0,Positive,Customer Service & Layanan,2025-07-21 20:06:04,2025,Tim call center dan admin sangat responsif dan membantu target saya sangat berterimakasih,Tim call center dan admin sangat responsif dan membantu target saya sangat berterimakasih,True,89,13,1.7.0,0,Tidak,,,Sampel ulasan publik Play Store
74b808e1-281c-4a75-9dd7-463f334ff910,2026-09-26 00:43:31,https://play.google.com/store/apps/details?id=id.trimegah.tplus.android,ID,id,5,1.0,100.0,Positive,Customer Service & Layanan,2025-07-21 20:04:26,2025,Tim Call Center Trimegah super gercep/sat set dan responsif banget untuk jawabin segala pertanyaan dan siap assist hingga selesai setiap waktu!,Tim Call Center Trimegah super gercep/sat set dan responsif banget untuk jawabin segala pertanyaan dan siap assist hingga selesai setiap waktu!,True,143,21,1.7.0,0,Tidak,,,Sampel ulasan publik Play Store
747297ce-f863-4d34-b24f-7826308df7cd,2026-09-26 00:43:31,https://play.google.com/store/apps/details?id=id.trimegah.tplus.android,ID,id,5,1.0,100.0,Positive,Transaksi & Portofolio Saham,2025-07-21 19:53:39,2025,"Akses Widthdraw dan Deposit nya sangat cepat tanpa ada ganguan sama sekali , dan saat memantau Chart tidak ada ganguan lag sama sekali dan untuk Tim call responsif nya cepat respon . Mantap pokoknya 👍","Akses Widthdraw dan Deposit nya sangat cepat tanpa ada ganguan sama sekali , dan saat memantau Chart tidak ada ganguan lag sama sekali dan untuk Tim call responsif nya cepat respon . Mantap pokoknya 👍",True,200,35,1.7.0,0,Tidak,,,Sampel ulasan publik Play Store
d640bfba-0096-4a9f-842d-46af0443d8e1,2026-09-26 00:43:31,https://play.google.com/store/apps/details?id=id.trimegah.tplus.android,ID,id,1,0.0,0.0,Negative,Keluhan Umum Aplikasi,2025-07-21 10:04:17,2025,seminggu lbh tdk bisa WD... ini sudah sebulan lebih tdk bs WD via aplikasi,seminggu lbh tdk bisa WD... ini sudah sebulan lebih tdk bs WD via aplikasi,True,74,14,1.7.0,17,Ya,"Mohon maaf atas ketidaknyamanannya, terkait kendala yang dialami mohon dapat disampaikan ke customer service kami di +6221 2924 9000 atau email ke callcenter@trimegah.com.",2025-07-25 09:16:52,Sampel ulasan publik Play Store
ef9766ff-4922-460a-bd17-fcfc4c04b18d,2026-09-26 00:43:31,https://play.google.com/store/apps/details?id=id.trimegah.tplus.android,ID,id,5,1.0,100.0,Positive,Apresiasi Umum & Kepuasan,2025-07-21 09:42:02,2025,bagus dan pertahankan utk stock pick,bagus dan pertahankan utk stock pick,True,36,6,1.7.0,0,Tidak,,,Sampel ulasan publik Play Store
b3d0428c-c918-45d6-b8e4-c9c817958854,2026-09-26 00:43:31,https://play.google.com/store/apps/details?id=id.trimegah.tplus.android,ID,id,5,1.0,100.0,Positive,Login & Autentikasi,2025-07-20 23:00:23,2025,aplikasi nya mantap nggak ribet bisa login cuma pakai no hp sangat simple dan mudah,aplikasi nya mantap nggak ribet bisa login cuma pakai no hp sangat simple dan mudah,True,83,15,1.7.0,0,Tidak,,,Sampel ulasan publik Play Store
9c542c01-4f06-4dae-b9f4-02b5cd91b2d1,2026-09-26 00:43:31,https://play.google.com/store/apps/details?id=id.trimegah.tplus.android,ID,id,5,1.0,100.0,Positive,Login & Autentikasi,2025-07-19 18:12:21,2025,"Trima+ bantu banget kelola investasi karena semua portofolio bisa dilihat di satu tempat. Fitur Picks dan Ideas sering kasih ide saham yang menarik. Login cukup pakai nomor HP, tampilannya juga simpel dan enak dipakai. CS-nya responsif dan selalu siap bantu.","Trima+ bantu banget kelola investasi karena semua portofolio bisa dilihat di satu tempat. Fitur Picks dan Ideas sering kasih ide saham yang menarik. Login cukup pakai nomor HP, tampilannya juga simpel dan enak dipakai. CS-nya responsif dan selalu siap bantu.",True,258,40,1.7.0,1,Tidak,,,Sampel ulasan publik Play Store
27344385-3bde-47f9-bc9a-6fa2c41d42d7,2026-09-26 00:43:31,https://play.google.com/store/apps/details?id=id.trimegah.tplus.android,ID,id,5,1.0,100.0,Positive,Login & Autentikasi,2025-07-19 16:44:12,2025,"Akses portofolio cepet dan ringkas (bisa lihat saham, reksa dana, dan obligasi di 1 halaman) dan ⁠Tim Call Center Trimegah super gercep/sat set dan responsif banget untuk jawabin segala pertanyaan dan siap assist hingga selesai setiap waktu! ⁠Login sekarang bisa cuman pakai nomor HP","Akses portofolio cepet dan ringkas (bisa lihat saham, reksa dana, dan obligasi di 1 halaman) dan ⁠Tim Call Center Trimegah super gercep/sat set dan responsif banget untuk jawabin segala pertanyaan dan siap assist hingga selesai setiap waktu! ⁠Login sekarang bisa cuman pakai nomor HP",True,283,44,1.7.0,0,Tidak,,,Sampel ulasan publik Play Store
e2cdd25b-7440-4e56-b633-32f9e07bd1ac,2026-09-26 00:43:31,https://play.google.com/store/apps/details?id=id.trimegah.tplus.android,ID,id,5,1.0,100.0,Positive,Transaksi & Portofolio Saham,2025-07-18 20:01:41,2025,"Fitur Trima+ Pick dan Trima+ Ideas ngebantu bangett untuk cari ide beli saham dan Akses portofolio cepet dan ringkas (bisa lihat saham, reksa dana, dan obligasi di 1 halaman) apalagi Tim Call Center Trimegah super gercep/sat set dan responsif banget untuk jawabin segala pertanyaan dan siap assist hingga selesai setiap waktu! Aku suka Aplikasi ini!!!!!","Fitur Trima+ Pick dan Trima+ Ideas ngebantu bangett untuk cari ide beli saham dan Akses portofolio cepet dan ringkas (bisa lihat saham, reksa dana, dan obligasi di 1 halaman) apalagi Tim Call Center Trimegah super gercep/sat set dan responsif banget untuk jawabin segala pertanyaan dan siap assist hingga selesai setiap waktu! Aku suka Aplikasi ini!!!!!",True,353,55,1.7.0,2,Tidak,,,Sampel ulasan publik Play Store
69882e27-91a4-4fb4-87c5-a49d7a8814af,2026-09-26 00:43:31,https://play.google.com/store/apps/details?id=id.trimegah.tplus.android,ID,id,5,1.0,100.0,Positive,Customer Service & Layanan,2025-07-18 19:55:12,2025,"Tim Call Center nyaa emang bener-bener baguss bangett deh, fsr parahh, sat set, dan responsif banget sama semua eprtanyaan kitaa, dari yang terkecil sampai terdetail pun dijawab. merekaa ngebantu assist dari awal sampe akhir, jadi waktu kitaa ga kebuang sia siaa pokoknyaa worthh it bangett gilaaaaa. pelayanannn superrr bagusss, thee bestt dehh","Tim Call Center nyaa emang bener-bener baguss bangett deh, fsr parahh, sat set, dan responsif banget sama semua eprtanyaan kitaa, dari yang terkecil sampai terdetail pun dijawab. merekaa ngebantu assist dari awal sampe akhir, jadi waktu kitaa ga kebuang sia siaa pokoknyaa worthh it bangett gilaaaaa. pelayanannn superrr bagusss, thee bestt dehh",True,345,52,Tidak Tercatat,0,Tidak,,,Sampel ulasan publik Play Store
5adc0d92-d427-4a90-9fdd-54d404241f6f,2026-09-26 00:43:31,https://play.google.com/store/apps/details?id=id.trimegah.tplus.android,ID,id,5,1.0,100.0,Positive,Login & Autentikasi,2025-07-18 16:57:37,2025,"Serius, Trima+ tuh aplikasi investasi paling sat set yang pernah gue coba. Cek saham, reksa dana, sampe obligasi tinggal klik, semuanya langsung nongol di 1 page. Login-nya juga tinggal masukin no HP doang gak ribet! UI-nya kece, gampang dipake, dan fitur Trima+ Picks sering bantu nemu saham cuan. CS-nya? Responsif parah, bantuin sampe kelar. Wajib banget sih punya ini buat yang pengen investasi santai tapi maksimal!","Serius, Trima+ tuh aplikasi investasi paling sat set yang pernah gue coba. Cek saham, reksa dana, sampe obligasi tinggal klik, semuanya langsung nongol di 1 page. Login-nya juga tinggal masukin no HP doang gak ribet! UI-nya kece, gampang dipake, dan fitur Trima+ Picks sering bantu nemu saham cuan. CS-nya? Responsif parah, bantuin sampe kelar. Wajib banget sih punya ini buat yang pengen investasi santai tapi maksimal!",True,420,66,1.7.0,0,Tidak,,,Sampel ulasan publik Play Store
f50c6010-c481-477a-8f37-c4f751bf6332,2026-09-26 00:43:31,https://play.google.com/store/apps/details?id=id.trimegah.tplus.android,ID,id,5,1.0,100.0,Positive,Login & Autentikasi,2025-07-18 16:36:59,2025,"Aplikasinya bagus, fiturnya komplit. UI/UX intuitive juga ada, apalagi loginnya sekarang bisa cuman pakai nomor hp aja, sangat membantu, thank you","Aplikasinya bagus, fiturnya komplit. UI/UX intuitive juga ada, apalagi loginnya sekarang bisa cuman pakai nomor hp aja, sangat membantu, thank you",True,146,21,1.7.0,0,Tidak,,,Sampel ulasan publik Play Store
1f9ec527-f8a8-4788-9b04-9fa30d97c31f,2026-09-26 00:43:31,https://play.google.com/store/apps/details?id=id.trimegah.tplus.android,ID,id,5,1.0,100.0,Positive,Fitur Analisis & Data Pasar,2025-07-17 16:54:44,2025,pokoknya mantap ..... untuk semua fitur yang tersedia.👍🏻,pokoknya mantap ..... untuk semua fitur yang tersedia.👍🏻,True,56,8,1.7.0,1,Tidak,,,Sampel ulasan publik Play Store
6ca1444b-be28-4b1e-ba3f-da117fc5fc0a,2026-09-26 00:43:31,https://play.google.com/store/apps/details?id=id.trimegah.tplus.android,ID,id,5,1.0,100.0,Positive,Transaksi & Portofolio Saham,2025-07-16 15:40:34,2025,"Suka banget sama fitur Trima+ Picks dan Trima+ Ideas. Ini sih beneran ngebantu banget untuk cari ide bi saham. Gak pusing lagi mikir mau beli saham apa, tinggal intip rekomendasi dari ahlinya! Semua yang dicari ada di sini, bikin eksekusi jadi lebih smooth.","Suka banget sama fitur Trima+ Picks dan Trima+ Ideas. Ini sih beneran ngebantu banget untuk cari ide bi saham. Gak pusing lagi mikir mau beli saham apa, tinggal intip rekomendasi dari ahlinya! Semua yang dicari ada di sini, bikin eksekusi jadi lebih smooth.",True,257,43,Tidak Tercatat,0,Tidak,,,Sampel ulasan publik Play Store
e5673c55-139a-427b-89db-6a59b3f3723a,2026-09-26 00:43:31,https://play.google.com/store/apps/details?id=id.trimegah.tplus.android,ID,id,5,1.0,100.0,Positive,Transaksi & Portofolio Saham,2025-07-16 15:06:06,2025,Fitur di aplikasi ini super komplit. Fitur nya ngebantu banget untuk cari ide beli saham kayak Reksadana ataupun obligasi disini pun bisa dibeli. Admin nya pun responsif banget untuk jawab pertanyaan yang masih belum kita pahami,Fitur di aplikasi ini super komplit. Fitur nya ngebantu banget untuk cari ide beli saham kayak Reksadana ataupun obligasi disini pun bisa dibeli. Admin nya pun responsif banget untuk jawab pertanyaan yang masih belum kita pahami,True,228,36,1.7.0,0,Tidak,,,Sampel ulasan publik Play Store
5f0d7254-af75-4d48-b121-2056f9ca6435,2026-09-26 00:43:31,https://play.google.com/store/apps/details?id=id.trimegah.tplus.android,ID,id,5,1.0,100.0,Positive,Login & Autentikasi,2025-07-16 14:16:07,2025,"Awalnya coba Trimegah karena penasaran fitur Trima+ Picks & Ideas, ternyata bantu banget nemu saham potensial. Suka banget akses portofolio ringkas, saham-reksadana-obligasi langsung kelihatan. Login cukup pakai nomor HP, call center juga super sigap tiap butuh bantuan!","Awalnya coba Trimegah karena penasaran fitur Trima+ Picks & Ideas, ternyata bantu banget nemu saham potensial. Suka banget akses portofolio ringkas, saham-reksadana-obligasi langsung kelihatan. Login cukup pakai nomor HP, call center juga super sigap tiap butuh bantuan!",True,270,37,1.7.0,0,Tidak,,,Sampel ulasan publik Play Store
a1023e37-809e-4d05-baf5-237cefab73dc,2026-09-26 00:43:31,https://play.google.com/store/apps/details?id=id.trimegah.tplus.android,ID,id,5,1.0,100.0,Positive,Transaksi & Portofolio Saham,2025-07-16 10:23:11,2025,"rekomen bgt, registrasinya sangat gampang dan fitur2 nya lengkap , penarikan dana nya jg capat sekali","rekomen bgt, registrasinya sangat gampang dan fitur2 nya lengkap , penarikan dana nya jg capat sekali",True,101,16,1.7.0,0,Tidak,,,Sampel ulasan publik Play Store
7161ab2c-c2ea-4120-ac44-ebfbdc580a24,2026-09-26 00:43:31,https://play.google.com/store/apps/details?id=id.trimegah.tplus.android,ID,id,5,1.0,100.0,Positive,UI/UX & Performa (Loading/Navigasi),2025-07-14 14:30:04,2025,Memiliki fitur yang yang sangat lengkap dan juga ditunjang dengan UI UX yang sangat intuitif,Memiliki fitur yang yang sangat lengkap dan juga ditunjang dengan UI UX yang sangat intuitif,True,92,15,1.7.0,0,Tidak,,,Sampel ulasan publik Play Store
0890abc5-2ca7-4c1d-8316-f78f8e16b1e4,2026-09-26 00:43:31,https://play.google.com/store/apps/details?id=id.trimegah.tplus.android,ID,id,5,1.0,100.0,Positive,Login & Autentikasi,2025-07-14 14:28:52,2025,"Awalnya coba Trima+ karena penasaran, eh ternyata malah jadi aplikasi andalan buat pantau semua investasiku. Saham, reksa dana, obligasi—semuanya bisa diakses di 1 halaman! Login sekarang juga gampang banget, cukup pakai nomor HP, gak ribet sama sekali. Aku juga suka fitur Trima+ Picks dan Ideas yang bantu kasih ide saham harian. Dan yang paling keren, CS-nya sat set banget! Pernah tanya soal order, langsung dibimbing sampai beres. UI-nya juga enak dilihat, intuitif banget. Cocok buat pemula","Awalnya coba Trima+ karena penasaran, eh ternyata malah jadi aplikasi andalan buat pantau semua investasiku. Saham, reksa dana, obligasi—semuanya bisa diakses di 1 halaman! Login sekarang juga gampang banget, cukup pakai nomor HP, gak ribet sama sekali. Aku juga suka fitur Trima+ Picks dan Ideas yang bantu kasih ide saham harian. Dan yang paling keren, CS-nya sat set banget! Pernah tanya soal order, langsung dibimbing sampai beres. UI-nya juga enak dilihat, intuitif banget. Cocok buat pemula",True,496,76,1.7.0,1,Tidak,,,Sampel ulasan publik Play Store
4480e553-3c2e-4cff-986f-a7ef99b8975f,2026-09-26 00:43:31,https://play.google.com/store/apps/details?id=id.trimegah.tplus.android,ID,id,5,1.0,100.0,Positive,Transaksi & Portofolio Saham,2025-07-14 14:14:24,2025,"serius yaa, waktu aku lagu urgent ati kebingungan aku langsung tanya ke tim call center dan itu fast respon banget, watchlist dan form order nya juga lengkap, ngebantu buat trader saham","serius yaa, waktu aku lagu urgent ati kebingungan aku langsung tanya ke tim call center dan itu fast respon banget, watchlist dan form order nya juga lengkap, ngebantu buat trader saham",True,185,31,Tidak Tercatat,0,Tidak,,,Sampel ulasan publik Play Store
e799b171-1327-401c-8a87-e74b6d4ce03e,2026-09-26 00:43:31,https://play.google.com/store/apps/details?id=id.trimegah.tplus.android,ID,id,5,1.0,100.0,Positive,Apresiasi Umum & Kepuasan,2025-07-13 10:38:17,2025,bagus 🔥🔥🔥,bagus 🔥🔥🔥,True,9,2,1.7.0,0,Tidak,,,Sampel ulasan publik Play Store
41b35507-3a3e-40cd-b4a3-0c1621c1604f,2026-09-26 00:43:31,https://play.google.com/store/apps/details?id=id.trimegah.tplus.android,ID,id,5,1.0,100.0,Positive,Login & Autentikasi,2025-07-13 09:45:42,2025,Login sekarang bisa cuma pakai no hp jadi lebih simpel juga tampilan UI nya intuitive mudah dipahami,Login sekarang bisa cuma pakai no hp jadi lebih simpel juga tampilan UI nya intuitive mudah dipahami,True,100,17,1.7.0,0,Tidak,,,Sampel ulasan publik Play Store
140978bc-4177-4118-bb7d-2619f856aeec,2026-09-26 00:43:31,https://play.google.com/store/apps/details?id=id.trimegah.tplus.android,ID,id,5,1.0,100.0,Positive,Login & Autentikasi,2025-07-13 09:36:29,2025,"Pertama kali coba Trima+, langsung jatuh cinta! Login-nya sekarang cukup pakai nomor HP. gak ribet. Semua portofolio aku (saham, reksa dana, obligasi) bisa dicek di satu halaman, super praktis! Tampilan aplikasinya enak dilihat dan gampang dipakai. Yang paling keren, CS-nya","Pertama kali coba Trima+, langsung jatuh cinta! Login-nya sekarang cukup pakai nomor HP. gak ribet. Semua portofolio aku (saham, reksa dana, obligasi) bisa dicek di satu halaman, super praktis! Tampilan aplikasinya enak dilihat dan gampang dipakai. Yang paling keren, CS-nya",True,274,40,Tidak Tercatat,0,Tidak,,,Sampel ulasan publik Play Store
0fd00ce5-8e6d-4a9c-95ee-148febbb250d,2026-09-26 00:43:31,https://play.google.com/store/apps/details?id=id.trimegah.tplus.android,ID,id,5,1.0,100.0,Positive,Login & Autentikasi,2025-07-13 09:02:48,2025,"login aplikasinya cuman pake nomer, ga ribet, penggunanya sangat dipermudah, fiturnya banyak sekali cocok buat pemula makai aplikasi ini yang menginvest saham dan lain lain","login aplikasinya cuman pake nomer, ga ribet, penggunanya sangat dipermudah, fiturnya banyak sekali cocok buat pemula makai aplikasi ini yang menginvest saham dan lain lain",True,172,25,1.7.0,0,Tidak,,,Sampel ulasan publik Play Store
bc6a796e-a772-4ffc-a082-0349a8fda039,2026-09-26 00:43:31,https://play.google.com/store/apps/details?id=id.trimegah.tplus.android,ID,id,5,1.0,100.0,Positive,Fitur Analisis & Data Pasar,2025-07-12 15:44:49,2025,"Fiturnya bagus dan design aplikasinya juga oke banget, keren deh","Fiturnya bagus dan design aplikasinya juga oke banget, keren deh",True,64,10,1.7.0,0,Tidak,,,Sampel ulasan publik Play Store
9896c3f5-2bb9-44ed-abfb-f7ab43ee107f,2026-09-26 00:43:31,https://play.google.com/store/apps/details?id=id.trimegah.tplus.android,ID,id,5,1.0,100.0,Positive,Transaksi & Portofolio Saham,2025-07-12 12:58:37,2025,"Awalnya cuma cari aplikasi buat cek saham, tapi setelah coba Trima+, ternyata fiturnya komplit banget. Mulai dari akses portofolio super ringkas (semua aset langsung keliatan di satu halaman), sampai fitur Trima+ Picks & Trima+ Ideas yang bantu aku nemu inspirasi beli saham tiap hari.","Awalnya cuma cari aplikasi buat cek saham, tapi setelah coba Trima+, ternyata fiturnya komplit banget. Mulai dari akses portofolio super ringkas (semua aset langsung keliatan di satu halaman), sampai fitur Trima+ Picks & Trima+ Ideas yang bantu aku nemu inspirasi beli saham tiap hari.",True,285,44,1.7.0,0,Tidak,,,Sampel ulasan publik Play Store
5e975352-f4f1-47bb-bd1e-0f327d3aab8c,2026-09-26 00:43:31,https://play.google.com/store/apps/details?id=id.trimegah.tplus.android,ID,id,5,1.0,100.0,Positive,Login & Autentikasi,2025-07-12 12:24:32,2025,"aplikasiii yang friendly userr bgttt soalnya dia login pun cuma pake nomor hp ajaaa, trs buat fiturnya ga kalah komplitt, ada UI/UX intutive.. buat tim call center dan admin sangatt membantu dan responsif jadi jangan binggung kalo ada kendalaa","aplikasiii yang friendly userr bgttt soalnya dia login pun cuma pake nomor hp ajaaa, trs buat fiturnya ga kalah komplitt, ada UI/UX intutive.. buat tim call center dan admin sangatt membantu dan responsif jadi jangan binggung kalo ada kendalaa",True,243,39,1.7.0,0,Tidak,,,Sampel ulasan publik Play Store
efbc67e2-53ed-465f-ab28-1ea71c4cfbf3,2026-09-26 00:43:31,https://play.google.com/store/apps/details?id=id.trimegah.tplus.android,ID,id,5,1.0,100.0,Positive,Login & Autentikasi,2025-07-12 11:22:52,2025,login nya gampang gak ribet cuman pake no hp doang bisa langsung satset,login nya gampang gak ribet cuman pake no hp doang bisa langsung satset,True,71,13,1.7.0,0,Tidak,,,Sampel ulasan publik Play Store
ae3849d5-0836-4fa6-a129-6cd57495fb53,2026-09-26 00:43:31,https://play.google.com/store/apps/details?id=id.trimegah.tplus.android,ID,id,1,0.0,0.0,Negative,Transaksi & Portofolio Saham,2025-07-11 11:13:54,2025,"aplikasi tidak mudah utk digunakan, penarikan dana harus manual menggunakan form","aplikasi tidak mudah utk digunakan, penarikan dana harus manual menggunakan form",True,80,11,1.7.0,13,Ya,"Mohon maaf atas ketidaknyamanannya, terkait kendala yang dialami mohon dapat disampaikan ke customer service kami di +6221 2924 9000 atau email ke callcenter@trimegah.com.",2025-07-25 09:17:05,Sampel ulasan publik Play Store
a596ff38-9c28-4de1-bd02-b62baa728d39,2026-09-26 00:43:31,https://play.google.com/store/apps/details?id=id.trimegah.tplus.android,ID,id,1,0.0,0.0,Negative,Keluhan Umum Aplikasi,2025-07-11 09:26:50,2025,ibarat nabung tp ngga bisa diambil tabungannya,ibarat nabung tp ngga bisa diambil tabungannya,True,46,7,1.7.0,5,Ya,"Mohon maaf atas ketidaknyamanannya, terkait kendala yang dialami mohon dapat disampaikan ke customer service kami di +6221 2924 9000 atau email ke callcenter@trimegah.com.",2025-07-25 09:16:42,Sampel ulasan publik Play Store
0a13e7f1-7359-4918-805f-161073b47ebe,2026-09-26 00:43:31,https://play.google.com/store/apps/details?id=id.trimegah.tplus.android,ID,id,5,1.0,100.0,Positive,UI/UX & Performa (Loading/Navigasi),2025-07-10 16:54:20,2025,"Pertama kali pake Trimegah, awalnya sempet bingung soal fitur-fitur tapi pas coba hubungi tim call center-nya, langsung dibales super gercep, responsif banget, dan bantuin sampe tuntas tanpa ribet. Fiturnya juga komplit semua ada dan UI/UX-nya enak banget dipake, gampang ngerti walau masih pemula.","Pertama kali pake Trimegah, awalnya sempet bingung soal fitur-fitur tapi pas coba hubungi tim call center-nya, langsung dibales super gercep, responsif banget, dan bantuin sampe tuntas tanpa ribet. Fiturnya juga komplit semua ada dan UI/UX-nya enak banget dipake, gampang ngerti walau masih pemula.",True,298,43,Tidak Tercatat,0,Tidak,,,Sampel ulasan publik Play Store
f7599304-aa45-4ff7-ac77-c99158727aa2,2026-09-26 00:43:31,https://play.google.com/store/apps/details?id=id.trimegah.tplus.android,ID,id,5,1.0,100.0,Positive,Fitur Analisis & Data Pasar,2025-07-10 15:37:31,2025,"Aplikasi invest ter-bestt even buat pemula juga ada fitur Trima Picks, jadi dibimbing dulu sampai paham banget, dikasih insight sebaiknya ambil yg mana buat bangun portfolio. Udah gitu bisa start dari 10 ribu rupiah doang coba. Gak bakal nyesel deh guys ayo pake Trima!","Aplikasi invest ter-bestt even buat pemula juga ada fitur Trima Picks, jadi dibimbing dulu sampai paham banget, dikasih insight sebaiknya ambil yg mana buat bangun portfolio. Udah gitu bisa start dari 10 ribu rupiah doang coba. Gak bakal nyesel deh guys ayo pake Trima!",True,269,44,1.7.0,0,Tidak,,,Sampel ulasan publik Play Store
34927292-f24c-469f-844f-7a93fb9ee64b,2026-09-26 00:43:31,https://play.google.com/store/apps/details?id=id.trimegah.tplus.android,ID,id,5,1.0,100.0,Positive,Apresiasi Umum & Kepuasan,2025-07-09 15:42:38,2025,mantap,mantap,True,6,1,1.7.0,0,Tidak,,,Sampel ulasan publik Play Store
339a1e5f-bc30-450c-9693-da2ae006655d,2026-09-26 00:43:31,https://play.google.com/store/apps/details?id=id.trimegah.tplus.android,ID,id,3,0.5,50.0,Neutral,Netral / Saran Umum,2025-07-09 15:33:23,2025,untuk perubahan rekening tidak bisa online sangat mengganggu.... memang atas dasar keamanan cuma asalakan rekening sama harusnya bisa,untuk perubahan rekening tidak bisa online sangat mengganggu.... memang atas dasar keamanan cuma asalakan rekening sama harusnya bisa,True,133,18,1.7.0,0,Tidak,,,Sampel ulasan publik Play Store
7bf10344-7698-4bf8-9052-b8c70f58a66a,2026-09-26 00:43:31,https://play.google.com/store/apps/details?id=id.trimegah.tplus.android,ID,id,5,1.0,100.0,Positive,UI/UX & Performa (Loading/Navigasi),2025-07-09 15:13:27,2025,top banget... UI/UX nya mudah dan keren,top banget... UI/UX nya mudah dan keren,True,39,7,1.7.0,0,Tidak,,,Sampel ulasan publik Play Store
43555bc1-7580-414e-a30b-33c35e153eec,2026-09-26 00:43:31,https://play.google.com/store/apps/details?id=id.trimegah.tplus.android,ID,id,5,1.0,100.0,Positive,Transaksi & Portofolio Saham,2025-07-09 10:26:31,2025,"akses aplikasi dan tampilannya mudah di mengerti dengan fitur yg komplit, bisa beli saham, reksadana, obligasi, dll. untuk call center nya juga responsif","akses aplikasi dan tampilannya mudah di mengerti dengan fitur yg komplit, bisa beli saham, reksadana, obligasi, dll. untuk call center nya juga responsif",True,153,23,1.7.0,0,Tidak,,,Sampel ulasan publik Play Store
d88ad02b-cd74-4465-9fa0-376f4c9777f5,2026-09-26 00:43:31,https://play.google.com/store/apps/details?id=id.trimegah.tplus.android,ID,id,5,1.0,100.0,Positive,Login & Autentikasi,2025-07-09 10:19:01,2025,"awalnya cuma coba², tapi ternyata Trima+ bikin pantau portofolio jauh lebih simpel, satu halaman langsung bisa lihat saham, reksa dana, sampai obligasi—ringkas banget. aku juga suka fitur Trima+ Picks, sering bantu nemuin ide saham yang lagi potensial. pernah ada kendala login, tim call center-nya cepet banget bantuin. Sekarang login cukup pakai nomor HP, makin praktis!","awalnya cuma coba², tapi ternyata Trima+ bikin pantau portofolio jauh lebih simpel, satu halaman langsung bisa lihat saham, reksa dana, sampai obligasi—ringkas banget. aku juga suka fitur Trima+ Picks, sering bantu nemuin ide saham yang lagi potensial. pernah ada kendala login, tim call center-nya cepet banget bantuin. Sekarang login cukup pakai nomor HP, makin praktis!",True,372,55,1.7.0,0,Tidak,,,Sampel ulasan publik Play Store
a4b75653-7bc0-4f1b-bde7-2153189a7808,2026-09-26 00:43:31,https://play.google.com/store/apps/details?id=id.trimegah.tplus.android,ID,id,5,1.0,100.0,Positive,Transaksi & Portofolio Saham,2025-07-09 10:00:10,2025,"Awalnya saya sering kesulitan memantau perkembangan investasi karena aplikasinya lambat dan ribet. Tapi sejak pakai Trima, semuanya berubah. Saya bisa akses portofolio dengan cepat dan ringkas, hanya dalam beberapa klik. Nggak perlu lagi buka banyak menu atau nunggu loading lama. Setiap pagi, cukup buka Trima, dan saya langsung tahu performa aset saya. Jadi lebih tenang dan efisien dalam ambil keputusan.","Awalnya saya sering kesulitan memantau perkembangan investasi karena aplikasinya lambat dan ribet. Tapi sejak pakai Trima, semuanya berubah. Saya bisa akses portofolio dengan cepat dan ringkas, hanya dalam beberapa klik. Nggak perlu lagi buka banyak menu atau nunggu loading lama. Setiap pagi, cukup buka Trima, dan saya langsung tahu performa aset saya. Jadi lebih tenang dan efisien dalam ambil keputusan.",True,407,60,Tidak Tercatat,0,Tidak,,,Sampel ulasan publik Play Store
fbac639b-0327-4c5e-8115-2bd708d3e985,2026-09-26 00:43:31,https://play.google.com/store/apps/details?id=id.trimegah.tplus.android,ID,id,5,1.0,100.0,Positive,Transaksi & Portofolio Saham,2025-07-09 09:45:09,2025,"awal² sih takut ga percaya ternyata fiturnya komplit bangett terus bisa beli saham, reksa dana, dan obligasi di dalam 1 aplikasi bestt banget buat aplikasi Trima+ inii","awal² sih takut ga percaya ternyata fiturnya komplit bangett terus bisa beli saham, reksa dana, dan obligasi di dalam 1 aplikasi bestt banget buat aplikasi Trima+ inii",True,167,27,Tidak Tercatat,0,Tidak,,,Sampel ulasan publik Play Store
6a1214de-dbf6-4da0-97b4-dce50063bc76,2026-09-26 00:43:31,https://play.google.com/store/apps/details?id=id.trimegah.tplus.android,ID,id,5,1.0,100.0,Positive,Login & Autentikasi,2025-07-08 14:45:23,2025,"Trima ini kayak solusi ajaib buat para investor. Begitu buka aplikasinya, aku langsung terpukau. Gimana gak, akses portofolio cepat & ringkas, semua investasi, saham, reksa dana, & lainnya bisa diliat di satu halaman! Gak perlu pusing pindah-pindah aplikasi lagi. Rasanya kayak punya semua informasi di genggaman, bikin hati tenang.","Trima ini kayak solusi ajaib buat para investor. Begitu buka aplikasinya, aku langsung terpukau. Gimana gak, akses portofolio cepat & ringkas, semua investasi, saham, reksa dana, & lainnya bisa diliat di satu halaman! Gak perlu pusing pindah-pindah aplikasi lagi. Rasanya kayak punya semua informasi di genggaman, bikin hati tenang.",True,332,49,1.7.0,0,Tidak,,,Sampel ulasan publik Play Store
a0881d69-bc79-4c82-9402-67fd8420268a,2026-09-26 00:43:31,https://play.google.com/store/apps/details?id=id.trimegah.tplus.android,ID,id,5,1.0,100.0,Positive,Transaksi & Portofolio Saham,2025-07-08 13:46:56,2025,"Di apk ini bisa meng akses portofolio dengan cepat dan sangat ringkas selain itu disini juga bisa beli saham, reksa dana,dll. Fiturnya sangat komplit UI/UX intuitive. Tim call center dan admin super duper gercep balas semua pertanyaan!","Di apk ini bisa meng akses portofolio dengan cepat dan sangat ringkas selain itu disini juga bisa beli saham, reksa dana,dll. Fiturnya sangat komplit UI/UX intuitive. Tim call center dan admin super duper gercep balas semua pertanyaan!",True,235,37,1.7.0,0,Tidak,,,Sampel ulasan publik Play Store
c44045a6-719f-430c-a7bb-9936f3860400,2026-09-26 00:43:31,https://play.google.com/store/apps/details?id=id.trimegah.tplus.android,ID,id,5,1.0,100.0,Positive,Login & Autentikasi,2025-07-08 13:33:35,2025,"Suka banget sama aplikasi ini! Sekarang ngelihat portofolio jadi jauh lebih gampang saham, reksa dana, sama obligasi bisa dicek semua di satu halaman. Nggak ribet, ringkas, dan jelas. Login juga udah makin simpel, tinggal pakai nomor HP, nggak perlu ribet lagi masukin email atau username panjang. Yang paling aku apresiasi sih tim Call Center-nya. Responnya cepet banget, bener-bener bantuin sampai tuntas tanpa harus nunggu lama.","Suka banget sama aplikasi ini! Sekarang ngelihat portofolio jadi jauh lebih gampang saham, reksa dana, sama obligasi bisa dicek semua di satu halaman. Nggak ribet, ringkas, dan jelas. Login juga udah makin simpel, tinggal pakai nomor HP, nggak perlu ribet lagi masukin email atau username panjang. Yang paling aku apresiasi sih tim Call Center-nya. Responnya cepet banget, bener-bener bantuin sampai tuntas tanpa harus nunggu lama.",True,431,65,1.7.0,0,Tidak,,,Sampel ulasan publik Play Store
5c8e140b-dd7c-4bee-9564-d5522825149e,2026-09-26 00:43:31,https://play.google.com/store/apps/details?id=id.trimegah.tplus.android,ID,id,5,1.0,100.0,Positive,Transaksi & Portofolio Saham,2025-07-08 13:31:15,2025,"Awalnya coba Trima+ karena penasaran ada aplikasi sekuritas yang katanya serba lengkap. Eh beneran dong, tampilannya simple tapi powerful. Begitu buka, langsung bisa lihat semua portofolio aku dari saham, reksa dana, sampai obligasi — semuanya ada di satu layar! Jadi lebih hemat waktu dan ga perlu buka-buka tab lain.","Awalnya coba Trima+ karena penasaran ada aplikasi sekuritas yang katanya serba lengkap. Eh beneran dong, tampilannya simple tapi powerful. Begitu buka, langsung bisa lihat semua portofolio aku dari saham, reksa dana, sampai obligasi — semuanya ada di satu layar! Jadi lebih hemat waktu dan ga perlu buka-buka tab lain.",True,318,49,1.7.0,4,Tidak,,,Sampel ulasan publik Play Store
356a11ee-8a08-4e37-b66e-2bd873342cf9,2026-09-26 00:43:31,https://play.google.com/store/apps/details?id=id.trimegah.tplus.android,ID,id,5,1.0,100.0,Positive,Transaksi & Portofolio Saham,2025-07-08 13:30:42,2025,"sangat puas dengan aplikasi Trima+. registrasi akun nya mudah dan sangat cepat dan bisa dilakukan dari HP. akses portofolio investasi nya juga cepat dan ringkas, bisa lihat semua informasi tentang saham, reksa dana, dan obligasi di satu halaman. fiturnya juga banyak banget, tim call center trimegah super gercep sat set responsif siap untuk menjawab semua pertanyaan yg ditanyakan jadi kalo masi ga paham tinggal tanya langsung jawab","sangat puas dengan aplikasi Trima+. registrasi akun nya mudah dan sangat cepat dan bisa dilakukan dari HP. akses portofolio investasi nya juga cepat dan ringkas, bisa lihat semua informasi tentang saham, reksa dana, dan obligasi di satu halaman. fiturnya juga banyak banget, tim call center trimegah super gercep sat set responsif siap untuk menjawab semua pertanyaan yg ditanyakan jadi kalo masi ga paham tinggal tanya langsung jawab",True,434,67,1.7.0,0,Tidak,,,Sampel ulasan publik Play Store
40d2d9a6-a9b6-4743-9b1e-317b9c056904,2026-09-26 00:43:31,https://play.google.com/store/apps/details?id=id.trimegah.tplus.android,ID,id,5,1.0,100.0,Positive,Transaksi & Portofolio Saham,2025-07-08 13:29:20,2025,"fiturnya lengkap banget, bisa liat saham, reksa dana dan obligasi dalam 1 halaman, udah gitu kalo ada kendala tim call center nya gercep dan sangat responsif, membantu banget","fiturnya lengkap banget, bisa liat saham, reksa dana dan obligasi dalam 1 halaman, udah gitu kalo ada kendala tim call center nya gercep dan sangat responsif, membantu banget",True,174,28,1.7.0,0,Tidak,,,Sampel ulasan publik Play Store
6bf88207-3f73-4be5-a2c2-900bc9a3d360,2026-09-26 00:43:31,https://play.google.com/store/apps/details?id=id.trimegah.tplus.android,ID,id,5,1.0,100.0,Positive,UI/UX & Performa (Loading/Navigasi),2025-07-06 12:45:05,2025,"suka banget sama aplikasi trima inii, fitur-fiturnya lengkap, ada UI/UX intuitive nya, juga Tim call center dan adminnya responsif dan membantu banget.","suka banget sama aplikasi trima inii, fitur-fiturnya lengkap, ada UI/UX intuitive nya, juga Tim call center dan adminnya responsif dan membantu banget.",True,151,22,1.7.0,0,Tidak,,,Sampel ulasan publik Play Store
