review_id,collected_at,source_url,country,language,stars,normalized_score_0_1,normalized_score_0_100,sentiment,primary_topic,review_date,review_year,text,clean_text,has_text,char_count,word_count,app_version,helpful_count,has_developer_reply,developer_reply,replied_at,notes
90b67fe1-e581-4117-83d7-9d375fc160c3,2026-09-25 23:20:20,https://play.google.com/store/apps/details?id=com.trimegah.trima,ID,id,5,1.0,100.0,Positive,Apresiasi Umum & Kepuasan,2025-07-10 13:03:30,2025,menarik,menarik,True,7,1,Tidak Tercatat,0,Tidak,,,Sampel ulasan publik Play Store
008a3149-5904-4b88-ae15-cdbe2e8ae67d,2026-09-25 23:20:20,https://play.google.com/store/apps/details?id=com.trimegah.trima,ID,id,3,0.5,50.0,Neutral,Transaksi & Portofolio Saham,2025-07-03 10:57:23,2025,tarik dana harus manual. tolong ini segera di perbaiki. terima kasih,tarik dana harus manual. tolong ini segera di perbaiki. terima kasih,True,68,11,2.12.2,0,Tidak,,,Sampel ulasan publik Play Store
90f882ee-6225-4d32-b7b5-2fc69c880f70,2026-09-25 23:20:20,https://play.google.com/store/apps/details?id=com.trimegah.trima,ID,id,4,0.75,75.0,Positive,Login & Autentikasi,2025-07-03 09:35:12,2025,Lagi ada gangguan ya? Login ga mau,Lagi ada gangguan ya? Login ga mau,True,34,7,2.12.2,0,Tidak,,,Sampel ulasan publik Play Store
1b235583-1e4b-43ca-96d1-69a12cb803e9,2026-09-25 23:20:20,https://play.google.com/store/apps/details?id=com.trimegah.trima,ID,id,1,0.0,0.0,Negative,Transaksi & Portofolio Saham,2025-07-02 13:29:49,2025,"sudah narik dananya, proses nya lama, csnya lemot , slow respon, gk recomended banget utk trading sangat merugikan","sudah narik dananya, proses nya lama, csnya lemot , slow respon, gk recomended banget utk trading sangat merugikan",True,114,18,2.12.2,1,Tidak,,,Sampel ulasan publik Play Store
f855df93-5b98-4b75-b9aa-7bc230702a2c,2026-09-25 23:20:20,https://play.google.com/store/apps/details?id=com.trimegah.trima,ID,id,3,0.5,50.0,Neutral,Transaksi & Portofolio Saham,2025-07-01 09:37:53,2025,"bagaimana cara Withdrawlnya, katanya proses maintenence, sudah 1 bulan ga bisa.mencairkan uang , ""Failed Request OCW""","bagaimana cara Withdrawlnya, katanya proses maintenence, sudah 1 bulan ga bisa.mencairkan uang , ""Failed Request OCW""",True,117,16,2.12.2,3,Tidak,,,Sampel ulasan publik Play Store
cadb95eb-44d7-4230-94e6-f89d78f9ab0d,2026-09-25 23:20:20,https://play.google.com/store/apps/details?id=com.trimegah.trima,ID,id,4,0.75,75.0,Positive,Transaksi & Portofolio Saham,2025-06-21 17:03:50,2025,abis update knp gak bs tarik dana ya?,abis update knp gak bs tarik dana ya?,True,37,8,2.12.2,2,Tidak,,,Sampel ulasan publik Play Store
84f7da17-143e-4625-b9ed-9bf6c846ee08,2026-09-25 23:20:20,https://play.google.com/store/apps/details?id=com.trimegah.trima,ID,id,1,0.0,0.0,Negative,Transaksi & Portofolio Saham,2025-06-20 14:08:54,2025,Narik dana di RDN kok error terus. bagaimana mau terus pakai aplikasi ini jika merugikan nasabah.,Narik dana di RDN kok error terus. bagaimana mau terus pakai aplikasi ini jika merugikan nasabah.,True,97,16,2.12.2,2,Tidak,,,Sampel ulasan publik Play Store
d916fde2-10de-46c6-b7bd-70a26d4fdc27,2026-09-25 23:20:20,https://play.google.com/store/apps/details?id=com.trimegah.trima,ID,id,1,0.0,0.0,Negative,Transaksi & Portofolio Saham,2025-06-16 05:40:51,2025,"Dari kemaren gk bisa tarik dana dari RDN ke rekening. Alasan gangguan sistem, penarikan secara manual dan itu 2 hari kerja. jaringan nya sering eror.","Dari kemaren gk bisa tarik dana dari RDN ke rekening. Alasan gangguan sistem, penarikan secara manual dan itu 2 hari kerja. jaringan nya sering eror.",True,149,25,2.12.2,10,Tidak,,,Sampel ulasan publik Play Store
b577657f-c06a-43d4-a7fd-a4f821bc2f9f,2026-09-25 23:20:20,https://play.google.com/store/apps/details?id=com.trimegah.trima,ID,id,2,0.25,25.0,Negative,Login & Autentikasi,2025-06-15 22:17:12,2025,SAYA SUDAH MENARIK KAS. TETAPI BELUM ADA MASUK KE REKENING. MOHON BANTUANNYA🙏,SAYA SUDAH MENARIK KAS. TETAPI BELUM ADA MASUK KE REKENING. MOHON BANTUANNYA🙏,True,77,12,2.12.2,1,Tidak,,,Sampel ulasan publik Play Store
07168917-716c-4fea-b204-2dfbf77d4353,2026-09-25 23:20:20,https://play.google.com/store/apps/details?id=com.trimegah.trima,ID,id,1,0.0,0.0,Negative,Transaksi & Portofolio Saham,2025-06-12 08:54:33,2025,"tarik dananya mesti manual, gak sip","tarik dananya mesti manual, gak sip",True,35,6,2.12.1,2,Tidak,,,Sampel ulasan publik Play Store
c95663b7-63d4-43f9-b1a6-f26f12a5c80c,2026-09-25 23:20:20,https://play.google.com/store/apps/details?id=com.trimegah.trima,ID,id,5,1.0,100.0,Positive,Apresiasi Umum & Kepuasan,2025-06-12 06:56:35,2025,bagus,bagus,True,5,1,2.12.2,0,Tidak,,,Sampel ulasan publik Play Store
6c5c70cf-7524-4639-b860-79a26c6bed96,2026-09-25 23:20:20,https://play.google.com/store/apps/details?id=com.trimegah.trima,ID,id,1,0.0,0.0,Negative,Transaksi & Portofolio Saham,2025-06-11 09:25:04,2025,"ini gmn caranya lakukan penarikan duit ke rekening yah, ada saldo di cash available, tp tidak terbaca di menu penarikan. yg terbaca cash RDN aja. gmn cara mindahin cash available ke cash RDN biar bisa di tarik ke rek. Bisa deposit ga bisa ditarik ini mah... UI nya jg bikin bingung buat orang awam, dah gitu ga ada pusat bantuannya jg buat tanya2 klo ada trouble.","ini gmn caranya lakukan penarikan duit ke rekening yah, ada saldo di cash available, tp tidak terbaca di menu penarikan. yg terbaca cash RDN aja. gmn cara mindahin cash available ke cash RDN biar bisa di tarik ke rek. Bisa deposit ga bisa ditarik ini mah... UI nya jg bikin bingung buat orang awam, dah gitu ga ada pusat bantuannya jg buat tanya2 klo ada trouble.",True,363,66,2.12.1,6,Tidak,,,Sampel ulasan publik Play Store
80977891-eff0-4f4c-987e-2f56b3bd10b4,2026-09-25 23:20:20,https://play.google.com/store/apps/details?id=com.trimegah.trima,ID,id,1,0.0,0.0,Negative,Login & Autentikasi,2025-05-20 19:56:36,2025,"Aplikasi gajelas lupa password aksenya cuma username/userid, kan ada yang namanya email/nomor sorry gua kasih bintang 1 ya","Aplikasi gajelas lupa password aksenya cuma username/userid, kan ada yang namanya email/nomor sorry gua kasih bintang 1 ya",True,122,18,Tidak Tercatat,0,Tidak,,,Sampel ulasan publik Play Store
1976e2ee-518c-42fe-8ccd-185aaa45b026,2026-09-25 23:20:20,https://play.google.com/store/apps/details?id=com.trimegah.trima,ID,id,1,0.0,0.0,Negative,UI/UX & Performa (Loading/Navigasi),2024-11-24 18:37:25,2024,habis update malah tidak bisa dibuka sama sekali,habis update malah tidak bisa dibuka sama sekali,True,48,8,2.12.0,9,Tidak,,,Sampel ulasan publik Play Store
441c50ee-9af4-469e-a1c6-a3b17464bf2e,2026-09-25 23:20:20,https://play.google.com/store/apps/details?id=com.trimegah.trima,ID,id,1,0.0,0.0,Negative,Keluhan Umum Aplikasi,2024-11-22 22:17:34,2024,Ini knp malah g bs dbuka samsek?,Ini knp malah g bs dbuka samsek?,True,32,7,2.8.3,0,Ya,"Terima kasih telah menginstall Aplikasi Trima, silahkan untuk mengupdate ke versi 2.2.1, untuk kritik dan saran dapat Anda sampaikan ke customer service kami di +62 21 2924 9000.",2020-01-12 20:39:17,Sampel ulasan publik Play Store
72d709ac-ca61-43b3-9a39-ea2f2968f439,2026-09-25 23:20:20,https://play.google.com/store/apps/details?id=com.trimegah.trima,ID,id,1,0.0,0.0,Negative,Keluhan Umum Aplikasi,2024-11-14 19:47:23,2024,"Kok setelah di upgrade, malah gk bisa dibuka?","Kok setelah di upgrade, malah gk bisa dibuka?",True,45,8,2.12.0,2,Tidak,,,Sampel ulasan publik Play Store
2f5c72b3-4e9c-4521-8869-eeabcfa00b31,2026-09-25 23:20:20,https://play.google.com/store/apps/details?id=com.trimegah.trima,ID,id,1,0.0,0.0,Negative,UI/UX & Performa (Loading/Navigasi),2024-11-13 10:15:55,2024,Abis update jadi ga bisa dibuka,Abis update jadi ga bisa dibuka,True,31,6,2.12.0,2,Tidak,,,Sampel ulasan publik Play Store
67d6f855-a0fe-4a1b-a152-17e236bef19f,2026-09-25 23:20:20,https://play.google.com/store/apps/details?id=com.trimegah.trima,ID,id,1,0.0,0.0,Negative,Keluhan Umum Aplikasi,2024-11-11 10:06:25,2024,"Ini kenapa tgl 11.11.24, pukul 10.00 nggak bisa dibuka nih...aduh parah nih","Ini kenapa tgl 11.11.24, pukul 10.00 nggak bisa dibuka nih...aduh parah nih",True,75,12,2.12.0,1,Tidak,,,Sampel ulasan publik Play Store
49cf8009-02f0-4d0f-80d3-8593edd46293,2026-09-25 23:20:20,https://play.google.com/store/apps/details?id=com.trimegah.trima,ID,id,5,1.0,100.0,Positive,Apresiasi Umum & Kepuasan,2024-11-08 16:16:12,2024,"Sering gangguan , cari sekuritas lain saja","Sering gangguan , cari sekuritas lain saja",True,42,7,2.12.0,1,Tidak,,,Sampel ulasan publik Play Store
7a76cd52-41ed-41b7-8db0-9bbd671e8352,2026-09-25 23:20:20,https://play.google.com/store/apps/details?id=com.trimegah.trima,ID,id,1,0.0,0.0,Negative,UI/UX & Performa (Loading/Navigasi),2024-11-06 11:57:50,2024,"PARAH..SETELAH UPDATE MALAH TAMBAH BOBROK , NGGAK BISA DIBUKA, LEMOT..","PARAH..SETELAH UPDATE MALAH TAMBAH BOBROK , NGGAK BISA DIBUKA, LEMOT..",True,70,10,2.12.0,2,Tidak,,,Sampel ulasan publik Play Store
1bb603e3-4445-4ec9-9a75-f92aeff20a19,2026-09-25 23:20:20,https://play.google.com/store/apps/details?id=com.trimegah.trima,ID,id,1,0.0,0.0,Negative,UI/UX & Performa (Loading/Navigasi),2024-11-05 15:40:14,2024,Di-update yg terbaru malah ga bisa buka sama sekali,Di-update yg terbaru malah ga bisa buka sama sekali,True,51,9,2.12.0,5,Tidak,,,Sampel ulasan publik Play Store
6a41cbb5-d3a6-4be7-8b0d-ea2806598155,2026-09-25 23:20:20,https://play.google.com/store/apps/details?id=com.trimegah.trima,ID,id,1,0.0,0.0,Negative,UI/UX & Performa (Loading/Navigasi),2024-11-05 11:41:37,2024,Abis update malah gak jelas geometrik hilang,Abis update malah gak jelas geometrik hilang,True,44,7,2.12.0,1,Tidak,,,Sampel ulasan publik Play Store
26ab8dfe-d564-4994-bbed-f9e90871adb8,2026-09-25 23:20:20,https://play.google.com/store/apps/details?id=com.trimegah.trima,ID,id,2,0.25,25.0,Negative,Customer Service & Layanan,2024-09-23 10:29:45,2024,Sering maintenance tapi aplikasi kalo mau dipake jawaban nya server sibuk,Sering maintenance tapi aplikasi kalo mau dipake jawaban nya server sibuk,True,73,11,2.11.0,2,Tidak,,,Sampel ulasan publik Play Store
247314ff-37a0-4900-9747-b77b928d3b40,2026-09-25 23:20:20,https://play.google.com/store/apps/details?id=com.trimegah.trima,ID,id,5,1.0,100.0,Positive,Login & Autentikasi,2024-09-23 09:47:59,2024,Bagus...mudah dipahami...mohon diserver nya di maksimalkan lg agar cepat saat login...,Bagus...mudah dipahami...mohon diserver nya di maksimalkan lg agar cepat saat login...,True,86,11,2.11.0,2,Tidak,,,Sampel ulasan publik Play Store
2f07b1f5-b0e1-4db7-9174-674b9f789116,2026-09-25 23:20:20,https://play.google.com/store/apps/details?id=com.trimegah.trima,ID,id,5,1.0,100.0,Positive,Apresiasi Umum & Kepuasan,2024-09-20 08:28:30,2024,Mantapp,Mantapp,True,7,1,2.11.0,0,Tidak,,,Sampel ulasan publik Play Store
8df230bd-f7e1-49b3-a774-bd1978926f81,2026-09-25 23:20:20,https://play.google.com/store/apps/details?id=com.trimegah.trima,ID,id,1,0.0,0.0,Negative,Fitur Analisis & Data Pasar,2024-09-17 16:10:45,2024,Treding view technical chart gak bisa dibuka dan kadang eror,Treding view technical chart gak bisa dibuka dan kadang eror,True,60,10,2.11.0,0,Tidak,,,Sampel ulasan publik Play Store
b50a52e8-4ac8-4283-8751-c43d08dcf24c,2026-09-25 23:20:20,https://play.google.com/store/apps/details?id=com.trimegah.trima,ID,id,2,0.25,25.0,Negative,Keluhan Umum Aplikasi,2024-09-13 14:28:44,2024,Chat gak bsa dibuka,Chat gak bsa dibuka,True,19,4,2.10.0,0,Tidak,,,Sampel ulasan publik Play Store
f254b1fc-28d0-4570-912b-6d6860ccdaa0,2026-09-25 23:20:20,https://play.google.com/store/apps/details?id=com.trimegah.trima,ID,id,5,1.0,100.0,Positive,Apresiasi Umum & Kepuasan,2024-09-02 16:10:51,2024,Mnatp,Mnatp,True,5,1,2.10.0,0,Tidak,,,Sampel ulasan publik Play Store
56a168cc-754a-49fa-92d3-9c1aab66eb67,2026-09-25 23:20:20,https://play.google.com/store/apps/details?id=com.trimegah.trima,ID,id,1,0.0,0.0,Negative,Login & Autentikasi,2024-07-08 12:59:36,2024,"Mau log in saja susah ,muncul salah id dan password tidak pernah rubah password krn password sy catat. Coba Klik lupa password muncul user not found. Ketika sdh dpt kode otp . Mau klik komfimasi tdk bs diklik dan waktu yg disediakan u konfirmasi msh ada wktnya","Mau log in saja susah ,muncul salah id dan password tidak pernah rubah password krn password sy catat. Coba Klik lupa password muncul user not found. Ketika sdh dpt kode otp . Mau klik komfimasi tdk bs diklik dan waktu yg disediakan u konfirmasi msh ada wktnya",True,260,47,2.9.0,3,Tidak,,,Sampel ulasan publik Play Store
623da0cc-9bb2-48bb-8482-c1cea21e2d43,2026-09-25 23:20:20,https://play.google.com/store/apps/details?id=com.trimegah.trima,ID,id,5,1.0,100.0,Positive,Apresiasi Umum & Kepuasan,2024-07-01 13:34:28,2024,Good,Good,True,4,1,Tidak Tercatat,0,Tidak,,,Sampel ulasan publik Play Store
a995f345-86d9-4bff-b1d3-5bd3fdb2903f,2026-09-25 23:20:20,https://play.google.com/store/apps/details?id=com.trimegah.trima,ID,id,5,1.0,100.0,Positive,Apresiasi Umum & Kepuasan,2024-06-12 23:22:50,2024,Saya lupa username akun Trimegah sekuritas saya,Saya lupa username akun Trimegah sekuritas saya,True,47,7,2.9.0,0,Tidak,,,Sampel ulasan publik Play Store
722fb59e-dec6-440c-9b8f-b9eb95ab69c5,2026-09-25 23:20:20,https://play.google.com/store/apps/details?id=com.trimegah.trima,ID,id,1,0.0,0.0,Negative,Keluhan Umum Aplikasi,2024-06-06 06:44:33,2024,apk aneh penipu,apk aneh penipu,True,15,3,2.9.0,0,Tidak,,,Sampel ulasan publik Play Store
df7f1d7d-2344-4538-b729-72120a32d4bd,2026-09-25 23:20:20,https://play.google.com/store/apps/details?id=com.trimegah.trima,ID,id,1,0.0,0.0,Negative,UI/UX & Performa (Loading/Navigasi),2024-05-29 16:32:18,2024,"Registrasinya ribet. Katanya nama di ktp ga boleh ada simbol titik atau koma, tapi mau di ubah ga bisa. Biodata terisi sendiri setelah upload ktp dan ga bisa di edit","Registrasinya ribet. Katanya nama di ktp ga boleh ada simbol titik atau koma, tapi mau di ubah ga bisa. Biodata terisi sendiri setelah upload ktp dan ga bisa di edit",True,165,30,2.9.0,2,Tidak,,,Sampel ulasan publik Play Store
bd5efc4c-aee2-4948-8584-0c55e7f315d4,2026-09-25 23:20:20,https://play.google.com/store/apps/details?id=com.trimegah.trima,ID,id,1,0.0,0.0,Negative,UI/UX & Performa (Loading/Navigasi),2024-05-21 03:25:51,2024,"Saran saja, buat aplikasi baru, atau rubah uinya. Butuh pembaruan, seperti sekuritas yang lain.","Saran saja, buat aplikasi baru, atau rubah uinya. Butuh pembaruan, seperti sekuritas yang lain.",True,95,14,2.9.0,2,Tidak,,,Sampel ulasan publik Play Store
cebd7414-2e99-453b-8fa3-7ac0dbefbfa3,2026-09-25 23:20:20,https://play.google.com/store/apps/details?id=com.trimegah.trima,ID,id,5,1.0,100.0,Positive,Apresiasi Umum & Kepuasan,2024-05-10 18:09:16,2024,"saya tadi salah report,,,mau dibatalin gak tau caranya","saya tadi salah report,,,mau dibatalin gak tau caranya",True,54,8,2.9.0,0,Tidak,,,Sampel ulasan publik Play Store
dae6856d-c68e-4bb9-8129-e08a2cd2f239,2026-09-25 23:20:20,https://play.google.com/store/apps/details?id=com.trimegah.trima,ID,id,1,0.0,0.0,Negative,Registrasi & Onboarding (KYC),2024-04-18 16:14:03,2024,"Aplikasi lol, klo belom siap jangan di oprasikan,jangan pajang di play store ,bikin kesel aja registrasi,","Aplikasi lol, klo belom siap jangan di oprasikan,jangan pajang di play store ,bikin kesel aja registrasi,",True,105,16,Tidak Tercatat,0,Tidak,,,Sampel ulasan publik Play Store
b6e713a4-3d35-4795-9afb-16b956182456,2026-09-25 23:20:20,https://play.google.com/store/apps/details?id=com.trimegah.trima,ID,id,1,0.0,0.0,Negative,UI/UX & Performa (Loading/Navigasi),2023-12-12 13:45:35,2023,"Pantas ratingnya 3,1,,daftarnya aja ribet, gak seperti aplikasi sekuritas lainnya","Pantas ratingnya 3,1,,daftarnya aja ribet, gak seperti aplikasi sekuritas lainnya",True,81,10,2.8.4,0,Tidak,,,Sampel ulasan publik Play Store
0f978750-f9dc-48c5-ab61-75897136c4cf,2026-09-25 23:20:20,https://play.google.com/store/apps/details?id=com.trimegah.trima,ID,id,1,0.0,0.0,Negative,UI/UX & Performa (Loading/Navigasi),2023-12-07 22:24:13,2023,Susah sekali daftarnya,Susah sekali daftarnya,True,22,3,2.8.4,0,Tidak,,,Sampel ulasan publik Play Store
35ad8cd1-6b4b-4cbb-a0c6-3989ec9aec8d,2026-09-25 23:20:20,https://play.google.com/store/apps/details?id=com.trimegah.trima,ID,id,1,0.0,0.0,Negative,Keluhan Umum Aplikasi,2023-11-06 11:37:10,2023,Aplikasi sekuritas terparah seindonesia.,Aplikasi sekuritas terparah seindonesia.,True,40,4,Tidak Tercatat,0,Tidak,,,Sampel ulasan publik Play Store
3e53ae08-23fe-4a52-b6b2-ed9811be5270,2026-09-25 23:20:20,https://play.google.com/store/apps/details?id=com.trimegah.trima,ID,id,1,0.0,0.0,Negative,UI/UX & Performa (Loading/Navigasi),2023-10-13 23:14:53,2023,"Mau daftar susah amat, kamera udh bgus katanya belum terdeteksi. Udh jelas masih harus ngulang.","Mau daftar susah amat, kamera udh bgus katanya belum terdeteksi. Udh jelas masih harus ngulang.",True,95,15,Tidak Tercatat,0,Tidak,,,Sampel ulasan publik Play Store
b8912ad0-e952-4dea-823a-4d7d680b8d12,2026-09-25 23:20:20,https://play.google.com/store/apps/details?id=com.trimegah.trima,ID,id,1,0.0,0.0,Negative,UI/UX & Performa (Loading/Navigasi),2023-09-27 08:58:58,2023,"Registrasi pendaftaran susahnya minta ampun, giliran bisa daftar, mau WD ga bisa? Hati-hati. . .","Registrasi pendaftaran susahnya minta ampun, giliran bisa daftar, mau WD ga bisa? Hati-hati. . .",True,96,15,2.8.4,0,Tidak,,,Sampel ulasan publik Play Store
e17a4719-d9aa-4a87-863c-3921daa2f1e4,2026-09-25 23:20:20,https://play.google.com/store/apps/details?id=com.trimegah.trima,ID,id,1,0.0,0.0,Negative,Stabilitas Sistem & Bug (Crash/Error),2023-09-21 19:47:20,2023,Verivikasi wajah gagal terus. Ini aplikasi niat di bikin gk sih,Verivikasi wajah gagal terus. Ini aplikasi niat di bikin gk sih,True,63,11,Tidak Tercatat,0,Tidak,,,Sampel ulasan publik Play Store
085c5695-afa5-4d7a-9fb9-0d33c7022d6d,2026-09-25 23:20:20,https://play.google.com/store/apps/details?id=com.trimegah.trima,ID,id,1,0.0,0.0,Negative,Login & Autentikasi,2023-09-08 16:16:07,2023,"Login password selalu salah padahal sdh benar, ganti paswword jg error tdk bisa login mohon diperbaiki","Login password selalu salah padahal sdh benar, ganti paswword jg error tdk bisa login mohon diperbaiki",True,102,16,2.8.4,0,Tidak,,,Sampel ulasan publik Play Store
82c96457-f58e-4dc3-9d90-6a6878c9bad5,2026-09-25 23:20:20,https://play.google.com/store/apps/details?id=com.trimegah.trima,ID,id,3,0.5,50.0,Neutral,Login & Autentikasi,2023-08-31 14:11:11,2023,Kenapa aplikais trimegah eror ya? Gak bisa masuk karena server eror... Ngeselin banget,Kenapa aplikais trimegah eror ya? Gak bisa masuk karena server eror... Ngeselin banget,True,86,13,2.8.4,0,Tidak,,,Sampel ulasan publik Play Store
1ec17630-a14d-4ff5-a9ff-cb2911a0896d,2026-09-25 23:20:20,https://play.google.com/store/apps/details?id=com.trimegah.trima,ID,id,1,0.0,0.0,Negative,UI/UX & Performa (Loading/Navigasi),2023-08-22 20:26:17,2023,Menunya berantakan..kayak kapal pecah. Cari menu macam main teka teki..abis waktu cuma buat cari menu ada dimana...parah parah. Sampah !,Menunya berantakan..kayak kapal pecah. Cari menu macam main teka teki..abis waktu cuma buat cari menu ada dimana...parah parah. Sampah !,True,136,20,2.8.3,1,Tidak,,,Sampel ulasan publik Play Store
414ab3f7-b117-45ed-a4bb-01108a034ae2,2026-09-25 23:20:20,https://play.google.com/store/apps/details?id=com.trimegah.trima,ID,id,4,0.75,75.0,Positive,Apresiasi Umum & Kepuasan,2023-07-26 04:04:46,2023,Cukup,Cukup,True,5,1,2.8.3,5,Tidak,,,Sampel ulasan publik Play Store
38971092-b846-4980-be0e-56be002ba69f,2026-09-25 23:20:20,https://play.google.com/store/apps/details?id=com.trimegah.trima,ID,id,3,0.5,50.0,Neutral,Netral / Saran Umum,2023-07-25 20:58:47,2023,Gak bisa di wd asem,Gak bisa di wd asem,True,19,5,2.8.3,0,Tidak,,,Sampel ulasan publik Play Store
48ca34e4-37be-4e86-b0ad-2c11aec9b532,2026-09-25 23:20:20,https://play.google.com/store/apps/details?id=com.trimegah.trima,ID,id,1,0.0,0.0,Negative,Login & Autentikasi,2023-07-14 10:14:23,2023,Saya beli saham ptba waktu tgl cumdate kok gak masuk-masuk deviden nya min.mohon bantuannya min.,Saya beli saham ptba waktu tgl cumdate kok gak masuk-masuk deviden nya min.mohon bantuannya min.,True,96,15,2.8.3,0,Tidak,,,Sampel ulasan publik Play Store
080861bf-899c-4f0b-bd83-16fcad1b9449,2026-09-25 23:20:20,https://play.google.com/store/apps/details?id=com.trimegah.trima,ID,id,1,0.0,0.0,Negative,Keluhan Umum Aplikasi,2023-06-28 05:36:05,2023,Mentok di Upload foto.,Mentok di Upload foto.,True,22,4,Tidak Tercatat,0,Tidak,,,Sampel ulasan publik Play Store
e8776683-232d-4d05-897a-ab8aea109244,2026-09-25 23:20:20,https://play.google.com/store/apps/details?id=com.trimegah.trima,ID,id,3,0.5,50.0,Neutral,Customer Service & Layanan,2023-06-25 06:27:43,2023,"Aplikasi bagus costumer service lelet bgt, ini serba digital tapi cs nya lelet, tolong ditingkatkan sdm cs nya jangan kalah sama yang lain tidak ada opsi wa lagi","Aplikasi bagus costumer service lelet bgt, ini serba digital tapi cs nya lelet, tolong ditingkatkan sdm cs nya jangan kalah sama yang lain tidak ada opsi wa lagi",True,161,28,2.8.3,1,Tidak,,,Sampel ulasan publik Play Store
912e1219-4a1b-4dcf-95f5-90764f6cbccb,2026-09-25 23:20:20,https://play.google.com/store/apps/details?id=com.trimegah.trima,ID,id,4,0.75,75.0,Positive,Apresiasi Umum & Kepuasan,2023-06-08 19:20:32,2023,"Tambahkan trailing stop donk, dan opsi ganti rekening jadi JAGO kan udah kerjasama","Tambahkan trailing stop donk, dan opsi ganti rekening jadi JAGO kan udah kerjasama",True,82,13,2.8.3,0,Tidak,,,Sampel ulasan publik Play Store
a4049b1b-d090-4174-becb-a464148ab45e,2026-09-25 23:20:20,https://play.google.com/store/apps/details?id=com.trimegah.trima,ID,id,2,0.25,25.0,Negative,Transaksi & Portofolio Saham,2023-06-04 09:02:56,2023,Lambat penarikan gagal mulu,Lambat penarikan gagal mulu,True,27,4,2.8.3,0,Tidak,,,Sampel ulasan publik Play Store
8dd65100-395d-46cd-811b-924478654d32,2026-09-25 23:20:20,https://play.google.com/store/apps/details?id=com.trimegah.trima,ID,id,2,0.25,25.0,Negative,Transaksi & Portofolio Saham,2023-06-02 10:07:40,2023,"Jelek bangett apknya, sulit dimengerti mau jual aja susah bener, tulisan nya nodata mulu, gak bisa liat portofolionya","Jelek bangett apknya, sulit dimengerti mau jual aja susah bener, tulisan nya nodata mulu, gak bisa liat portofolionya",True,117,18,2.8.3,3,Tidak,,,Sampel ulasan publik Play Store
51e491e0-c896-43f4-aadd-dc9010a52b89,2026-09-25 23:20:20,https://play.google.com/store/apps/details?id=com.trimegah.trima,ID,id,3,0.5,50.0,Neutral,Transaksi & Portofolio Saham,2023-06-02 05:58:21,2023,"Kenapa saat pembelian Reksadana, ada jeda beberapa hari, riwayat pembelian terputus tdk bisa dilihat prosesnya sdh sampai mana, setelah order, hilang riwayat dari aplikasi, tahu"" sdh sukses...ada jeda transaksi tdk bisa dipantau... Download prospektus selalu failed, melalui email juga failed","Kenapa saat pembelian Reksadana, ada jeda beberapa hari, riwayat pembelian terputus tdk bisa dilihat prosesnya sdh sampai mana, setelah order, hilang riwayat dari aplikasi, tahu"" sdh sukses...ada jeda transaksi tdk bisa dipantau... Download prospektus selalu failed, melalui email juga failed",True,292,40,2.8.3,3,Tidak,,,Sampel ulasan publik Play Store
28666dff-bccb-4cc0-b6e5-f94b91789883,2026-09-25 23:20:20,https://play.google.com/store/apps/details?id=com.trimegah.trima,ID,id,5,1.0,100.0,Positive,Apresiasi Umum & Kepuasan,2023-05-24 21:53:48,2023,Aman dan terpercaya,Aman dan terpercaya,True,19,3,2.8.3,0,Tidak,,,Sampel ulasan publik Play Store
6fd7749c-4861-44ec-9aa0-7737c915d6b9,2026-09-25 23:20:20,https://play.google.com/store/apps/details?id=com.trimegah.trima,ID,id,2,0.25,25.0,Negative,UI/UX & Performa (Loading/Navigasi),2023-05-24 19:58:33,2023,Kok menu untuk tarik e-statement nya hilang??😵,Kok menu untuk tarik e-statement nya hilang??😵,True,46,7,2.8.3,0,Tidak,,,Sampel ulasan publik Play Store
4adbce90-d7e6-409b-a9f0-cf48d2ec6854,2026-09-25 23:20:20,https://play.google.com/store/apps/details?id=com.trimegah.trima,ID,id,5,1.0,100.0,Positive,Apresiasi Umum & Kepuasan,2023-05-21 09:55:17,2023,Iki yo podo,Iki yo podo,True,11,3,2.8.3,0,Tidak,,,Sampel ulasan publik Play Store
d54676e5-604e-4930-ae3e-fdf7b8933043,2026-09-25 23:20:20,https://play.google.com/store/apps/details?id=com.trimegah.trima,ID,id,4,0.75,75.0,Positive,Apresiasi Umum & Kepuasan,2023-05-10 15:00:55,2023,Bagus sekali,Bagus sekali,True,12,2,2.8.3,0,Tidak,,,Sampel ulasan publik Play Store
3af9b810-a6fc-4a62-93db-ded56f87b321,2026-09-25 23:20:20,https://play.google.com/store/apps/details?id=com.trimegah.trima,ID,id,4,0.75,75.0,Positive,Apresiasi Umum & Kepuasan,2023-05-09 14:22:08,2023,Ok bnget,Ok bnget,True,8,2,Tidak Tercatat,0,Tidak,,,Sampel ulasan publik Play Store
f814ae9c-0ac9-4cf1-ba80-a2842e01d2bb,2026-09-25 23:20:20,https://play.google.com/store/apps/details?id=com.trimegah.trima,ID,id,5,1.0,100.0,Positive,Apresiasi Umum & Kepuasan,2023-05-02 11:08:25,2023,Baik,Baik,True,4,1,2.8.2,0,Tidak,,,Sampel ulasan publik Play Store
3cad2a12-7f21-4a67-adff-48ccf0efb210,2026-09-25 23:20:20,https://play.google.com/store/apps/details?id=com.trimegah.trima,ID,id,4,0.75,75.0,Positive,Stabilitas Sistem & Bug (Crash/Error),2023-04-29 14:11:55,2023,Angka sering hilang. Tolong bugs2 nya dibenerin,Angka sering hilang. Tolong bugs2 nya dibenerin,True,47,7,2.8.2,1,Ya,"Jika terdapat kendala dalam menggunakan aplikasi Trima, dapat Anda sampaikan ke customer service kami di +62 21 2924 9000 atau email ke callcenter@trimegah.com. Terima kasih",2020-08-24 10:11:57,Sampel ulasan publik Play Store
4600112b-9c15-4d18-b914-fa95d6609d92,2026-09-25 23:20:20,https://play.google.com/store/apps/details?id=com.trimegah.trima,ID,id,5,1.0,100.0,Positive,Apresiasi Umum & Kepuasan,2023-04-29 05:32:44,2023,Lebih simpel aplikasinya sangat cocok di HP,Lebih simpel aplikasinya sangat cocok di HP,True,43,7,2.8.3,0,Tidak,,,Sampel ulasan publik Play Store
2e925c4c-50f8-402a-8104-e9c6695bf27b,2026-09-25 23:20:20,https://play.google.com/store/apps/details?id=com.trimegah.trima,ID,id,2,0.25,25.0,Negative,Customer Service & Layanan,2023-04-23 00:15:34,2023,Tolong dnk fokus berbenah nya Maintenance Rabu 19 Apr 23 Sampai sekarang dibuka masih eror (23 Apr 23) Kecewa bgt !!!,Tolong dnk fokus berbenah nya Maintenance Rabu 19 Apr 23 Sampai sekarang dibuka masih eror (23 Apr 23) Kecewa bgt !!!,True,117,21,2.8.2,0,Tidak,,,Sampel ulasan publik Play Store
ccdbe952-c5db-4db5-9c1a-73a205e9e38d,2026-09-25 23:20:20,https://play.google.com/store/apps/details?id=com.trimegah.trima,ID,id,5,1.0,100.0,Positive,Transaksi & Portofolio Saham,2023-04-19 08:30:03,2023,"Thanks.. aplikasi yg bagus, apalagi sekarang biaya market info bulanan sdh tidak ada lagi / gratis... saran - Kecepatan order perlu ditambh - Setoran awal lebih diringankan lagi, karena saat sekarang investor ritel semakin banyak - maintenance di jam bursa tolong di kurangi, apalagi yang trading, pasti akan mengalami kerugian - reksadana dibuat banyak pilihan - tambahkan ragam investasi lainnya Thanks...","Thanks.. aplikasi yg bagus, apalagi sekarang biaya market info bulanan sdh tidak ada lagi / gratis... saran - Kecepatan order perlu ditambh - Setoran awal lebih diringankan lagi, karena saat sekarang investor ritel semakin banyak - maintenance di jam bursa tolong di kurangi, apalagi yang trading, pasti akan mengalami kerugian - reksadana dibuat banyak pilihan - tambahkan ragam investasi lainnya Thanks...",True,407,61,2.8.2,4,Tidak,,,Sampel ulasan publik Play Store
77c76e5a-fa8b-40d4-99a1-c42800aac5a8,2026-09-25 23:20:20,https://play.google.com/store/apps/details?id=com.trimegah.trima,ID,id,1,0.0,0.0,Negative,Transaksi & Portofolio Saham,2023-04-03 14:43:09,2023,"porto jadi kosong, mau jual jadi gabisa dan jadi gatau aset kita ada berapa","porto jadi kosong, mau jual jadi gabisa dan jadi gatau aset kita ada berapa",True,75,14,2.8.2,0,Tidak,,,Sampel ulasan publik Play Store
f7853c42-86d0-4bbe-9b08-cdf61b93882b,2026-09-25 23:20:20,https://play.google.com/store/apps/details?id=com.trimegah.trima,ID,id,1,0.0,0.0,Negative,Transaksi & Portofolio Saham,2023-04-03 14:42:06,2023,Lagi gangguan appa. Masa mau jual gak ada emiten saham yg sdh di beli.,Lagi gangguan appa. Masa mau jual gak ada emiten saham yg sdh di beli.,True,70,14,2.8.2,0,Tidak,,,Sampel ulasan publik Play Store
00d61fe7-8ac2-4350-8f08-e3a28fe83e2d,2026-09-25 23:20:20,https://play.google.com/store/apps/details?id=com.trimegah.trima,ID,id,3,0.5,50.0,Neutral,Stabilitas Sistem & Bug (Crash/Error),2023-04-03 14:05:17,2023,Sering banget error di jam bursa 😑😑😑,Sering banget error di jam bursa 😑😑😑,True,36,7,2.8.2,1,Tidak,,,Sampel ulasan publik Play Store
cca25cfc-8c46-4c20-906c-c89ac2e4fb92,2026-09-25 23:20:20,https://play.google.com/store/apps/details?id=com.trimegah.trima,ID,id,3,0.5,50.0,Neutral,Netral / Saran Umum,2023-04-03 09:58:44,2023,"ternyata benar, sering maintenance di jam perdagangan 😢","ternyata benar, sering maintenance di jam perdagangan 😢",True,55,8,2.8.2,0,Tidak,,,Sampel ulasan publik Play Store
ba0fbfe7-76de-422d-bc88-2c4b44eb3257,2026-09-25 23:20:20,https://play.google.com/store/apps/details?id=com.trimegah.trima,ID,id,1,0.0,0.0,Negative,Login & Autentikasi,2023-02-17 09:27:03,2023,"Sekuritas kasta nya lebih rendah dr aja*b/st*ckbit. Cs buruk, kecepatan buruk, sering error, login error. TIDAK REKOMENDED, cari sekuritas lain saja","Sekuritas kasta nya lebih rendah dr aja*b/st*ckbit. Cs buruk, kecepatan buruk, sering error, login error. TIDAK REKOMENDED, cari sekuritas lain saja",True,148,21,Tidak Tercatat,0,Tidak,,,Sampel ulasan publik Play Store
cf36893a-8088-48d9-bcc4-2306afafc7e3,2026-09-25 23:20:20,https://play.google.com/store/apps/details?id=com.trimegah.trima,ID,id,1,0.0,0.0,Negative,Registrasi & Onboarding (KYC),2023-02-14 09:09:59,2023,Mau daftar selalu aj muncul notif phone number not found... maksud nya gmn ini!,Mau daftar selalu aj muncul notif phone number not found... maksud nya gmn ini!,True,79,14,Tidak Tercatat,0,Tidak,,,Sampel ulasan publik Play Store
36877e45-cabf-40b2-bee1-722bd76fc370,2026-09-25 23:20:20,https://play.google.com/store/apps/details?id=com.trimegah.trima,ID,id,3,0.5,50.0,Neutral,Transaksi & Portofolio Saham,2023-02-10 11:38:19,2023,Kapan Trimegah sekuritas punya fitur Auto Order ( Baik Buy & Sellnya ) 🙏🏻,Kapan Trimegah sekuritas punya fitur Auto Order ( Baik Buy & Sellnya ) 🙏🏻,True,73,14,2.8.1,0,Tidak,,,Sampel ulasan publik Play Store
cab3edcf-3e47-4559-9208-d6be1a75dff5,2026-09-25 23:20:20,https://play.google.com/store/apps/details?id=com.trimegah.trima,ID,id,1,0.0,0.0,Negative,Transaksi & Portofolio Saham,2023-01-29 16:06:14,2023,Saldo saya ada 97.000 ribu rupiah namun tidak bisa ditarik karna dana tersebut dikunci,Saldo saya ada 97.000 ribu rupiah namun tidak bisa ditarik karna dana tersebut dikunci,True,86,14,Tidak Tercatat,1,Tidak,,,Sampel ulasan publik Play Store
2f7486a6-fdd6-4fa3-809a-21fa53758841,2026-09-25 23:20:20,https://play.google.com/store/apps/details?id=com.trimegah.trima,ID,id,1,0.0,0.0,Negative,Keluhan Umum Aplikasi,2023-01-16 12:46:23,2023,Apk j mbudddd aset bisa ilang,Apk j mbudddd aset bisa ilang,True,29,6,Tidak Tercatat,1,Tidak,,,Sampel ulasan publik Play Store
08f8c1a1-7d6d-4bd4-aef9-0f724b6834cd,2026-09-25 23:20:20,https://play.google.com/store/apps/details?id=com.trimegah.trima,ID,id,1,0.0,0.0,Negative,Keluhan Umum Aplikasi,2023-01-12 00:43:05,2023,Kaya bank aja lu harus ada saldo ngendap ahh malas,Kaya bank aja lu harus ada saldo ngendap ahh malas,True,50,10,2.8.1,1,Tidak,,,Sampel ulasan publik Play Store
ff6df493-56e3-4524-8c33-16c45eeaa2c0,2026-09-25 23:20:20,https://play.google.com/store/apps/details?id=com.trimegah.trima,ID,id,1,0.0,0.0,Negative,Keluhan Umum Aplikasi,2023-01-04 07:47:02,2023,nge lag& gaje,nge lag& gaje,True,13,3,Tidak Tercatat,0,Tidak,,,Sampel ulasan publik Play Store
e4bd4839-6cd4-4afd-a99d-bf7458808a42,2026-09-25 23:20:20,https://play.google.com/store/apps/details?id=com.trimegah.trima,ID,id,5,1.0,100.0,Positive,Apresiasi Umum & Kepuasan,2023-01-02 12:41:33,2023,Good App,Good App,True,8,2,2.8.1,0,Tidak,,,Sampel ulasan publik Play Store
06b6591e-b738-470b-b7a3-8f0edc478b90,2026-09-25 23:20:20,https://play.google.com/store/apps/details?id=com.trimegah.trima,ID,id,1,0.0,0.0,Negative,Customer Service & Layanan,2022-12-23 09:38:13,2022,"Hari hari data not available mulu, padahal market udah buka, males bet mesti chat admin tiap hari buat komplain","Hari hari data not available mulu, padahal market udah buka, males bet mesti chat admin tiap hari buat komplain",True,111,19,2.8.0,0,Tidak,,,Sampel ulasan publik Play Store
02ec6b4a-b1c4-4061-ad24-5663d2415542,2026-09-25 23:20:20,https://play.google.com/store/apps/details?id=com.trimegah.trima,ID,id,1,0.0,0.0,Negative,Keluhan Umum Aplikasi,2022-12-22 12:17:04,2022,"App parah, market delayed 15 menit. Not real time market, Sekuritas lain jauh lebih baik.","App parah, market delayed 15 menit. Not real time market, Sekuritas lain jauh lebih baik.",True,89,15,2.8.0,0,Tidak,,,Sampel ulasan publik Play Store
76706f8b-fe7e-41cb-ac1b-0952e108bfb2,2026-09-25 23:20:20,https://play.google.com/store/apps/details?id=com.trimegah.trima,ID,id,5,1.0,100.0,Positive,Apresiasi Umum & Kepuasan,2022-12-14 22:46:16,2022,Ok,Ok,True,2,1,2.8.0,0,Tidak,,,Sampel ulasan publik Play Store
b90502a1-e124-4ed5-8f80-beb76b475b77,2026-09-25 23:20:20,https://play.google.com/store/apps/details?id=com.trimegah.trima,ID,id,5,1.0,100.0,Positive,Apresiasi Umum & Kepuasan,2022-11-30 09:15:45,2022,Bagus,Bagus,True,5,1,2.8.0,0,Tidak,,,Sampel ulasan publik Play Store
8c6ac848-fe6a-4fa1-be3d-1161f4df04b7,2026-09-25 23:20:20,https://play.google.com/store/apps/details?id=com.trimegah.trima,ID,id,3,0.5,50.0,Neutral,Transaksi & Portofolio Saham,2022-11-24 15:53:11,2022,aku mau nyairin dana kok gak bisa bisa,aku mau nyairin dana kok gak bisa bisa,True,38,8,Tidak Tercatat,0,Tidak,,,Sampel ulasan publik Play Store
af48add0-e4eb-46de-985b-1d7d8d5d422e,2026-09-25 23:20:20,https://play.google.com/store/apps/details?id=com.trimegah.trima,ID,id,1,0.0,0.0,Negative,Login & Autentikasi,2022-11-22 17:36:56,2022,"Divident saya kok ga masuk min? Saya beli di cumdate , sekarang payment date tapi divident saham saya kok tidak ada???","Divident saya kok ga masuk min? Saya beli di cumdate , sekarang payment date tapi divident saham saya kok tidak ada???",True,118,21,2.8.0,0,Tidak,,,Sampel ulasan publik Play Store
c49f4ed7-1ae2-459c-a35f-4d9cfa3a43d4,2026-09-25 23:20:20,https://play.google.com/store/apps/details?id=com.trimegah.trima,ID,id,1,0.0,0.0,Negative,Keluhan Umum Aplikasi,2022-11-22 10:13:12,2022,Kurang bagus,Kurang bagus,True,12,2,2.8.0,0,Tidak,,,Sampel ulasan publik Play Store
e7584db3-27a6-4d99-bc17-60972d993ab6,2026-09-25 23:20:20,https://play.google.com/store/apps/details?id=com.trimegah.trima,ID,id,2,0.25,25.0,Negative,Login & Autentikasi,2022-11-21 13:05:37,2022,"Jaringan bagus dan baik tetapi Sering eror saat login, apalagi disaat open market","Jaringan bagus dan baik tetapi Sering eror saat login, apalagi disaat open market",True,81,13,Tidak Tercatat,0,Tidak,,,Sampel ulasan publik Play Store
a8974ba9-ca1c-42e2-b275-01bf11751658,2026-09-25 23:20:20,https://play.google.com/store/apps/details?id=com.trimegah.trima,ID,id,1,0.0,0.0,Negative,Transaksi & Portofolio Saham,2022-11-21 09:26:00,2022,"Aplikasi error mulu, apalagi jam awal trading, orderbook kosong, harga nya telat (gak update), gak ada layanan cs nya juga Payah","Aplikasi error mulu, apalagi jam awal trading, orderbook kosong, harga nya telat (gak update), gak ada layanan cs nya juga Payah",True,128,21,2.8.0,0,Tidak,,,Sampel ulasan publik Play Store
ad9a58a6-02c7-44d3-a864-d3732d36ecd4,2026-09-25 23:20:20,https://play.google.com/store/apps/details?id=com.trimegah.trima,ID,id,1,0.0,0.0,Negative,UI/UX & Performa (Loading/Navigasi),2022-11-14 20:05:40,2022,"Tampilan UI nya jelek banget, menu ntah dimana-mana dan buat trading yg sat set sat set kayanya gak cocok. Terus layanan botnya gak guna sama sekali pertanyaannya dijawab bot hrsnya ada Cs yg standby kan pertanyaannya gak selalu sama kaya yg umum (FAQ).","Tampilan UI nya jelek banget, menu ntah dimana-mana dan buat trading yg sat set sat set kayanya gak cocok. Terus layanan botnya gak guna sama sekali pertanyaannya dijawab bot hrsnya ada Cs yg standby kan pertanyaannya gak selalu sama kaya yg umum (FAQ).",True,253,43,2.8.0,9,Tidak,,,Sampel ulasan publik Play Store
ea921641-864a-4535-9ac0-76c9714c391c,2026-09-25 23:20:20,https://play.google.com/store/apps/details?id=com.trimegah.trima,ID,id,5,1.0,100.0,Positive,Customer Service & Layanan,2022-11-09 13:37:43,2022,"Sangat mudah digunakan, trus kalau ada apa2 ke cs nya gampang banget urusan,, gak bnyk cincong heheh..","Sangat mudah digunakan, trus kalau ada apa2 ke cs nya gampang banget urusan,, gak bnyk cincong heheh..",True,102,17,2.8.0,0,Tidak,,,Sampel ulasan publik Play Store
e08d285f-02ce-4536-90fa-8fb1c6f050dd,2026-09-25 23:20:20,https://play.google.com/store/apps/details?id=com.trimegah.trima,ID,id,1,0.0,0.0,Negative,Stabilitas Sistem & Bug (Crash/Error),2022-11-03 15:31:32,2022,"Parah trima ini,suka ngadat dan chartnya nggak up date,,,plan kontigensi di tri megah nggak jalan...nasabah selalu di rugikan.","Parah trima ini,suka ngadat dan chartnya nggak up date,,,plan kontigensi di tri megah nggak jalan...nasabah selalu di rugikan.",True,126,18,2.8.0,0,Tidak,,,Sampel ulasan publik Play Store
44e1e3e6-a71f-4bfc-8abb-f2dcd55bc13f,2026-09-25 23:20:20,https://play.google.com/store/apps/details?id=com.trimegah.trima,ID,id,1,0.0,0.0,Negative,Keluhan Umum Aplikasi,2022-11-02 00:48:38,2022,Broker maling,Broker maling,True,13,2,Tidak Tercatat,0,Tidak,,,Sampel ulasan publik Play Store
d2d10d06-202d-4f36-9419-2e8c15897bb4,2026-09-25 23:20:20,https://play.google.com/store/apps/details?id=com.trimegah.trima,ID,id,2,0.25,25.0,Negative,Keluhan Umum Aplikasi,2022-10-27 12:15:53,2022,"data realtimenya tidak bisa ,padahal sudah di aktifkan, gimana ini","data realtimenya tidak bisa ,padahal sudah di aktifkan, gimana ini",True,66,10,2.8.0,0,Tidak,,,Sampel ulasan publik Play Store
435d4923-fdc6-4bd0-a4b0-71b77d275671,2026-09-25 23:20:20,https://play.google.com/store/apps/details?id=com.trimegah.trima,ID,id,1,0.0,0.0,Negative,Login & Autentikasi,2022-10-14 14:33:00,2022,"Nggak lagi-lagi deh pakai sekuritas ini. Mau login bermasalah mulu, biaya sekuritas mahal, gaada fitur buat SL/TP. Parahnya ga bisa CL gara-gara susah login.","Nggak lagi-lagi deh pakai sekuritas ini. Mau login bermasalah mulu, biaya sekuritas mahal, gaada fitur buat SL/TP. Parahnya ga bisa CL gara-gara susah login.",True,157,24,2.8.0,3,Tidak,,,Sampel ulasan publik Play Store
c93368eb-04dc-4208-bffa-0ecaabde2106,2026-09-25 23:20:20,https://play.google.com/store/apps/details?id=com.trimegah.trima,ID,id,3,0.5,50.0,Neutral,UI/UX & Performa (Loading/Navigasi),2022-10-14 10:06:13,2022,Utk saat ini grafik tidak update 14-10-2022 mohon agar diperbaiki. Terimakasih 🙏,Utk saat ini grafik tidak update 14-10-2022 mohon agar diperbaiki. Terimakasih 🙏,True,80,12,Tidak Tercatat,0,Tidak,,,Sampel ulasan publik Play Store
4fa4e2fe-0c17-4abb-9d7a-ab9e381675d1,2026-09-25 23:20:20,https://play.google.com/store/apps/details?id=com.trimegah.trima,ID,id,1,0.0,0.0,Negative,Keluhan Umum Aplikasi,2022-10-13 09:53:12,2022,"Harus benar benar suaaaabar pakai aplk ini, delay terus padahal sinyal luancar hp aman,","Harus benar benar suaaaabar pakai aplk ini, delay terus padahal sinyal luancar hp aman,",True,87,14,2.8.0,0,Tidak,,,Sampel ulasan publik Play Store
049845dc-cda6-4ee5-944a-6c71fec8cda7,2026-09-25 23:20:20,https://play.google.com/store/apps/details?id=com.trimegah.trima,ID,id,1,0.0,0.0,Negative,Customer Service & Layanan,2022-10-11 10:44:30,2022,Aplikasi ga jelas..saya sudah wd uang saya ga mau di sini lagi malah tiap hari di email saldo minus suruh bayar..ga untung malah rugi besar,Aplikasi ga jelas..saya sudah wd uang saya ga mau di sini lagi malah tiap hari di email saldo minus suruh bayar..ga untung malah rugi besar,True,139,25,Tidak Tercatat,0,Tidak,,,Sampel ulasan publik Play Store
a0c5298a-c0dc-4808-a1fd-900d5e794f90,2026-09-25 23:20:20,https://play.google.com/store/apps/details?id=com.trimegah.trima,ID,id,1,0.0,0.0,Negative,Login & Autentikasi,2022-10-10 18:10:10,2022,setelah ada update selalu gagal login..semakin kesini perbaikannya semakin jelek..merugikan trader..chart tidak realtime..tidak bisa lihat timeframe kecil,setelah ada update selalu gagal login..semakin kesini perbaikannya semakin jelek..merugikan trader..chart tidak realtime..tidak bisa lihat timeframe kecil,True,154,17,2.8.0,2,Tidak,,,Sampel ulasan publik Play Store
bf8ef3ef-a12f-48bc-9c32-5aea69bdf107,2026-09-25 23:20:20,https://play.google.com/store/apps/details?id=com.trimegah.trima,ID,id,5,1.0,100.0,Positive,Apresiasi Umum & Kepuasan,2022-10-05 19:32:49,2022,Berinvestasi mudah semudah klik tombol investasi di hape mu,Berinvestasi mudah semudah klik tombol investasi di hape mu,True,59,9,2.8.0,0,Tidak,,,Sampel ulasan publik Play Store
6f3d8dc7-b99f-4dbd-82d7-2ad5d4e5e58c,2026-09-25 23:20:20,https://play.google.com/store/apps/details?id=com.trimegah.trima,ID,id,1,0.0,0.0,Negative,Keluhan Umum Aplikasi,2022-10-05 17:33:49,2022,Kenapa Saham Saya tidak terdeteksi Sama Aplikasi ini?????,Kenapa Saham Saya tidak terdeteksi Sama Aplikasi ini?????,True,57,8,2.8.0,0,Tidak,,,Sampel ulasan publik Play Store
9e70c4f8-82fe-4d2e-9cd0-1fa4bae45837,2026-09-25 23:20:20,https://play.google.com/store/apps/details?id=com.trimegah.trima,ID,id,5,1.0,100.0,Positive,Transaksi & Portofolio Saham,2022-10-01 22:21:24,2022,"Alhamdulillah sudah bisa lagi, semoga kedepannya jadi lebih baik lagi aplikasi trima, semoga nanti lancar lancar terus agar tidak kendala saat melakukan jual beli 😊 *saya ubah bintangnya","Alhamdulillah sudah bisa lagi, semoga kedepannya jadi lebih baik lagi aplikasi trima, semoga nanti lancar lancar terus agar tidak kendala saat melakukan jual beli 😊 *saya ubah bintangnya",True,186,28,Tidak Tercatat,0,Tidak,,,Sampel ulasan publik Play Store
c2fede31-7a63-430e-986d-de2498fc35ca,2026-09-25 23:20:20,https://play.google.com/store/apps/details?id=com.trimegah.trima,ID,id,1,0.0,0.0,Negative,Login & Autentikasi,2022-09-26 10:46:14,2022,Setelah di update jadi hang dan gak bisa buka. Login X. Gimana ini ........,Setelah di update jadi hang dan gak bisa buka. Login X. Gimana ini ........,True,75,14,Tidak Tercatat,0,Tidak,,,Sampel ulasan publik Play Store
021bad6c-bcbe-408d-8b69-02c148a2d020,2026-09-25 23:20:20,https://play.google.com/store/apps/details?id=com.trimegah.trima,ID,id,1,0.0,0.0,Negative,Stabilitas Sistem & Bug (Crash/Error),2022-09-19 11:36:55,2022,"Udh berhasil buat akun tapi ga bisa log in, server error terus","Udh berhasil buat akun tapi ga bisa log in, server error terus",True,62,12,2.8.0,0,Tidak,,,Sampel ulasan publik Play Store
a4846702-64d3-4cc5-a681-57acb62ecb7a,2026-09-25 23:20:20,https://play.google.com/store/apps/details?id=com.trimegah.trima,ID,id,1,0.0,0.0,Negative,Keluhan Umum Aplikasi,2022-09-16 07:25:56,2022,Bintang yg berbicara,Bintang yg berbicara,True,20,3,2.8.0,0,Tidak,,,Sampel ulasan publik Play Store
05a3858e-0953-4bdb-a372-015b93363095,2026-09-25 23:20:20,https://play.google.com/store/apps/details?id=com.trimegah.trima,ID,id,5,1.0,100.0,Positive,Apresiasi Umum & Kepuasan,2022-09-14 17:15:25,2022,ok,ok,True,2,1,2.8.0,0,Tidak,,,Sampel ulasan publik Play Store
593ee96e-cd6d-430a-a020-b2b30ff539ba,2026-09-25 23:20:20,https://play.google.com/store/apps/details?id=com.trimegah.trima,ID,id,1,0.0,0.0,Negative,Stabilitas Sistem & Bug (Crash/Error),2022-09-13 22:37:37,2022,Parah... error2 trus...,Parah... error2 trus...,True,23,3,2.8.0,0,Tidak,,,Sampel ulasan publik Play Store
d269dc35-95a4-418d-82ad-cd0da1a18985,2026-09-25 23:20:20,https://play.google.com/store/apps/details?id=com.trimegah.trima,ID,id,2,0.25,25.0,Negative,UI/UX & Performa (Loading/Navigasi),2022-09-09 18:29:04,2022,"Knapa bagian gainers dan losersnya tdk bisa lagi setelah di update,padahal sangat membantu monitoring pergerakan saham2..","Knapa bagian gainers dan losersnya tdk bisa lagi setelah di update,padahal sangat membantu monitoring pergerakan saham2..",True,121,16,2.8.0,0,Tidak,,,Sampel ulasan publik Play Store
1db0f494-34ea-40c8-861e-bf7b3e2acb6d,2026-09-25 23:20:20,https://play.google.com/store/apps/details?id=com.trimegah.trima,ID,id,2,0.25,25.0,Negative,Fitur Analisis & Data Pasar,2022-09-08 12:23:32,2022,tidak bisa matiin fitur real time. padahal berbayar. mahal pula fitur ini.,tidak bisa matiin fitur real time. padahal berbayar. mahal pula fitur ini.,True,74,12,2.8.0,1,Tidak,,,Sampel ulasan publik Play Store
44a35a24-3b9f-45c2-9b36-afffb9a80783,2026-09-25 23:20:20,https://play.google.com/store/apps/details?id=com.trimegah.trima,ID,id,1,0.0,0.0,Negative,Login & Autentikasi,2022-09-07 19:03:16,2022,aplikasinya Sering hank sendiri padahal koneksi bagus.. gimana ini..gimana ini kok masih hank2 terus.. niat ada gak buat aplikasi ini... gak bisa buka aplikasinya... error terus .. gak bisa login.. padahal password bener... mana ini. Parah ini TRIMA. semakin di update semakin ancur,aplikasinya Sering hank sendiri padahal koneksi bagus.. gimana ini..gimana ini kok masih hank2 terus.. niat ada gak buat aplikasi ini... gak bisa buka aplikasinya... error terus .. gak bisa login.. padahal password bener... mana ini. Parah ini TRIMA. semakin di update semakin ancur,True,282,43,2.8.0,10,Ya,"Jika terdapat kendala dalam menggunakan aplikasi Trima, dapat Anda sampaikan ke customer service kami di +62 21 2924 9000 atau email ke callcenter@trimegah.com. Terima kasih.",2020-03-09 13:38:41,Sampel ulasan publik Play Store
4ae9bd6c-3a9b-4c07-804a-1b4a12a18cef,2026-09-25 23:20:20,https://play.google.com/store/apps/details?id=com.trimegah.trima,ID,id,3,0.5,50.0,Neutral,UI/UX & Performa (Loading/Navigasi),2022-09-07 09:31:35,2022,"Fiturnya bagus, tapi sayangnya konsumen dikenakan biaya Realtime ya, untuk investor kecil akan berasa ya biaya admin realtimenya, trus setelah kami update/ perbarui aplikasi kok malah jadi Lemot ya. Mudah2an ada kbijakan Realtime free dan Aplikasnya tambah bagus ya ,","Fiturnya bagus, tapi sayangnya konsumen dikenakan biaya Realtime ya, untuk investor kecil akan berasa ya biaya admin realtimenya, trus setelah kami update/ perbarui aplikasi kok malah jadi Lemot ya. Mudah2an ada kbijakan Realtime free dan Aplikasnya tambah bagus ya ,",True,267,40,2.8.0,3,Tidak,,,Sampel ulasan publik Play Store
abeb7de6-254e-44b0-9321-3fe60ff19d69,2026-09-25 23:20:20,https://play.google.com/store/apps/details?id=com.trimegah.trima,ID,id,3,0.5,50.0,Neutral,UI/UX & Performa (Loading/Navigasi),2022-09-06 09:16:44,2022,semenjak update msuk server susah failed mulu,semenjak update msuk server susah failed mulu,True,45,7,2.8.0,0,Tidak,,,Sampel ulasan publik Play Store
e65bbd23-d6f7-4b4a-89d6-4172c90f7f1f,2026-09-25 23:20:20,https://play.google.com/store/apps/details?id=com.trimegah.trima,ID,id,2,0.25,25.0,Negative,Login & Autentikasi,2022-09-05 09:23:20,2022,"Payah nih sering gak bisa login nyebelin bgt, kalau gini kan rugi ya.","Payah nih sering gak bisa login nyebelin bgt, kalau gini kan rugi ya.",True,69,13,Tidak Tercatat,0,Tidak,,,Sampel ulasan publik Play Store
d6c6ee4d-7c14-4c50-b268-d0d33242b1e5,2026-09-25 23:20:20,https://play.google.com/store/apps/details?id=com.trimegah.trima,ID,id,1,0.0,0.0,Negative,Keluhan Umum Aplikasi,2022-09-02 21:52:14,2022,Aplikasi nya lelet,Aplikasi nya lelet,True,18,3,2.7.1,0,Tidak,,,Sampel ulasan publik Play Store
fb9d74dc-b38f-45db-90b8-2b5d8cf74818,2026-09-25 23:20:20,https://play.google.com/store/apps/details?id=com.trimegah.trima,ID,id,2,0.25,25.0,Negative,UI/UX & Performa (Loading/Navigasi),2022-09-01 10:18:58,2022,Update terus tapi makin lemot. Begitu banyak nasabah tersiksa pakai sekuritas ini,Update terus tapi makin lemot. Begitu banyak nasabah tersiksa pakai sekuritas ini,True,81,12,2.8.0,38,Tidak,,,Sampel ulasan publik Play Store
494d0af6-9c17-4f66-9fce-98abf2ce603d,2026-09-25 23:20:20,https://play.google.com/store/apps/details?id=com.trimegah.trima,ID,id,3,0.5,50.0,Neutral,Login & Autentikasi,2022-09-01 09:28:42,2022,"Makin lemot... Ngga bisa login, cek sinyal. padahal sinyal bagus, lemot masuk","Makin lemot... Ngga bisa login, cek sinyal. padahal sinyal bagus, lemot masuk",True,77,12,2.8.0,6,Tidak,,,Sampel ulasan publik Play Store
30950372-d0f8-4de3-8b2f-44501308d8c2,2026-09-25 23:20:20,https://play.google.com/store/apps/details?id=com.trimegah.trima,ID,id,5,1.0,100.0,Positive,Apresiasi Umum & Kepuasan,2022-09-01 09:16:25,2022,Good,Good,True,4,1,2.7.1,0,Tidak,,,Sampel ulasan publik Play Store
748da5a7-d1de-4c9d-af2f-dd758de9a75c,2026-09-25 23:20:20,https://play.google.com/store/apps/details?id=com.trimegah.trima,ID,id,3,0.5,50.0,Neutral,UI/UX & Performa (Loading/Navigasi),2022-09-01 09:09:44,2022,Bentar bentar minta update dan sering ngelagh,Bentar bentar minta update dan sering ngelagh,True,45,7,2.8.0,0,Tidak,,,Sampel ulasan publik Play Store
6a718c06-502c-48f1-949f-7fbd5e8e9644,2026-09-25 23:20:20,https://play.google.com/store/apps/details?id=com.trimegah.trima,ID,id,2,0.25,25.0,Negative,Transaksi & Portofolio Saham,2022-09-01 09:08:57,2022,"Best quote tidak berfungsi untuk lihat beberapa saham pilihan. Kalau bisa digunakan investasi reksadana tanpa harus buka rekening ke kantor cabang, cukup online saja.","Best quote tidak berfungsi untuk lihat beberapa saham pilihan. Kalau bisa digunakan investasi reksadana tanpa harus buka rekening ke kantor cabang, cukup online saja.",True,166,24,2.8.0,1,Tidak,,,Sampel ulasan publik Play Store
ed993016-24e7-41d7-b0d3-d36329d9d1b5,2026-09-25 23:20:20,https://play.google.com/store/apps/details?id=com.trimegah.trima,ID,id,5,1.0,100.0,Positive,Apresiasi Umum & Kepuasan,2022-09-01 09:03:44,2022,👍👍👍,👍👍👍,True,3,1,2.7.1,0,Tidak,,,Sampel ulasan publik Play Store
bc92a9c7-8d5e-4efb-bf4a-bbb44b57bf68,2026-09-25 23:20:20,https://play.google.com/store/apps/details?id=com.trimegah.trima,ID,id,5,1.0,100.0,Positive,Apresiasi Umum & Kepuasan,2022-09-01 09:02:46,2022,Cukup gampang digunakan...sayang blm ad smartsafe aj...,Cukup gampang digunakan...sayang blm ad smartsafe aj...,True,55,7,2.8.0,0,Tidak,,,Sampel ulasan publik Play Store
93f1b530-144d-4aa8-b1bb-98007b1ba1fc,2026-09-25 23:20:20,https://play.google.com/store/apps/details?id=com.trimegah.trima,ID,id,5,1.0,100.0,Positive,Apresiasi Umum & Kepuasan,2022-09-01 09:02:29,2022,Ok,Ok,True,2,1,2.8.0,0,Tidak,,,Sampel ulasan publik Play Store
a34a8c85-6fd9-48f9-8e17-1254805acdd5,2026-09-25 23:20:20,https://play.google.com/store/apps/details?id=com.trimegah.trima,ID,id,5,1.0,100.0,Positive,Apresiasi Umum & Kepuasan,2022-09-01 09:00:45,2022,Cepat,Cepat,True,5,1,2.8.0,0,Tidak,,,Sampel ulasan publik Play Store
6b528ae1-3d43-4cb8-932e-22980fa3d9b3,2026-09-25 23:20:20,https://play.google.com/store/apps/details?id=com.trimegah.trima,ID,id,2,0.25,25.0,Negative,Fitur Analisis & Data Pasar,2022-09-01 08:57:33,2022,Kapan trimegah ada fitur STOPLOSS??,Kapan trimegah ada fitur STOPLOSS??,True,35,5,2.8.0,6,Tidak,,,Sampel ulasan publik Play Store
79161048-22d9-40cf-9d81-cc0da9842a05,2026-09-25 23:20:20,https://play.google.com/store/apps/details?id=com.trimegah.trima,ID,id,1,0.0,0.0,Negative,Login & Autentikasi,2022-08-26 01:20:45,2022,"setelah update....user name yang telah otomatis tertulis hilang..., dan aku lupa usernya..... cuma ingat pasword dan pin. tolong bantu saya","setelah update....user name yang telah otomatis tertulis hilang..., dan aku lupa usernya..... cuma ingat pasword dan pin. tolong bantu saya",True,139,20,Tidak Tercatat,0,Tidak,,,Sampel ulasan publik Play Store
7c2055e5-ce1a-4708-bbdc-1c7ebad8f376,2026-09-25 23:20:20,https://play.google.com/store/apps/details?id=com.trimegah.trima,ID,id,5,1.0,100.0,Positive,Stabilitas Sistem & Bug (Crash/Error),2022-08-12 10:49:28,2022,Mohon infonya atau mungkin petunjuk gitu aplikasi trima sdh aku UPDATE dlm bbrp hari ini tapi selalu gagal Bgmn caranya agar UPDATE aplikasi trima bisa sukses dan cepat gitu,Mohon infonya atau mungkin petunjuk gitu aplikasi trima sdh aku UPDATE dlm bbrp hari ini tapi selalu gagal Bgmn caranya agar UPDATE aplikasi trima bisa sukses dan cepat gitu,True,173,29,2.6.3,0,Tidak,,,Sampel ulasan publik Play Store
b01fda1a-e70c-43e3-91ea-82f6535a5d21,2026-09-25 23:20:20,https://play.google.com/store/apps/details?id=com.trimegah.trima,ID,id,1,0.0,0.0,Negative,Keluhan Umum Aplikasi,2022-08-09 14:51:56,2022,EROR TERUS,EROR TERUS,True,10,2,Tidak Tercatat,0,Tidak,,,Sampel ulasan publik Play Store
82c4b3a9-0365-4ce4-bc16-d03da92a6947,2026-09-25 23:20:20,https://play.google.com/store/apps/details?id=com.trimegah.trima,ID,id,1,0.0,0.0,Negative,Keluhan Umum Aplikasi,2022-08-09 14:01:56,2022,Maintenance di jam bursa sangat menggangu dan buat rugi user,Maintenance di jam bursa sangat menggangu dan buat rugi user,True,60,10,2.6.4,0,Tidak,,,Sampel ulasan publik Play Store
5a462939-87ba-407b-921b-2a177e975c24,2026-09-25 23:20:20,https://play.google.com/store/apps/details?id=com.trimegah.trima,ID,id,1,0.0,0.0,Negative,Stabilitas Sistem & Bug (Crash/Error),2022-08-09 14:00:01,2022,"Masalah clasik Aplikasi error ketika jam bursa.kalau ada yg lebih baik kenapa pakai yang nyusahin,4j@ib ♥️♥️♥️","Masalah clasik Aplikasi error ketika jam bursa.kalau ada yg lebih baik kenapa pakai yang nyusahin,4j@ib ♥️♥️♥️",True,110,16,2.6.4,0,Tidak,,,Sampel ulasan publik Play Store
e7c522da-c501-4eaf-9fc2-6f95202b4a97,2026-09-25 23:20:20,https://play.google.com/store/apps/details?id=com.trimegah.trima,ID,id,5,1.0,100.0,Positive,Apresiasi Umum & Kepuasan,2022-08-09 12:19:57,2022,Ok,Ok,True,2,1,2.6.4,0,Tidak,,,Sampel ulasan publik Play Store
f4e71742-4423-482a-90d9-8d012c486e4b,2026-09-25 23:20:20,https://play.google.com/store/apps/details?id=com.trimegah.trima,ID,id,1,0.0,0.0,Negative,UI/UX & Performa (Loading/Navigasi),2022-08-09 11:28:34,2022,Loading n delay mulu ni sekuritas.. mo ngasih bintang nol ni aplikasi ga bisa😔,Loading n delay mulu ni sekuritas.. mo ngasih bintang nol ni aplikasi ga bisa😔,True,78,14,2.6.4,2,Tidak,,,Sampel ulasan publik Play Store
2b96ec60-65c9-4e8f-a878-78ee10ec8589,2026-09-25 23:20:20,https://play.google.com/store/apps/details?id=com.trimegah.trima,ID,id,3,0.5,50.0,Neutral,Fitur Analisis & Data Pasar,2022-08-09 11:22:08,2022,"Tolong segera diperbaiki server nya yang selalu eror, dan fitur nya dilengkapi ya, overall bagus tapi kalo server nya bagus","Tolong segera diperbaiki server nya yang selalu eror, dan fitur nya dilengkapi ya, overall bagus tapi kalo server nya bagus",True,123,20,2.6.3,0,Tidak,,,Sampel ulasan publik Play Store
549ee1e9-45d1-419d-847a-1ce0d35c8622,2026-09-25 23:20:20,https://play.google.com/store/apps/details?id=com.trimegah.trima,ID,id,1,0.0,0.0,Negative,Keluhan Umum Aplikasi,2022-08-09 11:21:55,2022,Sering errrorr,Sering errrorr,True,14,2,2.6.4,0,Tidak,,,Sampel ulasan publik Play Store
0e248a2d-2798-4317-9108-bd79b6fd6fe7,2026-09-25 23:20:20,https://play.google.com/store/apps/details?id=com.trimegah.trima,ID,id,1,0.0,0.0,Negative,Keluhan Umum Aplikasi,2022-08-09 11:06:42,2022,Katrookkk,Katrookkk,True,9,1,2.6.4,0,Tidak,,,Sampel ulasan publik Play Store
29f7905b-f244-48b5-b4b2-4f6dbf0f6f97,2026-09-25 23:20:20,https://play.google.com/store/apps/details?id=com.trimegah.trima,ID,id,5,1.0,100.0,Positive,Apresiasi Umum & Kepuasan,2022-08-09 11:02:38,2022,aplikasi yang bermanfaat,aplikasi yang bermanfaat,True,24,3,2.6.4,0,Tidak,,,Sampel ulasan publik Play Store
29104c73-9877-48d1-add7-afb7e5852ab9,2026-09-25 23:20:20,https://play.google.com/store/apps/details?id=com.trimegah.trima,ID,id,1,0.0,0.0,Negative,Keluhan Umum Aplikasi,2022-08-09 10:55:23,2022,Sering gangguan,Sering gangguan,True,15,2,Tidak Tercatat,0,Tidak,,,Sampel ulasan publik Play Store
2759f3d5-b501-4754-98c5-d4b1fa83f22a,2026-09-25 23:20:20,https://play.google.com/store/apps/details?id=com.trimegah.trima,ID,id,2,0.25,25.0,Negative,UI/UX & Performa (Loading/Navigasi),2022-08-09 10:37:20,2022,Aplikasi sering lemot,Aplikasi sering lemot,True,21,3,2.6.4,0,Tidak,,,Sampel ulasan publik Play Store
45913b9b-48c1-4c9b-9b10-abfaf3ac6106,2026-09-25 23:20:20,https://play.google.com/store/apps/details?id=com.trimegah.trima,ID,id,2,0.25,25.0,Negative,Login & Autentikasi,2022-08-09 10:29:14,2022,Setelah di update kok malah nggak bisa login?,Setelah di update kok malah nggak bisa login?,True,45,8,2.7.0,0,Tidak,,,Sampel ulasan publik Play Store
8588227d-d1dd-4227-9f61-08b5df432dd5,2026-09-25 23:20:20,https://play.google.com/store/apps/details?id=com.trimegah.trima,ID,id,1,0.0,0.0,Negative,Keluhan Umum Aplikasi,2022-08-09 10:28:06,2022,Eror pada jam trading.. payah..,Eror pada jam trading.. payah..,True,31,5,2.6.4,0,Tidak,,,Sampel ulasan publik Play Store
a0829293-2fb5-47a6-ab67-82e76220ea24,2026-09-25 23:20:20,https://play.google.com/store/apps/details?id=com.trimegah.trima,ID,id,1,0.0,0.0,Negative,Login & Autentikasi,2022-08-09 10:15:38,2022,"Aplikasi nya jelek banget , sering error , buat scalping sangat tidak berguna","Aplikasi nya jelek banget , sering error , buat scalping sangat tidak berguna",True,77,13,2.6.4,1,Tidak,,,Sampel ulasan publik Play Store
0282573b-700c-4a39-b6d2-c8bff4251c92,2026-09-25 23:20:20,https://play.google.com/store/apps/details?id=com.trimegah.trima,ID,id,1,0.0,0.0,Negative,UI/UX & Performa (Loading/Navigasi),2022-08-09 09:56:34,2022,"Update malah ga bisa buka, parah ini aplikasi jadi gajelas","Update malah ga bisa buka, parah ini aplikasi jadi gajelas",True,58,10,2.7.0,1,Tidak,,,Sampel ulasan publik Play Store
6de17bee-07f4-490a-8c14-1c4bc7f5e656,2026-09-25 23:20:20,https://play.google.com/store/apps/details?id=com.trimegah.trima,ID,id,2,0.25,25.0,Negative,UI/UX & Performa (Loading/Navigasi),2022-08-09 09:32:47,2022,Lemot,Lemot,True,5,1,2.6.4,0,Tidak,,,Sampel ulasan publik Play Store
ff0763eb-0c78-4a50-aedd-403f071dca4d,2026-09-25 23:20:20,https://play.google.com/store/apps/details?id=com.trimegah.trima,ID,id,1,0.0,0.0,Negative,Login & Autentikasi,2022-08-09 09:25:27,2022,Login bisa lihat portofolio mutar - mutar terus,Login bisa lihat portofolio mutar - mutar terus,True,47,8,2.6.4,1,Tidak,,,Sampel ulasan publik Play Store
3cf3a301-513f-4c88-b27e-ec156226869c,2026-09-25 23:20:20,https://play.google.com/store/apps/details?id=com.trimegah.trima,ID,id,1,0.0,0.0,Negative,Stabilitas Sistem & Bug (Crash/Error),2022-08-09 09:23:15,2022,"Sering error disaat genting 😌, bintang akan ku ubah klo ada perbaikan","Sering error disaat genting 😌, bintang akan ku ubah klo ada perbaikan",True,69,12,2.6.4,2,Tidak,,,Sampel ulasan publik Play Store
50d83992-b118-4ab5-97af-4514cadb60cd,2026-09-25 23:20:20,https://play.google.com/store/apps/details?id=com.trimegah.trima,ID,id,5,1.0,100.0,Positive,Registrasi & Onboarding (KYC),2022-07-28 22:29:04,2022,Daftar trimegah cuman biar bisa gabung group ko my,Daftar trimegah cuman biar bisa gabung group ko my,True,50,9,2.6.4,0,Tidak,,,Sampel ulasan publik Play Store
8be638dc-d082-4e9d-97c0-93274e5ee3cf,2026-09-25 23:20:20,https://play.google.com/store/apps/details?id=com.trimegah.trima,ID,id,5,1.0,100.0,Positive,Apresiasi Umum & Kepuasan,2022-07-27 11:19:27,2022,Mantaps,Mantaps,True,7,1,2.6.3,0,Tidak,,,Sampel ulasan publik Play Store
50d2aa3a-7a57-4cae-997e-5773392af334,2026-09-25 23:20:20,https://play.google.com/store/apps/details?id=com.trimegah.trima,ID,id,5,1.0,100.0,Positive,Apresiasi Umum & Kepuasan,2022-07-26 20:49:17,2022,Mantap,Mantap,True,6,1,2.6.3,0,Tidak,,,Sampel ulasan publik Play Store
b7cf439d-33d7-4224-8a03-15c5663e07aa,2026-09-25 23:20:20,https://play.google.com/store/apps/details?id=com.trimegah.trima,ID,id,5,1.0,100.0,Positive,Apresiasi Umum & Kepuasan,2022-07-26 19:49:59,2022,Aplikasinya sangat bgs dan mudah untuk pemula dalam berinfestasi,Aplikasinya sangat bgs dan mudah untuk pemula dalam berinfestasi,True,64,9,2.6.3,0,Tidak,,,Sampel ulasan publik Play Store
cbf57ebb-2966-4f23-b384-66d91acf96f0,2026-09-25 23:20:20,https://play.google.com/store/apps/details?id=com.trimegah.trima,ID,id,5,1.0,100.0,Positive,Apresiasi Umum & Kepuasan,2022-07-26 10:52:20,2022,ok,ok,True,2,1,2.6.3,0,Tidak,,,Sampel ulasan publik Play Store
396e9e02-82c9-4c78-b810-d61583899caa,2026-09-25 23:20:20,https://play.google.com/store/apps/details?id=com.trimegah.trima,ID,id,5,1.0,100.0,Positive,Apresiasi Umum & Kepuasan,2022-07-26 10:46:36,2022,Good good practical easy etc,Good good practical easy etc,True,28,5,2.6.3,0,Tidak,,,Sampel ulasan publik Play Store
457d761e-6c35-45f6-98be-81256345499e,2026-09-25 23:20:20,https://play.google.com/store/apps/details?id=com.trimegah.trima,ID,id,5,1.0,100.0,Positive,Apresiasi Umum & Kepuasan,2022-07-26 10:14:01,2022,Mantap Bagus,Mantap Bagus,True,12,2,2.6.3,0,Tidak,,,Sampel ulasan publik Play Store
0dc9258b-fb09-4783-a3e1-4371b4eb890c,2026-09-25 23:20:20,https://play.google.com/store/apps/details?id=com.trimegah.trima,ID,id,5,1.0,100.0,Positive,Apresiasi Umum & Kepuasan,2022-07-26 09:53:28,2022,Mantap,Mantap,True,6,1,2.6.3,0,Tidak,,,Sampel ulasan publik Play Store
a345bcdf-c06a-4d10-b84c-26944acbaab2,2026-09-25 23:20:20,https://play.google.com/store/apps/details?id=com.trimegah.trima,ID,id,4,0.75,75.0,Positive,Customer Service & Layanan,2022-07-26 09:51:35,2022,"Overall is Ok. Hanya kadang2 lelet waktu pembukaan, atau di jam2 lain., walau jarang terjadi.","Overall is Ok. Hanya kadang2 lelet waktu pembukaan, atau di jam2 lain., walau jarang terjadi.",True,93,15,2.6.4,0,Tidak,,,Sampel ulasan publik Play Store
3b12c489-3edc-46f6-853c-562122d5e4af,2026-09-25 23:20:20,https://play.google.com/store/apps/details?id=com.trimegah.trima,ID,id,5,1.0,100.0,Positive,Apresiasi Umum & Kepuasan,2022-07-26 09:29:03,2022,Bagus dan membantu,Bagus dan membantu,True,18,3,2.6.3,0,Tidak,,,Sampel ulasan publik Play Store
c81f13c2-7287-42f4-9a93-d25f3c318b24,2026-09-25 23:20:20,https://play.google.com/store/apps/details?id=com.trimegah.trima,ID,id,5,1.0,100.0,Positive,Apresiasi Umum & Kepuasan,2022-07-26 07:10:22,2022,Ok,Ok,True,2,1,2.6.3,0,Tidak,,,Sampel ulasan publik Play Store
5638e02f-d2dd-4236-8451-158a09c712f3,2026-09-25 23:20:20,https://play.google.com/store/apps/details?id=com.trimegah.trima,ID,id,4,0.75,75.0,Positive,Apresiasi Umum & Kepuasan,2022-07-20 09:06:41,2022,Aplikasi masih perlu banyak pengembangan lagi,Aplikasi masih perlu banyak pengembangan lagi,True,45,6,2.6.3,0,Tidak,,,Sampel ulasan publik Play Store
8662f8a1-c703-4030-b7bb-1a908d294667,2026-09-25 23:20:20,https://play.google.com/store/apps/details?id=com.trimegah.trima,ID,id,1,0.0,0.0,Negative,Customer Service & Layanan,2022-07-06 20:15:02,2022,"SANGAT TIDAK REKOMENDED BUAT MODAL RECEH, TIDAK FRENDLY, TIDAK RAMAH BUAT MODAL RECEH. SANGAT KECEWA!!!","SANGAT TIDAK REKOMENDED BUAT MODAL RECEH, TIDAK FRENDLY, TIDAK RAMAH BUAT MODAL RECEH. SANGAT KECEWA!!!",True,103,15,2.6.3,0,Tidak,,,Sampel ulasan publik Play Store
b15996aa-c8f1-498f-94c4-2b4f01b62905,2026-09-25 23:20:20,https://play.google.com/store/apps/details?id=com.trimegah.trima,ID,id,5,1.0,100.0,Positive,Login & Autentikasi,2022-06-30 11:24:28,2022,Saya sudah daftar tapi. Kok sy belum diberikan username dan password ???,Saya sudah daftar tapi. Kok sy belum diberikan username dan password ???,True,72,12,2.6.3,0,Tidak,,,Sampel ulasan publik Play Store
b1eb978a-ccbc-4c22-a5f9-5bed9fa2c347,2026-09-25 23:20:20,https://play.google.com/store/apps/details?id=com.trimegah.trima,ID,id,1,0.0,0.0,Negative,Login & Autentikasi,2022-06-26 20:49:09,2022,Kenapa deposit saya sebesar 200.000 ribu belum masuk ya kak pada tanggal 26-06-2022 jam 19:01 sampai skrng belum juga masuk mohon bantuan nya kak atas nama rekening rdn TRI ASPARIA,Kenapa deposit saya sebesar 200.000 ribu belum masuk ya kak pada tanggal 26-06-2022 jam 19:01 sampai skrng belum juga masuk mohon bantuan nya kak atas nama rekening rdn TRI ASPARIA,True,180,30,Tidak Tercatat,0,Tidak,,,Sampel ulasan publik Play Store
69e23890-89cc-4851-af11-d94953cfbc7b,2026-09-25 23:20:20,https://play.google.com/store/apps/details?id=com.trimegah.trima,ID,id,5,1.0,100.0,Positive,Apresiasi Umum & Kepuasan,2022-06-25 16:27:32,2022,Terimakasih untuk cashback yang di berikan ! bersyukur adalah cara terbaik dalam menjalani kehidupan 🤙,Terimakasih untuk cashback yang di berikan ! bersyukur adalah cara terbaik dalam menjalani kehidupan 🤙,True,102,15,2.6.3,0,Tidak,,,Sampel ulasan publik Play Store
62f01976-bf6c-442a-b37d-e6a5d78126fd,2026-09-25 23:20:20,https://play.google.com/store/apps/details?id=com.trimegah.trima,ID,id,1,0.0,0.0,Negative,UI/UX & Performa (Loading/Navigasi),2022-06-17 09:55:09,2022,app busuk bikin event kaga jelas tampilan nya ribet bikin puyeng app sampah ga lama lg jga ngilang dri sini,app busuk bikin event kaga jelas tampilan nya ribet bikin puyeng app sampah ga lama lg jga ngilang dri sini,True,107,20,2.6.3,0,Tidak,,,Sampel ulasan publik Play Store
9f13f18b-d51e-471c-a7df-ac8179814f6e,2026-09-25 23:20:20,https://play.google.com/store/apps/details?id=com.trimegah.trima,ID,id,1,0.0,0.0,Negative,UI/UX & Performa (Loading/Navigasi),2022-06-14 16:28:45,2022,"Log in susah, mau buy susah, mau sell susah, mau cek prof susah, mau wd pun susah!! Servernya parah!!!!","Log in susah, mau buy susah, mau sell susah, mau cek prof susah, mau wd pun susah!! Servernya parah!!!!",True,103,19,2.6.3,3,Tidak,,,Sampel ulasan publik Play Store
de263b59-7774-4242-8743-09e5445eca6e,2026-09-25 23:20:20,https://play.google.com/store/apps/details?id=com.trimegah.trima,ID,id,1,0.0,0.0,Negative,Login & Autentikasi,2022-06-14 04:24:52,2022,"Investasi di trimegah , ada biaya mengendap segala gak masuk akal ,, dasar bodoh","Investasi di trimegah , ada biaya mengendap segala gak masuk akal ,, dasar bodoh",True,80,14,Tidak Tercatat,0,Tidak,,,Sampel ulasan publik Play Store
97a817b7-666e-41aa-83db-207daf3c6b89,2026-09-25 23:20:20,https://play.google.com/store/apps/details?id=com.trimegah.trima,ID,id,1,0.0,0.0,Negative,Transaksi & Portofolio Saham,2022-06-13 12:06:16,2022,"ini inves saham yg paling gak msuk akal,beli saham 100k pas jual cuma 16k","ini inves saham yg paling gak msuk akal,beli saham 100k pas jual cuma 16k",True,73,14,Tidak Tercatat,0,Tidak,,,Sampel ulasan publik Play Store
ae6eb693-cb64-44f2-b398-5508d7e2182e,2026-09-25 23:20:20,https://play.google.com/store/apps/details?id=com.trimegah.trima,ID,id,4,0.75,75.0,Positive,Transaksi & Portofolio Saham,2022-06-12 12:08:08,2022,"Fitur oke, cuma sayang market realtime harus berbayar seandainya gratis itu akan sangat berguna. Satu app bisa utk invest saham, reksadana dan obligasi. Tampilan masih harus di tingkatkan lagi. Satu lagi kedepan agar di tambahkan gain atau loss ketika selesai menjual saham.","Fitur oke, cuma sayang market realtime harus berbayar seandainya gratis itu akan sangat berguna. Satu app bisa utk invest saham, reksadana dan obligasi. Tampilan masih harus di tingkatkan lagi. Satu lagi kedepan agar di tambahkan gain atau loss ketika selesai menjual saham.",True,274,42,2.6.3,10,Tidak,,,Sampel ulasan publik Play Store
433d764e-12df-446b-8fe9-201edf3c88b2,2026-09-25 23:20:20,https://play.google.com/store/apps/details?id=com.trimegah.trima,ID,id,1,0.0,0.0,Negative,Keluhan Umum Aplikasi,2022-06-12 11:39:41,2022,Ngasih bonus tapi gk bsa d tarik 👎👎👎 pansos doang,Ngasih bonus tapi gk bsa d tarik 👎👎👎 pansos doang,True,49,10,Tidak Tercatat,0,Tidak,,,Sampel ulasan publik Play Store
6491e108-6e7e-48f4-aa04-1d2f77e9e817,2026-09-25 23:20:20,https://play.google.com/store/apps/details?id=com.trimegah.trima,ID,id,1,0.0,0.0,Negative,Login & Autentikasi,2022-06-12 07:30:18,2022,"Gk bisa login sesudah keluar,pas salah,ini bug kntl","Gk bisa login sesudah keluar,pas salah,ini bug kntl",True,51,8,Tidak Tercatat,0,Tidak,,,Sampel ulasan publik Play Store
b9fa7d90-7bea-4f55-a571-5e57109ec6a1,2026-09-25 23:20:20,https://play.google.com/store/apps/details?id=com.trimegah.trima,ID,id,5,1.0,100.0,Positive,Apresiasi Umum & Kepuasan,2022-06-10 19:34:19,2022,Diterima,Diterima,True,8,1,2.6.3,0,Tidak,,,Sampel ulasan publik Play Store
abe9d383-a69e-4c80-b221-2e9cac10023f,2026-09-25 23:20:20,https://play.google.com/store/apps/details?id=com.trimegah.trima,ID,id,1,0.0,0.0,Negative,UI/UX & Performa (Loading/Navigasi),2022-06-09 16:06:14,2022,Aplikasi payah percuma ngadain event cashback 100k gabisa ditarik malah ngendap 100k kalo gtu gausah ngadain event percuma gue susah² daftar gue kira bnrn dpt duit -_-,Aplikasi payah percuma ngadain event cashback 100k gabisa ditarik malah ngendap 100k kalo gtu gausah ngadain event percuma gue susah² daftar gue kira bnrn dpt duit -_-,True,167,27,Tidak Tercatat,0,Tidak,,,Sampel ulasan publik Play Store
66ae20fb-18c2-4447-8bbf-9053005de144,2026-09-25 23:20:20,https://play.google.com/store/apps/details?id=com.trimegah.trima,ID,id,1,0.0,0.0,Negative,Keluhan Umum Aplikasi,2022-06-08 20:28:36,2022,Kenapa harus ada saldo mengendap,Kenapa harus ada saldo mengendap,True,32,5,2.6.3,0,Tidak,,,Sampel ulasan publik Play Store
8d644906-d6f8-456a-91f4-9780ae0c438f,2026-09-25 23:20:20,https://play.google.com/store/apps/details?id=com.trimegah.trima,ID,id,5,1.0,100.0,Positive,UI/UX & Performa (Loading/Navigasi),2022-06-08 20:15:49,2022,"Meskipun UI nya jelek banget , tampilan menu nya kocak wkwk , Tapi saya dapet bonus Rp. 100.000,- dari promo buka akun Trimegah + BRI ,, jadi saya ubah bintang nya jadi 5 😁 Yowis lah kalo gitu si broker LG buat akun invest jangka super panjang aja Karena buat trading gak cocok ni si LG.","Meskipun UI nya jelek banget , tampilan menu nya kocak wkwk , Tapi saya dapet bonus Rp. 100.000,- dari promo buka akun Trimegah + BRI ,, jadi saya ubah bintang nya jadi 5 😁 Yowis lah kalo gitu si broker LG buat akun invest jangka super panjang aja Karena buat trading gak cocok ni si LG.",True,287,56,Tidak Tercatat,0,Tidak,,,Sampel ulasan publik Play Store
ca3290d6-9996-4a77-8184-d763320de2b6,2026-09-25 23:20:20,https://play.google.com/store/apps/details?id=com.trimegah.trima,ID,id,1,0.0,0.0,Negative,Keluhan Umum Aplikasi,2022-06-08 18:12:42,2022,Apk saham maruk masa ada saldo ngendap segala gk kaya ajaib,Apk saham maruk masa ada saldo ngendap segala gk kaya ajaib,True,59,11,Tidak Tercatat,0,Tidak,,,Sampel ulasan publik Play Store
86e9a31e-6e4c-40d1-a209-4be0f9ab803c,2026-09-25 23:20:20,https://play.google.com/store/apps/details?id=com.trimegah.trima,ID,id,1,0.0,0.0,Negative,Keluhan Umum Aplikasi,2022-06-08 17:47:23,2022,HARUS ADA SALDO MENGENDAP 100 SAMA AJA BOHONG,HARUS ADA SALDO MENGENDAP 100 SAMA AJA BOHONG,True,45,8,2.6.3,0,Tidak,,,Sampel ulasan publik Play Store
3c8f16c8-dccc-439d-afca-1002976e6a94,2026-09-25 23:20:20,https://play.google.com/store/apps/details?id=com.trimegah.trima,ID,id,4,0.75,75.0,Positive,Apresiasi Umum & Kepuasan,2022-06-08 16:45:35,2022,Bingung cara menggunakan,Bingung cara menggunakan,True,24,3,Tidak Tercatat,0,Tidak,,,Sampel ulasan publik Play Store
40ff6e80-d5ea-4a23-9a63-70cc80a0e7ab,2026-09-25 23:20:20,https://play.google.com/store/apps/details?id=com.trimegah.trima,ID,id,1,0.0,0.0,Negative,Transaksi & Portofolio Saham,2022-06-08 10:56:33,2022,Gimana caranya cancel order gtc. Aplikasi ampas. Susah. Diantara sekuritas lain. Ini yg oaling ampas,Gimana caranya cancel order gtc. Aplikasi ampas. Susah. Diantara sekuritas lain. Ini yg oaling ampas,True,100,15,2.6.3,1,Tidak,,,Sampel ulasan publik Play Store
677ea45f-5246-4a28-8e92-c33b50cf9088,2026-09-25 23:20:20,https://play.google.com/store/apps/details?id=com.trimegah.trima,ID,id,1,0.0,0.0,Negative,Registrasi & Onboarding (KYC),2022-06-02 16:55:31,2022,"aplikasi gak guna anjirr, nyesel gua daftar,","aplikasi gak guna anjirr, nyesel gua daftar,",True,44,7,Tidak Tercatat,0,Tidak,,,Sampel ulasan publik Play Store
d7f42526-17b3-4633-b4cc-adec6dc2b580,2026-09-25 23:20:20,https://play.google.com/store/apps/details?id=com.trimegah.trima,ID,id,1,0.0,0.0,Negative,Keluhan Umum Aplikasi,2022-06-01 13:45:28,2022,Aplikasi jelek pasti nyesel,Aplikasi jelek pasti nyesel,True,27,4,2.6.3,0,Tidak,,,Sampel ulasan publik Play Store
2842e0a3-e7fe-45a5-90fb-69fb38bb73de,2026-09-25 23:20:20,https://play.google.com/store/apps/details?id=com.trimegah.trima,ID,id,1,0.0,0.0,Negative,UI/UX & Performa (Loading/Navigasi),2022-05-30 19:10:23,2022,Masih menunggu bonus 100k,Masih menunggu bonus 100k,True,25,4,Tidak Tercatat,0,Tidak,,,Sampel ulasan publik Play Store
793eb1b5-d5ce-412b-980f-c0d6f059bef0,2026-09-25 23:20:20,https://play.google.com/store/apps/details?id=com.trimegah.trima,ID,id,1,0.0,0.0,Negative,Registrasi & Onboarding (KYC),2022-05-29 13:01:13,2022,"Aplikasi busuk daftar lwt app atau situs g bs semua, katane bs online ternyata bohong","Aplikasi busuk daftar lwt app atau situs g bs semua, katane bs online ternyata bohong",True,85,15,2.6.3,0,Tidak,,,Sampel ulasan publik Play Store
929c89f2-7f73-454c-957d-e7f62f775def,2026-09-25 23:20:20,https://play.google.com/store/apps/details?id=com.trimegah.trima,ID,id,2,0.25,25.0,Negative,UI/UX & Performa (Loading/Navigasi),2022-05-23 21:59:47,2022,Sering lemot..,Sering lemot..,True,14,2,2.6.3,0,Tidak,,,Sampel ulasan publik Play Store
0570f871-600e-4b5c-b65c-79bb9b59a59d,2026-09-25 23:20:20,https://play.google.com/store/apps/details?id=com.trimegah.trima,ID,id,2,0.25,25.0,Negative,UI/UX & Performa (Loading/Navigasi),2022-05-20 18:09:40,2022,"Aplikasi ini untuk transaksi saham jangka panjang, kalau jangka pendek keburu harga sudah turun karena lambat dalam menampilkan pergerakan harga","Aplikasi ini untuk transaksi saham jangka panjang, kalau jangka pendek keburu harga sudah turun karena lambat dalam menampilkan pergerakan harga",True,144,20,2.6.3,0,Tidak,,,Sampel ulasan publik Play Store
3dd1b622-4699-45b7-bfdb-34e5fe94ca0d,2026-09-25 23:20:20,https://play.google.com/store/apps/details?id=com.trimegah.trima,ID,id,1,0.0,0.0,Negative,Keluhan Umum Aplikasi,2022-05-12 15:37:35,2022,Tidak puas,Tidak puas,True,10,2,2.6.3,0,Tidak,,,Sampel ulasan publik Play Store
05bd1725-2614-4600-a710-7f13af9166b8,2026-09-25 23:20:20,https://play.google.com/store/apps/details?id=com.trimegah.trima,ID,id,5,1.0,100.0,Positive,Apresiasi Umum & Kepuasan,2022-05-12 07:20:02,2022,Sangat membantu,Sangat membantu,True,15,2,2.6.3,0,Tidak,,,Sampel ulasan publik Play Store
bd1ea6c6-f1a5-4094-a084-c304990b908c,2026-09-25 23:20:20,https://play.google.com/store/apps/details?id=com.trimegah.trima,ID,id,5,1.0,100.0,Positive,Apresiasi Umum & Kepuasan,2022-05-10 18:19:18,2022,"Bagus vanget, bisa membantu","Bagus vanget, bisa membantu",True,27,4,Tidak Tercatat,0,Tidak,,,Sampel ulasan publik Play Store
9c46f84c-033e-4b92-86b4-21b10f680e9b,2026-09-25 23:20:20,https://play.google.com/store/apps/details?id=com.trimegah.trima,ID,id,1,0.0,0.0,Negative,UI/UX & Performa (Loading/Navigasi),2022-05-10 09:12:00,2022,Segera saya akan uninstall. Terima kasih telah membuat ribet hidup saya.,Segera saya akan uninstall. Terima kasih telah membuat ribet hidup saya.,True,72,11,2.6.3,0,Tidak,,,Sampel ulasan publik Play Store
a29de12d-f02f-4db4-9a69-17f2af125496,2026-09-25 23:20:20,https://play.google.com/store/apps/details?id=com.trimegah.trima,ID,id,3,0.5,50.0,Neutral,Login & Autentikasi,2022-05-09 20:07:15,2022,Min kenapa saya gk bisa login apk nih udh bbrpa hari gagal mulu koneksi bagus di blng koneksi jelek kacou nih,Min kenapa saya gk bisa login apk nih udh bbrpa hari gagal mulu koneksi bagus di blng koneksi jelek kacou nih,True,109,21,2.6.3,1,Tidak,,,Sampel ulasan publik Play Store
f6610eca-bb5c-4a21-b22c-a1acfaf8888d,2026-09-25 23:20:20,https://play.google.com/store/apps/details?id=com.trimegah.trima,ID,id,2,0.25,25.0,Negative,Login & Autentikasi,2022-05-09 19:24:18,2022,Sudah daftar dan berhasil. Tiba2 akun tidak valid. Dan gak bisa login lagi... Apk gak bisa di pakai. Padahal pasword dan akun benar,Sudah daftar dan berhasil. Tiba2 akun tidak valid. Dan gak bisa login lagi... Apk gak bisa di pakai. Padahal pasword dan akun benar,True,131,23,2.6.3,7,Tidak,,,Sampel ulasan publik Play Store
353b1449-aa04-4f8b-aac8-30153e6b95c9,2026-09-25 23:20:20,https://play.google.com/store/apps/details?id=com.trimegah.trima,ID,id,5,1.0,100.0,Positive,Apresiasi Umum & Kepuasan,2022-05-09 12:27:24,2022,Kerenn,Kerenn,True,6,1,2.6.2,0,Tidak,,,Sampel ulasan publik Play Store
7203ad6c-73b5-4f49-9fc6-7359d7d4ba33,2026-09-25 23:20:20,https://play.google.com/store/apps/details?id=com.trimegah.trima,ID,id,5,1.0,100.0,Positive,Apresiasi Umum & Kepuasan,2022-05-09 10:13:01,2022,good,good,True,4,1,2.6.3,0,Tidak,,,Sampel ulasan publik Play Store
16eca380-3dc1-438e-bd2e-0f47a2a7e1b6,2026-09-25 23:20:20,https://play.google.com/store/apps/details?id=com.trimegah.trima,ID,id,5,1.0,100.0,Positive,Apresiasi Umum & Kepuasan,2022-05-09 09:59:33,2022,Ok,Ok,True,2,1,2.6.2,0,Tidak,,,Sampel ulasan publik Play Store
d7314d61-b28c-45a0-8e22-9284605b0302,2026-09-25 23:20:20,https://play.google.com/store/apps/details?id=com.trimegah.trima,ID,id,5,1.0,100.0,Positive,Apresiasi Umum & Kepuasan,2022-05-09 08:13:56,2022,Ok mantap,Ok mantap,True,9,2,2.6.2,0,Tidak,,,Sampel ulasan publik Play Store
28342a58-8458-414f-b31a-9ebdf9f8617d,2026-09-25 23:20:20,https://play.google.com/store/apps/details?id=com.trimegah.trima,ID,id,2,0.25,25.0,Negative,Keluhan Umum Aplikasi,2022-05-08 20:42:08,2022,"Ternyata ada biaya realtime 25rb, klo gak mau kena harga delay 5 menit,n... padahal di sekuritas lain aja**, stock**t, n** hots, harga realtime dah ada biaya.... & saldo mengendap 100rb...","Ternyata ada biaya realtime 25rb, klo gak mau kena harga delay 5 menit,n... padahal di sekuritas lain aja**, stock**t, n** hots, harga realtime dah ada biaya.... & saldo mengendap 100rb...",True,188,30,2.6.3,12,Tidak,,,Sampel ulasan publik Play Store
ea85a717-1cef-4b1e-b43a-3b920fa07484,2026-09-25 23:20:20,https://play.google.com/store/apps/details?id=com.trimegah.trima,ID,id,1,0.0,0.0,Negative,UI/UX & Performa (Loading/Navigasi),2022-05-05 20:30:44,2022,Sangat lemot dan menjijikkan,Sangat lemot dan menjijikkan,True,28,4,Tidak Tercatat,0,Tidak,,,Sampel ulasan publik Play Store
bd09799d-6e13-4eb8-bd80-fac5ae12fdf1,2026-09-25 23:20:20,https://play.google.com/store/apps/details?id=com.trimegah.trima,ID,id,1,0.0,0.0,Negative,Customer Service & Layanan,2022-05-03 11:29:25,2022,Reward hanya strategi marketing dan yang jelas hoax!,Reward hanya strategi marketing dan yang jelas hoax!,True,52,8,2.6.1,0,Tidak,,,Sampel ulasan publik Play Store
60d9665a-e91b-4ee1-8790-374f047246ac,2026-09-25 23:20:20,https://play.google.com/store/apps/details?id=com.trimegah.trima,ID,id,1,0.0,0.0,Negative,Transaksi & Portofolio Saham,2022-05-02 03:59:36,2022,Katanya pembukaan rdn baru bakal dapat 100 rb modal investasi ternyata ga dapat apa apa. Hadeh jelek!!!,Katanya pembukaan rdn baru bakal dapat 100 rb modal investasi ternyata ga dapat apa apa. Hadeh jelek!!!,True,103,17,2.6.1,0,Tidak,,,Sampel ulasan publik Play Store
45890535-3008-4fe9-ae2e-9dd614640062,2026-09-25 23:20:20,https://play.google.com/store/apps/details?id=com.trimegah.trima,ID,id,1,0.0,0.0,Negative,Keluhan Umum Aplikasi,2022-05-01 05:42:57,2022,Masih banyak yg masih harus di upgrade,Masih banyak yg masih harus di upgrade,True,38,7,Tidak Tercatat,0,Tidak,,,Sampel ulasan publik Play Store
68d61d38-1203-4ae4-b223-d36743381f47,2026-09-25 23:20:20,https://play.google.com/store/apps/details?id=com.trimegah.trima,ID,id,1,0.0,0.0,Negative,Registrasi & Onboarding (KYC),2022-04-30 12:53:09,2022,Mana 100 rb nya katanya daftar dapat langsung ...,Mana 100 rb nya katanya daftar dapat langsung ...,True,49,9,2.6.1,0,Tidak,,,Sampel ulasan publik Play Store
24d10149-dcd5-44c4-8519-05422b6178cf,2026-09-25 23:20:20,https://play.google.com/store/apps/details?id=com.trimegah.trima,ID,id,2,0.25,25.0,Negative,Transaksi & Portofolio Saham,2022-04-27 06:47:53,2022,Setelah di coba aplikasi nya ada perlu perbaikan 1. Log transaksi belum tersedia(history deposit dan debet) 2. Dana mengendap harusnya 0 tapi dikasi biaya penarikan 3. Tidak tersedia fitur stoploss 4. Aplikasi terkadang lemot dan kurang userfriendly 5. Masih perlu bersaing dengan broker lain dari segi aplikasi kenyamanan kemudahan jejak rekam transaksi yang transparan agar bisa digemari para investor.,Setelah di coba aplikasi nya ada perlu perbaikan 1. Log transaksi belum tersedia(history deposit dan debet) 2. Dana mengendap harusnya 0 tapi dikasi biaya penarikan 3. Tidak tersedia fitur stoploss 4. Aplikasi terkadang lemot dan kurang userfriendly 5. Masih perlu bersaing dengan broker lain dari segi aplikasi kenyamanan kemudahan jejak rekam transaksi yang transparan agar bisa digemari para investor.,True,404,59,2.6.1,10,Tidak,,,Sampel ulasan publik Play Store
b0389528-0411-4b6d-a695-62935a29ce13,2026-09-25 23:20:20,https://play.google.com/store/apps/details?id=com.trimegah.trima,ID,id,1,0.0,0.0,Negative,Login & Autentikasi,2022-04-25 18:11:45,2022,"Tidak masuk dalam verifikasi data padahal nomor hp sdh sama dgn rekening bank,,,pada aplikasi selalu muncul nomor hp tidak macth dgn nomor rekening,, tadi sdh saya cek ke customer bank nya ,, nomor sdh sesuai namun di apliķasi di nyatakan tidak sèsuai,,,,,,","Tidak masuk dalam verifikasi data padahal nomor hp sdh sama dgn rekening bank,,,pada aplikasi selalu muncul nomor hp tidak macth dgn nomor rekening,, tadi sdh saya cek ke customer bank nya ,, nomor sdh sesuai namun di apliķasi di nyatakan tidak sèsuai,,,,,,",True,257,42,2.6.1,3,Tidak,,,Sampel ulasan publik Play Store
d5fcf5c1-2fd5-4126-ac1e-c477485fea70,2026-09-25 23:20:20,https://play.google.com/store/apps/details?id=com.trimegah.trima,ID,id,5,1.0,100.0,Positive,Apresiasi Umum & Kepuasan,2022-04-20 11:57:00,2022,Siip semoga berhasil,Siip semoga berhasil,True,20,3,2.5.97,0,Tidak,,,Sampel ulasan publik Play Store
dd2f8239-713b-4f5c-a30f-98a2999664ef,2026-09-25 23:20:20,https://play.google.com/store/apps/details?id=com.trimegah.trima,ID,id,2,0.25,25.0,Negative,Login & Autentikasi,2022-04-19 15:17:31,2022,Hallo Trimegah saya sudah mendaftar namun sampai saat ini belum di ACC oleh pihak Trimegah tersebut saya daftar sudah 2 hari sampai saat ini belum Nerima email ID +password dari timegah tersebut tolong tindak lanjuti,Hallo Trimegah saya sudah mendaftar namun sampai saat ini belum di ACC oleh pihak Trimegah tersebut saya daftar sudah 2 hari sampai saat ini belum Nerima email ID +password dari timegah tersebut tolong tindak lanjuti,True,216,35,2.6.1,0,Tidak,,,Sampel ulasan publik Play Store
52845d73-d5f8-48dc-b9c8-cb2686cbe141,2026-09-25 23:20:20,https://play.google.com/store/apps/details?id=com.trimegah.trima,ID,id,1,0.0,0.0,Negative,Login & Autentikasi,2022-04-19 10:21:19,2022,Login selalu gagal dan snagat aneh sekali.. Padahal udah bner id sama pasword nya,Login selalu gagal dan snagat aneh sekali.. Padahal udah bner id sama pasword nya,True,81,14,Tidak Tercatat,0,Tidak,,,Sampel ulasan publik Play Store
afa6d19a-5354-49f5-aa60-ca99db9b8e87,2026-09-25 23:20:20,https://play.google.com/store/apps/details?id=com.trimegah.trima,ID,id,1,0.0,0.0,Negative,Login & Autentikasi,2022-04-18 16:49:15,2022,Gak jelas bonusnya juga gak masuk,Gak jelas bonusnya juga gak masuk,True,33,6,2.5.97,0,Tidak,,,Sampel ulasan publik Play Store
6d7e1f5a-89b0-44d6-8063-83a66ba23e6d,2026-09-25 23:20:20,https://play.google.com/store/apps/details?id=com.trimegah.trima,ID,id,5,1.0,100.0,Positive,Apresiasi Umum & Kepuasan,2022-04-18 14:42:00,2022,Puas,Puas,True,4,1,2.5.97,0,Tidak,,,Sampel ulasan publik Play Store
2340ea33-55e6-44ab-9e15-a9ab0225c661,2026-09-25 23:20:20,https://play.google.com/store/apps/details?id=com.trimegah.trima,ID,id,1,0.0,0.0,Negative,Keluhan Umum Aplikasi,2022-04-17 10:34:16,2022,Kalo gaada ko MY ga bakal laku broker ini,Kalo gaada ko MY ga bakal laku broker ini,True,41,9,2.5.97,1,Tidak,,,Sampel ulasan publik Play Store
6fbe6948-18e7-45b1-8d99-e99c5a01986a,2026-09-25 23:20:20,https://play.google.com/store/apps/details?id=com.trimegah.trima,ID,id,1,0.0,0.0,Negative,Keluhan Umum Aplikasi,2022-04-16 14:32:32,2022,Thumbs down lah pokonya selama gk ada revolusi apps 👎,Thumbs down lah pokonya selama gk ada revolusi apps 👎,True,53,10,2.6.1,1,Tidak,,,Sampel ulasan publik Play Store
9631c032-4777-46a9-ba43-2ba68fa4f85a,2026-09-25 23:20:20,https://play.google.com/store/apps/details?id=com.trimegah.trima,ID,id,1,0.0,0.0,Negative,UI/UX & Performa (Loading/Navigasi),2022-04-15 20:48:25,2022,boro mau inves..melihat loadingnya aja udh maless..,boro mau inves..melihat loadingnya aja udh maless..,True,51,7,2.6.1,0,Tidak,,,Sampel ulasan publik Play Store
9ed6a648-c06a-4d45-8214-7389d230ca0a,2026-09-25 23:20:20,https://play.google.com/store/apps/details?id=com.trimegah.trima,ID,id,1,0.0,0.0,Negative,Stabilitas Sistem & Bug (Crash/Error),2022-04-15 04:33:29,2022,"Sering error,. Data market secara real time masa ada biayanya perbulan? Aneh.. Fiturnya ketinggalan dgn olt sekuritas lain padahal fee lebih mahal dimari.. Join kesini karna MY doank sih ✅","Sering error,. Data market secara real time masa ada biayanya perbulan? Aneh.. Fiturnya ketinggalan dgn olt sekuritas lain padahal fee lebih mahal dimari.. Join kesini karna MY doank sih ✅",True,188,30,2.6.1,4,Tidak,,,Sampel ulasan publik Play Store
9125a879-db99-4dd4-8ba1-4002d3302561,2026-09-25 23:20:20,https://play.google.com/store/apps/details?id=com.trimegah.trima,ID,id,1,0.0,0.0,Negative,Keluhan Umum Aplikasi,2022-04-14 14:43:37,2022,Sering eror,Sering eror,True,11,2,2.6.0,0,Tidak,,,Sampel ulasan publik Play Store
c04aa7ab-978b-4b42-95ee-ad94897b45b3,2026-09-25 23:20:20,https://play.google.com/store/apps/details?id=com.trimegah.trima,ID,id,2,0.25,25.0,Negative,Customer Service & Layanan,2022-04-14 14:27:49,2022,"Tgl 14 april, aplikask tdk bisa kebuka. Txn terhambat. Perlu telepon dealer buat eksekusi. Nyangkut dah :(. Thanks trima","Tgl 14 april, aplikask tdk bisa kebuka. Txn terhambat. Perlu telepon dealer buat eksekusi. Nyangkut dah :(. Thanks trima",True,120,19,2.6.0,0,Tidak,,,Sampel ulasan publik Play Store
72934d96-a649-40f9-82c9-346d90182528,2026-09-25 23:20:20,https://play.google.com/store/apps/details?id=com.trimegah.trima,ID,id,1,0.0,0.0,Negative,Login & Autentikasi,2022-04-14 13:57:47,2022,Aplikasi sering error / maintenance saat jam pasar. . Sudah beberapa kejadian offline begini. Saat ini tdk bs login aplikasi dr pagi sd market sesi 2 mulai.. telp cs sibuk semua. Ig cmn bs silahkan dicoba lagi.. payah,Aplikasi sering error / maintenance saat jam pasar. . Sudah beberapa kejadian offline begini. Saat ini tdk bs login aplikasi dr pagi sd market sesi 2 mulai.. telp cs sibuk semua. Ig cmn bs silahkan dicoba lagi.. payah,True,217,38,2.6.0,10,Tidak,,,Sampel ulasan publik Play Store
82287ac8-1556-4d5b-b970-b9f3eb626683,2026-09-25 23:20:20,https://play.google.com/store/apps/details?id=com.trimegah.trima,ID,id,1,0.0,0.0,Negative,Keluhan Umum Aplikasi,2022-04-14 13:39:57,2022,Aplikasi ga bisa dibuka,Aplikasi ga bisa dibuka,True,23,4,Tidak Tercatat,0,Tidak,,,Sampel ulasan publik Play Store
b6ac99ce-04c7-48ea-8a54-4b36bf9df964,2026-09-25 23:20:20,https://play.google.com/store/apps/details?id=com.trimegah.trima,ID,id,2,0.25,25.0,Negative,Transaksi & Portofolio Saham,2022-04-14 13:34:08,2022,"Kelebihan(+) : daftar cepat, untuk withdraw juga cepat bisa di hari yg sama. /Kekurangan(-): tidak ada TS, app sering error ketika market open. buy, sell, & ammend terlalu rumit. Buat haka sebelum market open & haka sesi 2 kadang order suka d reject. Sedikit saran mungkin bisa di contoh olt punya BQ + di tambahkan speed nya kayak MG. Minimal deposit 20 jt juga tdk masalah.","Kelebihan(+) : daftar cepat, untuk withdraw juga cepat bisa di hari yg sama. /Kekurangan(-): tidak ada TS, app sering error ketika market open. buy, sell, & ammend terlalu rumit. Buat haka sebelum market open & haka sesi 2 kadang order suka d reject. Sedikit saran mungkin bisa di contoh olt punya BQ + di tambahkan speed nya kayak MG. Minimal deposit 20 jt juga tdk masalah.",True,375,66,2.5.97,25,Tidak,,,Sampel ulasan publik Play Store
53b8c64a-2729-47c6-ab60-da2530fcf1ee,2026-09-25 23:20:20,https://play.google.com/store/apps/details?id=com.trimegah.trima,ID,id,5,1.0,100.0,Positive,Apresiasi Umum & Kepuasan,2022-04-14 13:23:47,2022,Trading with ko MY ❤❤,Trading with ko MY ❤❤,True,21,5,2.5.97,0,Tidak,,,Sampel ulasan publik Play Store
c585b3ad-13e0-4bd3-bb9f-36e2c0de9648,2026-09-25 23:20:20,https://play.google.com/store/apps/details?id=com.trimegah.trima,ID,id,2,0.25,25.0,Negative,Keluhan Umum Aplikasi,2022-04-14 12:16:02,2022,Bungul babi Semua sudah benar msi tetap eror Bodoh ni apk,Bungul babi Semua sudah benar msi tetap eror Bodoh ni apk,True,57,11,Tidak Tercatat,0,Tidak,,,Sampel ulasan publik Play Store
37547ae8-dc13-4c9f-aba5-23ae7660745c,2026-09-25 23:20:20,https://play.google.com/store/apps/details?id=com.trimegah.trima,ID,id,1,0.0,0.0,Negative,Login & Autentikasi,2022-04-14 10:17:53,2022,"Saya tidak dapat login setelah melakukan update terakhir, disebutkan kalau user id atau pass salah, sementara saya tidak pernah melakukan perubahan password, saya tidak dapat melakukan cut loss, saya udah rugi jutaan ni bosssssssssssssss","Saya tidak dapat login setelah melakukan update terakhir, disebutkan kalau user id atau pass salah, sementara saya tidak pernah melakukan perubahan password, saya tidak dapat melakukan cut loss, saya udah rugi jutaan ni bosssssssssssssss",True,237,34,2.6.0,6,Tidak,,,Sampel ulasan publik Play Store
d2e91881-2623-48c3-b484-28ffb2bbf4bd,2026-09-25 23:20:20,https://play.google.com/store/apps/details?id=com.trimegah.trima,ID,id,1,0.0,0.0,Negative,Stabilitas Sistem & Bug (Crash/Error),2022-04-14 10:06:43,2022,"Sering terjadi error saat market sedang bullish, aplikasi tidak mendukung investor trader, kok setelah update sulit sekali CS nggak ada yang ngangkat, saya dari bali, CS yang di Bali nggak respon setelah di telpon, tolong dibina","Sering terjadi error saat market sedang bullish, aplikasi tidak mendukung investor trader, kok setelah update sulit sekali CS nggak ada yang ngangkat, saya dari bali, CS yang di Bali nggak respon setelah di telpon, tolong dibina",True,228,36,2.6.0,3,Tidak,,,Sampel ulasan publik Play Store
37d4816e-67de-4fb0-9e7e-b826c0917297,2026-09-25 23:20:20,https://play.google.com/store/apps/details?id=com.trimegah.trima,ID,id,2,0.25,25.0,Negative,Keluhan Umum Aplikasi,2022-04-14 09:49:01,2022,Lelet,Lelet,True,5,1,2.6.0,0,Tidak,,,Sampel ulasan publik Play Store
3accde5b-2976-4c7d-a9bb-d5988fc79abe,2026-09-25 23:20:20,https://play.google.com/store/apps/details?id=com.trimegah.trima,ID,id,3,0.5,50.0,Neutral,UI/UX & Performa (Loading/Navigasi),2022-04-14 09:22:54,2022,Mau daftar nya susah banget baik yg dari playstore dan dari google,Mau daftar nya susah banget baik yg dari playstore dan dari google,True,66,12,Tidak Tercatat,0,Tidak,,,Sampel ulasan publik Play Store
a5c656ba-a670-49de-9f73-661b3197854a,2026-09-25 23:20:20,https://play.google.com/store/apps/details?id=com.trimegah.trima,ID,id,3,0.5,50.0,Neutral,Registrasi & Onboarding (KYC),2022-04-13 19:00:44,2022,"Udah daftar, katanua dimodalin tapi gak ada tuh...","Udah daftar, katanua dimodalin tapi gak ada tuh...",True,50,8,2.5.97,0,Tidak,,,Sampel ulasan publik Play Store
0c08f11b-64d9-442c-bc9c-dd6a239a7da1,2026-09-25 23:20:20,https://play.google.com/store/apps/details?id=com.trimegah.trima,ID,id,4,0.75,75.0,Positive,Fitur Analisis & Data Pasar,2022-04-13 12:36:40,2022,"Tambahkan fitur auto sell atau auto buy, biar jadi bintang 5","Tambahkan fitur auto sell atau auto buy, biar jadi bintang 5",True,60,11,2.5.97,3,Tidak,,,Sampel ulasan publik Play Store
22136899-499d-4a67-a808-10467d925299,2026-09-25 23:20:20,https://play.google.com/store/apps/details?id=com.trimegah.trima,ID,id,1,0.0,0.0,Negative,UI/UX & Performa (Loading/Navigasi),2022-04-13 09:52:47,2022,"Apk gk guna, daftar ribet, log in juga ribet ..","Apk gk guna, daftar ribet, log in juga ribet ..",True,47,10,Tidak Tercatat,0,Tidak,,,Sampel ulasan publik Play Store
1c258590-5ce3-4426-9430-f54070cb29b0,2026-09-25 23:20:20,https://play.google.com/store/apps/details?id=com.trimegah.trima,ID,id,4,0.75,75.0,Positive,UI/UX & Performa (Loading/Navigasi),2022-04-11 21:04:58,2022,"Trima idea's bagus topik dan analisanya, penyajian pun bagus slide gambar. Yg perlu diperbaiki data di chart tidak update dan suka tidak terbuka/lag/not responding.","Trima idea's bagus topik dan analisanya, penyajian pun bagus slide gambar. Yg perlu diperbaiki data di chart tidak update dan suka tidak terbuka/lag/not responding.",True,164,24,2.5.97,15,Ya,"Informasi lengkap mengenai Trima bisa Anda lihat di trima.co.id. Jika terdapat kendala, Anda dapat sampaikan ke customer service kami di +62 21 2924 9000 atau email ke callcenter@trimegah.com. Terima kasih.",2017-05-23 13:51:53,Sampel ulasan publik Play Store
8afe4e93-c521-4eb7-88ff-f3148c06436d,2026-09-25 23:20:20,https://play.google.com/store/apps/details?id=com.trimegah.trima,ID,id,1,0.0,0.0,Negative,UI/UX & Performa (Loading/Navigasi),2022-04-10 22:27:50,2022,Di aplikasi kok susah nyari call center atau bantuan.. kalo ada masalah keluhannya dimana.. saya mau ganti rekening bank bingung caranya?,Di aplikasi kok susah nyari call center atau bantuan.. kalo ada masalah keluhannya dimana.. saya mau ganti rekening bank bingung caranya?,True,137,21,Tidak Tercatat,0,Tidak,,,Sampel ulasan publik Play Store
34323294-7c85-4718-bf44-5e24e5091f6e,2026-09-25 23:20:20,https://play.google.com/store/apps/details?id=com.trimegah.trima,ID,id,5,1.0,100.0,Positive,Apresiasi Umum & Kepuasan,2022-04-09 11:56:56,2022,bgus bnget bisa buat trader pemula,bgus bnget bisa buat trader pemula,True,34,6,Tidak Tercatat,0,Tidak,,,Sampel ulasan publik Play Store
eae2fa04-a8a5-4210-91ab-6a1c1ec9c4d1,2026-09-25 23:20:20,https://play.google.com/store/apps/details?id=com.trimegah.trima,ID,id,1,0.0,0.0,Negative,Stabilitas Sistem & Bug (Crash/Error),2022-04-08 14:10:25,2022,"mau komplain, sering bgt error y ini trima, tolong di update lagi dong sistem y, bisa beralih ke yg lain ini klo lama2 g ada perubahan .....","mau komplain, sering bgt error y ini trima, tolong di update lagi dong sistem y, bisa beralih ke yg lain ini klo lama2 g ada perubahan .....",True,140,27,Tidak Tercatat,0,Tidak,,,Sampel ulasan publik Play Store
28f6088f-ad9f-4119-ad4b-5d17bee7a3d2,2026-09-25 23:20:20,https://play.google.com/store/apps/details?id=com.trimegah.trima,ID,id,1,0.0,0.0,Negative,Login & Autentikasi,2022-04-08 09:33:10,2022,Ga jelas Susah Login,Ga jelas Susah Login,True,20,4,2.5.97,0,Tidak,,,Sampel ulasan publik Play Store
ca8350f5-46f6-4200-bd92-978d70f4c7d4,2026-09-25 23:20:20,https://play.google.com/store/apps/details?id=com.trimegah.trima,ID,id,2,0.25,25.0,Negative,Stabilitas Sistem & Bug (Crash/Error),2022-04-06 14:13:10,2022,Jelek x apknya sering error mau log in...mohon kwalitas server ditingkatkan lagi....,Jelek x apknya sering error mau log in...mohon kwalitas server ditingkatkan lagi....,True,84,12,2.5.97,1,Tidak,,,Sampel ulasan publik Play Store
e65a6697-cda5-4468-bff1-1ea8c1693b0c,2026-09-25 23:20:20,https://play.google.com/store/apps/details?id=com.trimegah.trima,ID,id,3,0.5,50.0,Neutral,Transaksi & Portofolio Saham,2022-04-06 07:33:24,2022,"Saya kasih bintang 3 dulu, karena masih sebatas daftar nya yang mudah untuk buat RDN, kalau aplikasi nya bagus digunakan buat transaksi seperti IPOT, STOCKBIT, AJAIB, Barulah saya ganti jadi bintang 5","Saya kasih bintang 3 dulu, karena masih sebatas daftar nya yang mudah untuk buat RDN, kalau aplikasi nya bagus digunakan buat transaksi seperti IPOT, STOCKBIT, AJAIB, Barulah saya ganti jadi bintang 5",True,200,32,2.5.97,6,Tidak,,,Sampel ulasan publik Play Store
38ffe53a-2477-49ba-b757-c821669230f0,2026-09-25 23:20:20,https://play.google.com/store/apps/details?id=com.trimegah.trima,ID,id,1,0.0,0.0,Negative,Keluhan Umum Aplikasi,2022-04-05 17:08:03,2022,Harus ada saldo mengendap 100.000.,Harus ada saldo mengendap 100.000.,True,34,5,2.5.97,0,Tidak,,,Sampel ulasan publik Play Store
c816ee46-e0ee-495c-9e6e-772602c63970,2026-09-25 23:20:20,https://play.google.com/store/apps/details?id=com.trimegah.trima,ID,id,1,0.0,0.0,Negative,Customer Service & Layanan,2022-04-04 21:04:17,2022,Aplikasi dari awal daftar blm berhasil download dari playstore,Aplikasi dari awal daftar blm berhasil download dari playstore,True,62,9,Tidak Tercatat,0,Tidak,,,Sampel ulasan publik Play Store
697491bb-773c-471d-b10f-a0557d3e0df2,2026-09-25 23:20:20,https://play.google.com/store/apps/details?id=com.trimegah.trima,ID,id,1,0.0,0.0,Negative,Keluhan Umum Aplikasi,2022-03-30 21:37:55,2022,Npa aplikasi nya ndk bisa log in,Npa aplikasi nya ndk bisa log in,True,32,7,Tidak Tercatat,0,Tidak,,,Sampel ulasan publik Play Store
e2580015-364f-42de-a800-587382ea5f68,2026-09-25 23:20:20,https://play.google.com/store/apps/details?id=com.trimegah.trima,ID,id,1,0.0,0.0,Negative,Login & Autentikasi,2022-03-30 09:24:50,2022,"Dan hari ini gak bisa Login donk, gilaaaa yaaa lo? Ulasan kmrn blm di balas eror.terosss","Dan hari ini gak bisa Login donk, gilaaaa yaaa lo? Ulasan kmrn blm di balas eror.terosss",True,88,16,2.5.97,0,Tidak,,,Sampel ulasan publik Play Store
eb9efe69-6e89-4240-bae2-17ca621d86ac,2026-09-25 23:20:20,https://play.google.com/store/apps/details?id=com.trimegah.trima,ID,id,5,1.0,100.0,Positive,Customer Service & Layanan,2022-03-24 22:34:40,2022,"Enak mudah regitrasinya, respon pembuatan rekening sekuritas cepat dari pihak CS nya, jadi ga ketinggalan PO goto. Top deh","Enak mudah regitrasinya, respon pembuatan rekening sekuritas cepat dari pihak CS nya, jadi ga ketinggalan PO goto. Top deh",True,122,19,2.5.97,0,Tidak,,,Sampel ulasan publik Play Store
c7566ff5-6ac0-4ee8-af67-077b804d8544,2026-09-25 23:20:20,https://play.google.com/store/apps/details?id=com.trimegah.trima,ID,id,1,0.0,0.0,Negative,Login & Autentikasi,2022-03-23 09:08:01,2022,"Parah sih ini delay, tiap masuk mesti log in. Always no data available","Parah sih ini delay, tiap masuk mesti log in. Always no data available",True,70,13,2.5.97,0,Tidak,,,Sampel ulasan publik Play Store
376ccf4d-603e-4bc1-a062-df0df49d0aa4,2026-09-25 23:20:20,https://play.google.com/store/apps/details?id=com.trimegah.trima,ID,id,1,0.0,0.0,Negative,UI/UX & Performa (Loading/Navigasi),2022-03-21 18:17:33,2022,Aplikasi paling ribet,Aplikasi paling ribet,True,21,3,2.5.97,0,Tidak,,,Sampel ulasan publik Play Store
49dc77d4-f3de-48d5-8615-14d399891766,2026-09-25 23:20:20,https://play.google.com/store/apps/details?id=com.trimegah.trima,ID,id,1,0.0,0.0,Negative,Keluhan Umum Aplikasi,2022-03-21 09:21:23,2022,Parah..parahhhh...di jam pembukaaan malah gak bs dibuka..bs kerja gak sih timnya?,Parah..parahhhh...di jam pembukaaan malah gak bs dibuka..bs kerja gak sih timnya?,True,81,11,2.5.97,1,Tidak,,,Sampel ulasan publik Play Store
8076cc8f-8617-41e0-801d-f952af61bb93,2026-09-25 23:20:20,https://play.google.com/store/apps/details?id=com.trimegah.trima,ID,id,5,1.0,100.0,Positive,Apresiasi Umum & Kepuasan,2022-03-20 16:49:18,2022,Mantul bgt,Mantul bgt,True,10,2,2.5.97,0,Tidak,,,Sampel ulasan publik Play Store
936e7111-69af-4b34-9c81-32b5ce72e88f,2026-09-25 23:20:20,https://play.google.com/store/apps/details?id=com.trimegah.trima,ID,id,1,0.0,0.0,Negative,UI/UX & Performa (Loading/Navigasi),2022-03-20 09:30:04,2022,Untuk pengguna baru applikasi ini susah untuk digunakan. Tampilan tidak menarik dan tidak informatif.,Untuk pengguna baru applikasi ini susah untuk digunakan. Tampilan tidak menarik dan tidak informatif.,True,101,14,2.5.97,1,Tidak,,,Sampel ulasan publik Play Store
8b1e3101-0e08-4d3f-ac02-45f74472f993,2026-09-25 23:20:20,https://play.google.com/store/apps/details?id=com.trimegah.trima,ID,id,1,0.0,0.0,Negative,Keluhan Umum Aplikasi,2022-03-19 19:36:12,2022,Kenapa gak bisa unduh,Kenapa gak bisa unduh,True,21,4,Tidak Tercatat,0,Tidak,,,Sampel ulasan publik Play Store
96c90089-6aa0-4041-93f6-c57b9d61dcee,2026-09-25 23:20:20,https://play.google.com/store/apps/details?id=com.trimegah.trima,ID,id,3,0.5,50.0,Neutral,Customer Service & Layanan,2022-03-19 04:50:39,2022,"Baru registrasi, udah isi banyak, pas nyari foto KTP di gallery, malah kembali ke awal.","Baru registrasi, udah isi banyak, pas nyari foto KTP di gallery, malah kembali ke awal.",True,87,15,2.5.97,0,Tidak,,,Sampel ulasan publik Play Store
da596f68-4a0e-4c71-82a5-4ceea93d8bab,2026-09-25 23:20:20,https://play.google.com/store/apps/details?id=com.trimegah.trima,ID,id,1,0.0,0.0,Negative,Login & Autentikasi,2022-03-18 19:41:19,2022,"Account tidak bisa login di mobile, clear cache sudah, restart sudah tidak bisa. Login di desktop tanpa data myprofile transfer RDN bisa. Nah gimana sekarang? 😭😭😭","Account tidak bisa login di mobile, clear cache sudah, restart sudah tidak bisa. Login di desktop tanpa data myprofile transfer RDN bisa. Nah gimana sekarang? 😭😭😭",True,162,26,2.5.97,6,Tidak,,,Sampel ulasan publik Play Store
723ebc15-4a08-476d-b3ce-9e8c0372209a,2026-09-25 23:20:20,https://play.google.com/store/apps/details?id=com.trimegah.trima,ID,id,1,0.0,0.0,Negative,Keluhan Umum Aplikasi,2022-03-18 13:25:19,2022,Parah jam jam sibuk sering maintenance ...,Parah jam jam sibuk sering maintenance ...,True,42,7,Tidak Tercatat,0,Tidak,,,Sampel ulasan publik Play Store
82520ded-e1b0-462e-8789-d3d37a41a0cd,2026-09-25 23:20:20,https://play.google.com/store/apps/details?id=com.trimegah.trima,ID,id,5,1.0,100.0,Positive,Stabilitas Sistem & Bug (Crash/Error),2022-03-16 19:00:41,2022,"Minta beralih ke online trade, tolong d bantu, dr aplikasi mobile dn dekstop msh gagal terus","Minta beralih ke online trade, tolong d bantu, dr aplikasi mobile dn dekstop msh gagal terus",True,92,16,2.5.97,5,Tidak,,,Sampel ulasan publik Play Store
f2d4c4df-861f-43d1-8e02-4f961f17cb54,2026-09-25 23:20:20,https://play.google.com/store/apps/details?id=com.trimegah.trima,ID,id,5,1.0,100.0,Positive,Apresiasi Umum & Kepuasan,2022-03-16 15:16:46,2022,Siip,Siip,True,4,1,2.5.97,0,Tidak,,,Sampel ulasan publik Play Store
6a8e156b-2dc5-4012-960f-741fb6811397,2026-09-25 23:20:20,https://play.google.com/store/apps/details?id=com.trimegah.trima,ID,id,3,0.5,50.0,Neutral,Fitur Analisis & Data Pasar,2022-03-08 16:02:10,2022,Tidak ada fitur stop loss dan trailing profit,Tidak ada fitur stop loss dan trailing profit,True,45,8,2.5.97,0,Tidak,,,Sampel ulasan publik Play Store
254f4950-c2ba-477e-92e7-8ed28eecbf17,2026-09-25 23:20:20,https://play.google.com/store/apps/details?id=com.trimegah.trima,ID,id,3,0.5,50.0,Neutral,Netral / Saran Umum,2022-03-08 08:27:13,2022,Sering trobel gak bisa log in.,Sering trobel gak bisa log in.,True,30,6,2.5.96,0,Tidak,,,Sampel ulasan publik Play Store
6caaa27c-aed2-4b6d-885e-60f49edc3519,2026-09-25 23:20:20,https://play.google.com/store/apps/details?id=com.trimegah.trima,ID,id,1,0.0,0.0,Negative,Login & Autentikasi,2022-03-07 20:21:13,2022,"Kanapa ga bisa login?, setiap login pasti keluar Realtime Market Info, sudah di klik Agree tapi tetap kembali sesitu terus","Kanapa ga bisa login?, setiap login pasti keluar Realtime Market Info, sudah di klik Agree tapi tetap kembali sesitu terus",True,122,20,2.5.97,4,Tidak,,,Sampel ulasan publik Play Store
b9318112-ec60-4567-b0a7-ebc195e6714b,2026-09-25 23:20:20,https://play.google.com/store/apps/details?id=com.trimegah.trima,ID,id,1,0.0,0.0,Negative,Login & Autentikasi,2022-03-04 12:52:18,2022,"Aplikasi paling parah dibanding yg lain. Market ga update, selalu delay & susah login jg. Ga rekomended sama sekali","Aplikasi paling parah dibanding yg lain. Market ga update, selalu delay & susah login jg. Ga rekomended sama sekali",True,115,19,2.5.96,5,Tidak,,,Sampel ulasan publik Play Store
97511f17-1f41-4bc0-a2ae-78a2439bad48,2026-09-25 23:20:20,https://play.google.com/store/apps/details?id=com.trimegah.trima,ID,id,1,0.0,0.0,Negative,Customer Service & Layanan,2022-03-02 19:34:17,2022,Pelayanannya ditingkatkan,Pelayanannya ditingkatkan,True,25,2,2.5.96,2,Tidak,,,Sampel ulasan publik Play Store
607f0f36-cbb9-4ed8-9f90-8625b209866f,2026-09-25 23:20:20,https://play.google.com/store/apps/details?id=com.trimegah.trima,ID,id,1,0.0,0.0,Negative,Fitur Analisis & Data Pasar,2022-03-02 13:42:29,2022,"Sumpah ini aplikasi ga rekomendasi, sering maintain auto arb kalau buat trading, masih banyak yg harus di benahi sebelum di luncurkan...","Sumpah ini aplikasi ga rekomendasi, sering maintain auto arb kalau buat trading, masih banyak yg harus di benahi sebelum di luncurkan...",True,136,21,2.5.96,6,Tidak,,,Sampel ulasan publik Play Store
381289c1-6172-41f9-ae08-0f295bb7a56b,2026-09-25 23:20:20,https://play.google.com/store/apps/details?id=com.trimegah.trima,ID,id,2,0.25,25.0,Negative,Login & Autentikasi,2022-03-02 13:40:08,2022,Kenapa sering sulit login,Kenapa sering sulit login,True,25,4,2.5.93,0,Tidak,,,Sampel ulasan publik Play Store
0191bc31-0e6c-44c0-9861-335696f5b3ce,2026-09-25 23:20:20,https://play.google.com/store/apps/details?id=com.trimegah.trima,ID,id,2,0.25,25.0,Negative,Login & Autentikasi,2022-03-02 10:19:01,2022,Kadang2 gak bisa masuk ada masalah di server.,Kadang2 gak bisa masuk ada masalah di server.,True,45,8,2.5.96,1,Tidak,,,Sampel ulasan publik Play Store
b6c33603-0bf2-4dd7-b9df-8887e0e51c66,2026-09-25 23:20:20,https://play.google.com/store/apps/details?id=com.trimegah.trima,ID,id,1,0.0,0.0,Negative,Login & Autentikasi,2022-03-02 09:32:19,2022,aplikasi jelek.. 30 mnt open market jg masih gak bs masuk,aplikasi jelek.. 30 mnt open market jg masih gak bs masuk,True,57,11,2.5.96,2,Tidak,,,Sampel ulasan publik Play Store
a86cdba0-7bd8-40a6-bc92-5245f0d11303,2026-09-25 23:20:20,https://play.google.com/store/apps/details?id=com.trimegah.trima,ID,id,1,0.0,0.0,Negative,UI/UX & Performa (Loading/Navigasi),2022-03-02 09:24:22,2022,Parah anjirr aplikasinya. Masa udh Tbk tp aplikaainya masih gini. Gabisa dibuka gabisa connet server. Pikir woii ini berhubungan dengan duit......,Parah anjirr aplikasinya. Masa udh Tbk tp aplikaainya masih gini. Gabisa dibuka gabisa connet server. Pikir woii ini berhubungan dengan duit......,True,146,21,2.5.96,8,Tidak,,,Sampel ulasan publik Play Store
ede7caa9-7150-4db6-8282-d42a17cdab7d,2026-09-25 23:20:20,https://play.google.com/store/apps/details?id=com.trimegah.trima,ID,id,3,0.5,50.0,Neutral,Login & Autentikasi,2022-03-02 09:06:20,2022,"2 hari ini susah login terus, gagal gagal","2 hari ini susah login terus, gagal gagal",True,41,8,2.5.96,0,Tidak,,,Sampel ulasan publik Play Store
fecc7093-08c6-4658-af9e-ee66ba4b7659,2026-09-25 23:20:20,https://play.google.com/store/apps/details?id=com.trimegah.trima,ID,id,1,0.0,0.0,Negative,Keluhan Umum Aplikasi,2022-03-01 15:06:17,2022,Ruwet,Ruwet,True,5,1,2.5.96,0,Tidak,,,Sampel ulasan publik Play Store
6ce6f1e3-37b4-4b18-8f8f-06f86c4f88eb,2026-09-25 23:20:20,https://play.google.com/store/apps/details?id=com.trimegah.trima,ID,id,1,0.0,0.0,Negative,Transaksi & Portofolio Saham,2022-03-01 09:43:43,2022,Aplikasi trima knapa beberapa hari ini eror.. 1.untuk transaksi jual beli saya gak beli saham tgra tapi done tgra dan di porto gak ada tp uang berkurang. Sampai skrg uang blm kembali. 2. Hari ini 1 maret malahan gak bisa log in. Sangat merugikan user.,Aplikasi trima knapa beberapa hari ini eror.. 1.untuk transaksi jual beli saya gak beli saham tgra tapi done tgra dan di porto gak ada tp uang berkurang. Sampai skrg uang blm kembali. 2. Hari ini 1 maret malahan gak bisa log in. Sangat merugikan user.,True,251,45,Tidak Tercatat,1,Tidak,,,Sampel ulasan publik Play Store
85b91d81-7048-41d2-a114-73337596595b,2026-09-25 23:20:20,https://play.google.com/store/apps/details?id=com.trimegah.trima,ID,id,5,1.0,100.0,Positive,Apresiasi Umum & Kepuasan,2022-02-27 12:35:36,2022,Good,Good,True,4,1,Tidak Tercatat,0,Tidak,,,Sampel ulasan publik Play Store
a258ccad-a09c-42f5-a22b-14d654b3a259,2026-09-25 23:20:20,https://play.google.com/store/apps/details?id=com.trimegah.trima,ID,id,5,1.0,100.0,Positive,Fitur Analisis & Data Pasar,2022-02-24 05:34:22,2022,Chart nya bgus.... Pertahankan yaa,Chart nya bgus.... Pertahankan yaa,True,34,5,2.5.95,0,Tidak,,,Sampel ulasan publik Play Store
a2549111-4c04-4020-8132-7f03c6a0737f,2026-09-25 23:20:20,https://play.google.com/store/apps/details?id=com.trimegah.trima,ID,id,4,0.75,75.0,Positive,Apresiasi Umum & Kepuasan,2022-02-21 19:28:40,2022,Terima kasih...,Terima kasih...,True,15,2,2.5.95,0,Tidak,,,Sampel ulasan publik Play Store
33cc2c0b-3ca1-4305-8a9f-3cbe333c5e40,2026-09-25 23:20:20,https://play.google.com/store/apps/details?id=com.trimegah.trima,ID,id,2,0.25,25.0,Negative,Login & Autentikasi,2022-02-20 12:41:20,2022,"Banyak bug nya ... Keluar masuk log in .. capek ... Tolong bisa di develop lebih bagus lagi. Kalau content edukasi bagus, cuma untuk trading kurang.","Banyak bug nya ... Keluar masuk log in .. capek ... Tolong bisa di develop lebih bagus lagi. Kalau content edukasi bagus, cuma untuk trading kurang.",True,148,26,2.5.95,15,Tidak,,,Sampel ulasan publik Play Store
9c81fece-7283-46a6-8ad1-089fa0e205c8,2026-09-25 23:20:20,https://play.google.com/store/apps/details?id=com.trimegah.trima,ID,id,2,0.25,25.0,Negative,Transaksi & Portofolio Saham,2022-02-19 18:03:50,2022,"Aplikasi ini delayed market info. jika ingin real time market info berbayar, dana saya terdebet 25rb, aplikasi lain di sekuritas lain real time info market sdh GRATIS online . Haduuuh bs rugi dana saya didebet 25rb tiap bulan langganan real time market info online pake Trima. Tampilan Font nya bisa diperbesar dikit nggak ..? angkanya terlalu kecil di mata Tolong donk jk ingin bersaing berbasis tehnology aplikasi dgn Securitas lain seharusnya semua fitur inclucle otomatis real time semuanya.","Aplikasi ini delayed market info. jika ingin real time market info berbayar, dana saya terdebet 25rb, aplikasi lain di sekuritas lain real time info market sdh GRATIS online . Haduuuh bs rugi dana saya didebet 25rb tiap bulan langganan real time market info online pake Trima. Tampilan Font nya bisa diperbesar dikit nggak ..? angkanya terlalu kecil di mata Tolong donk jk ingin bersaing berbasis tehnology aplikasi dgn Securitas lain seharusnya semua fitur inclucle otomatis real time semuanya.",True,495,78,Tidak Tercatat,5,Tidak,,,Sampel ulasan publik Play Store
a4e0bc93-f71e-4305-a8e6-3ac50371ea8d,2026-09-25 23:20:20,https://play.google.com/store/apps/details?id=com.trimegah.trima,ID,id,2,0.25,25.0,Negative,Keluhan Umum Aplikasi,2022-02-18 08:56:32,2022,Download terlalu lama,Download terlalu lama,True,21,3,2.5.94,1,Tidak,,,Sampel ulasan publik Play Store
2df58ea7-9902-4e93-a3c4-c8c676c494ed,2026-09-25 23:20:20,https://play.google.com/store/apps/details?id=com.trimegah.trima,ID,id,4,0.75,75.0,Positive,Customer Service & Layanan,2022-02-18 04:29:23,2022,"Respon dari CS Cepat & Ramah, Terimakasih Bantuannya.","Respon dari CS Cepat & Ramah, Terimakasih Bantuannya.",True,53,8,2.5.95,0,Tidak,,,Sampel ulasan publik Play Store
ac0acf2c-d34e-425e-8284-80a2032e5209,2026-09-25 23:20:20,https://play.google.com/store/apps/details?id=com.trimegah.trima,ID,id,5,1.0,100.0,Positive,Apresiasi Umum & Kepuasan,2022-02-15 21:29:15,2022,Bagus,Bagus,True,5,1,2.5.94,0,Tidak,,,Sampel ulasan publik Play Store
e4fb0950-6117-406e-a05f-e8bdb3caf3a5,2026-09-25 23:20:20,https://play.google.com/store/apps/details?id=com.trimegah.trima,ID,id,5,1.0,100.0,Positive,Apresiasi Umum & Kepuasan,2022-02-15 12:17:07,2022,Good,Good,True,4,1,2.5.93,0,Tidak,,,Sampel ulasan publik Play Store
529f248b-021d-4bc6-931d-11af563cc4ea,2026-09-25 23:20:20,https://play.google.com/store/apps/details?id=com.trimegah.trima,ID,id,2,0.25,25.0,Negative,Login & Autentikasi,2022-02-15 11:54:33,2022,"Terlalu bnyak pasword,sdh masuk mau pindah poeti folio pasword lg g spt mirae lgsung n cepat","Terlalu bnyak pasword,sdh masuk mau pindah poeti folio pasword lg g spt mirae lgsung n cepat",True,92,16,Tidak Tercatat,0,Tidak,,,Sampel ulasan publik Play Store
e3d4aa96-82c5-41f9-a8c4-a7d6435ea8ab,2026-09-25 23:20:20,https://play.google.com/store/apps/details?id=com.trimegah.trima,ID,id,2,0.25,25.0,Negative,Keluhan Umum Aplikasi,2022-02-15 11:24:42,2022,Kalah sama aplikasi lain . Tertinggal jauh dari stockbit,Kalah sama aplikasi lain . Tertinggal jauh dari stockbit,True,56,9,2.5.95,1,Tidak,,,Sampel ulasan publik Play Store
bd1ae604-9775-4bd6-918d-b0af5cfd2c62,2026-09-25 23:20:20,https://play.google.com/store/apps/details?id=com.trimegah.trima,ID,id,5,1.0,100.0,Positive,Apresiasi Umum & Kepuasan,2022-02-15 10:36:58,2022,Aplikasi sangat bagus dan mudah digunakan,Aplikasi sangat bagus dan mudah digunakan,True,41,6,2.5.94,0,Tidak,,,Sampel ulasan publik Play Store
6143daa5-b9ef-4745-abe2-da78c285eaad,2026-09-25 23:20:20,https://play.google.com/store/apps/details?id=com.trimegah.trima,ID,id,5,1.0,100.0,Positive,Apresiasi Umum & Kepuasan,2022-02-15 10:17:13,2022,Ok,Ok,True,2,1,2.5.94,0,Tidak,,,Sampel ulasan publik Play Store
102c1c6b-febe-4c0f-9f2a-a9757c54de94,2026-09-25 23:20:20,https://play.google.com/store/apps/details?id=com.trimegah.trima,ID,id,5,1.0,100.0,Positive,Apresiasi Umum & Kepuasan,2022-02-15 10:00:40,2022,👍,👍,True,1,1,2.5.94,0,Tidak,,,Sampel ulasan publik Play Store
60057fa4-6272-440f-be40-3617ed1e3e91,2026-09-25 23:20:20,https://play.google.com/store/apps/details?id=com.trimegah.trima,ID,id,5,1.0,100.0,Positive,Apresiasi Umum & Kepuasan,2022-02-15 09:41:07,2022,Ok,Ok,True,2,1,2.5.94,0,Tidak,,,Sampel ulasan publik Play Store
5249e95a-c296-4d55-a043-0842eaa47774,2026-09-25 23:20:20,https://play.google.com/store/apps/details?id=com.trimegah.trima,ID,id,3,0.5,50.0,Neutral,Netral / Saran Umum,2022-02-15 09:24:53,2022,"Sedikit agak kaku, tidak ada fasilitas trailing stop..","Sedikit agak kaku, tidak ada fasilitas trailing stop..",True,54,8,2.5.95,2,Tidak,,,Sampel ulasan publik Play Store
5f5be00d-0b96-4d1b-8109-b69ce1229fb8,2026-09-25 23:20:20,https://play.google.com/store/apps/details?id=com.trimegah.trima,ID,id,1,0.0,0.0,Negative,UI/UX & Performa (Loading/Navigasi),2022-02-15 09:15:31,2022,Saat update aplikasi udah 86% gak jalan. Alias stag.,Saat update aplikasi udah 86% gak jalan. Alias stag.,True,52,9,2.5.94,2,Tidak,,,Sampel ulasan publik Play Store
71e73bd4-e3bf-43a6-8512-5777bf21617c,2026-09-25 23:20:20,https://play.google.com/store/apps/details?id=com.trimegah.trima,ID,id,4,0.75,75.0,Positive,Apresiasi Umum & Kepuasan,2022-02-15 08:44:45,2022,Baik digunakan dalam trading,Baik digunakan dalam trading,True,28,4,2.5.95,0,Tidak,,,Sampel ulasan publik Play Store
93540feb-cef7-4fbe-8725-6406aa78596c,2026-09-25 23:20:20,https://play.google.com/store/apps/details?id=com.trimegah.trima,ID,id,5,1.0,100.0,Positive,Apresiasi Umum & Kepuasan,2022-02-15 07:05:30,2022,Oke,Oke,True,3,1,2.5.94,0,Tidak,,,Sampel ulasan publik Play Store
3e7bff51-0a20-469e-ab48-608a5de4ebad,2026-09-25 23:20:20,https://play.google.com/store/apps/details?id=com.trimegah.trima,ID,id,5,1.0,100.0,Positive,Apresiasi Umum & Kepuasan,2022-02-14 21:41:00,2022,😊,😊,True,1,1,2.5.94,0,Tidak,,,Sampel ulasan publik Play Store
06574cf0-2732-49e2-a904-1498b2debf52,2026-09-25 23:20:20,https://play.google.com/store/apps/details?id=com.trimegah.trima,ID,id,5,1.0,100.0,Positive,Apresiasi Umum & Kepuasan,2022-02-14 19:55:12,2022,Cukup baik.,Cukup baik.,True,11,2,2.5.94,0,Tidak,,,Sampel ulasan publik Play Store
37d441c6-3b40-4355-a20f-5c6b4535c3c8,2026-09-25 23:20:20,https://play.google.com/store/apps/details?id=com.trimegah.trima,ID,id,5,1.0,100.0,Positive,Apresiasi Umum & Kepuasan,2022-02-14 19:40:39,2022,Bagus,Bagus,True,5,1,2.5.94,0,Tidak,,,Sampel ulasan publik Play Store
01820245-f300-4cae-a844-4b8920b7f8bc,2026-09-25 23:20:20,https://play.google.com/store/apps/details?id=com.trimegah.trima,ID,id,1,0.0,0.0,Negative,UI/UX & Performa (Loading/Navigasi),2022-02-08 19:50:41,2022,"Maaf, sangat lambat...","Maaf, sangat lambat...",True,22,3,2.5.94,1,Tidak,,,Sampel ulasan publik Play Store
a0f93386-e897-449d-acf4-8c5a68ee4d81,2026-09-25 23:20:20,https://play.google.com/store/apps/details?id=com.trimegah.trima,ID,id,5,1.0,100.0,Positive,Apresiasi Umum & Kepuasan,2022-01-30 06:22:12,2022,Bagus dan ringan,Bagus dan ringan,True,16,3,2.5.94,0,Tidak,,,Sampel ulasan publik Play Store
6dfbb6b3-94c6-4413-97ae-fe999f15e884,2026-09-25 23:20:20,https://play.google.com/store/apps/details?id=com.trimegah.trima,ID,id,1,0.0,0.0,Negative,Keluhan Umum Aplikasi,2022-01-21 09:38:34,2022,Tolong data diri saya dihapus. Kenapa setiap Yang komen di aplikasi ini tidak pernah dibalas? Itu yang menyebabkan Aplikasi ini sangat jelek.,Tolong data diri saya dihapus. Kenapa setiap Yang komen di aplikasi ini tidak pernah dibalas? Itu yang menyebabkan Aplikasi ini sangat jelek.,True,141,22,Tidak Tercatat,1,Tidak,,,Sampel ulasan publik Play Store
66b41259-816d-40cf-8c68-5b393c9f22a3,2026-09-25 23:20:20,https://play.google.com/store/apps/details?id=com.trimegah.trima,ID,id,4,0.75,75.0,Positive,Apresiasi Umum & Kepuasan,2022-01-18 10:25:28,2022,Aplikasinya bagus sih ringan tapi kekurangannya antarmukanya gk cocok untuk pemula,Aplikasinya bagus sih ringan tapi kekurangannya antarmukanya gk cocok untuk pemula,True,82,11,2.5.94,2,Tidak,,,Sampel ulasan publik Play Store
6eb7e042-cebe-463c-8bfd-7b272da4669d,2026-09-25 23:20:20,https://play.google.com/store/apps/details?id=com.trimegah.trima,ID,id,5,1.0,100.0,Positive,Login & Autentikasi,2022-01-18 05:26:33,2022,Payah!! Sampe saya minuss disaham ga bs masuk dr pagi!,Payah!! Sampe saya minuss disaham ga bs masuk dr pagi!,True,54,10,2.5.94,5,Tidak,,,Sampel ulasan publik Play Store
22dae794-cd18-4a07-a7d4-e29d0069f8db,2026-09-25 23:20:20,https://play.google.com/store/apps/details?id=com.trimegah.trima,ID,id,1,0.0,0.0,Negative,Keluhan Umum Aplikasi,2022-01-05 15:36:24,2022,Servernya harap diperluas dan diperlebar.. jangan saat jam buka market delay.. hari ini parah banget sesi 2 bener2 muter-muter doank.,Servernya harap diperluas dan diperlebar.. jangan saat jam buka market delay.. hari ini parah banget sesi 2 bener2 muter-muter doank.,True,133,20,2.5.94,7,Tidak,,,Sampel ulasan publik Play Store
80f77339-8402-429a-85d5-111051cf972b,2026-09-25 23:20:20,https://play.google.com/store/apps/details?id=com.trimegah.trima,ID,id,1,0.0,0.0,Negative,Keluhan Umum Aplikasi,2021-12-31 03:30:54,2021,Kode seles ny muncul kan biar gak bingun,Kode seles ny muncul kan biar gak bingun,True,40,8,2.5.94,2,Tidak,,,Sampel ulasan publik Play Store
2a1ef644-2df4-415c-a96e-df71214b94e5,2026-09-25 23:20:20,https://play.google.com/store/apps/details?id=com.trimegah.trima,ID,id,3,0.5,50.0,Neutral,UI/UX & Performa (Loading/Navigasi),2021-12-04 12:44:40,2021,"Cuma Kebanyakan Update dan Maintenance, performa tetep aja jauh dari yg diharapkan. Lemoooooot maintenance ga jelas kelarnya.","Cuma Kebanyakan Update dan Maintenance, performa tetep aja jauh dari yg diharapkan. Lemoooooot maintenance ga jelas kelarnya.",True,125,17,Tidak Tercatat,1,Tidak,,,Sampel ulasan publik Play Store
c76a149c-cd5b-49e9-8ac2-1ee3e20113b7,2026-09-25 23:20:20,https://play.google.com/store/apps/details?id=com.trimegah.trima,ID,id,2,0.25,25.0,Negative,Login & Autentikasi,2021-12-01 16:16:28,2021,"Ribet sekali registrasinya, aplikasi trading lain cukup input KTP dan email untuk verifikasi maka sdh keluar no SID KSEI nya","Ribet sekali registrasinya, aplikasi trading lain cukup input KTP dan email untuk verifikasi maka sdh keluar no SID KSEI nya",True,124,20,Tidak Tercatat,0,Tidak,,,Sampel ulasan publik Play Store
86635ade-a205-4f6f-8870-7eebff8fce43,2026-09-25 23:20:20,https://play.google.com/store/apps/details?id=com.trimegah.trima,ID,id,4,0.75,75.0,Positive,Fitur Analisis & Data Pasar,2021-11-30 10:01:15,2021,Napa chartnya ga realtime lagi min?,Napa chartnya ga realtime lagi min?,True,35,6,2.5.93,0,Tidak,,,Sampel ulasan publik Play Store
9859490e-31dd-4363-a85c-58cdec7e97e4,2026-09-25 23:20:20,https://play.google.com/store/apps/details?id=com.trimegah.trima,ID,id,2,0.25,25.0,Negative,Keluhan Umum Aplikasi,2021-11-19 17:11:40,2021,Delay,Delay,True,5,1,2.5.93,0,Tidak,,,Sampel ulasan publik Play Store
c019c044-5f61-44af-a173-c22a5f8e287d,2026-09-25 23:20:20,https://play.google.com/store/apps/details?id=com.trimegah.trima,ID,id,5,1.0,100.0,Positive,Apresiasi Umum & Kepuasan,2021-11-18 23:11:17,2021,Aplikasi mudah digunakan,Aplikasi mudah digunakan,True,24,3,2.5.93,0,Tidak,,,Sampel ulasan publik Play Store
9803398d-d96a-40cc-b939-90b3a84c8d65,2026-09-25 23:20:20,https://play.google.com/store/apps/details?id=com.trimegah.trima,ID,id,1,0.0,0.0,Negative,Login & Autentikasi,2021-11-09 14:49:23,2021,Parah ini aplikasinya. Sdh register tapi tdk merespon. Tdk bisa lanjut masuk login. Padahal data identitas sdh diterima.,Parah ini aplikasinya. Sdh register tapi tdk merespon. Tdk bisa lanjut masuk login. Padahal data identitas sdh diterima.,True,120,18,2.5.93,4,Tidak,,,Sampel ulasan publik Play Store
cf5f3e9d-cae7-4e86-98c9-17a556b06ff1,2026-09-25 23:20:20,https://play.google.com/store/apps/details?id=com.trimegah.trima,ID,id,1,0.0,0.0,Negative,Login & Autentikasi,2021-11-03 21:18:13,2021,"sudah 2 kali lakukan registrasi dan berhasil dibuatkan user secara otomatis dan tentunya dengan password sendiri dan disimpan otomatis oleh aplikasi user dan password, namun pada saat akan melakukan Log In kembali ternyata dinyatakan user dan password salah....Mohon solusi terbaik dan tidak terjadi terhadap pengguna yg lain, sehingga kami dan rekan² tidak bisa Log In ataupun registrasi ulang karena data sudah terekam....walaupun kami sudah melakukan lupa password namun umpan pembalikpuntidakbisa","sudah 2 kali lakukan registrasi dan berhasil dibuatkan user secara otomatis dan tentunya dengan password sendiri dan disimpan otomatis oleh aplikasi user dan password, namun pada saat akan melakukan Log In kembali ternyata dinyatakan user dan password salah....Mohon solusi terbaik dan tidak terjadi terhadap pengguna yg lain, sehingga kami dan rekan² tidak bisa Log In ataupun registrasi ulang karena data sudah terekam....walaupun kami sudah melakukan lupa password namun umpan pembalikpuntidakbisa",True,500,70,2.5.93,13,Tidak,,,Sampel ulasan publik Play Store
a306cbcf-41dc-4a0e-a94e-c9d0f32c6dd5,2026-09-25 23:20:20,https://play.google.com/store/apps/details?id=com.trimegah.trima,ID,id,1,0.0,0.0,Negative,UI/UX & Performa (Loading/Navigasi),2021-11-01 12:17:44,2021,"Aplikasi Parah gak ada perubahan maunya cuma untung doang appnya lemotnya minta ampun, rugi buka akun sekuritas di sini, pelayanannya buruk","Aplikasi Parah gak ada perubahan maunya cuma untung doang appnya lemotnya minta ampun, rugi buka akun sekuritas di sini, pelayanannya buruk",True,139,21,2.5.93,5,Tidak,,,Sampel ulasan publik Play Store
d0daa7bf-a229-42dc-99f3-1ea4c58e786f,2026-09-25 23:20:20,https://play.google.com/store/apps/details?id=com.trimegah.trima,ID,id,1,0.0,0.0,Negative,Transaksi & Portofolio Saham,2021-10-25 10:44:56,2021,Portofolio gak muncul2 walaupun sudah refresh berkali2. Error mulu ini aplikasi. Kapan lah mau berbenah. Gak mau sama ajaib?,Portofolio gak muncul2 walaupun sudah refresh berkali2. Error mulu ini aplikasi. Kapan lah mau berbenah. Gak mau sama ajaib?,True,124,19,2.5.93,4,Tidak,,,Sampel ulasan publik Play Store
32963b4c-2d43-4ac4-a523-949971928c44,2026-09-25 23:20:20,https://play.google.com/store/apps/details?id=com.trimegah.trima,ID,id,1,0.0,0.0,Negative,Keluhan Umum Aplikasi,2021-10-25 09:19:19,2021,User id saya lupa... Untuk menanyakan user generated id gimana caranya,User id saya lupa... Untuk menanyakan user generated id gimana caranya,True,70,11,Tidak Tercatat,0,Tidak,,,Sampel ulasan publik Play Store
85364331-deaa-490f-9aa2-5a2b89058f3c,2026-09-25 23:20:20,https://play.google.com/store/apps/details?id=com.trimegah.trima,ID,id,4,0.75,75.0,Positive,Stabilitas Sistem & Bug (Crash/Error),2021-09-29 10:04:46,2021,Baik. Kadang error dan tolong perkaya menu mobilenya,Baik. Kadang error dan tolong perkaya menu mobilenya,True,52,8,2.5.93,0,Tidak,,,Sampel ulasan publik Play Store
e5f5f55c-61f5-4812-bd29-fb744b88676f,2026-09-25 23:20:20,https://play.google.com/store/apps/details?id=com.trimegah.trima,ID,id,1,0.0,0.0,Negative,Transaksi & Portofolio Saham,2021-09-28 15:52:21,2021,Kok status RDN BRI masih offline. Kapan onlinenya,Kok status RDN BRI masih offline. Kapan onlinenya,True,49,8,2.5.93,0,Tidak,,,Sampel ulasan publik Play Store
0947cd2d-0360-43ea-b751-03544a7e9256,2026-09-25 23:20:20,https://play.google.com/store/apps/details?id=com.trimegah.trima,ID,id,5,1.0,100.0,Positive,Apresiasi Umum & Kepuasan,2021-09-17 11:23:01,2021,Ok,Ok,True,2,1,2.5.93,0,Tidak,,,Sampel ulasan publik Play Store
25df9927-9743-40f0-b686-fef03a6c7095,2026-09-25 23:20:20,https://play.google.com/store/apps/details?id=com.trimegah.trima,ID,id,1,0.0,0.0,Negative,Transaksi & Portofolio Saham,2021-09-16 11:43:38,2021,"Saya merasa tdk menggunakan buying power tetapi tercacat menggunakan, akun saya jd terkena suspend. padahal ditiap pembelian saya selalu menggunakan allcash. Payah sekali. tolong dikoreksi lagi atau diperbaiki sistemnya. merugikan trader!","Saya merasa tdk menggunakan buying power tetapi tercacat menggunakan, akun saya jd terkena suspend. padahal ditiap pembelian saya selalu menggunakan allcash. Payah sekali. tolong dikoreksi lagi atau diperbaiki sistemnya. merugikan trader!",True,238,31,2.5.93,1,Tidak,,,Sampel ulasan publik Play Store
cfa47bfb-8a6c-49d8-80f7-7204ea9f3831,2026-09-25 23:20:20,https://play.google.com/store/apps/details?id=com.trimegah.trima,ID,id,5,1.0,100.0,Positive,UI/UX & Performa (Loading/Navigasi),2021-09-02 08:42:36,2021,TOP begete dah. Tampilan 👍 Eksekusi 👍 Rekomendasi 😉👍 Semoga kedepannya ada tambahan menu² lainnya yg mensuport trading. 💙,TOP begete dah. Tampilan 👍 Eksekusi 👍 Rekomendasi 😉👍 Semoga kedepannya ada tambahan menu² lainnya yg mensuport trading. 💙,True,121,19,Tidak Tercatat,0,Tidak,,,Sampel ulasan publik Play Store
6fac2b04-0544-4a3a-b1e4-961e36388d53,2026-09-25 23:20:20,https://play.google.com/store/apps/details?id=com.trimegah.trima,ID,id,4,0.75,75.0,Positive,Transaksi & Portofolio Saham,2021-09-01 20:45:28,2021,Aplikasi bagus untuk jual beli saham,Aplikasi bagus untuk jual beli saham,True,36,6,2.5.93,1,Tidak,,,Sampel ulasan publik Play Store
2939b345-382b-4e33-8aa5-d875db5add1e,2026-09-25 23:20:20,https://play.google.com/store/apps/details?id=com.trimegah.trima,ID,id,1,0.0,0.0,Negative,UI/UX & Performa (Loading/Navigasi),2021-08-31 09:14:31,2021,Aplikasi lemott.. sangat TIDAK saya remondendasi untuk trading!!! Perbaiki servermu boss..,Aplikasi lemott.. sangat TIDAK saya remondendasi untuk trading!!! Perbaiki servermu boss..,True,90,11,2.5.93,2,Tidak,,,Sampel ulasan publik Play Store
b650c551-0298-4cc4-8a4f-baaca712a102,2026-09-25 23:20:20,https://play.google.com/store/apps/details?id=com.trimegah.trima,ID,id,1,0.0,0.0,Negative,UI/UX & Performa (Loading/Navigasi),2021-08-19 13:12:18,2021,Respon sales sangatlah lambat,Respon sales sangatlah lambat,True,29,4,2.5.92,0,Tidak,,,Sampel ulasan publik Play Store
ecfecc62-838a-4881-9047-6a1da3476b51,2026-09-25 23:20:20,https://play.google.com/store/apps/details?id=com.trimegah.trima,ID,id,1,0.0,0.0,Negative,Keluhan Umum Aplikasi,2021-08-12 10:53:02,2021,Sering bermasalah,Sering bermasalah,True,17,2,2.5.92,0,Tidak,,,Sampel ulasan publik Play Store
fba30a11-625b-47d5-9aec-2a7c0cc4f060,2026-09-25 23:20:20,https://play.google.com/store/apps/details?id=com.trimegah.trima,ID,id,1,0.0,0.0,Negative,UI/UX & Performa (Loading/Navigasi),2021-08-08 00:00:21,2021,Aplikasi lemot tolong dong perbaiki,Aplikasi lemot tolong dong perbaiki,True,35,5,2.5.92,0,Tidak,,,Sampel ulasan publik Play Store
176eea56-c560-4ef1-a260-42ef3fd5bcc5,2026-09-25 23:20:20,https://play.google.com/store/apps/details?id=com.trimegah.trima,ID,id,4,0.75,75.0,Positive,Apresiasi Umum & Kepuasan,2021-07-23 15:52:42,2021,"Trading dengan Aplikasi trima cukup puas, dan untuk kekurangannya agar dapat terus maintenance agar lebih baik","Trading dengan Aplikasi trima cukup puas, dan untuk kekurangannya agar dapat terus maintenance agar lebih baik",True,110,16,2.5.92,1,Tidak,,,Sampel ulasan publik Play Store
5fe1401f-5e63-4d0f-80a1-2e98dd4986b9,2026-09-25 23:20:20,https://play.google.com/store/apps/details?id=com.trimegah.trima,ID,id,1,0.0,0.0,Negative,Registrasi & Onboarding (KYC),2021-07-15 15:55:06,2021,Blm 100% online daftar nya karena hrs kirim dokumen lg tidak seperti sekuritas lain,Blm 100% online daftar nya karena hrs kirim dokumen lg tidak seperti sekuritas lain,True,83,14,2.5.92,0,Tidak,,,Sampel ulasan publik Play Store
b7624564-b09a-4041-ba2e-a2e5a940abbc,2026-09-25 23:20:20,https://play.google.com/store/apps/details?id=com.trimegah.trima,ID,id,4,0.75,75.0,Positive,Stabilitas Sistem & Bug (Crash/Error),2021-07-06 22:36:33,2021,"Aplikasi cukup baik, namun sesekali waktu terjadi gangguan pada bugs. Terus perbaiki layanan agar Trima Selalu Dihati investor.","Aplikasi cukup baik, namun sesekali waktu terjadi gangguan pada bugs. Terus perbaiki layanan agar Trima Selalu Dihati investor.",True,127,18,2.5.92,0,Tidak,,,Sampel ulasan publik Play Store
87a4b277-de89-4a13-af83-c087b9a15dbc,2026-09-25 23:20:20,https://play.google.com/store/apps/details?id=com.trimegah.trima,ID,id,1,0.0,0.0,Negative,Keluhan Umum Aplikasi,2021-07-06 06:19:29,2021,Dari kemarin gak bisa dibuka. Kenapa ini..??,Dari kemarin gak bisa dibuka. Kenapa ini..??,True,44,7,Tidak Tercatat,0,Tidak,,,Sampel ulasan publik Play Store
980dacca-0886-4e50-b050-6e2407de9e24,2026-09-25 23:20:20,https://play.google.com/store/apps/details?id=com.trimegah.trima,ID,id,1,0.0,0.0,Negative,Login & Autentikasi,2021-07-05 21:27:32,2021,Kenapa susah sekali login...hari ini malah gak bisa login sama sekali...,Kenapa susah sekali login...hari ini malah gak bisa login sama sekali...,True,72,11,2.5.91,0,Tidak,,,Sampel ulasan publik Play Store
525a1b5c-23ed-41fa-a83c-123eb50e3e0f,2026-09-25 23:20:20,https://play.google.com/store/apps/details?id=com.trimegah.trima,ID,id,3,0.5,50.0,Neutral,Login & Autentikasi,2021-07-05 21:24:58,2021,Sering error.... ☹️ Saat error dan tidak bisa login tidak ada pemberihuan sama sekali. Tapi Aplikasinya siple dan mudah digunakan.,Sering error.... ☹️ Saat error dan tidak bisa login tidak ada pemberihuan sama sekali. Tapi Aplikasinya siple dan mudah digunakan.,True,130,20,2.5.91,1,Tidak,,,Sampel ulasan publik Play Store
58173144-6258-4cab-814b-eb0ac13ad1c0,2026-09-25 23:20:20,https://play.google.com/store/apps/details?id=com.trimegah.trima,ID,id,1,0.0,0.0,Negative,Stabilitas Sistem & Bug (Crash/Error),2021-07-05 21:19:56,2021,Aplikasinya sering error,Aplikasinya sering error,True,24,3,2.5.91,0,Tidak,,,Sampel ulasan publik Play Store
db383621-ea41-4cba-b61d-678777a2f281,2026-09-25 23:20:20,https://play.google.com/store/apps/details?id=com.trimegah.trima,ID,id,2,0.25,25.0,Negative,Login & Autentikasi,2021-07-05 20:20:42,2021,hari ini 05 Juli 2021 saya sama sekali tidak bisa login ke aplikasi trima. (failed submit request to server),hari ini 05 Juli 2021 saya sama sekali tidak bisa login ke aplikasi trima. (failed submit request to server),True,108,19,Tidak Tercatat,0,Tidak,,,Sampel ulasan publik Play Store
410c5c76-e4ff-457e-8f60-3715fdd4afb5,2026-09-25 23:20:20,https://play.google.com/store/apps/details?id=com.trimegah.trima,ID,id,1,0.0,0.0,Negative,Login & Autentikasi,2021-07-05 19:19:11,2021,"Applikasi payah bikin rugi trading saja..mau login ga bisa , sebelum-sebelumnya lemot sekali applikasinya / server nya padahal sinyal Wifi kenceng, sinyal Simcard juga.. Team IT nya tidur apa, lama handling problem nya ?","Applikasi payah bikin rugi trading saja..mau login ga bisa , sebelum-sebelumnya lemot sekali applikasinya / server nya padahal sinyal Wifi kenceng, sinyal Simcard juga.. Team IT nya tidur apa, lama handling problem nya ?",True,220,34,Tidak Tercatat,2,Tidak,,,Sampel ulasan publik Play Store
4964c5ec-7519-4ac6-9f39-f3867dccae85,2026-09-25 23:20:20,https://play.google.com/store/apps/details?id=com.trimegah.trima,ID,id,1,0.0,0.0,Negative,Transaksi & Portofolio Saham,2021-07-05 17:47:09,2021,Sampah aplikasi makin lemot. Keseringan nulis padsword jd telat jual beli. Hr ini malah aplikasi gabisa dibuka terus. Mau tutup aplikasinya aja nanti kalo saham gw dah pada cuan,Sampah aplikasi makin lemot. Keseringan nulis padsword jd telat jual beli. Hr ini malah aplikasi gabisa dibuka terus. Mau tutup aplikasinya aja nanti kalo saham gw dah pada cuan,True,177,29,2.5.91,10,Tidak,,,Sampel ulasan publik Play Store
9c9e0b82-026e-4566-a352-4a45cd94922d,2026-09-25 23:20:20,https://play.google.com/store/apps/details?id=com.trimegah.trima,ID,id,3,0.5,50.0,Neutral,Login & Autentikasi,2021-07-05 17:44:59,2021,Ayo kak. Semangat. Biar aplikasinya makin lancar jaya dan banyak yg pindah kesini.,Ayo kak. Semangat. Biar aplikasinya makin lancar jaya dan banyak yg pindah kesini.,True,82,13,2.5.91,0,Tidak,,,Sampel ulasan publik Play Store
531ee8a5-e90a-4df2-b694-38bdbf0368e9,2026-09-25 23:20:20,https://play.google.com/store/apps/details?id=com.trimegah.trima,ID,id,3,0.5,50.0,Neutral,Login & Autentikasi,2021-07-05 16:33:44,2021,Kenapa tidakbisa login seharian sudah email k CS tidak ada respon.,Kenapa tidakbisa login seharian sudah email k CS tidak ada respon.,True,66,11,2.5.91,0,Tidak,,,Sampel ulasan publik Play Store
62009f0a-2dc8-40ef-9bd2-3387614b22df,2026-09-25 23:20:20,https://play.google.com/store/apps/details?id=com.trimegah.trima,ID,id,4,0.75,75.0,Positive,Fitur Analisis & Data Pasar,2021-07-05 14:28:33,2021,Oke.. agar terus d sempurnakan fitur aplikasinya..,Oke.. agar terus d sempurnakan fitur aplikasinya..,True,50,7,2.5.91,0,Tidak,,,Sampel ulasan publik Play Store
315c260f-645a-40c6-9f46-a874b1e88fbe,2026-09-25 23:20:20,https://play.google.com/store/apps/details?id=com.trimegah.trima,ID,id,1,0.0,0.0,Negative,Login & Autentikasi,2021-07-05 13:54:35,2021,Kenapa dari tadi pagi tidak bisa login ?,Kenapa dari tadi pagi tidak bisa login ?,True,40,8,Tidak Tercatat,0,Tidak,,,Sampel ulasan publik Play Store
38618fce-b64b-45f7-9089-e7edb6cbaf54,2026-09-25 23:20:20,https://play.google.com/store/apps/details?id=com.trimegah.trima,ID,id,1,0.0,0.0,Negative,Stabilitas Sistem & Bug (Crash/Error),2021-07-05 13:29:11,2021,Error mulu,Error mulu,True,10,2,2.5.91,0,Tidak,,,Sampel ulasan publik Play Store
8b2b5f45-4164-4969-bd4c-bb52ac118884,2026-09-25 23:20:20,https://play.google.com/store/apps/details?id=com.trimegah.trima,ID,id,2,0.25,25.0,Negative,Login & Autentikasi,2021-07-05 12:35:14,2021,Trimegah hari ini kenapa ko ngga bisa login,Trimegah hari ini kenapa ko ngga bisa login,True,43,8,2.5.91,0,Tidak,,,Sampel ulasan publik Play Store
506f08b5-b68d-43b9-b662-a895342098b7,2026-09-25 23:20:20,https://play.google.com/store/apps/details?id=com.trimegah.trima,ID,id,1,0.0,0.0,Negative,Login & Autentikasi,2021-07-05 12:21:23,2021,Kok g bisa login,Kok g bisa login,True,16,4,Tidak Tercatat,0,Tidak,,,Sampel ulasan publik Play Store
3401928d-fa4f-4378-b1cf-2bf2e4eb4681,2026-09-25 23:20:20,https://play.google.com/store/apps/details?id=com.trimegah.trima,ID,id,2,0.25,25.0,Negative,Login & Autentikasi,2021-07-05 12:05:07,2021,koneksi tidak stabil...sering gagal masuk,koneksi tidak stabil...sering gagal masuk,True,41,5,2.5.91,0,Tidak,,,Sampel ulasan publik Play Store
8637aa97-5b2c-4467-98f9-8e8f11117a94,2026-09-25 23:20:20,https://play.google.com/store/apps/details?id=com.trimegah.trima,ID,id,4,0.75,75.0,Positive,Apresiasi Umum & Kepuasan,2021-07-05 11:50:07,2021,Memuaskan,Memuaskan,True,9,1,2.5.91,0,Tidak,,,Sampel ulasan publik Play Store
3c4125b9-f9b0-456e-982e-c198f4821c98,2026-09-25 23:20:20,https://play.google.com/store/apps/details?id=com.trimegah.trima,ID,id,1,0.0,0.0,Negative,Customer Service & Layanan,2021-07-05 11:48:19,2021,"Parah emg, jam trading 2 hari ini bermasalah trs, dari dulu ngga ad perbaikan apa ya pdhl rate trading msh lbh mahal dbanding sekuritas lain. Walah ini udah 1jam 41 mnt sjk market buka kok msh blm bisa log ini haha. Rugi financial 😔😔😔😔 Ini perusaahn lockdown kali ya, website ngga bisa dbuka, aplikasi sama iya, call center di call ngga ada angkat, Ngga ad info apapun maintenance ato apapun, 1kantor gw ngga ada yg bisa log ini.","Parah emg, jam trading 2 hari ini bermasalah trs, dari dulu ngga ad perbaikan apa ya pdhl rate trading msh lbh mahal dbanding sekuritas lain. Walah ini udah 1jam 41 mnt sjk market buka kok msh blm bisa log ini haha. Rugi financial 😔😔😔😔 Ini perusaahn lockdown kali ya, website ngga bisa dbuka, aplikasi sama iya, call center di call ngga ada angkat, Ngga ad info apapun maintenance ato apapun, 1kantor gw ngga ada yg bisa log ini.",True,429,78,2.5.91,16,Ya,"Jika terdapat kendala dalam menggunakan aplikasi Trima, dapat Anda sampaikan ke customer service kami di +62 21 2924 9000 atau email ke callcenter@trimegah.com. Terima kasih",2020-12-29 14:00:33,Sampel ulasan publik Play Store
82088b40-e936-4ae2-9c3a-12c6f3dba289,2026-09-25 23:20:20,https://play.google.com/store/apps/details?id=com.trimegah.trima,ID,id,5,1.0,100.0,Positive,Login & Autentikasi,2021-07-05 11:14:20,2021,Mhn info hari ini kok bisa login,Mhn info hari ini kok bisa login,True,32,7,Tidak Tercatat,0,Tidak,,,Sampel ulasan publik Play Store
a66caa2f-623a-4200-b85d-d4e7564a062b,2026-09-25 23:20:20,https://play.google.com/store/apps/details?id=com.trimegah.trima,ID,id,1,0.0,0.0,Negative,Login & Autentikasi,2021-07-05 11:03:04,2021,Sering gagal. Login,Sering gagal. Login,True,19,3,2.5.91,0,Tidak,,,Sampel ulasan publik Play Store
967a2eb7-64cd-4ac5-9232-27f0efd64c0d,2026-09-25 23:20:20,https://play.google.com/store/apps/details?id=com.trimegah.trima,ID,id,2,0.25,25.0,Negative,UI/UX & Performa (Loading/Navigasi),2021-07-05 10:59:05,2021,Jalur utk pengaduan atau complain via call atau chatting ke admin kurang jelas menu nya..lambat aplikasinya.. masih burukbkondisi Juli 2021,Jalur utk pengaduan atau complain via call atau chatting ke admin kurang jelas menu nya..lambat aplikasinya.. masih burukbkondisi Juli 2021,True,139,20,2.5.91,1,Ya,"Jika terdapat kendala dalam menggunakan aplikasi Trima, dapat Anda sampaikan ke customer service kami di +62 21 2924 9000 atau email ke callcenter@trimegah.com. Terima kasih",2020-09-23 16:46:33,Sampel ulasan publik Play Store
8f0bce49-8fc9-4b97-b4c5-414e136ffa02,2026-09-25 23:20:20,https://play.google.com/store/apps/details?id=com.trimegah.trima,ID,id,1,0.0,0.0,Negative,Customer Service & Layanan,2021-07-05 10:57:43,2021,"Trimegah saat waktunya trading malah, maintenance, apes","Trimegah saat waktunya trading malah, maintenance, apes",True,55,7,2.5.91,0,Tidak,,,Sampel ulasan publik Play Store
eacb62a6-d16c-4a7b-a8d9-df1ebd1d0daf,2026-09-25 23:20:20,https://play.google.com/store/apps/details?id=com.trimegah.trima,ID,id,1,0.0,0.0,Negative,Login & Autentikasi,2021-07-05 10:20:48,2021,Kenapa habis update malah gak bisa login...tolong diperbaiki!!!,Kenapa habis update malah gak bisa login...tolong diperbaiki!!!,True,63,8,2.5.91,0,Ya,"Jika terdapat kendala dalam menggunakan aplikasi Trima, dapat Anda sampaikan ke customer service kami di +62 21 2924 9000 atau email ke callcenter@trimegah.com. Terima kasih",2020-12-29 14:00:45,Sampel ulasan publik Play Store
93e3272e-665b-4f70-a20c-e087ec9c649c,2026-09-25 23:20:20,https://play.google.com/store/apps/details?id=com.trimegah.trima,ID,id,1,0.0,0.0,Negative,Keluhan Umum Aplikasi,2021-07-05 09:43:09,2021,Parah gangguan nya,Parah gangguan nya,True,18,3,2.5.91,1,Tidak,,,Sampel ulasan publik Play Store
9fc70483-abd6-482e-ab43-81481ba3288e,2026-09-25 23:20:20,https://play.google.com/store/apps/details?id=com.trimegah.trima,ID,id,1,0.0,0.0,Negative,Stabilitas Sistem & Bug (Crash/Error),2021-07-05 09:28:10,2021,Hari ini aplikasinya error...,Hari ini aplikasinya error...,True,29,4,Tidak Tercatat,0,Tidak,,,Sampel ulasan publik Play Store
743a3a94-7932-444a-85dc-6b7d6cac9219,2026-09-25 23:20:20,https://play.google.com/store/apps/details?id=com.trimegah.trima,ID,id,4,0.75,75.0,Positive,Apresiasi Umum & Kepuasan,2021-07-05 09:00:22,2021,Mudah dan cepat,Mudah dan cepat,True,15,3,2.5.91,0,Tidak,,,Sampel ulasan publik Play Store
0d3c923c-b0b2-45a4-8f6b-3585a1f6a1d5,2026-09-25 23:20:20,https://play.google.com/store/apps/details?id=com.trimegah.trima,ID,id,1,0.0,0.0,Negative,Keluhan Umum Aplikasi,2021-07-05 08:58:30,2021,Aplikasi gak bisa dibuka..,Aplikasi gak bisa dibuka..,True,26,4,2.5.91,0,Tidak,,,Sampel ulasan publik Play Store
cdc5dacc-8ab6-4bca-8395-3c87ea98bb77,2026-09-25 23:20:20,https://play.google.com/store/apps/details?id=com.trimegah.trima,ID,id,1,0.0,0.0,Negative,Login & Autentikasi,2021-07-05 07:00:46,2021,Apalah ini pagi2 ga bisa login.. failed submit request to server... wth,Apalah ini pagi2 ga bisa login.. failed submit request to server... wth,True,71,12,2.5.91,0,Tidak,,,Sampel ulasan publik Play Store
acb7f51b-04b7-4f71-93b2-7c2678729494,2026-09-25 23:20:20,https://play.google.com/store/apps/details?id=com.trimegah.trima,ID,id,4,0.75,75.0,Positive,Apresiasi Umum & Kepuasan,2021-07-03 12:52:40,2021,App mudah dan simple utk digunakan..salam cuan😁,App mudah dan simple utk digunakan..salam cuan😁,True,47,7,2.5.91,0,Tidak,,,Sampel ulasan publik Play Store
70441274-1309-4d76-958e-0c4c2986d383,2026-09-25 23:20:20,https://play.google.com/store/apps/details?id=com.trimegah.trima,ID,id,5,1.0,100.0,Positive,Apresiasi Umum & Kepuasan,2021-06-30 05:46:52,2021,"Sejauh ini semua berjalan aman"" aja...","Sejauh ini semua berjalan aman"" aja...",True,38,6,2.5.91,0,Tidak,,,Sampel ulasan publik Play Store
0343992a-d362-435e-837a-5329e90f7477,2026-09-25 23:20:20,https://play.google.com/store/apps/details?id=com.trimegah.trima,ID,id,4,0.75,75.0,Positive,UI/UX & Performa (Loading/Navigasi),2021-06-21 10:13:20,2021,Maaf tampilannya bikin pusing,Maaf tampilannya bikin pusing,True,29,4,2.5.9,0,Tidak,,,Sampel ulasan publik Play Store
59c3909a-fe19-4231-9733-a97702a115f8,2026-09-25 23:20:20,https://play.google.com/store/apps/details?id=com.trimegah.trima,ID,id,3,0.5,50.0,Neutral,Transaksi & Portofolio Saham,2021-06-16 09:17:47,2021,"Aplikasi sering error reconecting terus, suka not responding dan waktu order buy/sell sering gagal tapi ternyata berhasil ordernya, tolong diperbaiki segera karena sangat mengganggu","Aplikasi sering error reconecting terus, suka not responding dan waktu order buy/sell sering gagal tapi ternyata berhasil ordernya, tolong diperbaiki segera karena sangat mengganggu",True,181,24,2.5.9,12,Tidak,,,Sampel ulasan publik Play Store
8b84db3f-1cfd-46da-9182-2d24d2cf7a68,2026-09-25 23:20:20,https://play.google.com/store/apps/details?id=com.trimegah.trima,ID,id,5,1.0,100.0,Positive,Transaksi & Portofolio Saham,2021-06-11 18:07:54,2021,"Tolong ditambahkan fitur auto order biar bisa set trailing stop, atau pun cutlos supaya bisa trading lebih nyaman. Kalau untuk trading kurang nyaman kalau tidak ada fitur auto order","Tolong ditambahkan fitur auto order biar bisa set trailing stop, atau pun cutlos supaya bisa trading lebih nyaman. Kalau untuk trading kurang nyaman kalau tidak ada fitur auto order",True,181,29,2.5.9,5,Tidak,,,Sampel ulasan publik Play Store
1aaba91d-b8c1-46ca-a490-a5ad705930c1,2026-09-25 23:20:20,https://play.google.com/store/apps/details?id=com.trimegah.trima,ID,id,2,0.25,25.0,Negative,Transaksi & Portofolio Saham,2021-06-11 08:52:23,2021,"Aplikasinya sekarang kenapa makin lemot ya.. ?? Tolong dong di upgrade. Karena mau set harga jual/beli/ammend loading dulu, buka chart apalagi lama nya..","Aplikasinya sekarang kenapa makin lemot ya.. ?? Tolong dong di upgrade. Karena mau set harga jual/beli/ammend loading dulu, buka chart apalagi lama nya..",True,153,23,2.5.9,16,Tidak,,,Sampel ulasan publik Play Store
2667e359-1637-49d3-b1d5-8d4b4c50b0a4,2026-09-25 23:20:20,https://play.google.com/store/apps/details?id=com.trimegah.trima,ID,id,1,0.0,0.0,Negative,Keluhan Umum Aplikasi,2021-05-31 08:49:20,2021,Sering leg,Sering leg,True,10,2,2.5.0,1,Tidak,,,Sampel ulasan publik Play Store
5d366a9c-d93c-4756-a322-ffd0607f7c5f,2026-09-25 23:20:20,https://play.google.com/store/apps/details?id=com.trimegah.trima,ID,id,3,0.5,50.0,Neutral,UI/UX & Performa (Loading/Navigasi),2021-05-28 00:45:56,2021,"kenapa menu cancel hanya ada di versi dekstop, di app nya gak bisa cancel, bintang 5 kalo ini sudah di update","kenapa menu cancel hanya ada di versi dekstop, di app nya gak bisa cancel, bintang 5 kalo ini sudah di update",True,109,21,2.5.9,1,Tidak,,,Sampel ulasan publik Play Store
8acd921c-3618-4cac-9a27-44de9a49f0b1,2026-09-25 23:20:20,https://play.google.com/store/apps/details?id=com.trimegah.trima,ID,id,5,1.0,100.0,Positive,Apresiasi Umum & Kepuasan,2021-05-22 09:45:36,2021,Meski biayanya tidak murah...tapi penggunaanya mudah dan selalu cuan tiap hari..,Meski biayanya tidak murah...tapi penggunaanya mudah dan selalu cuan tiap hari..,True,80,11,2.5.9,1,Tidak,,,Sampel ulasan publik Play Store
b52aeb99-14f1-4140-a268-5f47142ccc13,2026-09-25 23:20:20,https://play.google.com/store/apps/details?id=com.trimegah.trima,ID,id,5,1.0,100.0,Positive,Apresiasi Umum & Kepuasan,2021-05-18 20:36:35,2021,Mantab,Mantab,True,6,1,2.5.9,0,Tidak,,,Sampel ulasan publik Play Store
d1f5a0bc-efb5-4b8e-8f6c-e295c7b96f61,2026-09-25 23:20:20,https://play.google.com/store/apps/details?id=com.trimegah.trima,ID,id,5,1.0,100.0,Positive,UI/UX & Performa (Loading/Navigasi),2021-05-06 18:32:50,2021,"Simpel dan cepat, kapan update pengembangannya nie...","Simpel dan cepat, kapan update pengembangannya nie...",True,53,7,2.5.9,0,Tidak,,,Sampel ulasan publik Play Store
9a959b5c-b04d-4965-8040-99ac44d53f5d,2026-09-25 23:20:20,https://play.google.com/store/apps/details?id=com.trimegah.trima,ID,id,1,0.0,0.0,Negative,Keluhan Umum Aplikasi,2021-05-05 17:52:03,2021,"Register g bisa bisa, step ke 2 g bisa lanjut Mau pake gimana, mikir.","Register g bisa bisa, step ke 2 g bisa lanjut Mau pake gimana, mikir.",True,69,14,2.5.9,6,Tidak,,,Sampel ulasan publik Play Store
efadbd18-e439-4059-ad9a-e3985d333d9d,2026-09-25 23:20:20,https://play.google.com/store/apps/details?id=com.trimegah.trima,ID,id,3,0.5,50.0,Neutral,Fitur Analisis & Data Pasar,2021-04-27 11:04:11,2021,Knp kabar di news tidak bisa dibuka lagi?,Knp kabar di news tidak bisa dibuka lagi?,True,41,8,2.5.7,0,Tidak,,,Sampel ulasan publik Play Store
44e03a04-0f14-4224-a011-4e010605ce1f,2026-09-25 23:20:20,https://play.google.com/store/apps/details?id=com.trimegah.trima,ID,id,5,1.0,100.0,Positive,Apresiasi Umum & Kepuasan,2021-04-14 13:10:50,2021,Top,Top,True,3,1,Tidak Tercatat,0,Tidak,,,Sampel ulasan publik Play Store
6d48d877-b7ef-4473-999e-3abf67c96781,2026-09-25 23:20:20,https://play.google.com/store/apps/details?id=com.trimegah.trima,ID,id,5,1.0,100.0,Positive,Apresiasi Umum & Kepuasan,2021-04-11 17:58:26,2021,Ok,Ok,True,2,1,2.5.8,0,Tidak,,,Sampel ulasan publik Play Store
d02af6a5-1803-4db3-80d7-72593ed12d81,2026-09-25 23:20:20,https://play.google.com/store/apps/details?id=com.trimegah.trima,ID,id,1,0.0,0.0,Negative,Transaksi & Portofolio Saham,2021-03-30 17:58:20,2021,"Trimegah bintang 1 saja dulu deh kl sy sy udah bisa regis ntar bintanya 5 tolong regisnya jangan berbelit2 sy jadinya gagal, regis step 1 berhasil step 2 muter2 balik lg padahal sudah di isi lengkap sy mengg apl reku praktis mudah tolong trimgh jangan di persilit regisnya tks","Trimegah bintang 1 saja dulu deh kl sy sy udah bisa regis ntar bintanya 5 tolong regisnya jangan berbelit2 sy jadinya gagal, regis step 1 berhasil step 2 muter2 balik lg padahal sudah di isi lengkap sy mengg apl reku praktis mudah tolong trimgh jangan di persilit regisnya tks",True,276,49,2.5.8,3,Tidak,,,Sampel ulasan publik Play Store
746d3703-adc5-4c73-a0b5-73eb0817b13c,2026-09-25 23:20:20,https://play.google.com/store/apps/details?id=com.trimegah.trima,ID,id,3,0.5,50.0,Neutral,Registrasi & Onboarding (KYC),2021-03-22 19:53:32,2021,"Registrasi stagnan di tahap 2 aja, padahal. Data diri udh diisi sesuai. Kenapa ya??","Registrasi stagnan di tahap 2 aja, padahal. Data diri udh diisi sesuai. Kenapa ya??",True,83,14,2.5.8,8,Tidak,,,Sampel ulasan publik Play Store
1279cba0-88e5-480d-a0ff-2d55b573e7a4,2026-09-25 23:20:20,https://play.google.com/store/apps/details?id=com.trimegah.trima,ID,id,3,0.5,50.0,Neutral,UI/UX & Performa (Loading/Navigasi),2021-03-17 19:37:15,2021,"Tolong tambahkan menu broker summary, karena tidak ada & sangat dibutuhkan","Tolong tambahkan menu broker summary, karena tidak ada & sangat dibutuhkan",True,74,11,2.5.8,0,Tidak,,,Sampel ulasan publik Play Store
35781be8-3b9f-4ac3-b4c1-318913b7ceb2,2026-09-25 23:20:20,https://play.google.com/store/apps/details?id=com.trimegah.trima,ID,id,1,0.0,0.0,Negative,Keluhan Umum Aplikasi,2021-03-17 09:04:24,2021,Niat bgt maintenance di jam pembukaan. Trima itu bintang satu,Niat bgt maintenance di jam pembukaan. Trima itu bintang satu,True,61,10,Tidak Tercatat,0,Tidak,,,Sampel ulasan publik Play Store
181fdb28-04fc-4996-b992-f9ec96ac7027,2026-09-25 23:20:20,https://play.google.com/store/apps/details?id=com.trimegah.trima,ID,id,1,0.0,0.0,Negative,Keluhan Umum Aplikasi,2021-03-17 09:00:12,2021,hari ini tgl 17 maret 2021 aplikasi eror pes jam pembukaan,hari ini tgl 17 maret 2021 aplikasi eror pes jam pembukaan,True,58,11,2.5.8,0,Tidak,,,Sampel ulasan publik Play Store
a690d7eb-a731-4827-a2cf-bfeb4084f3d7,2026-09-25 23:20:20,https://play.google.com/store/apps/details?id=com.trimegah.trima,ID,id,1,0.0,0.0,Negative,Transaksi & Portofolio Saham,2021-03-12 10:10:27,2021,cara membatalkan jual atau beli saham di trimegah gimanana ya? kalo di jawab di tambah bintang :D,cara membatalkan jual atau beli saham di trimegah gimanana ya? kalo di jawab di tambah bintang :D,True,97,17,2.5.5,0,Tidak,,,Sampel ulasan publik Play Store
e3dbc2bc-07e4-4712-bbf1-75c5eaa6078c,2026-09-25 23:20:20,https://play.google.com/store/apps/details?id=com.trimegah.trima,ID,id,3,0.5,50.0,Neutral,Login & Autentikasi,2021-03-12 07:59:49,2021,"Masih suka lag, kadang sulit login apalagi ketika pk 09.00 atau malah DC.. tolong diperbaiki. Saran, fitur yang memudahkan nya kalo bisa ditambah seperti pengelompokan emiten2 yang berpotensi bullish/bearish pada perdagangan hari esok.","Masih suka lag, kadang sulit login apalagi ketika pk 09.00 atau malah DC.. tolong diperbaiki. Saran, fitur yang memudahkan nya kalo bisa ditambah seperti pengelompokan emiten2 yang berpotensi bullish/bearish pada perdagangan hari esok.",True,235,33,2.5.8,10,Tidak,,,Sampel ulasan publik Play Store
c05eb044-a2ac-4836-b3ad-eb9423bdde0c,2026-09-25 23:20:20,https://play.google.com/store/apps/details?id=com.trimegah.trima,ID,id,5,1.0,100.0,Positive,Apresiasi Umum & Kepuasan,2021-03-11 09:13:05,2021,Ok,Ok,True,2,1,Tidak Tercatat,0,Tidak,,,Sampel ulasan publik Play Store
54a62360-ebc0-4632-981a-18bd169847eb,2026-09-25 23:20:20,https://play.google.com/store/apps/details?id=com.trimegah.trima,ID,id,2,0.25,25.0,Negative,UI/UX & Performa (Loading/Navigasi),2021-03-10 18:23:17,2021,"Semenjak telah dilakukan update pada aplikasi, menu trima ideal susah terbuka... Versi sebelumnya sangat bagus","Semenjak telah dilakukan update pada aplikasi, menu trima ideal susah terbuka... Versi sebelumnya sangat bagus",True,110,15,2.5.8,3,Tidak,,,Sampel ulasan publik Play Store
7cc562d9-48a3-466e-954e-8e180a342c84,2026-09-25 23:20:20,https://play.google.com/store/apps/details?id=com.trimegah.trima,ID,id,1,0.0,0.0,Negative,Keluhan Umum Aplikasi,2021-03-09 21:50:32,2021,"No recomended Server lalod, mutar mutar gak jelas","No recomended Server lalod, mutar mutar gak jelas",True,49,8,2.5.8,0,Tidak,,,Sampel ulasan publik Play Store
5a960117-d06a-40d5-bb3d-00fd3f28fd99,2026-09-25 23:20:20,https://play.google.com/store/apps/details?id=com.trimegah.trima,ID,id,5,1.0,100.0,Positive,Apresiasi Umum & Kepuasan,2021-03-04 09:25:38,2021,Mantappp ok,Mantappp ok,True,11,2,2.5.7,0,Tidak,,,Sampel ulasan publik Play Store
b2f90e16-c2bf-4a91-917f-5fd1bbc2f557,2026-09-25 23:20:20,https://play.google.com/store/apps/details?id=com.trimegah.trima,ID,id,5,1.0,100.0,Positive,Login & Autentikasi,2021-03-04 08:22:58,2021,"Bagus, fast respon, transfer rdn langsung masuk","Bagus, fast respon, transfer rdn langsung masuk",True,47,7,2.5.8,0,Tidak,,,Sampel ulasan publik Play Store
ed3e41c0-ce21-4158-8116-e4fb9b5e4bd2,2026-09-25 23:20:20,https://play.google.com/store/apps/details?id=com.trimegah.trima,ID,id,5,1.0,100.0,Positive,Apresiasi Umum & Kepuasan,2021-03-03 18:19:01,2021,Sgt bermanfaat dan Menguntungkan,Sgt bermanfaat dan Menguntungkan,True,32,4,2.5.5,0,Tidak,,,Sampel ulasan publik Play Store
32b8c131-1b4d-44ef-8ef6-561a79f75eb3,2026-09-25 23:20:20,https://play.google.com/store/apps/details?id=com.trimegah.trima,ID,id,5,1.0,100.0,Positive,Apresiasi Umum & Kepuasan,2021-02-26 08:53:51,2021,Mantaps,Mantaps,True,7,1,2.5.7,0,Tidak,,,Sampel ulasan publik Play Store
86ac63fd-59cc-4bf9-a7fd-0484b563fa67,2026-09-25 23:20:20,https://play.google.com/store/apps/details?id=com.trimegah.trima,ID,id,1,0.0,0.0,Negative,Registrasi & Onboarding (KYC),2021-02-21 15:08:31,2021,"Buat aplikasi kok ngga bisa buat registrasi, percuma pak","Buat aplikasi kok ngga bisa buat registrasi, percuma pak",True,56,9,2.5.5,0,Tidak,,,Sampel ulasan publik Play Store
8323f90c-6357-4772-b147-095c0b323a53,2026-09-25 23:20:20,https://play.google.com/store/apps/details?id=com.trimegah.trima,ID,id,5,1.0,100.0,Positive,UI/UX & Performa (Loading/Navigasi),2021-02-19 08:51:46,2021,semua sudah baik :)ok lah bagus tidak ribet,semua sudah baik :)ok lah bagus tidak ribet,True,43,8,2.5.5,0,Tidak,,,Sampel ulasan publik Play Store
1fadcece-a0ea-4f6d-b0b1-66c7eb3e6fc2,2026-09-25 23:20:20,https://play.google.com/store/apps/details?id=com.trimegah.trima,ID,id,1,0.0,0.0,Negative,Keluhan Umum Aplikasi,2021-02-14 09:25:45,2021,User id is not found lol user id tiba2 tidak ditemukan bisa2 raib saldo didalam,User id is not found lol user id tiba2 tidak ditemukan bisa2 raib saldo didalam,True,79,15,2.5.6,0,Tidak,,,Sampel ulasan publik Play Store
4750115f-9a2d-4b92-96e9-2422a3475aa6,2026-09-25 23:20:20,https://play.google.com/store/apps/details?id=com.trimegah.trima,ID,id,5,1.0,100.0,Positive,Apresiasi Umum & Kepuasan,2021-02-14 01:01:34,2021,Mudah digunakan selama ini lancar2 aja,Mudah digunakan selama ini lancar2 aja,True,38,6,2.5.5,0,Tidak,,,Sampel ulasan publik Play Store
1ab0c29d-2f09-4fd5-81fb-e7398365e276,2026-09-25 23:20:20,https://play.google.com/store/apps/details?id=com.trimegah.trima,ID,id,4,0.75,75.0,Positive,Fitur Analisis & Data Pasar,2021-02-05 11:12:19,2021,TOLONG DI TAMBAHKAN FITUR STOP LOSS,TOLONG DI TAMBAHKAN FITUR STOP LOSS,True,35,6,2.5.5,0,Tidak,,,Sampel ulasan publik Play Store
4ac80461-9756-45fa-b9e2-af79308b9140,2026-09-25 23:20:20,https://play.google.com/store/apps/details?id=com.trimegah.trima,ID,id,2,0.25,25.0,Negative,Registrasi & Onboarding (KYC),2021-02-05 08:42:52,2021,Kenapa ga bisa registrasi?,Kenapa ga bisa registrasi?,True,26,4,2.5.5,0,Tidak,,,Sampel ulasan publik Play Store
4c760fee-75d2-4554-9674-d54ee68ab12f,2026-09-25 23:20:20,https://play.google.com/store/apps/details?id=com.trimegah.trima,ID,id,2,0.25,25.0,Negative,Transaksi & Portofolio Saham,2021-02-01 18:16:08,2021,Tolong tambahkan fitur gain dan lost-nya. Serta history pembelian atau penjualan.,Tolong tambahkan fitur gain dan lost-nya. Serta history pembelian atau penjualan.,True,81,11,2.5.5,0,Ya,"Jika terdapat kendala dalam menggunakan aplikasi Trima, dapat Anda sampaikan ke customer service kami di +62 21 2924 9000 atau email ke callcenter@trimegah.com. Terima kasih",2020-11-05 20:08:46,Sampel ulasan publik Play Store
2a1fa5ef-e942-4f6f-9351-3c1b30ec1ef0,2026-09-25 23:20:20,https://play.google.com/store/apps/details?id=com.trimegah.trima,ID,id,5,1.0,100.0,Positive,Apresiasi Umum & Kepuasan,2021-02-01 11:15:13,2021,Top,Top,True,3,1,2.5.5,0,Tidak,,,Sampel ulasan publik Play Store
a313b964-3134-4e19-9053-2e883cc75afb,2026-09-25 23:20:20,https://play.google.com/store/apps/details?id=com.trimegah.trima,ID,id,5,1.0,100.0,Positive,Apresiasi Umum & Kepuasan,2021-01-31 19:04:35,2021,Keren aplikasinya,Keren aplikasinya,True,17,2,2.5.5,0,Tidak,,,Sampel ulasan publik Play Store
4dac353d-6fc9-4b33-a496-9c4213c44ded,2026-09-25 23:20:20,https://play.google.com/store/apps/details?id=com.trimegah.trima,ID,id,5,1.0,100.0,Positive,UI/UX & Performa (Loading/Navigasi),2021-01-29 22:22:56,2021,Sy baru kenal saham 4 bulanan...... Tri megah tampilannya bagus.... Jarang gangguan dan topp..... 😍😍😍😍,Sy baru kenal saham 4 bulanan...... Tri megah tampilannya bagus.... Jarang gangguan dan topp..... 😍😍😍😍,True,102,15,2.5.5,0,Tidak,,,Sampel ulasan publik Play Store
6e5b6ee0-e1fe-4637-b655-9b075691450f,2026-09-25 23:20:20,https://play.google.com/store/apps/details?id=com.trimegah.trima,ID,id,2,0.25,25.0,Negative,Keluhan Umum Aplikasi,2021-01-22 12:57:10,2021,Tidak real time online,Tidak real time online,True,22,4,2.5.5,0,Tidak,,,Sampel ulasan publik Play Store
33066eaf-8179-43bc-912f-265224b60a46,2026-09-25 23:20:20,https://play.google.com/store/apps/details?id=com.trimegah.trima,ID,id,2,0.25,25.0,Negative,Transaksi & Portofolio Saham,2021-01-20 14:22:38,2021,"Sudah lama pakai trimegah, awalnya untuk invest reksadana, okelah kalau untuk reksadana trimegah paling top tp kalau untuk trading saham buat saya cukup sampai disini. Gausah dijelasin yang sudah pake pasti udah ngerti.","Sudah lama pakai trimegah, awalnya untuk invest reksadana, okelah kalau untuk reksadana trimegah paling top tp kalau untuk trading saham buat saya cukup sampai disini. Gausah dijelasin yang sudah pake pasti udah ngerti.",True,219,33,2.5.5,3,Tidak,,,Sampel ulasan publik Play Store
b3000b4e-4671-4e19-bfb9-d530576338bd,2026-09-25 23:20:20,https://play.google.com/store/apps/details?id=com.trimegah.trima,ID,id,5,1.0,100.0,Positive,Apresiasi Umum & Kepuasan,2021-01-19 20:00:05,2021,Bagaimana caranya mendapatkan username pada aplikasi TRIMA.. Mohon petunjuk.. Terimakasih,Bagaimana caranya mendapatkan username pada aplikasi TRIMA.. Mohon petunjuk.. Terimakasih,True,89,10,2.5.5,2,Tidak,,,Sampel ulasan publik Play Store
1caa9ae5-914d-442f-b26d-ef7d320b4b65,2026-09-25 23:20:20,https://play.google.com/store/apps/details?id=com.trimegah.trima,ID,id,3,0.5,50.0,Neutral,Login & Autentikasi,2021-01-17 10:08:22,2021,"Selama ini saya menggunakan trima baik baik saja.. hanya seminggu terakhir ini, kadang saat transaksi sedang ramai.. 3 hari terakhir sering error.. saat masukan pin, tidak bisa masuk.. padahal pin sudah benar tetep tidak bisa masuk.... sampai kadang ketinggalam moment saat mau jual","Selama ini saya menggunakan trima baik baik saja.. hanya seminggu terakhir ini, kadang saat transaksi sedang ramai.. 3 hari terakhir sering error.. saat masukan pin, tidak bisa masuk.. padahal pin sudah benar tetep tidak bisa masuk.... sampai kadang ketinggalam moment saat mau jual",True,282,43,2.5.5,25,Tidak,,,Sampel ulasan publik Play Store
66e94f23-6607-47b9-b464-ca4ac3979109,2026-09-25 23:20:20,https://play.google.com/store/apps/details?id=com.trimegah.trima,ID,id,1,0.0,0.0,Negative,Login & Autentikasi,2021-01-15 12:50:39,2021,Call senter susah di hubungi. Dana blm masuk masuk. Via email blm ada blsan terus tlpn cabang sma pusat susah di hubungi semua. Yg mesyinya bisa untuk malah buntung klo gini. Yg mustinya bisa transaksi malah g bisa gra gra saldonya blm nambah di cash available jdi g bisa transaksi.,Call senter susah di hubungi. Dana blm masuk masuk. Via email blm ada blsan terus tlpn cabang sma pusat susah di hubungi semua. Yg mesyinya bisa untuk malah buntung klo gini. Yg mustinya bisa transaksi malah g bisa gra gra saldonya blm nambah di cash available jdi g bisa transaksi.,True,282,50,2.5.5,11,Tidak,,,Sampel ulasan publik Play Store
8d9e2e74-d80b-4660-a04a-4e27b09fabfb,2026-09-25 23:20:20,https://play.google.com/store/apps/details?id=com.trimegah.trima,ID,id,1,0.0,0.0,Negative,Keluhan Umum Aplikasi,2021-01-15 11:28:58,2021,"Sering lag, muter-muter pas lagi trade ga bisa dibuka, malahan ketinggalan kereta dan akhirnya jadi lost","Sering lag, muter-muter pas lagi trade ga bisa dibuka, malahan ketinggalan kereta dan akhirnya jadi lost",True,104,16,2.5.5,1,Tidak,,,Sampel ulasan publik Play Store
fe019a23-8fa1-43f6-9036-ebf4fb0e9ea2,2026-09-25 23:20:20,https://play.google.com/store/apps/details?id=com.trimegah.trima,ID,id,1,0.0,0.0,Negative,Keluhan Umum Aplikasi,2021-01-15 10:50:53,2021,Jelek amat... sangat merugikan,Jelek amat... sangat merugikan,True,30,4,2.5.5,0,Tidak,,,Sampel ulasan publik Play Store
126794aa-6e7a-4338-bad4-08c83bc3fda3,2026-09-25 23:20:20,https://play.google.com/store/apps/details?id=com.trimegah.trima,ID,id,2,0.25,25.0,Negative,Keluhan Umum Aplikasi,2021-01-15 10:08:06,2021,Apk nya lelet,Apk nya lelet,True,13,3,2.5.5,0,Tidak,,,Sampel ulasan publik Play Store
5c22d812-9dc2-4f77-9c91-6324228fbbbc,2026-09-25 23:20:20,https://play.google.com/store/apps/details?id=com.trimegah.trima,ID,id,1,0.0,0.0,Negative,Keluhan Umum Aplikasi,2021-01-15 10:01:52,2021,Aplikasi bgussssss,Aplikasi bgussssss,True,18,2,2.5.5,0,Tidak,,,Sampel ulasan publik Play Store
3ce0e397-56db-4c00-bfca-1fe4418d3899,2026-09-25 23:20:20,https://play.google.com/store/apps/details?id=com.trimegah.trima,ID,id,1,0.0,0.0,Negative,Keluhan Umum Aplikasi,2021-01-15 09:55:03,2021,Terlalu sering eror.. not recomended..,Terlalu sering eror.. not recomended..,True,38,5,2.5.5,0,Tidak,,,Sampel ulasan publik Play Store
f1300845-b789-4219-8240-30564d2c14f9,2026-09-25 23:20:20,https://play.google.com/store/apps/details?id=com.trimegah.trima,ID,id,1,0.0,0.0,Negative,Stabilitas Sistem & Bug (Crash/Error),2021-01-15 09:02:03,2021,Jelek bgt aplikasinya.. lemot dan sering error.. merugikan kita investor,Jelek bgt aplikasinya.. lemot dan sering error.. merugikan kita investor,True,72,10,2.5.5,2,Tidak,,,Sampel ulasan publik Play Store
90891c1d-6075-4b97-b5e3-f49a6c53745b,2026-09-25 23:20:20,https://play.google.com/store/apps/details?id=com.trimegah.trima,ID,id,3,0.5,50.0,Neutral,Customer Service & Layanan,2021-01-14 13:36:48,2021,Daftar masih harus print dan kirim lewat pos? Tempel2 meterai? Ini tahun 2021 bukan 1991... auto uninstall..,Daftar masih harus print dan kirim lewat pos? Tempel2 meterai? Ini tahun 2021 bukan 1991... auto uninstall..,True,108,17,Tidak Tercatat,0,Tidak,,,Sampel ulasan publik Play Store
2aab8195-dd6b-4e22-9d63-d2870d33c0ab,2026-09-25 23:20:20,https://play.google.com/store/apps/details?id=com.trimegah.trima,ID,id,5,1.0,100.0,Positive,Stabilitas Sistem & Bug (Crash/Error),2021-01-13 16:22:52,2021,"Saya kasih bintang lima,karna fast respon,walaupun aplikasinya sering error, tapi kedepannya mudah-mudahan bisa lebih baik lagi","Saya kasih bintang lima,karna fast respon,walaupun aplikasinya sering error, tapi kedepannya mudah-mudahan bisa lebih baik lagi",True,127,16,2.5.5,0,Tidak,,,Sampel ulasan publik Play Store
59b59b91-d252-4ac2-9078-962b17c8fb24,2026-09-25 23:20:20,https://play.google.com/store/apps/details?id=com.trimegah.trima,ID,id,1,0.0,0.0,Negative,Keluhan Umum Aplikasi,2021-01-13 12:27:40,2021,Dari step 1 hingga step 3 mudah banget tapi buat naik ke tahapan selanjutnya tidak bisa ada apa gerangaj,Dari step 1 hingga step 3 mudah banget tapi buat naik ke tahapan selanjutnya tidak bisa ada apa gerangaj,True,104,19,2.5.5,1,Tidak,,,Sampel ulasan publik Play Store
83d1609c-234f-4d77-b201-fab503f6530b,2026-09-25 23:20:20,https://play.google.com/store/apps/details?id=com.trimegah.trima,ID,id,1,0.0,0.0,Negative,Login & Autentikasi,2021-01-12 14:50:30,2021,"TIDAK RECOMMENDED, SERING ERROR, PINDAH APLIKASI LAIN, BYE BYE","TIDAK RECOMMENDED, SERING ERROR, PINDAH APLIKASI LAIN, BYE BYE",True,62,9,2.5.5,2,Ya,"Jika terdapat kendala dalam menggunakan aplikasi Trima, dapat Anda sampaikan ke customer service kami di +62 21 2924 9000 atau email ke callcenter@trimegah.com. Terima kasih",2020-08-29 16:40:32,Sampel ulasan publik Play Store
8fc84599-6815-4f1d-bfe3-bc7ab6866e31,2026-09-25 23:20:20,https://play.google.com/store/apps/details?id=com.trimegah.trima,ID,id,1,0.0,0.0,Negative,UI/UX & Performa (Loading/Navigasi),2021-01-12 09:18:52,2021,Pas lagi ramai2nya ttansaksi malah lemot...payahhh,Pas lagi ramai2nya ttansaksi malah lemot...payahhh,True,50,6,2.5.5,0,Tidak,,,Sampel ulasan publik Play Store
e66b9351-bbc0-45d6-9e97-cd1153b8fd95,2026-09-25 23:20:20,https://play.google.com/store/apps/details?id=com.trimegah.trima,ID,id,1,0.0,0.0,Negative,Keluhan Umum Aplikasi,2021-01-12 09:18:24,2021,Aplikasi lemoooott banget.. muter muter terus ga bisa diajak kerjasama,Aplikasi lemoooott banget.. muter muter terus ga bisa diajak kerjasama,True,70,10,2.5.5,0,Tidak,,,Sampel ulasan publik Play Store
2d7088d7-80f8-4e62-b793-1f4c772a05ef,2026-09-25 23:20:20,https://play.google.com/store/apps/details?id=com.trimegah.trima,ID,id,1,0.0,0.0,Negative,Keluhan Umum Aplikasi,2021-01-11 18:07:02,2021,Hadoh... Buka my profil aja muter2 gak bukak2,Hadoh... Buka my profil aja muter2 gak bukak2,True,45,8,2.5.5,0,Tidak,,,Sampel ulasan publik Play Store
e4dfaa2a-f31f-46bf-b0e2-c9850bdff74a,2026-09-25 23:20:20,https://play.google.com/store/apps/details?id=com.trimegah.trima,ID,id,5,1.0,100.0,Positive,Apresiasi Umum & Kepuasan,2021-01-08 21:22:25,2021,Mantap!!,Mantap!!,True,8,1,Tidak Tercatat,0,Tidak,,,Sampel ulasan publik Play Store
dddac7f6-da31-48d5-a101-0319d13798bd,2026-09-25 23:20:20,https://play.google.com/store/apps/details?id=com.trimegah.trima,ID,id,1,0.0,0.0,Negative,Keluhan Umum Aplikasi,2021-01-08 12:56:59,2021,Kenapa ketika sy mau buy saham kok tinggal open trus gk done..malah ujung ujungnya dicancel.mhon informasi pihak trimegah..trmksh,Kenapa ketika sy mau buy saham kok tinggal open trus gk done..malah ujung ujungnya dicancel.mhon informasi pihak trimegah..trmksh,True,129,18,2.5.5,0,Tidak,,,Sampel ulasan publik Play Store
f0702330-148c-4796-95f1-ee75a7c326b2,2026-09-25 23:20:20,https://play.google.com/store/apps/details?id=com.trimegah.trima,ID,id,5,1.0,100.0,Positive,Transaksi & Portofolio Saham,2021-01-08 10:12:05,2021,"Terima kasih atas semua edukasi & solusi yg di hadirkan. Sebagai orang awam, disinilah saya bisa mengawali belajar mengenal sektor pasar modal & sekarang sudah ada hasilnya, sudah ada yg kasih kenaikan sampai 207% di salah satu emiten portofolionya 🙏 . Tetap beri kemudahan untuk semua mitra , sukses selalu .","Terima kasih atas semua edukasi & solusi yg di hadirkan. Sebagai orang awam, disinilah saya bisa mengawali belajar mengenal sektor pasar modal & sekarang sudah ada hasilnya, sudah ada yg kasih kenaikan sampai 207% di salah satu emiten portofolionya 🙏 . Tetap beri kemudahan untuk semua mitra , sukses selalu .",True,309,51,2.5.4,3,Tidak,,,Sampel ulasan publik Play Store
1b2e6014-cbe2-463a-8218-0a2a52578e36,2026-09-25 23:20:20,https://play.google.com/store/apps/details?id=com.trimegah.trima,ID,id,5,1.0,100.0,Positive,Apresiasi Umum & Kepuasan,2021-01-08 05:51:02,2021,Good,Good,True,4,1,2.5.5,0,Tidak,,,Sampel ulasan publik Play Store
c4cdac65-6681-4c9b-93d0-52ed1c75960f,2026-09-25 23:20:20,https://play.google.com/store/apps/details?id=com.trimegah.trima,ID,id,4,0.75,75.0,Positive,Apresiasi Umum & Kepuasan,2021-01-07 16:52:49,2021,Saya mau melakukan inves di sekuritas terbaik,Saya mau melakukan inves di sekuritas terbaik,True,45,7,2.5.5,0,Tidak,,,Sampel ulasan publik Play Store
9ac85b78-d836-4e1b-8a64-620bc6068b75,2026-09-25 23:20:20,https://play.google.com/store/apps/details?id=com.trimegah.trima,ID,id,5,1.0,100.0,Positive,Apresiasi Umum & Kepuasan,2021-01-03 10:23:23,2021,Bagus aplikasi nya gampang digunakan oleh pemula seperti saya,Bagus aplikasi nya gampang digunakan oleh pemula seperti saya,True,61,9,2.5.5,0,Tidak,,,Sampel ulasan publik Play Store
4e208bcd-075b-40c7-8004-e6b95f31a982,2026-09-25 23:20:20,https://play.google.com/store/apps/details?id=com.trimegah.trima,ID,id,3,0.5,50.0,Neutral,UI/UX & Performa (Loading/Navigasi),2021-01-02 06:44:54,2021,Payah..mutar mutar thok.. mau dapat profit malah loss... servernya lemah .. open market mutar mutar ..sesi2 mutar mutar...mau closing mutar mutar Makasih .. skrg sudah oke .tanpa ada kendala ..anti lemot Tapi mohon utk segera ditambah fitur utk pengaman trading karena fitur stop loss / trailing stop belum ada .. sangat riskan karena aturan batasan ARBnya lebih besar di th 2021ini. Makasih.,Payah..mutar mutar thok.. mau dapat profit malah loss... servernya lemah .. open market mutar mutar ..sesi2 mutar mutar...mau closing mutar mutar Makasih .. skrg sudah oke .tanpa ada kendala ..anti lemot Tapi mohon utk segera ditambah fitur utk pengaman trading karena fitur stop loss / trailing stop belum ada .. sangat riskan karena aturan batasan ARBnya lebih besar di th 2021ini. Makasih.,True,392,62,2.5.5,8,Ya,"Jika terdapat kendala dalam menggunakan aplikasi Trima, dapat Anda sampaikan ke customer service kami di +62 21 2924 9000 atau email ke callcenter@trimegah.com. Terima kasih",2020-12-29 13:59:48,Sampel ulasan publik Play Store
7e328184-9ef2-49bf-9d35-99f49bbd89ce,2026-09-25 23:20:20,https://play.google.com/store/apps/details?id=com.trimegah.trima,ID,id,1,0.0,0.0,Negative,Transaksi & Portofolio Saham,2020-12-28 14:31:15,2020,"Call center trima dihubungi tidak pernah diangkat, pelayanan tidak memuaskan kami.kami hub u pencairan dana kami tapi tidak digubris-gubris.mksh","Call center trima dihubungi tidak pernah diangkat, pelayanan tidak memuaskan kami.kami hub u pencairan dana kami tapi tidak digubris-gubris.mksh",True,144,19,2.5.5,0,Ya,"Jika terdapat kendala dalam menggunakan aplikasi Trima, dapat Anda sampaikan ke customer service kami di +62 21 2924 9000 atau email ke callcenter@trimegah.com. Terima kasih",2020-12-29 13:59:14,Sampel ulasan publik Play Store
777113da-d174-4432-b39e-e6ab6ae672b8,2026-09-25 23:20:20,https://play.google.com/store/apps/details?id=com.trimegah.trima,ID,id,1,0.0,0.0,Negative,Login & Autentikasi,2020-12-25 14:54:59,2020,"Ini gimana sih saya penarikan online tgl 24 Desember 2020 jam 10.31 pagi, ada keterangan akan ditransfer ke rekening simpanan keesokan harinya tapi sampai hari ini tgl 25 Desember 2020 dana tidak ada masuk ke rekening simpanan saya... Di telp call center nya sibuk dan di alihkan, di Email tak ada jawaban.. Ini gimana? Dana nya kemana.. Tolong konfirmasinya... Terima kasih","Ini gimana sih saya penarikan online tgl 24 Desember 2020 jam 10.31 pagi, ada keterangan akan ditransfer ke rekening simpanan keesokan harinya tapi sampai hari ini tgl 25 Desember 2020 dana tidak ada masuk ke rekening simpanan saya... Di telp call center nya sibuk dan di alihkan, di Email tak ada jawaban.. Ini gimana? Dana nya kemana.. Tolong konfirmasinya... Terima kasih",True,374,61,2.5.2,7,Ya,"Jika terdapat kendala dalam menggunakan aplikasi Trima, dapat Anda sampaikan ke customer service kami di +62 21 2924 9000 atau email ke callcenter@trimegah.com. Terima kasih",2020-12-29 13:59:03,Sampel ulasan publik Play Store
162629fb-1b0c-444c-a0a7-75603cb921d2,2026-09-25 23:20:20,https://play.google.com/store/apps/details?id=com.trimegah.trima,ID,id,5,1.0,100.0,Positive,Apresiasi Umum & Kepuasan,2020-12-22 09:47:21,2020,Bagus dan bermanfaat,Bagus dan bermanfaat,True,20,3,Tidak Tercatat,0,Tidak,,,Sampel ulasan publik Play Store
dc0e727c-c357-4832-b5b4-521bc9bed34b,2026-09-25 23:20:20,https://play.google.com/store/apps/details?id=com.trimegah.trima,ID,id,1,0.0,0.0,Negative,Login & Autentikasi,2020-12-22 05:40:08,2020,Sering ngak bisa masuk dan lambat,Sering ngak bisa masuk dan lambat,True,33,6,2.5.5,0,Ya,"Jika terdapat kendala dalam menggunakan aplikasi Trima, dapat Anda sampaikan ke customer service kami di +62 21 2924 9000 atau email ke callcenter@trimegah.com. Terima kasih",2020-12-29 13:58:57,Sampel ulasan publik Play Store
d81edaeb-feee-4ef8-aaea-d68a82ffdf8f,2026-09-25 23:20:20,https://play.google.com/store/apps/details?id=com.trimegah.trima,ID,id,2,0.25,25.0,Negative,Login & Autentikasi,2020-12-19 01:22:15,2020,"Pengisian rek RDN lama, q penarikan dana jam 11 harus nya kan masuk ke esokan hari ny tapi smp esok hari nya pun dana g masuk ke rekening bank. Trus kmn dong larinya? Call center ssh sekali ditelp jrg bisa nyambung, email jg blsannya lama n g ada solusi nya. Srg delay jg aplikasinya","Pengisian rek RDN lama, q penarikan dana jam 11 harus nya kan masuk ke esokan hari ny tapi smp esok hari nya pun dana g masuk ke rekening bank. Trus kmn dong larinya? Call center ssh sekali ditelp jrg bisa nyambung, email jg blsannya lama n g ada solusi nya. Srg delay jg aplikasinya",True,283,54,2.5.4,4,Ya,"Jika terdapat kendala dalam menggunakan aplikasi Trima, dapat Anda sampaikan ke customer service kami di +62 21 2924 9000 atau email ke callcenter@trimegah.com. Terima kasih",2020-12-29 13:58:44,Sampel ulasan publik Play Store
eb44ed9a-2be9-4c0e-a00c-3afe38db411f,2026-09-25 23:20:20,https://play.google.com/store/apps/details?id=com.trimegah.trima,ID,id,5,1.0,100.0,Positive,Apresiasi Umum & Kepuasan,2020-12-18 20:15:57,2020,Good Job..,Good Job..,True,10,2,Tidak Tercatat,0,Tidak,,,Sampel ulasan publik Play Store
726c06dd-e772-49ee-b4f2-5deaceaf44f9,2026-09-25 23:20:20,https://play.google.com/store/apps/details?id=com.trimegah.trima,ID,id,1,0.0,0.0,Negative,Login & Autentikasi,2020-12-18 14:09:35,2020,"Kalau aplikasinya belum selesai dimaintenance mohon jgn di jalankan dulu, ini dijalankan pada saat proses trade malah gk bisa, yg cl malah gk bisa akses, yg tadinya mau reject pembelian, malah ke beli krn gk bisa masuk, terus kerugian ditanggung siapa kalau begini, mohon juga servernya agar diperbaiki ketika pengguna bertambah tapi muatannya gk sesuai ya gini, macet jadinya!","Kalau aplikasinya belum selesai dimaintenance mohon jgn di jalankan dulu, ini dijalankan pada saat proses trade malah gk bisa, yg cl malah gk bisa akses, yg tadinya mau reject pembelian, malah ke beli krn gk bisa masuk, terus kerugian ditanggung siapa kalau begini, mohon juga servernya agar diperbaiki ketika pengguna bertambah tapi muatannya gk sesuai ya gini, macet jadinya!",True,377,59,2.5.4,9,Ya,"Jika terdapat kendala dalam menggunakan aplikasi Trima, dapat Anda sampaikan ke customer service kami di +62 21 2924 9000 atau email ke callcenter@trimegah.com. Terima kasih",2020-12-29 13:59:32,Sampel ulasan publik Play Store
71acaf67-6c3b-43e6-af51-e94b6e6fdbfd,2026-09-25 23:20:20,https://play.google.com/store/apps/details?id=com.trimegah.trima,ID,id,1,0.0,0.0,Negative,Stabilitas Sistem & Bug (Crash/Error),2020-12-18 14:02:33,2020,Lemot. Sering error di Jam penting. Maintenance harusya jam libur.,Lemot. Sering error di Jam penting. Maintenance harusya jam libur.,True,66,10,2.5.4,2,Ya,"Jika terdapat kendala dalam menggunakan aplikasi Trima, dapat Anda sampaikan ke customer service kami di +62 21 2924 9000 atau email ke callcenter@trimegah.com. Terima kasih",2020-12-29 13:59:40,Sampel ulasan publik Play Store
8394873a-640e-44f6-8e95-6a71133b549c,2026-09-25 23:20:20,https://play.google.com/store/apps/details?id=com.trimegah.trima,ID,id,1,0.0,0.0,Negative,Transaksi & Portofolio Saham,2020-12-18 13:58:45,2020,"Mau jual jaringan sering lemot server, keburu turun baru kebuka","Mau jual jaringan sering lemot server, keburu turun baru kebuka",True,63,10,2.5.4,0,Ya,"Jika terdapat kendala dalam menggunakan aplikasi Trima, dapat Anda sampaikan ke customer service kami di +62 21 2924 9000 atau email ke callcenter@trimegah.com. Terima kasih",2020-12-29 13:59:44,Sampel ulasan publik Play Store
9825310e-0c6e-4f1b-a277-5cf72fcb72bd,2026-09-25 23:20:20,https://play.google.com/store/apps/details?id=com.trimegah.trima,ID,id,1,0.0,0.0,Negative,UI/UX & Performa (Loading/Navigasi),2020-12-18 13:58:19,2020,Dah kek sampah susah dibuka,Dah kek sampah susah dibuka,True,27,5,2.5.4,1,Ya,"Jika terdapat kendala dalam menggunakan aplikasi Trima, dapat Anda sampaikan ke customer service kami di +62 21 2924 9000 atau email ke callcenter@trimegah.com. Terima kasih",2020-12-29 13:59:52,Sampel ulasan publik Play Store
21f681a8-7e5a-42bf-b650-220cdb0974fe,2026-09-25 23:20:20,https://play.google.com/store/apps/details?id=com.trimegah.trima,ID,id,1,0.0,0.0,Negative,Login & Autentikasi,2020-12-18 13:54:30,2020,Sering gagal login,Sering gagal login,True,18,3,2.5.4,0,Ya,"Jika terdapat kendala dalam menggunakan aplikasi Trima, dapat Anda sampaikan ke customer service kami di +62 21 2924 9000 atau email ke callcenter@trimegah.com. Terima kasih",2020-12-29 13:59:56,Sampel ulasan publik Play Store
0ca27767-f7c1-42be-b70b-191d5d6ce579,2026-09-25 23:20:20,https://play.google.com/store/apps/details?id=com.trimegah.trima,ID,id,1,0.0,0.0,Negative,UI/UX & Performa (Loading/Navigasi),2020-12-18 12:12:52,2020,"Aplikasi lemot, bolak balik Ndak jelas. Ngurus uang banyak tapi, aplikasinya Ndak dimodalin. Udah seharian, masih aja bolak balik. Parah!!!","Aplikasi lemot, bolak balik Ndak jelas. Ngurus uang banyak tapi, aplikasinya Ndak dimodalin. Udah seharian, masih aja bolak balik. Parah!!!",True,139,20,2.5.4,2,Ya,"Jika terdapat kendala dalam menggunakan aplikasi Trima, dapat Anda sampaikan ke customer service kami di +62 21 2924 9000 atau email ke callcenter@trimegah.com. Terima kasih",2020-12-29 14:00:00,Sampel ulasan publik Play Store
7fae6bfd-0149-4fed-b22f-d331afdb6bc2,2026-09-25 23:20:20,https://play.google.com/store/apps/details?id=com.trimegah.trima,ID,id,1,0.0,0.0,Negative,Keluhan Umum Aplikasi,2020-12-18 09:54:56,2020,Suka eror di jam 09.00 sd 10.00,Suka eror di jam 09.00 sd 10.00,True,31,7,Tidak Tercatat,0,Ya,"Jika terdapat kendala dalam menggunakan aplikasi Trima, dapat Anda sampaikan ke customer service kami di +62 21 2924 9000 atau email ke callcenter@trimegah.com. Terima kasih",2020-12-29 14:00:04,Sampel ulasan publik Play Store
79886112-28be-4a51-b284-f58bd1240840,2026-09-25 23:20:20,https://play.google.com/store/apps/details?id=com.trimegah.trima,ID,id,2,0.25,25.0,Negative,Login & Autentikasi,2020-12-18 09:38:30,2020,Setelah update malah lemot sering logout sendiri dan login ulang susah masuk,Setelah update malah lemot sering logout sendiri dan login ulang susah masuk,True,76,12,2.5.4,1,Tidak,,,Sampel ulasan publik Play Store
199d50bd-c40d-45d6-a91b-b7cd6ef1e697,2026-09-25 23:20:20,https://play.google.com/store/apps/details?id=com.trimegah.trima,ID,id,1,0.0,0.0,Negative,Keluhan Umum Aplikasi,2020-12-18 09:36:45,2020,Gangguan Parah.,Gangguan Parah.,True,15,2,2.5.4,0,Ya,"Jika terdapat kendala dalam menggunakan aplikasi Trima, dapat Anda sampaikan ke customer service kami di +62 21 2924 9000 atau email ke callcenter@trimegah.com. Terima kasih",2020-12-29 14:00:23,Sampel ulasan publik Play Store
fbd0de43-65b0-4b42-adda-9975bad26ccf,2026-09-25 23:20:20,https://play.google.com/store/apps/details?id=com.trimegah.trima,ID,id,1,0.0,0.0,Negative,Keluhan Umum Aplikasi,2020-12-18 09:29:52,2020,"Sering gangguan, tolong perbaiki","Sering gangguan, tolong perbaiki",True,32,4,Tidak Tercatat,0,Ya,"Jika terdapat kendala dalam menggunakan aplikasi Trima, dapat Anda sampaikan ke customer service kami di +62 21 2924 9000 atau email ke callcenter@trimegah.com. Terima kasih",2020-12-29 14:00:36,Sampel ulasan publik Play Store
eabf13fd-2af9-4070-bcc8-138f97487274,2026-09-25 23:20:20,https://play.google.com/store/apps/details?id=com.trimegah.trima,ID,id,1,0.0,0.0,Negative,Stabilitas Sistem & Bug (Crash/Error),2020-12-18 09:23:58,2020,"aplikasi apa sering error, merugikan user.","aplikasi apa sering error, merugikan user.",True,42,6,2.5.4,0,Ya,"Jika terdapat kendala dalam menggunakan aplikasi Trima, dapat Anda sampaikan ke customer service kami di +62 21 2924 9000 atau email ke callcenter@trimegah.com. Terima kasih",2020-12-29 14:00:41,Sampel ulasan publik Play Store
d1b9cc69-0d79-4038-aa2f-a8bb9bf0b402,2026-09-25 23:20:20,https://play.google.com/store/apps/details?id=com.trimegah.trima,ID,id,3,0.5,50.0,Neutral,Login & Autentikasi,2020-12-17 14:55:23,2020,Sering error... ga bisa masuk kalo jam stngah 3ann... tolong diperbaikiiii jam2 kritis mau transaksiiii,Sering error... ga bisa masuk kalo jam stngah 3ann... tolong diperbaikiiii jam2 kritis mau transaksiiii,True,103,15,2.5.4,0,Ya,"Jika terdapat kendala dalam menggunakan aplikasi Trima, dapat Anda sampaikan ke customer service kami di +62 21 2924 9000 atau email ke callcenter@trimegah.com. Terima kasih",2020-12-29 14:00:57,Sampel ulasan publik Play Store
024397c3-cc89-460e-80c7-7431a6db0e51,2026-09-25 23:20:20,https://play.google.com/store/apps/details?id=com.trimegah.trima,ID,id,4,0.75,75.0,Positive,UI/UX & Performa (Loading/Navigasi),2020-12-17 03:01:29,2020,Aplikasinya suka lemot.. utk portfolionya hrs sering2 refresh. Kedepannya agar lbh di perbagus lg aplikasinya.,Aplikasinya suka lemot.. utk portfolionya hrs sering2 refresh. Kedepannya agar lbh di perbagus lg aplikasinya.,True,110,15,2.5.4,0,Ya,"Jika terdapat kendala dalam menggunakan aplikasi Trima, dapat Anda sampaikan ke customer service kami di +62 21 2924 9000 atau email ke callcenter@trimegah.com. Terima kasih",2020-12-29 14:01:08,Sampel ulasan publik Play Store
3a36e657-5028-4ed9-b9da-7a6dea73502b,2026-09-25 23:20:20,https://play.google.com/store/apps/details?id=com.trimegah.trima,ID,id,1,0.0,0.0,Negative,Stabilitas Sistem & Bug (Crash/Error),2020-12-16 15:16:07,2020,server sering error,server sering error,True,19,3,2.5.4,0,Ya,"Jika terdapat kendala dalam menggunakan aplikasi Trima, dapat Anda sampaikan ke customer service kami di +62 21 2924 9000 atau email ke callcenter@trimegah.com. Terima kasih",2020-12-29 14:01:22,Sampel ulasan publik Play Store
5e145fc6-86c2-4194-9c86-fd67f28c591b,2026-09-25 23:20:20,https://play.google.com/store/apps/details?id=com.trimegah.trima,ID,id,5,1.0,100.0,Positive,Apresiasi Umum & Kepuasan,2020-12-16 09:44:32,2020,Mohon saya mengajukan pembuatan account nya di batalkan. Krn kesalahan pemahaman...🙏🙏,Mohon saya mengajukan pembuatan account nya di batalkan. Krn kesalahan pemahaman...🙏🙏,True,85,11,Tidak Tercatat,0,Tidak,,,Sampel ulasan publik Play Store
66f9e3ac-9400-4f52-9c8d-66467fbbab2b,2026-09-25 23:20:20,https://play.google.com/store/apps/details?id=com.trimegah.trima,ID,id,5,1.0,100.0,Positive,Apresiasi Umum & Kepuasan,2020-12-15 17:54:14,2020,"Mantap... sy suka sekali TRIMEGAH, sudah lbih dr 2 tahun pake ini semua jadi mudah... rekomended untuk pemula","Mantap... sy suka sekali TRIMEGAH, sudah lbih dr 2 tahun pake ini semua jadi mudah... rekomended untuk pemula",True,109,18,2.5.4,1,Tidak,,,Sampel ulasan publik Play Store
f4388d05-b2fb-43f6-b3ff-0e1de8426a51,2026-09-25 23:20:20,https://play.google.com/store/apps/details?id=com.trimegah.trima,ID,id,5,1.0,100.0,Positive,Customer Service & Layanan,2020-12-15 17:53:02,2020,"Sudah lebih dr 2 tahun pake TRIMEGAH, semua jadi mudah. Cs d hub via email respon cepat...","Sudah lebih dr 2 tahun pake TRIMEGAH, semua jadi mudah. Cs d hub via email respon cepat...",True,90,17,Tidak Tercatat,0,Tidak,,,Sampel ulasan publik Play Store
9be77bf1-25e9-4777-811a-c770ffc59037,2026-09-25 23:20:20,https://play.google.com/store/apps/details?id=com.trimegah.trima,ID,id,5,1.0,100.0,Positive,Apresiasi Umum & Kepuasan,2020-12-14 11:00:06,2020,Mantap,Mantap,True,6,1,Tidak Tercatat,0,Tidak,,,Sampel ulasan publik Play Store
dc48cf6e-6ed7-4f14-974e-651723d04bf4,2026-09-25 23:20:20,https://play.google.com/store/apps/details?id=com.trimegah.trima,ID,id,1,0.0,0.0,Negative,Customer Service & Layanan,2020-12-12 21:22:17,2020,"Proses registrasi sulit. Bolak-balik ditempat. Mau urus uang banyak tapi kok aplikasinya segini ?. Kayak orang kurang modal bikin aplikasi. Aplikasi sangat sederhana. Ibarat warteg, porsinya cuma tempe dan kangkung 😂","Proses registrasi sulit. Bolak-balik ditempat. Mau urus uang banyak tapi kok aplikasinya segini ?. Kayak orang kurang modal bikin aplikasi. Aplikasi sangat sederhana. Ibarat warteg, porsinya cuma tempe dan kangkung 😂",True,216,31,2.5.4,16,Ya,"Jika terdapat kendala dalam menggunakan aplikasi Trima, dapat Anda sampaikan ke customer service kami di +62 21 2924 9000 atau email ke callcenter@trimegah.com. Terima kasih",2020-12-29 14:01:39,Sampel ulasan publik Play Store
71a1971a-761f-47ab-ac96-d3ca91f393c8,2026-09-25 23:20:20,https://play.google.com/store/apps/details?id=com.trimegah.trima,ID,id,2,0.25,25.0,Negative,Transaksi & Portofolio Saham,2020-12-11 13:15:20,2020,"Tiap Top up Saldo, kenapa ngupdatenya lama ke Rek RDN nya...","Tiap Top up Saldo, kenapa ngupdatenya lama ke Rek RDN nya...",True,60,11,2.5.4,0,Ya,"Jika terdapat kendala dalam menggunakan aplikasi Trima, dapat Anda sampaikan ke customer service kami di +62 21 2924 9000 atau email ke callcenter@trimegah.com. Terima kasih",2020-12-29 14:01:42,Sampel ulasan publik Play Store
0b1ccbc3-5e33-4b36-bbc9-ff2f8f1ff980,2026-09-25 23:20:20,https://play.google.com/store/apps/details?id=com.trimegah.trima,ID,id,5,1.0,100.0,Positive,Customer Service & Layanan,2020-12-11 13:14:37,2020,"Lumayan bagus, mudah di pahami, developer mgkn bisa di prtimbangkn untk nambah fasilitas cutloss dgn persentase, gampang buka ny, sesekali ga bisa d buka (walau jaringan bagus). Mgkn ssekali butuh mainten","Lumayan bagus, mudah di pahami, developer mgkn bisa di prtimbangkn untk nambah fasilitas cutloss dgn persentase, gampang buka ny, sesekali ga bisa d buka (walau jaringan bagus). Mgkn ssekali butuh mainten",True,204,31,2.5.4,7,Tidak,,,Sampel ulasan publik Play Store
7df9050e-a117-4e39-99a8-78c2e60ee8c8,2026-09-25 23:20:20,https://play.google.com/store/apps/details?id=com.trimegah.trima,ID,id,5,1.0,100.0,Positive,Apresiasi Umum & Kepuasan,2020-12-10 18:12:20,2020,Top,Top,True,3,1,2.5.4,0,Tidak,,,Sampel ulasan publik Play Store
252a2faf-d391-4f39-bebe-faa9d7ca2337,2026-09-25 23:20:20,https://play.google.com/store/apps/details?id=com.trimegah.trima,ID,id,5,1.0,100.0,Positive,Apresiasi Umum & Kepuasan,2020-12-10 15:27:32,2020,Good pisan,Good pisan,True,10,2,2.5.3,0,Tidak,,,Sampel ulasan publik Play Store
4470dbad-c03a-4a9b-8612-a7b665652b8b,2026-09-25 23:20:20,https://play.google.com/store/apps/details?id=com.trimegah.trima,ID,id,5,1.0,100.0,Positive,Apresiasi Umum & Kepuasan,2020-12-10 08:55:42,2020,Keren abis,Keren abis,True,10,2,2.5.4,0,Tidak,,,Sampel ulasan publik Play Store
6642e9ff-4815-4158-8375-c58c3bca62e4,2026-09-25 23:20:20,https://play.google.com/store/apps/details?id=com.trimegah.trima,ID,id,5,1.0,100.0,Positive,Apresiasi Umum & Kepuasan,2020-12-09 15:16:49,2020,"Sangat bagus, teknikal ok","Sangat bagus, teknikal ok",True,25,4,Tidak Tercatat,0,Tidak,,,Sampel ulasan publik Play Store
863cccda-ba54-447f-b002-bcf12bbd09c8,2026-09-25 23:20:20,https://play.google.com/store/apps/details?id=com.trimegah.trima,ID,id,5,1.0,100.0,Positive,Apresiasi Umum & Kepuasan,2020-12-08 09:47:51,2020,mantabbb,mantabbb,True,8,1,2.5.2,0,Tidak,,,Sampel ulasan publik Play Store
32314295-19c7-47fe-8eaa-aebf4bffe86d,2026-09-25 23:20:20,https://play.google.com/store/apps/details?id=com.trimegah.trima,ID,id,2,0.25,25.0,Negative,Login & Autentikasi,2020-12-07 23:06:21,2020,Susah login,Susah login,True,11,2,2.5.3,0,Ya,"Jika terdapat kendala dalam menggunakan aplikasi Trima, dapat Anda sampaikan ke customer service kami di +62 21 2924 9000 atau email ke callcenter@trimegah.com. Terima kasih",2020-12-09 07:29:58,Sampel ulasan publik Play Store
5955b99a-ac8d-4869-8759-538e71ec0b8f,2026-09-25 23:20:20,https://play.google.com/store/apps/details?id=com.trimegah.trima,ID,id,1,0.0,0.0,Negative,Keluhan Umum Aplikasi,2020-12-07 18:59:07,2020,Sgt buruk,Sgt buruk,True,9,2,2.5.2,0,Ya,"Jika terdapat kendala dalam menggunakan aplikasi Trima, dapat Anda sampaikan ke customer service kami di +62 21 2924 9000 atau email ke callcenter@trimegah.com. Terima kasih",2020-12-09 07:29:50,Sampel ulasan publik Play Store
14422653-f831-42b2-a6e8-b7b76bd7f6c2,2026-09-25 23:20:20,https://play.google.com/store/apps/details?id=com.trimegah.trima,ID,id,3,0.5,50.0,Neutral,UI/UX & Performa (Loading/Navigasi),2020-12-07 18:13:04,2020,Kok di update malah eror yah??,Kok di update malah eror yah??,True,30,6,2.5.3,0,Ya,"Jika terdapat kendala dalam menggunakan aplikasi Trima, dapat Anda sampaikan ke customer service kami di +62 21 2924 9000 atau email ke callcenter@trimegah.com. Terima kasih",2020-12-09 07:29:44,Sampel ulasan publik Play Store
bfe0a858-a328-48aa-801e-61d8177a8ef1,2026-09-25 23:20:20,https://play.google.com/store/apps/details?id=com.trimegah.trima,ID,id,5,1.0,100.0,Positive,Apresiasi Umum & Kepuasan,2020-12-07 15:23:26,2020,Mantabh tealtime,Mantabh tealtime,True,16,2,2.5.2,0,Ya,"Jika terdapat kendala dalam menggunakan aplikasi Trima, dapat Anda sampaikan ke customer service kami di +62 21 2924 9000 atau email ke callcenter@trimegah.com. Terima kasih",2020-12-09 07:29:22,Sampel ulasan publik Play Store
1ce6ef74-3d54-4e84-ba2e-d753823b9976,2026-09-25 23:20:20,https://play.google.com/store/apps/details?id=com.trimegah.trima,ID,id,5,1.0,100.0,Positive,Apresiasi Umum & Kepuasan,2020-12-07 04:54:45,2020,Mantap memudahkan investor pemula khususnya kyk atuy,Mantap memudahkan investor pemula khususnya kyk atuy,True,52,7,Tidak Tercatat,0,Tidak,,,Sampel ulasan publik Play Store
e7bfeebf-1665-4b24-a04e-b5f65e21b28b,2026-09-25 23:20:20,https://play.google.com/store/apps/details?id=com.trimegah.trima,ID,id,3,0.5,50.0,Neutral,Netral / Saran Umum,2020-12-03 21:35:56,2020,Lebih di perbaiki lagi. Karna kadang kalo pasar saham transaksi kilat suka sampe ngefreeze. Tdi yg harusnya TP gede ga bisa karna ngelag harganya ketinggalan kereta,Lebih di perbaiki lagi. Karna kadang kalo pasar saham transaksi kilat suka sampe ngefreeze. Tdi yg harusnya TP gede ga bisa karna ngelag harganya ketinggalan kereta,True,164,26,2.5.2,3,Ya,"Jika terdapat kendala dalam menggunakan aplikasi Trima, dapat Anda sampaikan ke customer service kami di +62 21 2924 9000 atau email ke callcenter@trimegah.com. Terima kasih",2020-12-04 16:32:39,Sampel ulasan publik Play Store
4cbaf3c3-85e4-4e28-98ad-da54481d5882,2026-09-25 23:20:20,https://play.google.com/store/apps/details?id=com.trimegah.trima,ID,id,2,0.25,25.0,Negative,Login & Autentikasi,2020-12-03 10:44:54,2020,Sulit untuk masuk ke aplikasi,Sulit untuk masuk ke aplikasi,True,29,5,2.5.2,1,Ya,"Jika terdapat kendala dalam menggunakan aplikasi Trima, dapat Anda sampaikan ke customer service kami di +62 21 2924 9000 atau email ke callcenter@trimegah.com. Terima kasih",2020-12-04 16:32:43,Sampel ulasan publik Play Store
dbc8a8f9-ef36-4c3d-a4a0-5c53d144cca5,2026-09-25 23:20:20,https://play.google.com/store/apps/details?id=com.trimegah.trima,ID,id,4,0.75,75.0,Positive,Apresiasi Umum & Kepuasan,2020-12-01 08:23:49,2020,Ok,Ok,True,2,1,Tidak Tercatat,0,Tidak,,,Sampel ulasan publik Play Store
f12616c6-0720-4239-a0fe-0129a9c8d4ec,2026-09-25 23:20:20,https://play.google.com/store/apps/details?id=com.trimegah.trima,ID,id,3,0.5,50.0,Neutral,Login & Autentikasi,2020-11-27 05:35:54,2020,"Tolong segera lengkapi dg Trailing stop dan Stop Loss...!! Makin di update ke versi 2.5.2 sering error, mo login suusaah bgt..TRIMA KEREEN...Htr nuhun","Tolong segera lengkapi dg Trailing stop dan Stop Loss...!! Makin di update ke versi 2.5.2 sering error, mo login suusaah bgt..TRIMA KEREEN...Htr nuhun",True,150,23,2.5.2,2,Ya,"Jika terdapat kendala dalam menggunakan aplikasi Trima, dapat Anda sampaikan ke customer service kami di +62 21 2924 9000 atau email ke callcenter@trimegah.com. Terima kasih",2020-12-04 16:33:14,Sampel ulasan publik Play Store
cc009702-f364-40f9-83b8-b70acbdff676,2026-09-25 23:20:20,https://play.google.com/store/apps/details?id=com.trimegah.trima,ID,id,2,0.25,25.0,Negative,Login & Autentikasi,2020-11-26 09:10:37,2020,Pengelola aplikasi Trima kurang serius terhadap pengalaman pelanggan dalam berinteraksi dengan aplikasinya. Terbukti kadang sangat sulit masuk ke aplikasi Trima padahal pengelolaan dana di Trima tidak kecil tp aplikasi ini selalu bermasalah.. Terlbih pada saat opening bell/ open market.. pasti lemot,Pengelola aplikasi Trima kurang serius terhadap pengalaman pelanggan dalam berinteraksi dengan aplikasinya. Terbukti kadang sangat sulit masuk ke aplikasi Trima padahal pengelolaan dana di Trima tidak kecil tp aplikasi ini selalu bermasalah.. Terlbih pada saat opening bell/ open market.. pasti lemot,True,300,41,2.5.2,6,Ya,"Jika terdapat kendala dalam menggunakan aplikasi Trima, dapat Anda sampaikan ke customer service kami di +62 21 2924 9000 atau email ke callcenter@trimegah.com. Terima kasih",2020-12-04 16:33:19,Sampel ulasan publik Play Store
e4588107-1ce0-4257-a972-3e4b9f768dec,2026-09-25 23:20:20,https://play.google.com/store/apps/details?id=com.trimegah.trima,ID,id,1,0.0,0.0,Negative,Stabilitas Sistem & Bug (Crash/Error),2020-11-25 04:36:46,2020,Mau daftar tidak bisa error trus hanya bisa sampai step 2..,Mau daftar tidak bisa error trus hanya bisa sampai step 2..,True,59,11,2.5.2,0,Ya,"Jika terdapat kendala dalam menggunakan aplikasi Trima, dapat Anda sampaikan ke customer service kami di +62 21 2924 9000 atau email ke callcenter@trimegah.com. Terima kasih",2020-12-04 16:34:35,Sampel ulasan publik Play Store
6a2b5766-3a91-4b70-8112-e5aefa5c3b99,2026-09-25 23:20:20,https://play.google.com/store/apps/details?id=com.trimegah.trima,ID,id,5,1.0,100.0,Positive,Apresiasi Umum & Kepuasan,2020-11-13 11:20:48,2020,Bagus.,Bagus.,True,6,1,2.5.2,0,Tidak,,,Sampel ulasan publik Play Store
ef2566cc-2d4b-4dbd-a497-94d984f25b0e,2026-09-25 23:20:20,https://play.google.com/store/apps/details?id=com.trimegah.trima,ID,id,5,1.0,100.0,Positive,Transaksi & Portofolio Saham,2020-11-11 21:13:08,2020,Aplikasi yang bagus untuk pemula. Terbantu dengan fitur trima ideas sehingga bisa jual beli saham untuk dapetin profit. Cuman sayang kadang suka error aplikasinya,Aplikasi yang bagus untuk pemula. Terbantu dengan fitur trima ideas sehingga bisa jual beli saham untuk dapetin profit. Cuman sayang kadang suka error aplikasinya,True,162,24,2.5.2,2,Tidak,,,Sampel ulasan publik Play Store
fe620671-8536-49c0-9a2a-c8bd3e4a892b,2026-09-25 23:20:20,https://play.google.com/store/apps/details?id=com.trimegah.trima,ID,id,5,1.0,100.0,Positive,Apresiasi Umum & Kepuasan,2020-11-11 06:07:07,2020,Gud lah,Gud lah,True,7,2,2.2.3,0,Tidak,,,Sampel ulasan publik Play Store
c769cc2a-444e-4fd0-95e1-50a5b960b2fc,2026-09-25 23:20:20,https://play.google.com/store/apps/details?id=com.trimegah.trima,ID,id,3,0.5,50.0,Neutral,UI/UX & Performa (Loading/Navigasi),2020-11-06 12:28:36,2020,Lambat,Lambat,True,6,1,2.3.4,0,Ya,"Jika terdapat kendala dalam menggunakan aplikasi Trima, dapat Anda sampaikan ke customer service kami di +62 21 2924 9000 atau email ke callcenter@trimegah.com. Terima kasih",2020-11-07 00:18:18,Sampel ulasan publik Play Store
2a98e900-d561-4c99-a298-d5a80bac400d,2026-09-25 23:20:20,https://play.google.com/store/apps/details?id=com.trimegah.trima,ID,id,3,0.5,50.0,Neutral,UI/UX & Performa (Loading/Navigasi),2020-11-05 09:39:00,2020,Kurang update mengenai harga sahamnya.....,Kurang update mengenai harga sahamnya.....,True,42,5,Tidak Tercatat,0,Ya,"Jika terdapat kendala dalam menggunakan aplikasi Trima, dapat Anda sampaikan ke customer service kami di +62 21 2924 9000 atau email ke callcenter@trimegah.com. Terima kasih",2020-11-05 20:08:58,Sampel ulasan publik Play Store
05b16b21-c8b9-4f7e-bba0-93b4bfb73eb9,2026-09-25 23:20:20,https://play.google.com/store/apps/details?id=com.trimegah.trima,ID,id,3,0.5,50.0,Neutral,UI/UX & Performa (Loading/Navigasi),2020-10-27 23:08:06,2020,Kalo mau buka akun trimega. Apakah dokumennya harus di kirim melalui POS??,Kalo mau buka akun trimega. Apakah dokumennya harus di kirim melalui POS??,True,74,12,2.5.0,0,Ya,"Jika terdapat kendala dalam menggunakan aplikasi Trima, dapat Anda sampaikan ke customer service kami di +62 21 2924 9000 atau email ke callcenter@trimegah.com. Terima kasih",2020-11-05 20:08:39,Sampel ulasan publik Play Store
36455d84-b720-4c6c-a8df-b7021ecb338d,2026-09-25 23:20:20,https://play.google.com/store/apps/details?id=com.trimegah.trima,ID,id,5,1.0,100.0,Positive,Apresiasi Umum & Kepuasan,2020-10-21 12:50:40,2020,Bagus,Bagus,True,5,1,2.4.1,0,Tidak,,,Sampel ulasan publik Play Store
16bd784c-756a-41a6-9cab-24e9f984fbbe,2026-09-25 23:20:20,https://play.google.com/store/apps/details?id=com.trimegah.trima,ID,id,3,0.5,50.0,Neutral,Stabilitas Sistem & Bug (Crash/Error),2020-10-15 15:24:59,2020,"Aduhh trima...nyesal saya upgrade kmrn, setelah upgrade jadi macet2...pdhal tidak ada penambahan menu apapun, mlah daftar list saham di ""mylist"" jd dobel2 tampilannya....pdhal sebelumnya ga ada mslh.","Aduhh trima...nyesal saya upgrade kmrn, setelah upgrade jadi macet2...pdhal tidak ada penambahan menu apapun, mlah daftar list saham di ""mylist"" jd dobel2 tampilannya....pdhal sebelumnya ga ada mslh.",True,199,27,Tidak Tercatat,0,Ya,"Jika terdapat kendala dalam menggunakan aplikasi Trima, dapat Anda sampaikan ke customer service kami di +62 21 2924 9000 atau email ke callcenter@trimegah.com. Terima kasih",2020-10-17 10:19:48,Sampel ulasan publik Play Store
98168773-6c0d-4f3d-97a3-de3c937ea832,2026-09-25 23:20:20,https://play.google.com/store/apps/details?id=com.trimegah.trima,ID,id,1,0.0,0.0,Negative,Login & Autentikasi,2020-10-14 20:57:28,2020,"Saya mau masuk ke akun server selalu down ada uang saya di sana, saya kasi bintang 1 dulu.","Saya mau masuk ke akun server selalu down ada uang saya di sana, saya kasi bintang 1 dulu.",True,90,18,2.4.1,1,Ya,"Jika terdapat kendala dalam menggunakan aplikasi Trima, dapat Anda sampaikan ke customer service kami di +62 21 2924 9000 atau email ke callcenter@trimegah.com. Terima kasih",2020-10-17 10:19:43,Sampel ulasan publik Play Store
fdb47cf7-1597-468d-9ae6-a17ca5cb2986,2026-09-25 23:20:20,https://play.google.com/store/apps/details?id=com.trimegah.trima,ID,id,2,0.25,25.0,Negative,Login & Autentikasi,2020-10-12 12:33:54,2020,Sudah beberapa hari semenjak update fitur realtime Jadi susah masuk aplikasi trima!,Sudah beberapa hari semenjak update fitur realtime Jadi susah masuk aplikasi trima!,True,83,12,Tidak Tercatat,0,Ya,"Jika terdapat kendala dalam menggunakan aplikasi Trima, dapat Anda sampaikan ke customer service kami di +62 21 2924 9000 atau email ke callcenter@trimegah.com. Terima kasih",2020-10-17 10:19:28,Sampel ulasan publik Play Store
beae89b9-a7e6-48e2-aa08-6b6bd1f59c59,2026-09-25 23:20:20,https://play.google.com/store/apps/details?id=com.trimegah.trima,ID,id,4,0.75,75.0,Positive,Login & Autentikasi,2020-10-09 20:32:08,2020,"Kenapa kalo mau login sulit bngt, sering gagal.","Kenapa kalo mau login sulit bngt, sering gagal.",True,47,8,2.4.1,0,Ya,"Jika terdapat kendala dalam menggunakan aplikasi Trima, dapat Anda sampaikan ke customer service kami di +62 21 2924 9000 atau email ke callcenter@trimegah.com. Terima kasih",2020-10-17 10:19:24,Sampel ulasan publik Play Store
3299314d-ad6f-4dc4-bc14-ec5b286f9c2f,2026-09-25 23:20:20,https://play.google.com/store/apps/details?id=com.trimegah.trima,ID,id,1,0.0,0.0,Negative,UI/UX & Performa (Loading/Navigasi),2020-10-08 09:29:13,2020,payah susah log in,payah susah log in,True,18,4,2.4.1,0,Ya,"Jika terdapat kendala dalam menggunakan aplikasi Trima, dapat Anda sampaikan ke customer service kami di +62 21 2924 9000 atau email ke callcenter@trimegah.com. Terima kasih",2020-10-17 10:19:20,Sampel ulasan publik Play Store
248f7095-bdb4-4adf-8586-a667da765902,2026-09-25 23:20:20,https://play.google.com/store/apps/details?id=com.trimegah.trima,ID,id,5,1.0,100.0,Positive,Login & Autentikasi,2020-10-06 21:19:41,2020,Bagaimana cara mendapatkan Username & Password untuk Login di App Trima ini. Saya sdh mendaftar sejak Tahun 2018 dan sampai saat ini saya tidak tau apa Username saya. Tolong dibantu Infonya buat pihak depelover. Terima kasih,Bagaimana cara mendapatkan Username & Password untuk Login di App Trima ini. Saya sdh mendaftar sejak Tahun 2018 dan sampai saat ini saya tidak tau apa Username saya. Tolong dibantu Infonya buat pihak depelover. Terima kasih,True,224,36,2.4.1,3,Tidak,,,Sampel ulasan publik Play Store
53e86632-8992-43ca-81b9-798a28d2b2a3,2026-09-25 23:20:20,https://play.google.com/store/apps/details?id=com.trimegah.trima,ID,id,5,1.0,100.0,Positive,Apresiasi Umum & Kepuasan,2020-10-05 18:01:02,2020,Utk Huawei mate xs tdk bs di download,Utk Huawei mate xs tdk bs di download,True,37,8,2.3.4,0,Tidak,,,Sampel ulasan publik Play Store
18fc1d93-e8a4-419f-a2d8-f8984a2ce1f7,2026-09-25 23:20:20,https://play.google.com/store/apps/details?id=com.trimegah.trima,ID,id,3,0.5,50.0,Neutral,Login & Autentikasi,2020-10-05 17:00:32,2020,"Saya pemula pakai aplikasi ini,login nya kok susah bgt ya..aplikasi nya juga lemot.mohon ditindak lanjuti","Saya pemula pakai aplikasi ini,login nya kok susah bgt ya..aplikasi nya juga lemot.mohon ditindak lanjuti",True,105,15,2.4.1,2,Ya,"Jika terdapat kendala dalam menggunakan aplikasi Trima, dapat Anda sampaikan ke customer service kami di +62 21 2924 9000 atau email ke callcenter@trimegah.com. Terima kasih",2020-10-17 10:19:15,Sampel ulasan publik Play Store
e3767736-89d6-416b-83fa-e8370ac56868,2026-09-25 23:20:20,https://play.google.com/store/apps/details?id=com.trimegah.trima,ID,id,4,0.75,75.0,Positive,Apresiasi Umum & Kepuasan,2020-10-03 04:41:23,2020,Oke,Oke,True,3,1,2.4.1,0,Tidak,,,Sampel ulasan publik Play Store
761555b5-9a19-4d58-a572-b125fd4c843e,2026-09-25 23:20:20,https://play.google.com/store/apps/details?id=com.trimegah.trima,ID,id,3,0.5,50.0,Neutral,Netral / Saran Umum,2020-09-18 16:29:35,2020,Ini khusus saham?,Ini khusus saham?,True,17,3,2.4.1,0,Ya,"Jika terdapat kendala dalam menggunakan aplikasi Trima, dapat Anda sampaikan ke customer service kami di +62 21 2924 9000 atau email ke callcenter@trimegah.com. Terima kasih",2020-09-23 16:46:41,Sampel ulasan publik Play Store
3a624fc1-5dac-48da-a566-ac48d92e1798,2026-09-25 23:20:20,https://play.google.com/store/apps/details?id=com.trimegah.trima,ID,id,3,0.5,50.0,Neutral,Netral / Saran Umum,2020-09-16 06:04:52,2020,"3 dulu, bagus tambh lgi nnti","3 dulu, bagus tambh lgi nnti",True,28,6,2.3.4,0,Ya,"Jika terdapat kendala dalam menggunakan aplikasi Trima, dapat Anda sampaikan ke customer service kami di +62 21 2924 9000 atau email ke callcenter@trimegah.com. Terima kasih",2020-10-17 10:19:57,Sampel ulasan publik Play Store
dc68ea2e-cd42-4a1f-a04d-903ce8eaaaa2,2026-09-25 23:20:20,https://play.google.com/store/apps/details?id=com.trimegah.trima,ID,id,5,1.0,100.0,Positive,Apresiasi Umum & Kepuasan,2020-09-10 08:37:41,2020,Oke,Oke,True,3,1,2.3.2,0,Tidak,,,Sampel ulasan publik Play Store
1afd77e4-5bd0-4c44-97ce-d646f4a5c996,2026-09-25 23:20:20,https://play.google.com/store/apps/details?id=com.trimegah.trima,ID,id,5,1.0,100.0,Positive,Apresiasi Umum & Kepuasan,2020-09-09 19:28:35,2020,Mantap,Mantap,True,6,1,2.3.0,0,Tidak,,,Sampel ulasan publik Play Store
df57b9f3-a31a-495b-a987-f1053618c5ee,2026-09-25 23:20:20,https://play.google.com/store/apps/details?id=com.trimegah.trima,ID,id,5,1.0,100.0,Positive,Apresiasi Umum & Kepuasan,2020-09-09 13:37:32,2020,Top,Top,True,3,1,2.4.1,0,Tidak,,,Sampel ulasan publik Play Store
ea4fe7e5-d95a-4eab-b345-ba57006a1a88,2026-09-25 23:20:20,https://play.google.com/store/apps/details?id=com.trimegah.trima,ID,id,5,1.0,100.0,Positive,Apresiasi Umum & Kepuasan,2020-09-05 12:23:47,2020,Bagys,Bagys,True,5,1,2.3.4,0,Tidak,,,Sampel ulasan publik Play Store
45b2c11b-d2a6-40b1-b8a7-e26a17690fc1,2026-09-25 23:20:20,https://play.google.com/store/apps/details?id=com.trimegah.trima,ID,id,2,0.25,25.0,Negative,Keluhan Umum Aplikasi,2020-09-03 11:01:32,2020,Kalau market info real time apa kena biaya?,Kalau market info real time apa kena biaya?,True,43,8,Tidak Tercatat,0,Ya,"Jika terdapat kendala dalam menggunakan aplikasi Trima, dapat Anda sampaikan ke customer service kami di +62 21 2924 9000 atau email ke callcenter@trimegah.com. Terima kasih",2020-09-18 15:22:53,Sampel ulasan publik Play Store
a215c2b6-1071-43b3-a915-1253c5f35b5f,2026-09-25 23:20:20,https://play.google.com/store/apps/details?id=com.trimegah.trima,ID,id,5,1.0,100.0,Positive,Apresiasi Umum & Kepuasan,2020-09-01 10:20:21,2020,Baik baik saja. Ga ada masalah.,Baik baik saja. Ga ada masalah.,True,31,6,2.3.4,0,Tidak,,,Sampel ulasan publik Play Store
b99d62f5-40df-4f28-9d75-9a9aece03c30,2026-09-25 23:20:20,https://play.google.com/store/apps/details?id=com.trimegah.trima,ID,id,5,1.0,100.0,Positive,Apresiasi Umum & Kepuasan,2020-09-01 09:31:46,2020,Ok,Ok,True,2,1,2.3.4,0,Tidak,,,Sampel ulasan publik Play Store
949c7aa8-647d-4662-b295-6984bd78a49b,2026-09-25 23:20:20,https://play.google.com/store/apps/details?id=com.trimegah.trima,ID,id,5,1.0,100.0,Positive,Apresiasi Umum & Kepuasan,2020-09-01 07:36:29,2020,Ok,Ok,True,2,1,2.3.4,0,Tidak,,,Sampel ulasan publik Play Store
2e33af9b-8764-4c3c-912b-99eb08fea1e3,2026-09-25 23:20:20,https://play.google.com/store/apps/details?id=com.trimegah.trima,ID,id,5,1.0,100.0,Positive,Apresiasi Umum & Kepuasan,2020-08-26 15:02:46,2020,Oke,Oke,True,3,1,Tidak Tercatat,0,Tidak,,,Sampel ulasan publik Play Store
9b3c9a54-f77a-4eab-8f59-96bea7b20711,2026-09-25 23:20:20,https://play.google.com/store/apps/details?id=com.trimegah.trima,ID,id,1,0.0,0.0,Negative,Keluhan Umum Aplikasi,2020-08-12 08:38:25,2020,Bad,Bad,True,3,1,2.3.4,0,Ya,"Jika terdapat kendala dalam menggunakan aplikasi Trima, dapat Anda sampaikan ke customer service kami di +62 21 2924 9000 atau email ke callcenter@trimegah.com. Terima kasih",2020-08-24 10:12:40,Sampel ulasan publik Play Store
d52b7ff6-3637-4b85-8269-9c7f7aed67cf,2026-09-25 23:20:20,https://play.google.com/store/apps/details?id=com.trimegah.trima,ID,id,2,0.25,25.0,Negative,UI/UX & Performa (Loading/Navigasi),2020-08-10 15:37:39,2020,Keseringan disaat volume transaksi meningkat aplnya Lemot.....😨😰😨,Keseringan disaat volume transaksi meningkat aplnya Lemot.....😨😰😨,True,65,7,2.3.4,0,Ya,"Jika terdapat kendala dalam menggunakan aplikasi Trima, dapat Anda sampaikan ke customer service kami di +62 21 2924 9000 atau email ke callcenter@trimegah.com. Terima kasih",2020-08-24 10:12:32,Sampel ulasan publik Play Store
1e5fc232-3afb-4953-a3d0-dcc9e166399b,2026-09-25 23:20:20,https://play.google.com/store/apps/details?id=com.trimegah.trima,ID,id,2,0.25,25.0,Negative,UI/UX & Performa (Loading/Navigasi),2020-08-10 15:15:41,2020,Jam jam transaksi kok malah gangguan gabisa liat posisi harga saham nya.. jadi gabisa nentuin buy or sell. Mohon dibenahi kembali utk sistem nya. Tks.,Jam jam transaksi kok malah gangguan gabisa liat posisi harga saham nya.. jadi gabisa nentuin buy or sell. Mohon dibenahi kembali utk sistem nya. Tks.,True,150,25,2.3.4,3,Ya,"Jika terdapat kendala dalam menggunakan aplikasi Trima, dapat Anda sampaikan ke customer service kami di +62 21 2924 9000 atau email ke callcenter@trimegah.com. Terima kasih",2020-08-24 10:12:26,Sampel ulasan publik Play Store
02ac5e1c-7a20-4143-8a4b-3ee3fa095c38,2026-09-25 23:20:20,https://play.google.com/store/apps/details?id=com.trimegah.trima,ID,id,5,1.0,100.0,Positive,Apresiasi Umum & Kepuasan,2020-08-10 10:01:39,2020,terus meningkatkan kuakitas,terus meningkatkan kuakitas,True,27,3,Tidak Tercatat,0,Tidak,,,Sampel ulasan publik Play Store
e231d0c3-51ab-41e1-b3d8-2328111bba27,2026-09-25 23:20:20,https://play.google.com/store/apps/details?id=com.trimegah.trima,ID,id,5,1.0,100.0,Positive,Apresiasi Umum & Kepuasan,2020-08-05 14:44:07,2020,Siip,Siip,True,4,1,2.2.0,0,Tidak,,,Sampel ulasan publik Play Store
ff8e89b1-ba3d-462d-94d3-193c970f4d1c,2026-09-25 23:20:20,https://play.google.com/store/apps/details?id=com.trimegah.trima,ID,id,5,1.0,100.0,Positive,Transaksi & Portofolio Saham,2020-08-03 06:22:37,2020,"Trima the best, aplikasi yg mudah dan ringkas. Cocok utk para trader pemula. Trima ideas jg bagus, ada review, rekomendasi dan bisa jd bahan referensi utk beli emiten apa yg lagi trend saat ini. Good luck semoga makin berkembang","Trima the best, aplikasi yg mudah dan ringkas. Cocok utk para trader pemula. Trima ideas jg bagus, ada review, rekomendasi dan bisa jd bahan referensi utk beli emiten apa yg lagi trend saat ini. Good luck semoga makin berkembang",True,228,39,2.3.4,2,Tidak,,,Sampel ulasan publik Play Store
7257a003-32b6-4e28-88cc-10a9243c4734,2026-09-25 23:20:20,https://play.google.com/store/apps/details?id=com.trimegah.trima,ID,id,5,1.0,100.0,Positive,Apresiasi Umum & Kepuasan,2020-07-22 12:24:11,2020,OK,OK,True,2,1,2.3.2,0,Tidak,,,Sampel ulasan publik Play Store
4d652209-9fe1-464f-908a-c57892f3f8ba,2026-09-25 23:20:20,https://play.google.com/store/apps/details?id=com.trimegah.trima,ID,id,4,0.75,75.0,Positive,Apresiasi Umum & Kepuasan,2020-07-20 20:41:16,2020,Aplikasi nya kurang optimal sering lag,Aplikasi nya kurang optimal sering lag,True,38,6,2.3.3,1,Tidak,,,Sampel ulasan publik Play Store
066cef3b-4e74-4394-9762-a70dc324741e,2026-09-25 23:20:20,https://play.google.com/store/apps/details?id=com.trimegah.trima,ID,id,4,0.75,75.0,Positive,Login & Autentikasi,2020-07-20 16:29:22,2020,"Cukup baik menurut saya , mungkin ada beberapa masukan seperti fitur stoploss nya , dan tampilannya di buat lebih baik lagi ( tidak terlihat jadul )","Cukup baik menurut saya , mungkin ada beberapa masukan seperti fitur stoploss nya , dan tampilannya di buat lebih baik lagi ( tidak terlihat jadul )",True,148,26,Tidak Tercatat,1,Tidak,,,Sampel ulasan publik Play Store
9bd8da3c-11b4-49df-8250-b527aafd85e9,2026-09-25 23:20:20,https://play.google.com/store/apps/details?id=com.trimegah.trima,ID,id,5,1.0,100.0,Positive,Apresiasi Umum & Kepuasan,2020-07-16 17:59:06,2020,"Bisa create akun trial dulu gak ya, dan bisa simulasi trading secara virtual tidak? Tks","Bisa create akun trial dulu gak ya, dan bisa simulasi trading secara virtual tidak? Tks",True,87,15,2.3.3,1,Tidak,,,Sampel ulasan publik Play Store
0c154ecb-26ca-42d1-a4db-57e4c9234a47,2026-09-25 23:20:20,https://play.google.com/store/apps/details?id=com.trimegah.trima,ID,id,5,1.0,100.0,Positive,Apresiasi Umum & Kepuasan,2020-07-16 12:18:11,2020,Good App,Good App,True,8,2,2.3.2,0,Tidak,,,Sampel ulasan publik Play Store
b47b09ce-2533-41a4-a1c5-cbeebd0b02a4,2026-09-25 23:20:20,https://play.google.com/store/apps/details?id=com.trimegah.trima,ID,id,2,0.25,25.0,Negative,Stabilitas Sistem & Bug (Crash/Error),2020-07-12 17:38:50,2020,"Selalu gagal saat registrasi di step 2, padahal udah diisi lengkap dan sesuai. Tapi pas di klik selanjutnya. Maka akan muncul lagi tampilan step 2","Selalu gagal saat registrasi di step 2, padahal udah diisi lengkap dan sesuai. Tapi pas di klik selanjutnya. Maka akan muncul lagi tampilan step 2",True,146,25,2.3.3,4,Ya,"Jika terdapat kendala dalam menggunakan aplikasi Trima, dapat Anda sampaikan ke customer service kami di +62 21 2924 9000 atau email ke callcenter@trimegah.com. Terima kasih",2020-08-24 10:11:53,Sampel ulasan publik Play Store
e4369eee-80fd-4df5-a12a-2708d59df11e,2026-09-25 23:20:20,https://play.google.com/store/apps/details?id=com.trimegah.trima,ID,id,3,0.5,50.0,Neutral,Netral / Saran Umum,2020-07-07 09:34:38,2020,Kalo mau maintenance jangan di jam bursa,Kalo mau maintenance jangan di jam bursa,True,40,7,2.3.2,0,Ya,"Jika terdapat kendala dalam menggunakan aplikasi Trima, dapat Anda sampaikan ke customer service kami di +62 21 2924 9000 atau email ke callcenter@trimegah.com. Terima kasih",2020-08-24 10:14:21,Sampel ulasan publik Play Store
d28b301c-b1b8-4247-a3d3-ff78a550924c,2026-09-25 23:20:20,https://play.google.com/store/apps/details?id=com.trimegah.trima,ID,id,5,1.0,100.0,Positive,Apresiasi Umum & Kepuasan,2020-07-06 09:51:50,2020,Terimakasih,Terimakasih,True,11,1,2.3.2,0,Tidak,,,Sampel ulasan publik Play Store
201d7d34-eeac-4fed-bb5c-2250ad3df05e,2026-09-25 23:20:20,https://play.google.com/store/apps/details?id=com.trimegah.trima,ID,id,4,0.75,75.0,Positive,Apresiasi Umum & Kepuasan,2020-07-05 06:00:57,2020,Bagus,Bagus,True,5,1,2.3.2,0,Tidak,,,Sampel ulasan publik Play Store
7bde94e9-30ca-4951-807f-9388a8a345d8,2026-09-25 23:20:20,https://play.google.com/store/apps/details?id=com.trimegah.trima,ID,id,1,0.0,0.0,Negative,UI/UX & Performa (Loading/Navigasi),2020-06-29 20:51:36,2020,"Saat registrasi, setelah di step 2 pengisian data pribadi kemudian pilih menu selanjutnya halaman web tidak tersedia.","Saat registrasi, setelah di step 2 pengisian data pribadi kemudian pilih menu selanjutnya halaman web tidak tersedia.",True,117,17,2.3.2,0,Ya,"Jika terdapat kendala dalam menggunakan aplikasi Trima, dapat Anda sampaikan ke customer service kami di +62 21 2924 9000 atau email ke callcenter@trimegah.com. Terima kasih",2020-08-24 10:14:26,Sampel ulasan publik Play Store
3f90e1b8-aaa2-4498-893b-9191f6937ea7,2026-09-25 23:20:20,https://play.google.com/store/apps/details?id=com.trimegah.trima,ID,id,2,0.25,25.0,Negative,Keluhan Umum Aplikasi,2020-06-25 06:34:23,2020,aplikasi belum bisa pasang auto sell seandainya harga saham jatuh..,aplikasi belum bisa pasang auto sell seandainya harga saham jatuh..,True,67,10,2.3.2,0,Ya,"Jika terdapat kendala dalam menggunakan aplikasi Trima, dapat Anda sampaikan ke customer service kami di +62 21 2924 9000 atau email ke callcenter@trimegah.com. Terima kasih",2020-08-24 10:14:31,Sampel ulasan publik Play Store
3ea64e52-a991-4a82-86cd-9520be68683b,2026-09-25 23:20:20,https://play.google.com/store/apps/details?id=com.trimegah.trima,ID,id,2,0.25,25.0,Negative,Keluhan Umum Aplikasi,2020-06-19 19:11:03,2020,"Saya sdh ngisi data tuk opening account sampai langkah ke 6 simpan, selanjutnya apa? Kok ga tercreate account nya langsung? , rasanya yg namanya online itu kan seketika, atau ada notifikasi ttg proses nya tadi.. Mohon info jelas nya","Saya sdh ngisi data tuk opening account sampai langkah ke 6 simpan, selanjutnya apa? Kok ga tercreate account nya langsung? , rasanya yg namanya online itu kan seketika, atau ada notifikasi ttg proses nya tadi.. Mohon info jelas nya",True,232,39,Tidak Tercatat,1,Ya,"Jika terdapat kendala dalam menggunakan aplikasi Trima, dapat Anda sampaikan ke customer service kami di +62 21 2924 9000 atau email ke callcenter@trimegah.com. Terima kasih",2020-08-24 10:14:38,Sampel ulasan publik Play Store
b6d327e5-17ee-455e-a91f-4ba63b0fd895,2026-09-25 23:20:20,https://play.google.com/store/apps/details?id=com.trimegah.trima,ID,id,1,0.0,0.0,Negative,Login & Autentikasi,2020-06-15 11:34:01,2020,"Saya tarik dana dari jumat pagi jam 7, padahal posisi di rdn, sampe detik ini dana belum masuk!","Saya tarik dana dari jumat pagi jam 7, padahal posisi di rdn, sampe detik ini dana belum masuk!",True,95,18,Tidak Tercatat,0,Ya,"Jika terdapat kendala dalam menggunakan aplikasi Trima, dapat Anda sampaikan ke customer service kami di +62 21 2924 9000 atau email ke callcenter@trimegah.com. Terima kasih",2020-08-24 10:14:43,Sampel ulasan publik Play Store
9b5419af-f04b-4147-a1f8-eb3bdae0f5b7,2026-09-25 23:20:20,https://play.google.com/store/apps/details?id=com.trimegah.trima,ID,id,2,0.25,25.0,Negative,Login & Autentikasi,2020-06-15 09:05:49,2020,Tidak bisa login,Tidak bisa login,True,16,3,2.3.2,0,Ya,"Jika terdapat kendala dalam menggunakan aplikasi Trima, dapat Anda sampaikan ke customer service kami di +62 21 2924 9000 atau email ke callcenter@trimegah.com. Terima kasih",2020-08-24 10:14:46,Sampel ulasan publik Play Store
de7e4fe6-285d-4fff-b5db-d69ba11aa704,2026-09-25 23:20:20,https://play.google.com/store/apps/details?id=com.trimegah.trima,ID,id,5,1.0,100.0,Positive,Transaksi & Portofolio Saham,2020-06-14 08:16:02,2020,"Tolong dong aplikasinya di maintanace sesekali mau buka portofolio aja susah amat sdh di pull down berkali-kali masih tetep aja ga nampak , jngn sesekali menyalahkan koneksi saya pke Telkomsel di data 4G lemot bngt aplikasinya","Tolong dong aplikasinya di maintanace sesekali mau buka portofolio aja susah amat sdh di pull down berkali-kali masih tetep aja ga nampak , jngn sesekali menyalahkan koneksi saya pke Telkomsel di data 4G lemot bngt aplikasinya",True,226,36,Tidak Tercatat,1,Ya,"Jika terdapat kendala dalam menggunakan aplikasi Trima, dapat Anda sampaikan ke customer service kami di +62 21 2924 9000 atau email ke callcenter@trimegah.com. Terima kasih",2020-06-12 08:25:51,Sampel ulasan publik Play Store
9e1222fe-ee3e-4e69-85e2-37a8007da15d,2026-09-25 23:20:20,https://play.google.com/store/apps/details?id=com.trimegah.trima,ID,id,4,0.75,75.0,Positive,Login & Autentikasi,2020-06-13 11:26:35,2020,"Secara keseluruhan sih buat saya sudah cukup bagus, tapi belakangan sering maintenance, login susahnya minta ampun padahal sdh menetapkan harga beli, begitu bisa login harga udah naik jauh, kecele deh saya.","Secara keseluruhan sih buat saya sudah cukup bagus, tapi belakangan sering maintenance, login susahnya minta ampun padahal sdh menetapkan harga beli, begitu bisa login harga udah naik jauh, kecele deh saya.",True,206,31,2.3.2,5,Tidak,,,Sampel ulasan publik Play Store
f48c83bd-dae9-46ae-9d98-c21142d5af18,2026-09-25 23:20:20,https://play.google.com/store/apps/details?id=com.trimegah.trima,ID,id,3,0.5,50.0,Neutral,Stabilitas Sistem & Bug (Crash/Error),2020-06-12 20:25:16,2020,"Hari ini parah banget ngadat pas jam perdagangan, kebayang kan gimana kita dirugikannya","Hari ini parah banget ngadat pas jam perdagangan, kebayang kan gimana kita dirugikannya",True,87,13,2.3.2,1,Ya,"Jika terdapat kendala dalam menggunakan aplikasi Trima, dapat Anda sampaikan ke customer service kami di +62 21 2924 9000 atau email ke callcenter@trimegah.com. Terima kasih",2020-06-12 08:25:47,Sampel ulasan publik Play Store
d9d002f4-0fb6-4a06-ac4c-396bac17776f,2026-09-25 23:20:20,https://play.google.com/store/apps/details?id=com.trimegah.trima,ID,id,5,1.0,100.0,Positive,Apresiasi Umum & Kepuasan,2020-06-12 11:22:30,2020,Trima ideas sangat membantu sekali.trimakasih,Trima ideas sangat membantu sekali.trimakasih,True,45,5,2.3.1,0,Tidak,,,Sampel ulasan publik Play Store
8ab61f22-78d0-47f5-b9fc-5564c75e886b,2026-09-25 23:20:20,https://play.google.com/store/apps/details?id=com.trimegah.trima,ID,id,2,0.25,25.0,Negative,Login & Autentikasi,2020-06-12 09:39:32,2020,"Aplikasi sering mengalami gangguan, tidak bisa login pd saat yg penting. Tolong diperbaiki","Aplikasi sering mengalami gangguan, tidak bisa login pd saat yg penting. Tolong diperbaiki",True,90,13,2.3.2,0,Ya,"Jika terdapat kendala dalam menggunakan aplikasi Trima, dapat Anda sampaikan ke customer service kami di +62 21 2924 9000 atau email ke callcenter@trimegah.com. Terima kasih",2020-06-13 09:28:54,Sampel ulasan publik Play Store
dae9d138-a537-4655-8321-0f4e4fd9fb93,2026-09-25 23:20:20,https://play.google.com/store/apps/details?id=com.trimegah.trima,ID,id,1,0.0,0.0,Negative,Login & Autentikasi,2020-06-12 09:26:19,2020,"Astagaaa, sudah lah loss portofolio, eh g agal cuan lagi gara-gara tidak bisa login.","Astagaaa, sudah lah loss portofolio, eh g agal cuan lagi gara-gara tidak bisa login.",True,84,14,2.2.1,1,Ya,"Jika terdapat kendala dalam menggunakan aplikasi Trima, dapat Anda sampaikan ke customer service kami di +62 21 2924 9000 atau email ke callcenter@trimegah.com. Terima kasih",2020-06-13 09:29:11,Sampel ulasan publik Play Store
5271ef15-a1fa-48c9-b2cd-e9383f97aac3,2026-09-25 23:20:20,https://play.google.com/store/apps/details?id=com.trimegah.trima,ID,id,1,0.0,0.0,Negative,Login & Autentikasi,2020-06-12 09:15:48,2020,"Sering stuck di login dan portfolio ga mau keluar, tolong di perbaiki dong, kalau kayak gini kan ga bisa jual beli dengan cepat","Sering stuck di login dan portfolio ga mau keluar, tolong di perbaiki dong, kalau kayak gini kan ga bisa jual beli dengan cepat",True,127,23,2.2.1,1,Ya,"Jika terdapat kendala dalam menggunakan aplikasi Trima, dapat Anda sampaikan ke customer service kami di +62 21 2924 9000 atau email ke callcenter@trimegah.com. Terima kasih",2020-06-13 09:29:41,Sampel ulasan publik Play Store
0f4dfb56-6f33-406c-8423-5b599c28a899,2026-09-25 23:20:20,https://play.google.com/store/apps/details?id=com.trimegah.trima,ID,id,1,0.0,0.0,Negative,Login & Autentikasi,2020-06-11 14:42:51,2020,"Aplikasinya masih buruk sering gagal masuk / error , padahal sinyal kenceng","Aplikasinya masih buruk sering gagal masuk / error , padahal sinyal kenceng",True,75,12,2.3.2,1,Ya,"Jika terdapat kendala dalam menggunakan aplikasi Trima, dapat Anda sampaikan ke customer service kami di +62 21 2924 9000 atau email ke callcenter@trimegah.com. Terima kasih",2020-06-12 08:25:54,Sampel ulasan publik Play Store
1b9a776f-1d99-41d2-949b-74979d993478,2026-09-25 23:20:20,https://play.google.com/store/apps/details?id=com.trimegah.trima,ID,id,1,0.0,0.0,Negative,Login & Autentikasi,2020-06-11 10:49:36,2020,"Apk sampah, klo server ga mampu jangan jualan securitas, lambat, sering gangguan, bisa buy sell ga bisa, mending pindah aj pake securitas lain","Apk sampah, klo server ga mampu jangan jualan securitas, lambat, sering gangguan, bisa buy sell ga bisa, mending pindah aj pake securitas lain",True,142,23,2.3.2,0,Ya,"Jika terdapat kendala dalam menggunakan aplikasi Trima, dapat Anda sampaikan ke customer service kami di +62 21 2924 9000 atau email ke callcenter@trimegah.com. Terima kasih",2020-06-12 08:25:33,Sampel ulasan publik Play Store
07d5ae68-1e5d-4e67-b2f5-54ac8d37e651,2026-09-25 23:20:20,https://play.google.com/store/apps/details?id=com.trimegah.trima,ID,id,3,0.5,50.0,Neutral,Login & Autentikasi,2020-06-11 09:14:36,2020,Login & buka porto sering lemot 👎👎,Login & buka porto sering lemot 👎👎,True,34,7,2.3.2,0,Ya,"Jika terdapat kendala dalam menggunakan aplikasi Trima, dapat Anda sampaikan ke customer service kami di +62 21 2924 9000 atau email ke callcenter@trimegah.com. Terima kasih",2020-06-12 08:24:41,Sampel ulasan publik Play Store
d6980cba-7432-4e07-bddf-353d1973a7c1,2026-09-25 23:20:20,https://play.google.com/store/apps/details?id=com.trimegah.trima,ID,id,5,1.0,100.0,Positive,Apresiasi Umum & Kepuasan,2020-06-03 20:02:13,2020,Lancar....dan masih belajar,Lancar....dan masih belajar,True,27,3,2.3.2,0,Tidak,,,Sampel ulasan publik Play Store
651cfb15-a50a-417e-99e0-572b40ae03bc,2026-09-25 23:20:20,https://play.google.com/store/apps/details?id=com.trimegah.trima,ID,id,1,0.0,0.0,Negative,Keluhan Umum Aplikasi,2020-05-31 09:56:36,2020,"tidak bisa register, mentok step 2","tidak bisa register, mentok step 2",True,34,6,2.3.2,0,Ya,"Jika terdapat kendala dalam menggunakan aplikasi Trima, dapat Anda sampaikan ke customer service kami di +62 21 2924 9000 atau email ke callcenter@trimegah.com. Terima kasih",2020-06-11 08:49:06,Sampel ulasan publik Play Store
c1704d7b-06e5-459c-ba01-fc6dda3cf27c,2026-09-25 23:20:20,https://play.google.com/store/apps/details?id=com.trimegah.trima,ID,id,5,1.0,100.0,Positive,Apresiasi Umum & Kepuasan,2020-05-30 13:53:46,2020,"Aplikasi yg mntap,transaksi cpt dan mudah","Aplikasi yg mntap,transaksi cpt dan mudah",True,41,6,Tidak Tercatat,0,Tidak,,,Sampel ulasan publik Play Store
65ae7900-0f14-440b-9d39-52d7dcfe3831,2026-09-25 23:20:20,https://play.google.com/store/apps/details?id=com.trimegah.trima,ID,id,1,0.0,0.0,Negative,Registrasi & Onboarding (KYC),2020-05-26 18:42:44,2020,"Tidak bisa daftar step ke 2, jadi saya uninstall saja","Tidak bisa daftar step ke 2, jadi saya uninstall saja",True,53,10,2.3.2,2,Ya,"Jika terdapat kendala dalam menggunakan aplikasi Trima, dapat Anda sampaikan ke customer service kami di +62 21 2924 9000 atau email ke callcenter@trimegah.com. Terima kasih",2020-06-11 08:48:57,Sampel ulasan publik Play Store
344f367c-f4cc-4b2a-ae61-f1d558aad4d4,2026-09-25 23:20:20,https://play.google.com/store/apps/details?id=com.trimegah.trima,ID,id,4,0.75,75.0,Positive,Apresiasi Umum & Kepuasan,2020-05-20 13:02:18,2020,"Sudah bagus, cuma ada yg kurang mohon di tambahkan stop loss nya...ya min","Sudah bagus, cuma ada yg kurang mohon di tambahkan stop loss nya...ya min",True,73,13,2.3.2,2,Tidak,,,Sampel ulasan publik Play Store
9c5e006c-fc1f-4173-8cda-0d053a49ff7f,2026-09-25 23:20:20,https://play.google.com/store/apps/details?id=com.trimegah.trima,ID,id,3,0.5,50.0,Neutral,Transaksi & Portofolio Saham,2020-05-20 09:44:09,2020,"Kenapa saldo rekening RDN BCA saya tidak bisa langsung ditarik/ditransfer langsung lewat sistem TRIMA. Saya musti telp kekantor Trimegah untuk meminta transfer saldo rekening RDN BCA (manual). Ini sungguh merepotkan, apa ada yg salah","Kenapa saldo rekening RDN BCA saya tidak bisa langsung ditarik/ditransfer langsung lewat sistem TRIMA. Saya musti telp kekantor Trimegah untuk meminta transfer saldo rekening RDN BCA (manual). Ini sungguh merepotkan, apa ada yg salah",True,233,34,2.3.2,8,Ya,"Jika terdapat kendala dalam menggunakan aplikasi Trima, dapat Anda sampaikan ke customer service kami di +62 21 2924 9000 atau email ke callcenter@trimegah.com. Terima kasih",2020-06-11 08:48:53,Sampel ulasan publik Play Store
de7f5123-7cd1-4e71-b74b-d3b7d413e362,2026-09-25 23:20:20,https://play.google.com/store/apps/details?id=com.trimegah.trima,ID,id,2,0.25,25.0,Negative,Login & Autentikasi,2020-05-17 00:03:33,2020,Tidak setiap kali bisa masuk dan sangat gampang terputus,Tidak setiap kali bisa masuk dan sangat gampang terputus,True,56,9,2.3.2,3,Ya,"Jika terdapat kendala dalam menggunakan aplikasi Trima, dapat Anda sampaikan ke customer service kami di +62 21 2924 9000 atau email ke callcenter@trimegah.com. Terima kasih",2020-06-11 08:48:35,Sampel ulasan publik Play Store
08441ab7-2405-4cef-834a-fbaacaedeac8,2026-09-25 23:20:20,https://play.google.com/store/apps/details?id=com.trimegah.trima,ID,id,2,0.25,25.0,Negative,Login & Autentikasi,2020-05-12 13:57:29,2020,Lambat update cash RDN trus skrg error. Masuk portofolio malah macet,Lambat update cash RDN trus skrg error. Masuk portofolio malah macet,True,68,11,2.3.2,1,Ya,"Jika terdapat kendala dalam menggunakan aplikasi Trima, dapat Anda sampaikan ke customer service kami di +62 21 2924 9000 atau email ke callcenter@trimegah.com. Terima kasih",2020-06-11 08:48:31,Sampel ulasan publik Play Store
7740ddc4-81de-43dd-8ad6-459281396ef9,2026-09-25 23:20:20,https://play.google.com/store/apps/details?id=com.trimegah.trima,ID,id,4,0.75,75.0,Positive,Stabilitas Sistem & Bug (Crash/Error),2020-05-06 21:11:15,2020,Utk menu registrasi kok susah ya...gagal terus,Utk menu registrasi kok susah ya...gagal terus,True,46,7,2.3.0,1,Tidak,,,Sampel ulasan publik Play Store
cba8739c-e63d-4d59-8df1-a1a28df5a7b0,2026-09-25 23:20:20,https://play.google.com/store/apps/details?id=com.trimegah.trima,ID,id,3,0.5,50.0,Neutral,Login & Autentikasi,2020-05-06 13:36:34,2020,Aplikasi tidak bisa login sejak tgl 4 Maei 2020,Aplikasi tidak bisa login sejak tgl 4 Maei 2020,True,47,9,2.3.2,1,Tidak,,,Sampel ulasan publik Play Store
a75e6a21-9e91-4436-8d77-93139f1837ec,2026-09-25 23:20:20,https://play.google.com/store/apps/details?id=com.trimegah.trima,ID,id,5,1.0,100.0,Positive,Apresiasi Umum & Kepuasan,2020-05-04 07:38:09,2020,Ok.....,Ok.....,True,7,1,Tidak Tercatat,0,Tidak,,,Sampel ulasan publik Play Store
7169b28e-6c9a-4a1d-9eb7-5e8941ee9d3b,2026-09-25 23:20:20,https://play.google.com/store/apps/details?id=com.trimegah.trima,ID,id,5,1.0,100.0,Positive,Transaksi & Portofolio Saham,2020-04-30 11:41:59,2020,Mohon dikasih status buat penarikan uang berhasil apa tidak.,Mohon dikasih status buat penarikan uang berhasil apa tidak.,True,60,9,2.3.2,3,Ya,"Jika terdapat kendala dalam menggunakan aplikasi Trima, dapat Anda sampaikan ke customer service kami di +62 21 2924 9000 atau email ke callcenter@trimegah.com. Terima kasih",2020-04-30 11:17:38,Sampel ulasan publik Play Store
c671cee9-d731-4c83-a754-dd360a70ca36,2026-09-25 23:20:20,https://play.google.com/store/apps/details?id=com.trimegah.trima,ID,id,1,0.0,0.0,Negative,UI/UX & Performa (Loading/Navigasi),2020-04-29 12:36:24,2020,"susah terbuka, harus sinyal yang kuat 4g nya baru bisa lancar","susah terbuka, harus sinyal yang kuat 4g nya baru bisa lancar",True,61,11,Tidak Tercatat,0,Ya,"Jika terdapat kendala dalam menggunakan aplikasi Trima, dapat Anda sampaikan ke customer service kami di +62 21 2924 9000 atau email ke callcenter@trimegah.com. Terima kasih",2020-04-30 11:17:50,Sampel ulasan publik Play Store
61091ee5-6322-4736-a835-a8f3b5bda717,2026-09-25 23:20:20,https://play.google.com/store/apps/details?id=com.trimegah.trima,ID,id,5,1.0,100.0,Positive,Apresiasi Umum & Kepuasan,2020-04-28 16:11:14,2020,Ok,Ok,True,2,1,2.3.0,0,Tidak,,,Sampel ulasan publik Play Store
cc3f2b7c-4db6-4289-a229-724190438d8f,2026-09-25 23:20:20,https://play.google.com/store/apps/details?id=com.trimegah.trima,ID,id,5,1.0,100.0,Positive,Transaksi & Portofolio Saham,2020-04-25 10:04:41,2020,"Mohon ditambah fasilitas amend atau withdraw di order saham, untuk antisipasi kesalahan input order, seperti di aplikasi trima di windows yg punya fasilitas tsb","Mohon ditambah fasilitas amend atau withdraw di order saham, untuk antisipasi kesalahan input order, seperti di aplikasi trima di windows yg punya fasilitas tsb",True,160,24,2.3.0,3,Tidak,,,Sampel ulasan publik Play Store
650fbb41-0437-42c8-90fd-ecefd4e9809b,2026-09-25 23:20:20,https://play.google.com/store/apps/details?id=com.trimegah.trima,ID,id,5,1.0,100.0,Positive,Apresiasi Umum & Kepuasan,2020-04-18 18:34:31,2020,Mantul,Mantul,True,6,1,2.3.0,0,Tidak,,,Sampel ulasan publik Play Store
32809d39-58ec-4131-a6c8-e41ec5e05851,2026-09-25 23:20:20,https://play.google.com/store/apps/details?id=com.trimegah.trima,ID,id,2,0.25,25.0,Negative,Stabilitas Sistem & Bug (Crash/Error),2020-04-18 08:58:59,2020,"Makin di update bukannya lebih baik malah tambah buruk aplikasi ini, sebelum update pls ditesting dulu error nya apa sdh settle","Makin di update bukannya lebih baik malah tambah buruk aplikasi ini, sebelum update pls ditesting dulu error nya apa sdh settle",True,127,21,Tidak Tercatat,0,Ya,"Jika terdapat kendala dalam menggunakan aplikasi Trima, dapat Anda sampaikan ke customer service kami di +62 21 2924 9000 atau email ke callcenter@trimegah.com. Terima kasih",2020-04-21 09:18:02,Sampel ulasan publik Play Store
abe64b23-8dbd-4f54-8463-f2046848a847,2026-09-25 23:20:20,https://play.google.com/store/apps/details?id=com.trimegah.trima,ID,id,2,0.25,25.0,Negative,Keluhan Umum Aplikasi,2020-04-17 20:28:22,2020,Ok,Ok,True,2,1,Tidak Tercatat,0,Ya,"Jika terdapat kendala dalam menggunakan aplikasi Trima, dapat Anda sampaikan ke customer service kami di +62 21 2924 9000 atau email ke callcenter@trimegah.com. Terima kasih",2020-04-21 09:24:31,Sampel ulasan publik Play Store
53e3b39d-e9e9-4a3b-8b74-e9eb68cdcaa9,2026-09-25 23:20:20,https://play.google.com/store/apps/details?id=com.trimegah.trima,ID,id,5,1.0,100.0,Positive,Apresiasi Umum & Kepuasan,2020-04-17 10:26:41,2020,Ok,Ok,True,2,1,2.3.0,0,Tidak,,,Sampel ulasan publik Play Store
1010e6e7-af52-418d-ab38-aaf381efe80e,2026-09-25 23:20:20,https://play.google.com/store/apps/details?id=com.trimegah.trima,ID,id,2,0.25,25.0,Negative,Keluhan Umum Aplikasi,2020-04-14 16:25:29,2020,Ok sekali.... Lebih maju dari sebelumnya,Ok sekali.... Lebih maju dari sebelumnya,True,40,6,2.3.0,1,Ya,"Jika terdapat kendala dalam menggunakan aplikasi Trima, dapat Anda sampaikan ke customer service kami di +62 21 2924 9000 atau email ke callcenter@trimegah.com. Terima kasih",2020-04-24 15:14:12,Sampel ulasan publik Play Store
2651e203-e5e5-49d0-9051-eee2f1bcb3db,2026-09-25 23:20:20,https://play.google.com/store/apps/details?id=com.trimegah.trima,ID,id,1,0.0,0.0,Negative,Login & Autentikasi,2020-04-12 22:43:47,2020,"Saya sdh percayakan trima, cm aplikasi ini tlg di perbaiki sering ngadat gagal login, harus 'paksa berhenti' login kembali.tks","Saya sdh percayakan trima, cm aplikasi ini tlg di perbaiki sering ngadat gagal login, harus 'paksa berhenti' login kembali.tks",True,126,19,2.3.0,2,Ya,"Jika terdapat kendala dalam menggunakan aplikasi Trima, dapat Anda sampaikan ke customer service kami di +62 21 2924 9000 atau email ke callcenter@trimegah.com. Terima kasih",2020-04-21 09:17:31,Sampel ulasan publik Play Store
bf1c51e8-6575-4e6f-8df3-f015452f207c,2026-09-25 23:20:20,https://play.google.com/store/apps/details?id=com.trimegah.trima,ID,id,1,0.0,0.0,Negative,Keluhan Umum Aplikasi,2020-04-11 14:05:50,2020,Mentok di step 2,Mentok di step 2,True,16,4,2.2.3,0,Ya,"Jika terdapat kendala dalam menggunakan aplikasi Trima, dapat Anda sampaikan ke customer service kami di +62 21 2924 9000 atau email ke callcenter@trimegah.com. Terima kasih",2020-04-21 09:17:27,Sampel ulasan publik Play Store
0b8c8115-971b-41b4-a685-4aed7f17a61a,2026-09-25 23:20:20,https://play.google.com/store/apps/details?id=com.trimegah.trima,ID,id,3,0.5,50.0,Neutral,Stabilitas Sistem & Bug (Crash/Error),2020-04-06 15:04:24,2020,Servernya sering lambat dan rusak melulu,Servernya sering lambat dan rusak melulu,True,40,6,2.2.3,1,Ya,"Jika terdapat kendala dalam menggunakan aplikasi Trima, dapat Anda sampaikan ke customer service kami di +62 21 2924 9000 atau email ke callcenter@trimegah.com. Terima kasih",2020-04-09 10:45:06,Sampel ulasan publik Play Store
966fb937-d72c-44a7-89c4-124c209842d7,2026-09-25 23:20:20,https://play.google.com/store/apps/details?id=com.trimegah.trima,ID,id,5,1.0,100.0,Positive,Apresiasi Umum & Kepuasan,2020-04-06 08:33:51,2020,Good,Good,True,4,1,2.2.2,0,Tidak,,,Sampel ulasan publik Play Store
26bc93f8-d2e7-4059-8ae3-85175f42c1c1,2026-09-25 23:20:20,https://play.google.com/store/apps/details?id=com.trimegah.trima,ID,id,4,0.75,75.0,Positive,Apresiasi Umum & Kepuasan,2020-04-02 14:48:11,2020,Baik,Baik,True,4,1,2.2.3,0,Tidak,,,Sampel ulasan publik Play Store
e0d3e261-dc22-4b27-b7e4-1759dcb1f701,2026-09-25 23:20:20,https://play.google.com/store/apps/details?id=com.trimegah.trima,ID,id,5,1.0,100.0,Positive,Apresiasi Umum & Kepuasan,2020-04-02 08:48:19,2020,Good good good 👍 😍 good 👍,Good good good 👍 😍 good 👍,True,25,7,2.2.3,0,Tidak,,,Sampel ulasan publik Play Store
a33f7ac0-ec1d-4956-b464-78dad092bbf9,2026-09-25 23:20:20,https://play.google.com/store/apps/details?id=com.trimegah.trima,ID,id,3,0.5,50.0,Neutral,Netral / Saran Umum,2020-04-01 13:44:41,2020,Mantap,Mantap,True,6,1,2.2.2,0,Tidak,,,Sampel ulasan publik Play Store
e2de08c4-19a9-4998-ab02-64703a04f660,2026-09-25 23:20:20,https://play.google.com/store/apps/details?id=com.trimegah.trima,ID,id,5,1.0,100.0,Positive,UI/UX & Performa (Loading/Navigasi),2020-03-31 23:24:18,2020,tadinya selalu mentok di upload ktp...tp skrg dah sukses registrasi berkat update aplikasi dari developer... sukses selalu..,tadinya selalu mentok di upload ktp...tp skrg dah sukses registrasi berkat update aplikasi dari developer... sukses selalu..,True,124,17,2.2.2,8,Ya,"Jika terdapat kendala dalam menggunakan aplikasi Trima, dapat Anda sampaikan ke customer service kami di +62 21 2924 9000 atau email ke callcenter@trimegah.com. Terima kasih.",2020-03-09 13:40:01,Sampel ulasan publik Play Store
fed9c64e-83b2-4e52-8592-0bdc6a5f24af,2026-09-25 23:20:20,https://play.google.com/store/apps/details?id=com.trimegah.trima,ID,id,5,1.0,100.0,Positive,Apresiasi Umum & Kepuasan,2020-03-31 12:55:08,2020,Ok,Ok,True,2,1,2.2.3,0,Tidak,,,Sampel ulasan publik Play Store
09829e0d-a397-469d-a215-597a8461a986,2026-09-25 23:20:20,https://play.google.com/store/apps/details?id=com.trimegah.trima,ID,id,5,1.0,100.0,Positive,Apresiasi Umum & Kepuasan,2020-03-31 09:33:58,2020,Mantapp,Mantapp,True,7,1,2.2.0,0,Tidak,,,Sampel ulasan publik Play Store
e670c4fd-95e7-4080-aa1c-71a10576c1be,2026-09-25 23:20:20,https://play.google.com/store/apps/details?id=com.trimegah.trima,ID,id,1,0.0,0.0,Negative,Keluhan Umum Aplikasi,2020-03-31 09:05:47,2020,Oke,Oke,True,3,1,2.2.3,0,Ya,"Jika terdapat kendala dalam menggunakan aplikasi Trima, dapat Anda sampaikan ke customer service kami di +62 21 2924 9000 atau email ke callcenter@trimegah.com. Terima kasih.",2020-04-08 11:49:14,Sampel ulasan publik Play Store
e35e1209-bdc0-44ce-b9e6-4247ee7cb496,2026-09-25 23:20:20,https://play.google.com/store/apps/details?id=com.trimegah.trima,ID,id,5,1.0,100.0,Positive,Apresiasi Umum & Kepuasan,2020-03-31 09:04:32,2020,Good,Good,True,4,1,2.2.3,0,Tidak,,,Sampel ulasan publik Play Store
9bec3115-171f-4e9f-90c1-6c1dd50d1681,2026-09-25 23:20:20,https://play.google.com/store/apps/details?id=com.trimegah.trima,ID,id,5,1.0,100.0,Positive,Apresiasi Umum & Kepuasan,2020-03-31 08:56:02,2020,Nice,Nice,True,4,1,2.2.3,0,Tidak,,,Sampel ulasan publik Play Store
cfd805b1-c350-404e-8b5b-4f992a93657c,2026-09-25 23:20:20,https://play.google.com/store/apps/details?id=com.trimegah.trima,ID,id,5,1.0,100.0,Positive,Transaksi & Portofolio Saham,2020-03-31 07:40:56,2020,Bagus aplikasix cuman utk monitoring dana yg tersedia cukup lama updatex,Bagus aplikasix cuman utk monitoring dana yg tersedia cukup lama updatex,True,72,11,2.2.3,2,Tidak,,,Sampel ulasan publik Play Store
d90d70b5-5511-473e-8f52-3b4cf801e668,2026-09-25 23:20:20,https://play.google.com/store/apps/details?id=com.trimegah.trima,ID,id,5,1.0,100.0,Positive,Apresiasi Umum & Kepuasan,2020-03-31 06:06:44,2020,Manap,Manap,True,5,1,2.2.3,0,Tidak,,,Sampel ulasan publik Play Store
c00e660a-43c6-4de7-aadb-6ee11dd8a49c,2026-09-25 23:20:20,https://play.google.com/store/apps/details?id=com.trimegah.trima,ID,id,5,1.0,100.0,Positive,Apresiasi Umum & Kepuasan,2020-03-31 06:00:26,2020,Good,Good,True,4,1,2.2.2,0,Tidak,,,Sampel ulasan publik Play Store
035115a3-996d-49c0-b51d-72515ec2856b,2026-09-25 23:20:20,https://play.google.com/store/apps/details?id=com.trimegah.trima,ID,id,5,1.0,100.0,Positive,Apresiasi Umum & Kepuasan,2020-03-31 05:26:10,2020,good application,good application,True,16,2,2.2.3,0,Tidak,,,Sampel ulasan publik Play Store
1b514e51-b8f3-4c0d-a60e-fa000561e384,2026-09-25 23:20:20,https://play.google.com/store/apps/details?id=com.trimegah.trima,ID,id,5,1.0,100.0,Positive,Apresiasi Umum & Kepuasan,2020-03-31 00:25:48,2020,👍👍,👍👍,True,2,1,Tidak Tercatat,0,Tidak,,,Sampel ulasan publik Play Store
8b7bf2a8-a831-4893-9a65-d267799cdf74,2026-09-25 23:20:20,https://play.google.com/store/apps/details?id=com.trimegah.trima,ID,id,5,1.0,100.0,Positive,Apresiasi Umum & Kepuasan,2020-03-30 23:01:56,2020,👍,👍,True,1,1,2.2.3,0,Tidak,,,Sampel ulasan publik Play Store
e99ed9d6-7c44-42c2-a220-f12e62e73bce,2026-09-25 23:20:20,https://play.google.com/store/apps/details?id=com.trimegah.trima,ID,id,1,0.0,0.0,Negative,UI/UX & Performa (Loading/Navigasi),2020-03-30 21:36:41,2020,Sering lemot jaringannya,Sering lemot jaringannya,True,24,3,2.2.0,0,Ya,"Jika terdapat kendala dalam menggunakan aplikasi Trima, dapat Anda sampaikan ke customer service kami di +62 21 2924 9000 atau email ke callcenter@trimegah.com. Terima kasih.",2020-04-08 11:49:25,Sampel ulasan publik Play Store
3f820fdb-ea1c-4385-a28e-3a3c110d5291,2026-09-25 23:20:20,https://play.google.com/store/apps/details?id=com.trimegah.trima,ID,id,5,1.0,100.0,Positive,Apresiasi Umum & Kepuasan,2020-03-28 15:44:39,2020,g bs instal kenapa,g bs instal kenapa,True,18,4,Tidak Tercatat,0,Tidak,,,Sampel ulasan publik Play Store
f157dfb9-4f3c-4991-9df1-080523f49ae1,2026-09-25 23:20:20,https://play.google.com/store/apps/details?id=com.trimegah.trima,ID,id,1,0.0,0.0,Negative,Customer Service & Layanan,2020-03-21 18:39:47,2020,"Mentok di step 2.. sudah 5 6 kali coba, gak bisa lanjut.. kecewa","Mentok di step 2.. sudah 5 6 kali coba, gak bisa lanjut.. kecewa",True,64,13,2.2.3,5,Ya,"Jika terdapat kendala dalam menggunakan aplikasi Trima, dapat Anda sampaikan ke customer service kami di +62 21 2924 9000 atau email ke callcenter@trimegah.com. Terima kasih.",2020-04-08 11:49:36,Sampel ulasan publik Play Store
eb8a0eae-81a1-4f76-a575-c1aba21fa276,2026-09-25 23:20:20,https://play.google.com/store/apps/details?id=com.trimegah.trima,ID,id,3,0.5,50.0,Neutral,Login & Autentikasi,2020-03-20 08:27:47,2020,Saya tidak bisa register login...bagaimana ini,Saya tidak bisa register login...bagaimana ini,True,46,6,2.2.3,1,Tidak,,,Sampel ulasan publik Play Store
70b8d8bf-2753-4d84-8b13-1f3a20c0a737,2026-09-25 23:20:20,https://play.google.com/store/apps/details?id=com.trimegah.trima,ID,id,1,0.0,0.0,Negative,Registrasi & Onboarding (KYC),2020-03-19 12:25:54,2020,"Gak bisa uplod foto,,, ktp, npwp dll,, gmn ne??","Gak bisa uplod foto,,, ktp, npwp dll,, gmn ne??",True,47,9,2.2.2,1,Ya,"Jika terdapat kendala dalam menggunakan aplikasi Trima, dapat Anda sampaikan ke customer service kami di +62 21 2924 9000 atau email ke callcenter@trimegah.com. Terima kasih.",2020-04-08 11:49:40,Sampel ulasan publik Play Store
fae03452-4a3e-408a-b6b3-841f021894fc,2026-09-25 23:20:20,https://play.google.com/store/apps/details?id=com.trimegah.trima,ID,id,3,0.5,50.0,Neutral,Registrasi & Onboarding (KYC),2020-03-16 14:21:40,2020,Saya tidak bisa upload foto kenapa ya? Jadinya saya tidak bisa daftar kalo gini. Padahal baru step 2,Saya tidak bisa upload foto kenapa ya? Jadinya saya tidak bisa daftar kalo gini. Padahal baru step 2,True,100,18,2.2.2,4,Tidak,,,Sampel ulasan publik Play Store
60bebb7f-cf1c-4dd0-8ae2-d1218c1fe217,2026-09-25 23:20:20,https://play.google.com/store/apps/details?id=com.trimegah.trima,ID,id,5,1.0,100.0,Positive,Apresiasi Umum & Kepuasan,2020-03-13 07:07:11,2020,Investasi disini sangat mudah,Investasi disini sangat mudah,True,29,4,Tidak Tercatat,0,Tidak,,,Sampel ulasan publik Play Store
61cf8904-6122-482e-81c0-b79a6738a456,2026-09-25 23:20:20,https://play.google.com/store/apps/details?id=com.trimegah.trima,ID,id,2,0.25,25.0,Negative,Keluhan Umum Aplikasi,2020-03-12 16:33:09,2020,Banksinarmas suriyo,Banksinarmas suriyo,True,19,2,Tidak Tercatat,0,Ya,"Jika terdapat kendala dalam menggunakan aplikasi Trima, dapat Anda sampaikan ke customer service kami di +62 21 2924 9000 atau email ke callcenter@trimegah.com. Terima kasih.",2020-04-08 11:49:55,Sampel ulasan publik Play Store
0491283e-9f6b-4ded-9e25-002442729811,2026-09-25 23:20:20,https://play.google.com/store/apps/details?id=com.trimegah.trima,ID,id,5,1.0,100.0,Positive,Apresiasi Umum & Kepuasan,2020-03-10 22:17:31,2020,Mantap,Mantap,True,6,1,2.2.2,0,Tidak,,,Sampel ulasan publik Play Store
947d2d56-6c02-44ce-9298-600af1076fd4,2026-09-25 23:20:20,https://play.google.com/store/apps/details?id=com.trimegah.trima,ID,id,1,0.0,0.0,Negative,Keluhan Umum Aplikasi,2020-03-10 13:23:27,2020,Ga bisa upload....,Ga bisa upload....,True,18,3,2.2.2,0,Ya,"Jika terdapat kendala dalam menggunakan aplikasi Trima, dapat Anda sampaikan ke customer service kami di +62 21 2924 9000 atau email ke callcenter@trimegah.com. Terima kasih.",2020-03-16 16:19:25,Sampel ulasan publik Play Store
9a108516-da2b-4140-815e-d4c02246a6ad,2026-09-25 23:20:20,https://play.google.com/store/apps/details?id=com.trimegah.trima,ID,id,5,1.0,100.0,Positive,Apresiasi Umum & Kepuasan,2020-03-07 00:12:54,2020,Menarik,Menarik,True,7,1,2.2.2,0,Tidak,,,Sampel ulasan publik Play Store
192fdaf0-3c39-48b9-a256-eed01000c378,2026-09-25 23:20:20,https://play.google.com/store/apps/details?id=com.trimegah.trima,ID,id,1,0.0,0.0,Negative,Registrasi & Onboarding (KYC),2020-03-05 08:25:14,2020,Kenapa tidak bisa scan NPWP dan KTP,Kenapa tidak bisa scan NPWP dan KTP,True,35,7,2.2.2,0,Ya,"Jika terdapat kendala dalam menggunakan aplikasi Trima, dapat Anda sampaikan ke customer service kami di +62 21 2924 9000 atau email ke callcenter@trimegah.com. Terima kasih.",2020-03-09 13:40:35,Sampel ulasan publik Play Store
96e4e16a-0437-4ba8-8a4b-9b46754c26cf,2026-09-25 23:20:20,https://play.google.com/store/apps/details?id=com.trimegah.trima,ID,id,1,0.0,0.0,Negative,Keluhan Umum Aplikasi,2020-03-03 20:29:30,2020,Bagus,Bagus,True,5,1,2.2.2,0,Ya,"Jika terdapat kendala dalam menggunakan aplikasi Trima, dapat Anda sampaikan ke customer service kami di +62 21 2924 9000 atau email ke callcenter@trimegah.com. Terima kasih.",2020-03-09 13:40:31,Sampel ulasan publik Play Store
d87fc543-0ad6-4ea4-8e75-559303ce19cf,2026-09-25 23:20:20,https://play.google.com/store/apps/details?id=com.trimegah.trima,ID,id,1,0.0,0.0,Negative,UI/UX & Performa (Loading/Navigasi),2020-02-28 15:08:15,2020,Mau daftar aja susah kaya kontol!!!!!,Mau daftar aja susah kaya kontol!!!!!,True,37,6,Tidak Tercatat,1,Ya,"Jika terdapat kendala dalam menggunakan aplikasi Trima, dapat Anda sampaikan ke customer service kami di +62 21 2924 9000 atau email ke callcenter@trimegah.com. Terima kasih.",2020-03-09 13:40:23,Sampel ulasan publik Play Store
67959ec3-12e1-4b14-94a1-7984ba059a48,2026-09-25 23:20:20,https://play.google.com/store/apps/details?id=com.trimegah.trima,ID,id,5,1.0,100.0,Positive,Apresiasi Umum & Kepuasan,2020-02-28 14:47:52,2020,Mudah-mudahan bermanfaat bagi yang ingin berinvestasi. Karena tidaj smua orang bisa mengurus jeuangan sendiri.,Mudah-mudahan bermanfaat bagi yang ingin berinvestasi. Karena tidaj smua orang bisa mengurus jeuangan sendiri.,True,110,14,Tidak Tercatat,2,Tidak,,,Sampel ulasan publik Play Store
558b321c-e523-4421-b440-d37e2a579f1f,2026-09-25 23:20:20,https://play.google.com/store/apps/details?id=com.trimegah.trima,ID,id,5,1.0,100.0,Positive,Apresiasi Umum & Kepuasan,2020-02-27 05:41:26,2020,Sip mantap,Sip mantap,True,10,2,2.2.2,0,Tidak,,,Sampel ulasan publik Play Store
659bb8b3-1260-4bc4-b9e7-1cda6da8185c,2026-09-25 23:20:20,https://play.google.com/store/apps/details?id=com.trimegah.trima,ID,id,1,0.0,0.0,Negative,Login & Autentikasi,2020-02-25 16:59:56,2020,"Saya sudah coba register, tp tidak ada email yg masuk. Harus bagaimana min ??","Saya sudah coba register, tp tidak ada email yg masuk. Harus bagaimana min ??",True,77,14,2.2.2,3,Ya,"Jika terdapat kendala dalam menggunakan aplikasi Trima, dapat Anda sampaikan ke customer service kami di +62 21 2924 9000 atau email ke callcenter@trimegah.com. Terima kasih.",2020-03-09 13:40:19,Sampel ulasan publik Play Store
54badea8-ebf0-4f4b-ae5f-06dd8eba93ca,2026-09-25 23:20:20,https://play.google.com/store/apps/details?id=com.trimegah.trima,ID,id,5,1.0,100.0,Positive,Apresiasi Umum & Kepuasan,2020-02-24 15:51:01,2020,Great,Great,True,5,1,2.2.2,0,Tidak,,,Sampel ulasan publik Play Store
03bd4651-d199-4228-88ea-4e77818a289b,2026-09-25 23:20:20,https://play.google.com/store/apps/details?id=com.trimegah.trima,ID,id,4,0.75,75.0,Positive,Apresiasi Umum & Kepuasan,2020-02-24 10:44:38,2020,Aplikasi simpel dan cukup membantu.,Aplikasi simpel dan cukup membantu.,True,35,5,2.2.2,0,Tidak,,,Sampel ulasan publik Play Store
ac2d6412-302d-4d19-88c8-6cba7b575330,2026-09-25 23:20:20,https://play.google.com/store/apps/details?id=com.trimegah.trima,ID,id,5,1.0,100.0,Positive,Apresiasi Umum & Kepuasan,2020-02-23 20:41:48,2020,Bagus,Bagus,True,5,1,Tidak Tercatat,0,Tidak,,,Sampel ulasan publik Play Store
4ad0c375-7ffc-4b59-83c5-85c088a435dc,2026-09-25 23:20:20,https://play.google.com/store/apps/details?id=com.trimegah.trima,ID,id,5,1.0,100.0,Positive,Apresiasi Umum & Kepuasan,2020-02-23 09:25:39,2020,Good,Good,True,4,1,1.2.29,0,Tidak,,,Sampel ulasan publik Play Store
88516c97-d783-4eef-8491-d11d929fec2a,2026-09-25 23:20:20,https://play.google.com/store/apps/details?id=com.trimegah.trima,ID,id,2,0.25,25.0,Negative,Registrasi & Onboarding (KYC),2020-02-20 15:47:46,2020,Daftarnya kok pke nany nama gadis ibu kandung?.. Itu kan bersifat rahasia.. apakah aman dan mmg sudah sesuai regulasi dalam mendaftar?,Daftarnya kok pke nany nama gadis ibu kandung?.. Itu kan bersifat rahasia.. apakah aman dan mmg sudah sesuai regulasi dalam mendaftar?,True,134,21,Tidak Tercatat,1,Ya,"Jika terdapat kendala dalam menggunakan aplikasi Trima, dapat Anda sampaikan ke customer service kami di +62 21 2924 9000 atau email ke callcenter@trimegah.com. Terima kasih.",2020-03-09 13:41:07,Sampel ulasan publik Play Store
8bc38177-0292-4a8d-bea7-58a6d3755d2e,2026-09-25 23:20:20,https://play.google.com/store/apps/details?id=com.trimegah.trima,ID,id,1,0.0,0.0,Negative,Keluhan Umum Aplikasi,2020-02-16 16:27:47,2020,tidak bisa buat upload /scan berkas,tidak bisa buat upload /scan berkas,True,35,6,2.2.2,2,Ya,"Jika terdapat kendala dalam menggunakan aplikasi Trima, dapat Anda sampaikan ke customer service kami di +62 21 2924 9000 atau email ke callcenter@trimegah.com. Terima kasih.",2020-03-09 13:40:07,Sampel ulasan publik Play Store
a1899782-77ff-47f2-91c3-84b43e293564,2026-09-25 23:20:20,https://play.google.com/store/apps/details?id=com.trimegah.trima,ID,id,3,0.5,50.0,Neutral,UI/UX & Performa (Loading/Navigasi),2020-02-08 22:14:46,2020,"Susah mau upload dokumen, di klik tetep gak bisa","Susah mau upload dokumen, di klik tetep gak bisa",True,48,9,2.2.2,3,Tidak,,,Sampel ulasan publik Play Store
ae4d6cb8-8458-4740-b35b-285f83a03896,2026-09-25 23:20:20,https://play.google.com/store/apps/details?id=com.trimegah.trima,ID,id,5,1.0,100.0,Positive,Apresiasi Umum & Kepuasan,2020-02-05 09:14:17,2020,Memudahkan transaksi,Memudahkan transaksi,True,20,2,Tidak Tercatat,0,Tidak,,,Sampel ulasan publik Play Store
c33ca921-9b5c-4efd-9189-7b08abb801e6,2026-09-25 23:20:20,https://play.google.com/store/apps/details?id=com.trimegah.trima,ID,id,1,0.0,0.0,Negative,UI/UX & Performa (Loading/Navigasi),2020-01-30 12:49:38,2020,"sudah saya hapus soalnya baru pendaftaran aja mau upload ktp, npwp sama buktab susah amat ga bisa bisa🙄","sudah saya hapus soalnya baru pendaftaran aja mau upload ktp, npwp sama buktab susah amat ga bisa bisa🙄",True,103,18,Tidak Tercatat,1,Tidak,,,Sampel ulasan publik Play Store
9ec7c920-ee5c-4abb-8517-cac8287dfe05,2026-09-25 23:20:20,https://play.google.com/store/apps/details?id=com.trimegah.trima,ID,id,5,1.0,100.0,Positive,Apresiasi Umum & Kepuasan,2020-01-24 16:27:44,2020,Oke,Oke,True,3,1,Tidak Tercatat,0,Tidak,,,Sampel ulasan publik Play Store
505497c9-6004-4b0f-b2a0-7f228401b465,2026-09-25 23:20:20,https://play.google.com/store/apps/details?id=com.trimegah.trima,ID,id,5,1.0,100.0,Positive,Apresiasi Umum & Kepuasan,2020-01-22 11:32:46,2020,Oke,Oke,True,3,1,Tidak Tercatat,0,Tidak,,,Sampel ulasan publik Play Store
7bbb6665-f157-4d1f-aa35-90d0feabdeaf,2026-09-25 23:20:20,https://play.google.com/store/apps/details?id=com.trimegah.trima,ID,id,5,1.0,100.0,Positive,Apresiasi Umum & Kepuasan,2020-01-16 11:57:29,2020,Perfect,Perfect,True,7,1,2.2.1,0,Ya,"Terima kasih telah menginstall Aplikasi Trima, untuk kritik dan saran dapat Anda sampaikan ke customer service kami di +62 21 2924 9000.",2020-01-16 21:53:42,Sampel ulasan publik Play Store
995ebf54-ed86-461c-bbf0-a1f4f10a48ca,2026-09-25 23:20:20,https://play.google.com/store/apps/details?id=com.trimegah.trima,ID,id,3,0.5,50.0,Neutral,UI/UX & Performa (Loading/Navigasi),2020-01-15 11:52:48,2020,Saya agak kecewa Soalnya registasinya susah.daftar isian selalu berulang ulang.,Saya agak kecewa Soalnya registasinya susah.daftar isian selalu berulang ulang.,True,79,10,2.2.1,0,Ya,"Terima kasih telah menginstall Aplikasi Trima, untuk kritik dan saran dapat Anda sampaikan ke customer service kami di +62 21 2924 9000.",2020-01-15 13:36:56,Sampel ulasan publik Play Store
3c80bc74-4632-467b-b223-1a6af79ce5c8,2026-09-25 23:20:20,https://play.google.com/store/apps/details?id=com.trimegah.trima,ID,id,3,0.5,50.0,Neutral,UI/UX & Performa (Loading/Navigasi),2020-01-14 17:44:01,2020,Saya registrasi susah ya,Saya registrasi susah ya,True,24,4,2.2.1,1,Ya,"Terima kasih telah menginstall Aplikasi Trima, untuk kritik dan saran dapat Anda sampaikan ke customer service kami di +62 21 2924 9000.",2020-01-15 09:41:37,Sampel ulasan publik Play Store
1acb16b1-8316-4221-a47d-564df2303fa6,2026-09-25 23:20:20,https://play.google.com/store/apps/details?id=com.trimegah.trima,ID,id,4,0.75,75.0,Positive,Apresiasi Umum & Kepuasan,2020-01-06 14:47:10,2020,Mantap,Mantap,True,6,1,2.2.0,0,Tidak,,,Sampel ulasan publik Play Store
eb528687-5851-4d48-874d-34b3437c4ee6,2026-09-25 23:20:20,https://play.google.com/store/apps/details?id=com.trimegah.trima,ID,id,1,0.0,0.0,Negative,Keluhan Umum Aplikasi,2020-01-06 09:42:57,2020,Aplikasi ini ada stop loss nya g ya?,Aplikasi ini ada stop loss nya g ya?,True,36,8,2.2.0,1,Ya,"Terima kasih telah menginstall Aplikasi Trima, untuk kritik dan saran dapat Anda sampaikan ke customer service kami di +62 21 2924 9000.",2020-01-12 20:29:50,Sampel ulasan publik Play Store
271b8b02-0de9-4b16-b711-8fe05e9c3d79,2026-09-25 23:20:20,https://play.google.com/store/apps/details?id=com.trimegah.trima,ID,id,1,0.0,0.0,Negative,Registrasi & Onboarding (KYC),2020-01-05 22:52:33,2020,Daftar ngak bisa upload ktp dll,Daftar ngak bisa upload ktp dll,True,31,6,Tidak Tercatat,0,Ya,"Terima kasih telah menginstall Aplikasi Trima, silahkan untuk mencoba kembali, untuk kritik dan saran dapat Anda sampaikan ke customer service kami di +62 21 2924 9000.",2020-01-12 20:30:36,Sampel ulasan publik Play Store
31815b02-c6a4-4255-86ba-3dcf6c42643d,2026-09-25 23:20:20,https://play.google.com/store/apps/details?id=com.trimegah.trima,ID,id,4,0.75,75.0,Positive,Apresiasi Umum & Kepuasan,2020-01-03 12:26:08,2020,Keren,Keren,True,5,1,1.2.29,0,Tidak,,,Sampel ulasan publik Play Store
ef2adc6d-8e5b-4d94-9614-ec215f44ed93,2026-09-25 23:20:20,https://play.google.com/store/apps/details?id=com.trimegah.trima,ID,id,5,1.0,100.0,Positive,Fitur Analisis & Data Pasar,2019-12-28 21:49:56,2019,Bagus yg sebelumnya chartnya ngga ada,Bagus yg sebelumnya chartnya ngga ada,True,37,6,2.2.0,0,Tidak,,,Sampel ulasan publik Play Store
fe15dba2-0f1d-4415-8cbd-c796d785889f,2026-09-25 23:20:20,https://play.google.com/store/apps/details?id=com.trimegah.trima,ID,id,4,0.75,75.0,Positive,Apresiasi Umum & Kepuasan,2019-12-28 20:58:46,2019,Oke,Oke,True,3,1,1.2.30,0,Tidak,,,Sampel ulasan publik Play Store
324e1935-2236-4390-bab9-3ca710072a63,2026-09-25 23:20:20,https://play.google.com/store/apps/details?id=com.trimegah.trima,ID,id,4,0.75,75.0,Positive,Apresiasi Umum & Kepuasan,2019-12-26 15:01:40,2019,"Simpel, praktis.","Simpel, praktis.",True,16,2,2.2.0,0,Tidak,,,Sampel ulasan publik Play Store
29a194bf-aadc-4127-a196-5e5403ce6ac4,2026-09-25 23:20:20,https://play.google.com/store/apps/details?id=com.trimegah.trima,ID,id,5,1.0,100.0,Positive,Apresiasi Umum & Kepuasan,2019-12-26 09:36:52,2019,Bagus,Bagus,True,5,1,2.0.1,0,Tidak,,,Sampel ulasan publik Play Store
f5edb796-5469-4b5f-8389-52a80cebd71a,2026-09-25 23:20:20,https://play.google.com/store/apps/details?id=com.trimegah.trima,ID,id,5,1.0,100.0,Positive,Apresiasi Umum & Kepuasan,2019-12-26 09:06:28,2019,Top,Top,True,3,1,2.0.1,0,Tidak,,,Sampel ulasan publik Play Store
e6813ce3-58ca-41d6-bc14-9af4f1dbf21a,2026-09-25 23:20:20,https://play.google.com/store/apps/details?id=com.trimegah.trima,ID,id,5,1.0,100.0,Positive,UI/UX & Performa (Loading/Navigasi),2019-12-26 05:43:48,2019,Lha ini setelah update baru bagus tingkatkan terus untuk chart biar real time,Lha ini setelah update baru bagus tingkatkan terus untuk chart biar real time,True,77,13,Tidak Tercatat,0,Tidak,,,Sampel ulasan publik Play Store
d845ab2d-0b5f-4008-abdc-e7818f41d2ef,2026-09-25 23:20:20,https://play.google.com/store/apps/details?id=com.trimegah.trima,ID,id,5,1.0,100.0,Positive,UI/UX & Performa (Loading/Navigasi),2019-12-24 09:36:46,2019,Cukup mudah digunakan. Masih perlu dikembangkan dengan menambah berbagai menu yang dibutuhkan trader.,Cukup mudah digunakan. Masih perlu dikembangkan dengan menambah berbagai menu yang dibutuhkan trader.,True,101,13,2.2.0,2,Tidak,,,Sampel ulasan publik Play Store
109ada7c-c917-4b31-9d05-ef1a49aa6b8d,2026-09-25 23:20:20,https://play.google.com/store/apps/details?id=com.trimegah.trima,ID,id,5,1.0,100.0,Positive,UI/UX & Performa (Loading/Navigasi),2019-12-24 09:22:43,2019,"Bagus,cuma sekali2 lambat","Bagus,cuma sekali2 lambat",True,25,3,2.2.0,0,Tidak,,,Sampel ulasan publik Play Store
1dbb6fa8-9363-4ac2-aeae-5dbd48b86de0,2026-09-25 23:20:20,https://play.google.com/store/apps/details?id=com.trimegah.trima,ID,id,5,1.0,100.0,Positive,Apresiasi Umum & Kepuasan,2019-12-24 06:21:11,2019,Perlu peningkatan histori saham,Perlu peningkatan histori saham,True,31,4,1.2.29,0,Tidak,,,Sampel ulasan publik Play Store
9106c0e7-e2e2-4a21-8178-ba4ffba622c3,2026-09-25 23:20:20,https://play.google.com/store/apps/details?id=com.trimegah.trima,ID,id,5,1.0,100.0,Positive,Apresiasi Umum & Kepuasan,2019-12-23 22:43:09,2019,Apps bagus... Tinggal tambahin feature Stop-Loss,Apps bagus... Tinggal tambahin feature Stop-Loss,True,48,6,2.0.1,0,Tidak,,,Sampel ulasan publik Play Store
7e4124a7-2063-4b07-92bb-8d12aa4c9e5c,2026-09-25 23:20:20,https://play.google.com/store/apps/details?id=com.trimegah.trima,ID,id,5,1.0,100.0,Positive,Apresiasi Umum & Kepuasan,2019-12-22 03:09:27,2019,Sangat mudah d pahami..mantap..,Sangat mudah d pahami..mantap..,True,31,4,2.0.1,0,Tidak,,,Sampel ulasan publik Play Store
0bb409bf-1dc3-4134-809b-5c5e8a7141c8,2026-09-25 23:20:20,https://play.google.com/store/apps/details?id=com.trimegah.trima,ID,id,1,0.0,0.0,Negative,Registrasi & Onboarding (KYC),2019-12-17 03:45:53,2019,Tidak bisa registrasi,Tidak bisa registrasi,True,21,3,Tidak Tercatat,0,Ya,"Terima kasih telah menginstall Aplikasi Trima, silahkan untuk mencoba kembali, untuk kritik dan saran dapat Anda sampaikan ke customer service kami di +62 21 2924 9000.",2020-01-12 20:32:09,Sampel ulasan publik Play Store
d8bbd612-6bef-4588-9c4f-41eee5fdd17a,2026-09-25 23:20:20,https://play.google.com/store/apps/details?id=com.trimegah.trima,ID,id,5,1.0,100.0,Positive,Apresiasi Umum & Kepuasan,2019-12-16 19:03:17,2019,Ok,Ok,True,2,1,1.2.29,0,Tidak,,,Sampel ulasan publik Play Store
bee93c85-d54b-430e-a3f8-0e832fcf74a6,2026-09-25 23:20:20,https://play.google.com/store/apps/details?id=com.trimegah.trima,ID,id,5,1.0,100.0,Positive,Fitur Analisis & Data Pasar,2019-12-12 23:13:02,2019,Sangat baguss rekomendasi bwt pemula.. dgn apk ini simpel,Sangat baguss rekomendasi bwt pemula.. dgn apk ini simpel,True,57,9,Tidak Tercatat,0,Tidak,,,Sampel ulasan publik Play Store
b02a493f-09a1-47f4-a397-80e8317e6e87,2026-09-25 23:20:20,https://play.google.com/store/apps/details?id=com.trimegah.trima,ID,id,5,1.0,100.0,Positive,Apresiasi Umum & Kepuasan,2019-12-12 22:47:47,2019,Mudah d mengerti cocok banget.. 👍👍👍👍,Mudah d mengerti cocok banget.. 👍👍👍👍,True,36,6,Tidak Tercatat,0,Tidak,,,Sampel ulasan publik Play Store
683287bd-09c4-4e73-b705-53d93b50c2d5,2026-09-25 23:20:20,https://play.google.com/store/apps/details?id=com.trimegah.trima,ID,id,5,1.0,100.0,Positive,Apresiasi Umum & Kepuasan,2019-12-09 16:45:22,2019,Mantab,Mantab,True,6,1,Tidak Tercatat,0,Tidak,,,Sampel ulasan publik Play Store
4079afc2-21b6-41b5-985a-ce11bb99d0be,2026-09-25 23:20:20,https://play.google.com/store/apps/details?id=com.trimegah.trima,ID,id,3,0.5,50.0,Neutral,Registrasi & Onboarding (KYC),2019-12-04 00:58:15,2019,Apakah untuk registrasi bisa dilakukan full online atau harus ada berkas yg dikirimkan ya ?,Apakah untuk registrasi bisa dilakukan full online atau harus ada berkas yg dikirimkan ya ?,True,91,15,2.0.1,1,Tidak,,,Sampel ulasan publik Play Store
f9b8ade0-c98a-4f21-a9d8-8759a7fa7509,2026-09-25 23:20:20,https://play.google.com/store/apps/details?id=com.trimegah.trima,ID,id,3,0.5,50.0,Neutral,Registrasi & Onboarding (KYC),2019-11-27 13:29:04,2019,"Ketika daftar tidak bisa upload atau scan data, gimana tu?","Ketika daftar tidak bisa upload atau scan data, gimana tu?",True,58,10,2.0.1,1,Tidak,,,Sampel ulasan publik Play Store
7a86fff5-ed0b-4e0f-9d7d-eea1c8bf4873,2026-09-25 23:20:20,https://play.google.com/store/apps/details?id=com.trimegah.trima,ID,id,3,0.5,50.0,Neutral,Stabilitas Sistem & Bug (Crash/Error),2019-11-20 14:26:57,2019,Setelah diupdate kok makin sering error aplikasinya..,Setelah diupdate kok makin sering error aplikasinya..,True,53,7,2.0.1,0,Ya,"Terima kasih telah menginstall Aplikasi Trima, silahkan untuk mengupdate ke versi 2.2.1, untuk kritik dan saran dapat Anda sampaikan ke customer service kami di +62 21 2924 9000.",2020-01-12 20:36:36,Sampel ulasan publik Play Store
57261eb3-2da6-4ddb-9acc-06365f4bf8c6,2026-09-25 23:20:20,https://play.google.com/store/apps/details?id=com.trimegah.trima,ID,id,4,0.75,75.0,Positive,Apresiasi Umum & Kepuasan,2019-11-19 18:59:16,2019,Mantaaapppp......,Mantaaapppp......,True,17,1,2.0.1,0,Tidak,,,Sampel ulasan publik Play Store
434e90a9-ea48-49e3-a7d8-4eb1f51e1f1d,2026-09-25 23:20:20,https://play.google.com/store/apps/details?id=com.trimegah.trima,ID,id,5,1.0,100.0,Positive,UI/UX & Performa (Loading/Navigasi),2019-11-15 10:24:48,2019,Mantap untuk tampilan yg baru. Cocok!,Mantap untuk tampilan yg baru. Cocok!,True,37,6,2.0.0,5,Tidak,,,Sampel ulasan publik Play Store
57a6c7a0-a090-49f7-a5a7-71be7ddd3ed4,2026-09-25 23:20:20,https://play.google.com/store/apps/details?id=com.trimegah.trima,ID,id,3,0.5,50.0,Neutral,Registrasi & Onboarding (KYC),2019-11-13 09:41:27,2019,tolong dibantu untuk pendaftaran baru karena tidak ada tutorial untuk daftar nya,tolong dibantu untuk pendaftaran baru karena tidak ada tutorial untuk daftar nya,True,80,12,1.2.31,0,Tidak,,,Sampel ulasan publik Play Store
69571347-0dfc-480c-8ac0-911a6bdf28d1,2026-09-25 23:20:20,https://play.google.com/store/apps/details?id=com.trimegah.trima,ID,id,4,0.75,75.0,Positive,Apresiasi Umum & Kepuasan,2019-11-11 00:08:22,2019,Good view aps,Good view aps,True,13,3,1.2.31,0,Tidak,,,Sampel ulasan publik Play Store
05983580-ae17-47e0-9815-6856f5a7bf74,2026-09-25 23:20:20,https://play.google.com/store/apps/details?id=com.trimegah.trima,ID,id,4,0.75,75.0,Positive,Apresiasi Umum & Kepuasan,2019-10-24 10:54:20,2019,Bagus,Bagus,True,5,1,1.2.30,0,Tidak,,,Sampel ulasan publik Play Store
0177cb46-51cb-4f78-8368-7da1e6bb40d7,2026-09-25 23:20:20,https://play.google.com/store/apps/details?id=com.trimegah.trima,ID,id,2,0.25,25.0,Negative,Keluhan Umum Aplikasi,2019-10-12 17:48:26,2019,sudah punya user tpi kok klo msuk selalu g bisa. pdhal pswort sdh bener dicek berulang kali. gmna sih caranya?,sudah punya user tpi kok klo msuk selalu g bisa. pdhal pswort sdh bener dicek berulang kali. gmna sih caranya?,True,110,20,1.2.29,0,Ya,"Terima kasih telah menginstall Aplikasi Trima, silahkan untuk mengupdate ke versi 2.2.1, untuk kritik dan saran dapat Anda sampaikan ke customer service kami di +62 21 2924 9000.",2020-01-12 20:38:43,Sampel ulasan publik Play Store
0a779107-7bb7-4079-98f7-ecc3ce2ef080,2026-09-25 23:20:20,https://play.google.com/store/apps/details?id=com.trimegah.trima,ID,id,5,1.0,100.0,Positive,Apresiasi Umum & Kepuasan,2019-09-20 14:04:03,2019,Ok,Ok,True,2,1,1.2.29,0,Tidak,,,Sampel ulasan publik Play Store
569e760e-5d88-4ac2-af26-5a55e00c796e,2026-09-25 23:20:20,https://play.google.com/store/apps/details?id=com.trimegah.trima,ID,id,3,0.5,50.0,Neutral,Transaksi & Portofolio Saham,2019-09-20 08:36:10,2019,Saran saya mohon ditambahi fitur automatic order (stop loss) biar tidak keblabasan. Terimakasih,Saran saya mohon ditambahi fitur automatic order (stop loss) biar tidak keblabasan. Terimakasih,True,95,13,1.2.29,0,Tidak,,,Sampel ulasan publik Play Store
81353b1b-5ae9-4486-b355-a1a219b89743,2026-09-25 23:20:20,https://play.google.com/store/apps/details?id=com.trimegah.trima,ID,id,5,1.0,100.0,Positive,Apresiasi Umum & Kepuasan,2019-09-18 05:43:04,2019,Bagus👍,Bagus👍,True,6,1,Tidak Tercatat,0,Tidak,,,Sampel ulasan publik Play Store
90cf7172-18b3-4b54-852f-fd578d14dfaf,2026-09-25 23:20:20,https://play.google.com/store/apps/details?id=com.trimegah.trima,ID,id,1,0.0,0.0,Negative,UI/UX & Performa (Loading/Navigasi),2019-09-15 05:26:07,2019,"Tolong diperbaiki, bagi anggota baru yang ingin mendaftar tidak bisa, ketika klik ""daftar"" atau ""sign up"" selalu muncul web Trimegah dengan saran untuk install aplikasi, padahal saya sudah 2 kali install & uinstall tapi tetap tidak bisa. Saya akan ganti rating/bintang jika sudah di respon. Terima kasih","Tolong diperbaiki, bagi anggota baru yang ingin mendaftar tidak bisa, ketika klik ""daftar"" atau ""sign up"" selalu muncul web Trimegah dengan saran untuk install aplikasi, padahal saya sudah 2 kali install & uinstall tapi tetap tidak bisa. Saya akan ganti rating/bintang jika sudah di respon. Terima kasih",True,303,47,Tidak Tercatat,0,Ya,"Terima kasih telah menginstall Aplikasi Trima, silahkan untuk mencoba kembali, untuk kritik dan saran dapat Anda sampaikan ke customer service kami di +62 21 2924 9000.",2020-01-13 06:05:33,Sampel ulasan publik Play Store
f812bf37-8796-46c6-8e6e-453373c1e953,2026-09-25 23:20:20,https://play.google.com/store/apps/details?id=com.trimegah.trima,ID,id,5,1.0,100.0,Positive,Apresiasi Umum & Kepuasan,2019-09-12 02:50:19,2019,Baru cobq,Baru cobq,True,9,2,Tidak Tercatat,0,Tidak,,,Sampel ulasan publik Play Store
778209b4-63f1-4fd2-8dee-98ff3252cab0,2026-09-25 23:20:20,https://play.google.com/store/apps/details?id=com.trimegah.trima,ID,id,4,0.75,75.0,Positive,Apresiasi Umum & Kepuasan,2019-09-11 09:48:53,2019,Cocok untuk saya,Cocok untuk saya,True,16,3,1.2.29,0,Tidak,,,Sampel ulasan publik Play Store
5b16ce8e-7a29-49e9-8d14-b6b23cfb68bb,2026-09-25 23:20:20,https://play.google.com/store/apps/details?id=com.trimegah.trima,ID,id,3,0.5,50.0,Neutral,Netral / Saran Umum,2019-09-09 17:00:29,2019,"Sudah 2 hari buat eform trima, kok belum dapat kiriman user IDnya,berapa lama prosesnya?","Sudah 2 hari buat eform trima, kok belum dapat kiriman user IDnya,berapa lama prosesnya?",True,88,14,1.2.29,1,Tidak,,,Sampel ulasan publik Play Store
d08cc4df-ce6e-44af-9c93-783d7baa78ae,2026-09-25 23:20:20,https://play.google.com/store/apps/details?id=com.trimegah.trima,ID,id,2,0.25,25.0,Negative,Keluhan Umum Aplikasi,2019-09-06 18:19:21,2019,Jaringan Lalod.,Jaringan Lalod.,True,15,2,1.2.29,1,Ya,"Terima kasih telah menginstall Aplikasi Trima, untuk kritik dan saran dapat Anda sampaikan ke customer service kami di +62 21 2924 9000.",2020-01-13 06:06:21,Sampel ulasan publik Play Store
e9f51f37-48ca-4fe4-8dcf-aea4cf4caea5,2026-09-25 23:20:20,https://play.google.com/store/apps/details?id=com.trimegah.trima,ID,id,2,0.25,25.0,Negative,Registrasi & Onboarding (KYC),2019-09-04 14:09:17,2019,Kaya apa daftar akun barunya...,Kaya apa daftar akun barunya...,True,31,5,1.2.29,0,Ya,"Terima kasih telah menginstall Aplikasi Trima, untuk kritik dan saran dapat Anda sampaikan ke customer service kami di +62 21 2924 9000.",2020-01-13 06:07:15,Sampel ulasan publik Play Store
584ff3af-4123-49bc-90c2-5a2ea5d6bd5d,2026-09-25 23:20:20,https://play.google.com/store/apps/details?id=com.trimegah.trima,ID,id,4,0.75,75.0,Positive,Apresiasi Umum & Kepuasan,2019-09-03 12:18:03,2019,Thankss..,Thankss..,True,9,1,1.2.29,0,Tidak,,,Sampel ulasan publik Play Store
528af8cf-83cf-4dbf-8482-845eebcfa9f6,2026-09-25 23:20:20,https://play.google.com/store/apps/details?id=com.trimegah.trima,ID,id,5,1.0,100.0,Positive,UI/UX & Performa (Loading/Navigasi),2019-09-02 20:46:49,2019,Keep always update,Keep always update,True,18,3,1.2.29,0,Tidak,,,Sampel ulasan publik Play Store
58c06c3f-c0fb-42bd-bc1b-054c7577aba3,2026-09-25 23:20:20,https://play.google.com/store/apps/details?id=com.trimegah.trima,ID,id,5,1.0,100.0,Positive,Apresiasi Umum & Kepuasan,2019-09-02 13:20:45,2019,Mantap,Mantap,True,6,1,1.2.29,0,Tidak,,,Sampel ulasan publik Play Store
79c3993a-8da5-4f12-b968-b83cb722bcd1,2026-09-25 23:20:20,https://play.google.com/store/apps/details?id=com.trimegah.trima,ID,id,5,1.0,100.0,Positive,Apresiasi Umum & Kepuasan,2019-09-02 09:05:55,2019,Memuaskan,Memuaskan,True,9,1,1.2.29,0,Tidak,,,Sampel ulasan publik Play Store
5a7029ee-dbe8-45ec-b59a-3fcdf89d6762,2026-09-25 23:20:20,https://play.google.com/store/apps/details?id=com.trimegah.trima,ID,id,2,0.25,25.0,Negative,Keluhan Umum Aplikasi,2019-09-02 09:04:34,2019,Baik,Baik,True,4,1,1.2.29,0,Ya,"Terima kasih telah menginstall Aplikasi Trima, untuk kritik dan saran dapat Anda sampaikan ke customer service kami di +62 21 2924 9000.",2020-01-13 06:08:46,Sampel ulasan publik Play Store
9d7cd717-a537-4e91-a26f-728307930ab2,2026-09-25 23:20:20,https://play.google.com/store/apps/details?id=com.trimegah.trima,ID,id,3,0.5,50.0,Neutral,Netral / Saran Umum,2019-09-02 05:27:14,2019,Ok,Ok,True,2,1,1.2.29,0,Tidak,,,Sampel ulasan publik Play Store
611c9af8-03a0-40f5-8029-9b17a6adbfae,2026-09-25 23:20:20,https://play.google.com/store/apps/details?id=com.trimegah.trima,ID,id,5,1.0,100.0,Positive,Apresiasi Umum & Kepuasan,2019-09-01 12:14:38,2019,Cepat,Cepat,True,5,1,1.2.29,0,Tidak,,,Sampel ulasan publik Play Store
b330f3b9-c9c0-4801-af99-7e2ed465255a,2026-09-25 23:20:20,https://play.google.com/store/apps/details?id=com.trimegah.trima,ID,id,5,1.0,100.0,Positive,Apresiasi Umum & Kepuasan,2019-09-01 08:15:38,2019,Ok,Ok,True,2,1,1.2.29,0,Tidak,,,Sampel ulasan publik Play Store
87f25727-b95b-4371-806b-de9367ba3399,2026-09-25 23:20:20,https://play.google.com/store/apps/details?id=com.trimegah.trima,ID,id,5,1.0,100.0,Positive,Apresiasi Umum & Kepuasan,2019-08-31 22:15:40,2019,good,good,True,4,1,1.2.29,0,Tidak,,,Sampel ulasan publik Play Store
735566e5-8333-42c0-92d5-e6544c8b8bed,2026-09-25 23:20:20,https://play.google.com/store/apps/details?id=com.trimegah.trima,ID,id,5,1.0,100.0,Positive,UI/UX & Performa (Loading/Navigasi),2019-08-31 21:07:58,2019,"Terimakasih TRIMA, melalui aplikasi ini saya lebih paham trading dan investasi saham dengan keuntungan yang memuaskan. TRIMA Tepat, Reliable, Informatif, Mudah, Akurat.","Terimakasih TRIMA, melalui aplikasi ini saya lebih paham trading dan investasi saham dengan keuntungan yang memuaskan. TRIMA Tepat, Reliable, Informatif, Mudah, Akurat.",True,168,22,1.2.29,2,Tidak,,,Sampel ulasan publik Play Store
461312b0-4a71-47b7-a495-a5926a58c888,2026-09-25 23:20:20,https://play.google.com/store/apps/details?id=com.trimegah.trima,ID,id,5,1.0,100.0,Positive,Apresiasi Umum & Kepuasan,2019-08-26 12:52:59,2019,Good job,Good job,True,8,2,1.2.29,0,Tidak,,,Sampel ulasan publik Play Store
50956215-a826-473e-869d-c8bc571a12c1,2026-09-25 23:20:20,https://play.google.com/store/apps/details?id=com.trimegah.trima,ID,id,5,1.0,100.0,Positive,Apresiasi Umum & Kepuasan,2019-08-26 12:06:24,2019,Bagus sekali,Bagus sekali,True,12,2,1.2.29,0,Tidak,,,Sampel ulasan publik Play Store
0b33cd69-c304-40ff-a72e-b54df593443a,2026-09-25 23:20:20,https://play.google.com/store/apps/details?id=com.trimegah.trima,ID,id,4,0.75,75.0,Positive,Apresiasi Umum & Kepuasan,2019-08-25 17:54:04,2019,Bagus,Bagus,True,5,1,Tidak Tercatat,0,Tidak,,,Sampel ulasan publik Play Store
6c249df4-32c8-42bf-8a06-0750c4e99f4c,2026-09-25 23:20:20,https://play.google.com/store/apps/details?id=com.trimegah.trima,ID,id,5,1.0,100.0,Positive,Apresiasi Umum & Kepuasan,2019-08-23 14:53:38,2019,Bagus sekali,Bagus sekali,True,12,2,Tidak Tercatat,0,Tidak,,,Sampel ulasan publik Play Store
19c7ad7b-3b1d-4f06-858e-2e62be7639e2,2026-09-25 23:20:20,https://play.google.com/store/apps/details?id=com.trimegah.trima,ID,id,5,1.0,100.0,Positive,Apresiasi Umum & Kepuasan,2019-08-23 14:14:03,2019,mantap,mantap,True,6,1,1.2.29,0,Tidak,,,Sampel ulasan publik Play Store
d0914d52-2fbc-4423-a741-9cf51289c1c6,2026-09-25 23:20:20,https://play.google.com/store/apps/details?id=com.trimegah.trima,ID,id,5,1.0,100.0,Positive,Apresiasi Umum & Kepuasan,2019-08-23 13:01:56,2019,Bagus.,Bagus.,True,6,1,Tidak Tercatat,0,Tidak,,,Sampel ulasan publik Play Store
3ccfb517-cbdc-4adc-a8d7-8503e47d1a00,2026-09-25 23:20:20,https://play.google.com/store/apps/details?id=com.trimegah.trima,ID,id,5,1.0,100.0,Positive,Apresiasi Umum & Kepuasan,2019-08-23 12:39:52,2019,Bagus,Bagus,True,5,1,1.2.29,0,Tidak,,,Sampel ulasan publik Play Store
1afb0374-76d5-48c4-a37d-1891a2b24238,2026-09-25 23:20:20,https://play.google.com/store/apps/details?id=com.trimegah.trima,ID,id,5,1.0,100.0,Positive,Customer Service & Layanan,2019-08-23 11:31:15,2019,Pelayanan memuaskan,Pelayanan memuaskan,True,19,2,Tidak Tercatat,0,Tidak,,,Sampel ulasan publik Play Store
60316082-a63a-4c1d-8c8e-eabaf4cbb57c,2026-09-25 23:20:20,https://play.google.com/store/apps/details?id=com.trimegah.trima,ID,id,5,1.0,100.0,Positive,Apresiasi Umum & Kepuasan,2019-08-23 10:40:29,2019,Mantap.,Mantap.,True,7,1,1.2.29,0,Tidak,,,Sampel ulasan publik Play Store
e8eea455-c947-4507-8478-c3794b651d6b,2026-09-25 23:20:20,https://play.google.com/store/apps/details?id=com.trimegah.trima,ID,id,5,1.0,100.0,Positive,Apresiasi Umum & Kepuasan,2019-08-23 09:41:48,2019,Ok,Ok,True,2,1,1.2.29,0,Tidak,,,Sampel ulasan publik Play Store
e44ecd4c-c24e-4689-bb30-2fd3de9f8bd2,2026-09-25 23:20:20,https://play.google.com/store/apps/details?id=com.trimegah.trima,ID,id,5,1.0,100.0,Positive,Apresiasi Umum & Kepuasan,2019-08-23 09:28:44,2019,ok,ok,True,2,1,1.2.29,0,Tidak,,,Sampel ulasan publik Play Store
4a0c2a71-774a-496e-b6a0-9670d78ce5b7,2026-09-25 23:20:20,https://play.google.com/store/apps/details?id=com.trimegah.trima,ID,id,5,1.0,100.0,Positive,Apresiasi Umum & Kepuasan,2019-08-23 09:02:56,2019,Mantap...sangat mudah dipelajari,Mantap...sangat mudah dipelajari,True,32,3,1.2.29,0,Tidak,,,Sampel ulasan publik Play Store
1c304b4d-4b94-431b-8ea8-754e73a45315,2026-09-25 23:20:20,https://play.google.com/store/apps/details?id=com.trimegah.trima,ID,id,5,1.0,100.0,Positive,Apresiasi Umum & Kepuasan,2019-08-23 09:00:34,2019,👍👍👍,👍👍👍,True,3,1,1.2.29,0,Tidak,,,Sampel ulasan publik Play Store
2406597b-3036-4b33-8881-7fc169d0ffbb,2026-09-25 23:20:20,https://play.google.com/store/apps/details?id=com.trimegah.trima,ID,id,5,1.0,100.0,Positive,Apresiasi Umum & Kepuasan,2019-08-23 08:34:15,2019,Oke,Oke,True,3,1,1.2.29,0,Tidak,,,Sampel ulasan publik Play Store
be0d65cd-d9b0-436e-b658-c002bcc741b9,2026-09-25 23:20:20,https://play.google.com/store/apps/details?id=com.trimegah.trima,ID,id,5,1.0,100.0,Positive,Apresiasi Umum & Kepuasan,2019-08-23 08:18:34,2019,Ok,Ok,True,2,1,1.2.29,0,Tidak,,,Sampel ulasan publik Play Store
b22c4268-1ee5-4334-9abb-f410312b5cfe,2026-09-25 23:20:20,https://play.google.com/store/apps/details?id=com.trimegah.trima,ID,id,5,1.0,100.0,Positive,Apresiasi Umum & Kepuasan,2019-08-23 07:51:30,2019,aplikasi trading online favorit,aplikasi trading online favorit,True,31,4,1.2.29,0,Tidak,,,Sampel ulasan publik Play Store
92b08d92-b7f6-4951-ac6a-8521a39c2b26,2026-09-25 23:20:20,https://play.google.com/store/apps/details?id=com.trimegah.trima,ID,id,5,1.0,100.0,Positive,Apresiasi Umum & Kepuasan,2019-08-23 06:21:55,2019,Ok,Ok,True,2,1,1.2.29,0,Tidak,,,Sampel ulasan publik Play Store
306f8650-8c18-44d0-8e2b-f2f9ceabb5ab,2026-09-25 23:20:20,https://play.google.com/store/apps/details?id=com.trimegah.trima,ID,id,5,1.0,100.0,Positive,Apresiasi Umum & Kepuasan,2019-08-23 06:17:01,2019,Ok,Ok,True,2,1,1.2.29,0,Tidak,,,Sampel ulasan publik Play Store
b60ee547-1775-4e8f-ad83-0f0b7962513f,2026-09-25 23:20:20,https://play.google.com/store/apps/details?id=com.trimegah.trima,ID,id,5,1.0,100.0,Positive,Apresiasi Umum & Kepuasan,2019-08-22 22:52:25,2019,"Mantaaaps..., informatif, mudah penggunaannya, siiip.","Mantaaaps..., informatif, mudah penggunaannya, siiip.",True,53,5,1.2.29,0,Tidak,,,Sampel ulasan publik Play Store
a8abf7e8-670d-42db-ab06-3cabe6e48062,2026-09-25 23:20:20,https://play.google.com/store/apps/details?id=com.trimegah.trima,ID,id,5,1.0,100.0,Positive,Apresiasi Umum & Kepuasan,2019-08-22 22:11:47,2019,Bagus,Bagus,True,5,1,Tidak Tercatat,0,Tidak,,,Sampel ulasan publik Play Store
fbb91863-9ecb-46c8-a5ac-fe480500a0ca,2026-09-25 23:20:20,https://play.google.com/store/apps/details?id=com.trimegah.trima,ID,id,5,1.0,100.0,Positive,Apresiasi Umum & Kepuasan,2019-08-22 20:48:40,2019,Bagus sekali,Bagus sekali,True,12,2,1.2.29,0,Tidak,,,Sampel ulasan publik Play Store
4f77fa1b-1019-4726-8968-ed3710d7493f,2026-09-25 23:20:20,https://play.google.com/store/apps/details?id=com.trimegah.trima,ID,id,3,0.5,50.0,Neutral,Login & Autentikasi,2019-08-22 19:39:54,2019,"sering susah masuk, dg hp dan internet yg sama unt aplikasi mirae bisa conect","sering susah masuk, dg hp dan internet yg sama unt aplikasi mirae bisa conect",True,77,14,1.2.29,0,Tidak,,,Sampel ulasan publik Play Store
b445e8ab-abab-4218-91b4-b959532879c4,2026-09-25 23:20:20,https://play.google.com/store/apps/details?id=com.trimegah.trima,ID,id,5,1.0,100.0,Positive,Apresiasi Umum & Kepuasan,2019-08-22 19:35:02,2019,Okay,Okay,True,4,1,1.2.29,0,Tidak,,,Sampel ulasan publik Play Store
65e1c11e-ecd0-4563-be31-0a08ca9ebc3c,2026-09-25 23:20:20,https://play.google.com/store/apps/details?id=com.trimegah.trima,ID,id,5,1.0,100.0,Positive,Apresiasi Umum & Kepuasan,2019-07-31 16:19:58,2019,sangat bagus dan mudah menjalankan nya,sangat bagus dan mudah menjalankan nya,True,38,6,Tidak Tercatat,0,Tidak,,,Sampel ulasan publik Play Store
fba7ac77-412c-4812-a50c-67953304611e,2026-09-25 23:20:20,https://play.google.com/store/apps/details?id=com.trimegah.trima,ID,id,1,0.0,0.0,Negative,Login & Autentikasi,2019-07-15 10:52:16,2019,"aplikasi trading saham paling buruk yang pernah ada! chartnya makan waktu sangat lama untuk loading. sering nge skip juga chartnya kayak hari ini saya buka chart tlkm yang ke load tanggal 26 juni kanannya langsung 15 juli hari diantara 26 juni ama 15 julinya gak muncul di chart. login sering gagal, seri host unresolved, portofolio sering gak muncul dan gak bisa di lihat sama sekali. walaupun saya makai trimegah saya tidak pernah merekomendasikan trimegah ke siapapun.","aplikasi trading saham paling buruk yang pernah ada! chartnya makan waktu sangat lama untuk loading. sering nge skip juga chartnya kayak hari ini saya buka chart tlkm yang ke load tanggal 26 juni kanannya langsung 15 juli hari diantara 26 juni ama 15 julinya gak muncul di chart. login sering gagal, seri host unresolved, portofolio sering gak muncul dan gak bisa di lihat sama sekali. walaupun saya makai trimegah saya tidak pernah merekomendasikan trimegah ke siapapun.",True,471,76,1.2.29,2,Ya,"Terima kasih telah menginstall Aplikasi Trima, silahkan untuk mengupdate ke versi 2.2.1, untuk kritik dan saran dapat Anda sampaikan ke customer service kami di +62 21 2924 9000.",2020-01-13 06:11:02,Sampel ulasan publik Play Store
21e6d129-d3b9-4288-afbf-34a1e9f83597,2026-09-25 23:20:20,https://play.google.com/store/apps/details?id=com.trimegah.trima,ID,id,5,1.0,100.0,Positive,Apresiasi Umum & Kepuasan,2019-07-14 09:28:37,2019,bagus,bagus,True,5,1,Tidak Tercatat,0,Tidak,,,Sampel ulasan publik Play Store
74e60694-2fcb-454f-8d38-232c9c6ea0ce,2026-09-25 23:20:20,https://play.google.com/store/apps/details?id=com.trimegah.trima,ID,id,5,1.0,100.0,Positive,Login & Autentikasi,2019-07-08 13:24:42,2019,selalu lupa kata sandi,selalu lupa kata sandi,True,22,4,1.2.28,0,Tidak,,,Sampel ulasan publik Play Store
f1bb43ea-24a7-42a2-ae07-6d66a28ef235,2026-09-25 23:20:20,https://play.google.com/store/apps/details?id=com.trimegah.trima,ID,id,5,1.0,100.0,Positive,Apresiasi Umum & Kepuasan,2019-07-01 18:53:18,2019,bagus,bagus,True,5,1,1.2.28,0,Tidak,,,Sampel ulasan publik Play Store
ec062d9d-2626-41d5-bd14-94113f9190e5,2026-09-25 23:20:20,https://play.google.com/store/apps/details?id=com.trimegah.trima,ID,id,5,1.0,100.0,Positive,Apresiasi Umum & Kepuasan,2019-07-01 11:38:59,2019,Sangat membantu dlm berinvestasi,Sangat membantu dlm berinvestasi,True,32,4,1.2.29,0,Tidak,,,Sampel ulasan publik Play Store
52baea42-9cc0-4f2d-9cb1-310322e6e850,2026-09-25 23:20:20,https://play.google.com/store/apps/details?id=com.trimegah.trima,ID,id,5,1.0,100.0,Positive,Registrasi & Onboarding (KYC),2019-06-26 20:35:43,2019,"maaf min, apakah sudah melayani registrasi tanpa kirim berkas fisik makasih","maaf min, apakah sudah melayani registrasi tanpa kirim berkas fisik makasih",True,75,11,Tidak Tercatat,1,Tidak,,,Sampel ulasan publik Play Store
153b4226-1e47-4e8f-8cf3-08836e638b7f,2026-09-25 23:20:20,https://play.google.com/store/apps/details?id=com.trimegah.trima,ID,id,5,1.0,100.0,Positive,Apresiasi Umum & Kepuasan,2019-06-21 23:10:40,2019,coba,coba,True,4,1,Tidak Tercatat,0,Tidak,,,Sampel ulasan publik Play Store
f045c54e-0dba-4a0d-8550-b9a1f2831f38,2026-09-25 23:20:20,https://play.google.com/store/apps/details?id=com.trimegah.trima,ID,id,5,1.0,100.0,Positive,Apresiasi Umum & Kepuasan,2019-06-19 15:20:46,2019,belajar bro,belajar bro,True,11,2,1.2.29,0,Tidak,,,Sampel ulasan publik Play Store
96c8a5e1-5cbd-416b-b07d-0cbaea69655a,2026-09-25 23:20:20,https://play.google.com/store/apps/details?id=com.trimegah.trima,ID,id,1,0.0,0.0,Negative,Stabilitas Sistem & Bug (Crash/Error),2019-06-19 13:11:22,2019,"Sudah diinstall, klik daftar, muncul error ERROR untuk pemilik situs: Domain tidak valid untuk kunci situs reCAPTCHA Mohon diperbaiki. Terima kasih","Sudah diinstall, klik daftar, muncul error ERROR untuk pemilik situs: Domain tidak valid untuk kunci situs reCAPTCHA Mohon diperbaiki. Terima kasih",True,147,21,1.2.29,5,Ya,"Terima kasih telah menginstall Aplikasi Trima, silahkan dicoba kembali, untuk kritik dan saran dapat Anda sampaikan ke customer service kami di +62 21 2924 9000.",2020-01-13 06:12:54,Sampel ulasan publik Play Store
41c08b04-38a5-4015-a0e8-ca0f115e5c6c,2026-09-25 23:20:20,https://play.google.com/store/apps/details?id=com.trimegah.trima,ID,id,5,1.0,100.0,Positive,Apresiasi Umum & Kepuasan,2019-06-17 11:26:21,2019,okey,okey,True,4,1,1.2.28,0,Tidak,,,Sampel ulasan publik Play Store
e061e986-e81f-4e99-b6b6-1e0a85ab8444,2026-09-25 23:20:20,https://play.google.com/store/apps/details?id=com.trimegah.trima,ID,id,5,1.0,100.0,Positive,Apresiasi Umum & Kepuasan,2019-06-15 17:10:02,2019,top,top,True,3,1,1.2.28,0,Tidak,,,Sampel ulasan publik Play Store
f505e1e6-f676-48bf-9df2-2a2c0b03e10a,2026-09-25 23:20:20,https://play.google.com/store/apps/details?id=com.trimegah.trima,ID,id,5,1.0,100.0,Positive,Apresiasi Umum & Kepuasan,2019-06-13 09:19:38,2019,good,good,True,4,1,1.2.29,0,Tidak,,,Sampel ulasan publik Play Store
6dceb332-116e-4e93-9fcc-7f77ae1dbd04,2026-09-25 23:20:20,https://play.google.com/store/apps/details?id=com.trimegah.trima,ID,id,1,0.0,0.0,Negative,Keluhan Umum Aplikasi,2019-06-12 20:21:48,2019,ga ada trailing stop dan stoploss :),ga ada trailing stop dan stoploss :),True,36,7,1.2.29,2,Ya,"Terima kasih telah menginstall Aplikasi Trima, untuk kritik dan saran dapat Anda sampaikan ke customer service kami di +62 21 2924 9000.",2020-01-13 06:14:20,Sampel ulasan publik Play Store
f7066452-3c9b-4d18-b296-e4cdf5b56c2d,2026-09-25 23:20:20,https://play.google.com/store/apps/details?id=com.trimegah.trima,ID,id,3,0.5,50.0,Neutral,Registrasi & Onboarding (KYC),2019-06-11 10:00:02,2019,"bisa minta bantuan, terkait captcha tidak muncul saat mendaftar?","bisa minta bantuan, terkait captcha tidak muncul saat mendaftar?",True,64,9,1.2.29,3,Tidak,,,Sampel ulasan publik Play Store
50f9f343-0273-4fdc-b0b7-8b2f9b450959,2026-09-25 23:20:20,https://play.google.com/store/apps/details?id=com.trimegah.trima,ID,id,5,1.0,100.0,Positive,Apresiasi Umum & Kepuasan,2019-06-10 09:06:05,2019,okey,okey,True,4,1,1.2.28,0,Tidak,,,Sampel ulasan publik Play Store
2626ccaa-c8ca-4a02-928b-6d9e69f8587f,2026-09-25 23:20:20,https://play.google.com/store/apps/details?id=com.trimegah.trima,ID,id,1,0.0,0.0,Negative,Keluhan Umum Aplikasi,2019-06-08 20:26:34,2019,captcha tdk muncul,captcha tdk muncul,True,18,3,Tidak Tercatat,0,Ya,"Terima kasih telah menginstall Aplikasi Trima, silahkan dicoba kembali, untuk kritik dan saran dapat Anda sampaikan ke customer service kami di +62 21 2924 9000.",2020-01-13 06:15:13,Sampel ulasan publik Play Store
2e47742a-8d2f-4249-a137-6b5194e0b55c,2026-09-25 23:20:20,https://play.google.com/store/apps/details?id=com.trimegah.trima,ID,id,5,1.0,100.0,Positive,Apresiasi Umum & Kepuasan,2019-06-07 16:28:42,2019,keren,keren,True,5,1,1.2.29,0,Tidak,,,Sampel ulasan publik Play Store
9bd5d847-28fe-4b54-bd97-55b1f5d1de33,2026-09-25 23:20:20,https://play.google.com/store/apps/details?id=com.trimegah.trima,ID,id,5,1.0,100.0,Positive,Apresiasi Umum & Kepuasan,2019-06-05 17:16:26,2019,baik,baik,True,4,1,1.2.29,0,Tidak,,,Sampel ulasan publik Play Store
3961387c-5b0f-4dfe-ab38-cc3256854224,2026-09-25 23:20:20,https://play.google.com/store/apps/details?id=com.trimegah.trima,ID,id,4,0.75,75.0,Positive,Apresiasi Umum & Kepuasan,2019-06-04 21:42:44,2019,good job,good job,True,8,2,1.2.28,0,Tidak,,,Sampel ulasan publik Play Store
aec71689-a841-4773-b175-fa69180e6a1d,2026-09-25 23:20:20,https://play.google.com/store/apps/details?id=com.trimegah.trima,ID,id,5,1.0,100.0,Positive,Apresiasi Umum & Kepuasan,2019-06-04 18:25:15,2019,ok,ok,True,2,1,1.2.29,0,Tidak,,,Sampel ulasan publik Play Store
95afc7a9-2d13-4597-97a8-c1fe5f485426,2026-09-25 23:20:20,https://play.google.com/store/apps/details?id=com.trimegah.trima,ID,id,5,1.0,100.0,Positive,Apresiasi Umum & Kepuasan,2019-06-01 21:03:41,2019,"aplikasi mudah, sangat membantu nasabah terimakasih","aplikasi mudah, sangat membantu nasabah terimakasih",True,51,6,1.2.29,1,Tidak,,,Sampel ulasan publik Play Store
f3760066-72cc-4d37-9a2c-c4761b0317bb,2026-09-25 23:20:20,https://play.google.com/store/apps/details?id=com.trimegah.trima,ID,id,5,1.0,100.0,Positive,Apresiasi Umum & Kepuasan,2019-05-31 20:02:19,2019,ok,ok,True,2,1,1.2.28,0,Tidak,,,Sampel ulasan publik Play Store
6edfa9ba-5c5a-4746-a5fb-e751be2e2310,2026-09-25 23:20:20,https://play.google.com/store/apps/details?id=com.trimegah.trima,ID,id,5,1.0,100.0,Positive,Apresiasi Umum & Kepuasan,2019-05-31 19:12:14,2019,ok,ok,True,2,1,1.2.29,0,Tidak,,,Sampel ulasan publik Play Store
0f737af2-6c2d-47de-8256-5be32b67888b,2026-09-25 23:20:20,https://play.google.com/store/apps/details?id=com.trimegah.trima,ID,id,5,1.0,100.0,Positive,Apresiasi Umum & Kepuasan,2019-05-31 18:47:07,2019,josssss,josssss,True,7,1,1.2.28,0,Tidak,,,Sampel ulasan publik Play Store
61b6185d-2cbb-4d2d-a113-5a796ee23e00,2026-09-25 23:20:20,https://play.google.com/store/apps/details?id=com.trimegah.trima,ID,id,3,0.5,50.0,Neutral,UI/UX & Performa (Loading/Navigasi),2019-05-30 10:40:29,2019,lemot,lemot,True,5,1,1.2.29,0,Tidak,,,Sampel ulasan publik Play Store
27463a66-01de-44f2-865b-d6ebeb4b3370,2026-09-25 23:20:20,https://play.google.com/store/apps/details?id=com.trimegah.trima,ID,id,5,1.0,100.0,Positive,Apresiasi Umum & Kepuasan,2019-05-29 23:09:46,2019,Sio,Sio,True,3,1,1.2.29,0,Tidak,,,Sampel ulasan publik Play Store
9ef10b94-3ffb-4e47-aa48-e64e8799e35e,2026-09-25 23:20:20,https://play.google.com/store/apps/details?id=com.trimegah.trima,ID,id,1,0.0,0.0,Negative,Login & Autentikasi,2019-05-26 09:58:45,2019,knp tidak bisa login lg???,knp tidak bisa login lg???,True,26,5,1.2.29,0,Ya,"Terima kasih telah menginstall Aplikasi Trima, silahkan untuk mengupdate ke versi 2.2.1, untuk kritik dan saran dapat Anda sampaikan ke customer service kami di +62 21 2924 9000.",2020-01-13 06:15:29,Sampel ulasan publik Play Store
fdccc6a2-275f-450c-a26c-ee99dc2f5463,2026-09-25 23:20:20,https://play.google.com/store/apps/details?id=com.trimegah.trima,ID,id,4,0.75,75.0,Positive,Apresiasi Umum & Kepuasan,2019-05-24 09:32:57,2019,good,good,True,4,1,Tidak Tercatat,0,Tidak,,,Sampel ulasan publik Play Store
ad9a607c-1896-4d71-b8cf-d2cd9bfe7653,2026-09-25 23:20:20,https://play.google.com/store/apps/details?id=com.trimegah.trima,ID,id,5,1.0,100.0,Positive,Apresiasi Umum & Kepuasan,2019-05-19 07:10:41,2019,Sangat membantu sekali...! 👍,Sangat membantu sekali...! 👍,True,28,4,1.2.28,0,Tidak,,,Sampel ulasan publik Play Store
2432665c-fa50-4e77-8752-739d556c3026,2026-09-25 23:20:20,https://play.google.com/store/apps/details?id=com.trimegah.trima,ID,id,5,1.0,100.0,Positive,Transaksi & Portofolio Saham,2019-05-12 12:58:37,2019,apakah menggunakan RDN BRI ada biaya transaksi jika akan transfer,apakah menggunakan RDN BRI ada biaya transaksi jika akan transfer,True,65,10,1.2.28,0,Tidak,,,Sampel ulasan publik Play Store
a3bcb3ed-2509-4c40-b456-0733c28d95bb,2026-09-25 23:20:20,https://play.google.com/store/apps/details?id=com.trimegah.trima,ID,id,4,0.75,75.0,Positive,Customer Service & Layanan,2019-05-08 13:08:04,2019,"Aplikasi yang simple dan keren. Hanya saja perlu penyesuaian dan perbaikan pada beberapa fiturnya. Seperti misalnya ketika tidak sengaja men-tap fitur ""financial planning"", sering tidak bisa kembali ke halaman awal dan malah muncul perintah untuk melakukan log out. Sama juga kasusny ketika setelah melihat detail profil perusahaan, terkadang juga tidak dapat kembali ke halaman awal juga. Harapannya semoga kelemahan pada aplikasi dapat segera diperbaiki agar proses transaksi menjadi lebih nyaman","Aplikasi yang simple dan keren. Hanya saja perlu penyesuaian dan perbaikan pada beberapa fiturnya. Seperti misalnya ketika tidak sengaja men-tap fitur ""financial planning"", sering tidak bisa kembali ke halaman awal dan malah muncul perintah untuk melakukan log out. Sama juga kasusny ketika setelah melihat detail profil perusahaan, terkadang juga tidak dapat kembali ke halaman awal juga. Harapannya semoga kelemahan pada aplikasi dapat segera diperbaiki agar proses transaksi menjadi lebih nyaman",True,498,70,Tidak Tercatat,3,Tidak,,,Sampel ulasan publik Play Store
36c243af-776f-4481-b15a-32bb627fb334,2026-09-25 23:20:20,https://play.google.com/store/apps/details?id=com.trimegah.trima,ID,id,5,1.0,100.0,Positive,Apresiasi Umum & Kepuasan,2019-04-22 13:02:39,2019,good,good,True,4,1,1.2.26,0,Tidak,,,Sampel ulasan publik Play Store
fa938f8b-c102-4a9e-bac7-6d55b74ec414,2026-09-25 23:20:20,https://play.google.com/store/apps/details?id=com.trimegah.trima,ID,id,5,1.0,100.0,Positive,Apresiasi Umum & Kepuasan,2019-04-17 07:09:50,2019,bagus,bagus,True,5,1,1.2.27,0,Tidak,,,Sampel ulasan publik Play Store
0eab1db6-2230-4090-adbf-eca8785fe048,2026-09-25 23:20:20,https://play.google.com/store/apps/details?id=com.trimegah.trima,ID,id,4,0.75,75.0,Positive,Apresiasi Umum & Kepuasan,2019-04-16 09:57:56,2019,lumayan utk trading,lumayan utk trading,True,19,3,1.2.28,0,Tidak,,,Sampel ulasan publik Play Store
56f0c714-328d-433a-97fa-28dec6a9c316,2026-09-25 23:20:20,https://play.google.com/store/apps/details?id=com.trimegah.trima,ID,id,4,0.75,75.0,Positive,Customer Service & Layanan,2019-04-08 23:43:33,2019,semoga bisa lebih efisien tidak terlalu banyak ruang penyimpanan dengan software yg lebih ringan,semoga bisa lebih efisien tidak terlalu banyak ruang penyimpanan dengan software yg lebih ringan,True,96,14,1.2.27,0,Ya,"Jika terdapat kendala dalam menggunakan aplikasi Trima, dapat Anda sampaikan ke customer service kami di +62 21 2924 9000 atau email ke callcenter@trimegah.com. Terima kasih.",2017-04-03 15:19:57,Sampel ulasan publik Play Store
64719f09-cd0a-4d7b-8205-13101aebf8b1,2026-09-25 23:20:20,https://play.google.com/store/apps/details?id=com.trimegah.trima,ID,id,5,1.0,100.0,Positive,Apresiasi Umum & Kepuasan,2019-04-08 19:31:44,2019,good,good,True,4,1,1.2.28,0,Tidak,,,Sampel ulasan publik Play Store
ff35f1f7-a279-4dee-b5a4-b7bdda20b54b,2026-09-25 23:20:20,https://play.google.com/store/apps/details?id=com.trimegah.trima,ID,id,5,1.0,100.0,Positive,Apresiasi Umum & Kepuasan,2019-04-08 10:36:51,2019,oke,oke,True,3,1,1.2.28,0,Tidak,,,Sampel ulasan publik Play Store
8b0f1aa4-9000-4bbd-86c4-937da952c5db,2026-09-25 23:20:20,https://play.google.com/store/apps/details?id=com.trimegah.trima,ID,id,4,0.75,75.0,Positive,Transaksi & Portofolio Saham,2019-04-08 06:57:36,2019,hari sabtu saya top up tapi sampai hari senin pagi ini saldo saya belum bertambah,hari sabtu saya top up tapi sampai hari senin pagi ini saldo saya belum bertambah,True,81,15,1.2.28,0,Tidak,,,Sampel ulasan publik Play Store
4d88e48a-53ef-4d74-b817-7433fc8ff1c2,2026-09-25 23:20:20,https://play.google.com/store/apps/details?id=com.trimegah.trima,ID,id,4,0.75,75.0,Positive,Login & Autentikasi,2019-04-07 19:11:46,2019,masih error server. ga bisa login.,masih error server. ga bisa login.,True,34,6,1.2.28,0,Tidak,,,Sampel ulasan publik Play Store
877eb460-f89d-447f-a737-cc12108f0838,2026-09-25 23:20:20,https://play.google.com/store/apps/details?id=com.trimegah.trima,ID,id,5,1.0,100.0,Positive,UI/UX & Performa (Loading/Navigasi),2019-04-06 10:30:05,2019,pelayanan yg kurang maximal nembuat kita lambat ber adabtasi.,pelayanan yg kurang maximal nembuat kita lambat ber adabtasi.,True,61,9,1.2.28,0,Tidak,,,Sampel ulasan publik Play Store
8f9389fc-dab1-4b69-a754-62ae18a78aa1,2026-09-25 23:20:20,https://play.google.com/store/apps/details?id=com.trimegah.trima,ID,id,5,1.0,100.0,Positive,Apresiasi Umum & Kepuasan,2019-04-05 23:29:51,2019,good,good,True,4,1,Tidak Tercatat,0,Tidak,,,Sampel ulasan publik Play Store
e4f44132-7363-44be-92dd-72a230fea663,2026-09-25 23:20:20,https://play.google.com/store/apps/details?id=com.trimegah.trima,ID,id,5,1.0,100.0,Positive,Apresiasi Umum & Kepuasan,2019-04-05 20:26:30,2019,Bagus,Bagus,True,5,1,1.2.27,0,Tidak,,,Sampel ulasan publik Play Store
47c2c22f-a7b8-4e0e-b9ee-38837d1b9d09,2026-09-25 23:20:20,https://play.google.com/store/apps/details?id=com.trimegah.trima,ID,id,1,0.0,0.0,Negative,Login & Autentikasi,2019-03-28 09:24:02,2019,"ini aplikasi apa ya, market mau buka susah sekali masuk, pas market buka cuma loading trz, saya sudah rugi banyak gara2 aplikasi ini. tolong lah di perbaiki!!","ini aplikasi apa ya, market mau buka susah sekali masuk, pas market buka cuma loading trz, saya sudah rugi banyak gara2 aplikasi ini. tolong lah di perbaiki!!",True,158,27,1.2.28,3,Ya,"Terima kasih telah menginstall Aplikasi Trima, silahkan untuk mengupdate ke versi 2.2.1, untuk kritik dan saran dapat Anda sampaikan ke customer service kami di +62 21 2924 9000.",2020-01-13 06:15:59,Sampel ulasan publik Play Store
04754d1f-da5c-4aa2-b700-122520438689,2026-09-25 23:20:20,https://play.google.com/store/apps/details?id=com.trimegah.trima,ID,id,5,1.0,100.0,Positive,Apresiasi Umum & Kepuasan,2019-03-23 20:50:07,2019,sipp,sipp,True,4,1,1.2.27,1,Tidak,,,Sampel ulasan publik Play Store
e107241f-a45c-40dc-b323-89362f507d1b,2026-09-25 23:20:20,https://play.google.com/store/apps/details?id=com.trimegah.trima,ID,id,5,1.0,100.0,Positive,Login & Autentikasi,2019-03-23 07:55:19,2019,"susah bener buat daftarnya,muter muter sampe pusing. setelah kirim email gak sampe 1 jam sudah dikirim user n password mantulll","susah bener buat daftarnya,muter muter sampe pusing. setelah kirim email gak sampe 1 jam sudah dikirim user n password mantulll",True,127,20,1.2.28,0,Tidak,,,Sampel ulasan publik Play Store
fdb1d1d5-d9c5-423f-b989-444fada49b73,2026-09-25 23:20:20,https://play.google.com/store/apps/details?id=com.trimegah.trima,ID,id,1,0.0,0.0,Negative,Login & Autentikasi,2019-03-19 03:51:44,2019,"boro2 login, daftar aja gabisa di pencet kirim 2000x tetep gabisa, mungkin 2001x baru bisa","boro2 login, daftar aja gabisa di pencet kirim 2000x tetep gabisa, mungkin 2001x baru bisa",True,90,15,1.2.28,4,Ya,"Terima kasih telah menginstall Aplikasi Trima, silahkan untuk mengupdate ke versi 2.2.1, untuk kritik dan saran dapat Anda sampaikan ke customer service kami di +62 21 2924 9000.",2020-01-13 06:16:32,Sampel ulasan publik Play Store
6bc87125-24d5-4dd9-8446-506d03569a59,2026-09-25 23:20:20,https://play.google.com/store/apps/details?id=com.trimegah.trima,ID,id,5,1.0,100.0,Positive,Apresiasi Umum & Kepuasan,2019-03-15 21:31:15,2019,mantapp,mantapp,True,7,1,1.2.26,0,Tidak,,,Sampel ulasan publik Play Store
9632d71f-a4c5-4769-b94c-aff23605c75f,2026-09-25 23:20:20,https://play.google.com/store/apps/details?id=com.trimegah.trima,ID,id,5,1.0,100.0,Positive,Apresiasi Umum & Kepuasan,2019-03-15 10:40:45,2019,mantaaap,mantaaap,True,8,1,1.2.27,0,Tidak,,,Sampel ulasan publik Play Store
fc1092b0-3883-4030-9b8d-d5fbb2f34cd3,2026-09-25 23:20:20,https://play.google.com/store/apps/details?id=com.trimegah.trima,ID,id,1,0.0,0.0,Negative,Login & Autentikasi,2019-03-14 22:27:25,2019,"udh ga bs login lg, alasan user atau password salah, pdhal bner kok. untung lah sejumlah uang drekening trima udh sy CWD lho, klo ga bs login berarti ga bs CWD Dong wkwkk... untung lah udh dsisain Nol drekening trimanya. makasih trima","udh ga bs login lg, alasan user atau password salah, pdhal bner kok. untung lah sejumlah uang drekening trima udh sy CWD lho, klo ga bs login berarti ga bs CWD Dong wkwkk... untung lah udh dsisain Nol drekening trimanya. makasih trima",True,234,42,1.2.27,4,Ya,"Terima kasih telah menginstall Aplikasi Trima, silahkan untuk mengupdate ke versi 2.2.1, untuk kritik dan saran dapat Anda sampaikan ke customer service kami di +62 21 2924 9000.",2020-01-13 06:16:49,Sampel ulasan publik Play Store
717142eb-4d5b-41c6-9b08-3e5370e94d94,2026-09-25 23:20:20,https://play.google.com/store/apps/details?id=com.trimegah.trima,ID,id,5,1.0,100.0,Positive,Apresiasi Umum & Kepuasan,2019-03-10 09:06:20,2019,okelah,okelah,True,6,1,1.2.27,0,Tidak,,,Sampel ulasan publik Play Store
dfdafe98-045f-4c4a-bd8f-c0960063c624,2026-09-25 23:20:20,https://play.google.com/store/apps/details?id=com.trimegah.trima,ID,id,5,1.0,100.0,Positive,Apresiasi Umum & Kepuasan,2019-03-05 19:38:49,2019,Good,Good,True,4,1,1.2.26,0,Tidak,,,Sampel ulasan publik Play Store
2faf6525-f8db-4576-816e-eec3719f3b6f,2026-09-25 23:20:20,https://play.google.com/store/apps/details?id=com.trimegah.trima,ID,id,5,1.0,100.0,Positive,Apresiasi Umum & Kepuasan,2019-03-05 16:10:14,2019,Mantaps,Mantaps,True,7,1,1.2.26,0,Tidak,,,Sampel ulasan publik Play Store
22c4d257-4f0a-4d6c-9d45-21b4a4412afd,2026-09-25 23:20:20,https://play.google.com/store/apps/details?id=com.trimegah.trima,ID,id,1,0.0,0.0,Negative,Keluhan Umum Aplikasi,2019-02-28 15:56:04,2019,coba dulu,coba dulu,True,9,2,1.2.26,0,Tidak,,,Sampel ulasan publik Play Store
f0afd039-01fb-442b-ae74-f485932cac0a,2026-09-25 23:20:20,https://play.google.com/store/apps/details?id=com.trimegah.trima,ID,id,1,0.0,0.0,Negative,Keluhan Umum Aplikasi,2019-02-28 09:07:58,2019,aplikasi payah,aplikasi payah,True,14,2,1.2.27,0,Tidak,,,Sampel ulasan publik Play Store
50aaafec-7f82-44d5-abe6-2a2504e6c7b1,2026-09-25 23:20:20,https://play.google.com/store/apps/details?id=com.trimegah.trima,ID,id,3,0.5,50.0,Neutral,Login & Autentikasi,2019-02-28 08:50:58,2019,"2 hari ini ga bisa login, sejak update jadi sering salah password, dan host error.","2 hari ini ga bisa login, sejak update jadi sering salah password, dan host error.",True,82,15,1.2.27,1,Tidak,,,Sampel ulasan publik Play Store
735d0166-5313-40f3-85b7-a7f3ebcd4c92,2026-09-25 23:20:20,https://play.google.com/store/apps/details?id=com.trimegah.trima,ID,id,5,1.0,100.0,Positive,Apresiasi Umum & Kepuasan,2019-02-28 07:40:04,2019,Siip.. Mantap.. Tingkatkan,Siip.. Mantap.. Tingkatkan,True,26,3,Tidak Tercatat,0,Tidak,,,Sampel ulasan publik Play Store
cf7e988e-c9ac-473b-b021-58d82818f284,2026-09-25 23:20:20,https://play.google.com/store/apps/details?id=com.trimegah.trima,ID,id,1,0.0,0.0,Negative,Stabilitas Sistem & Bug (Crash/Error),2019-02-27 15:18:01,2019,"Tolong ditingkatkan lg kinerja aplikasiny, apk sering force close!!!!!!!!!!!!!!!!...setiap 5 menit force close terus!!ada pembaharuan GK ngaruh sih!!😥","Tolong ditingkatkan lg kinerja aplikasiny, apk sering force close!!!!!!!!!!!!!!!!...setiap 5 menit force close terus!!ada pembaharuan GK ngaruh sih!!😥",True,150,18,1.2.27,2,Tidak,,,Sampel ulasan publik Play Store
19ba920a-9960-41f8-8bd4-55d171be19b7,2026-09-25 23:20:20,https://play.google.com/store/apps/details?id=com.trimegah.trima,ID,id,1,0.0,0.0,Negative,Login & Autentikasi,2019-02-27 13:11:59,2019,knpa tiba2 gk bisa login ?? alasan psword salah.. tlng d perbaiki segera,knpa tiba2 gk bisa login ?? alasan psword salah.. tlng d perbaiki segera,True,72,13,1.2.27,0,Ya,"Jika terdapat kendala dalam menggunakan aplikasi Trima, dapat Anda sampaikan ke customer service kami di +62 21 2924 9000 atau email ke callcenter@trimegah.com. Terima kasih.",2020-03-09 13:39:09,Sampel ulasan publik Play Store
072a73e2-939b-45ec-8063-16d6519d900c,2026-09-25 23:20:20,https://play.google.com/store/apps/details?id=com.trimegah.trima,ID,id,1,0.0,0.0,Negative,Login & Autentikasi,2019-02-27 10:28:19,2019,"password salah trus setelah update , susah log in mohon cepat di perbaiki","password salah trus setelah update , susah log in mohon cepat di perbaiki",True,73,13,1.2.27,2,Tidak,,,Sampel ulasan publik Play Store
413f529b-1951-49a8-87af-56979e1cbae4,2026-09-25 23:20:20,https://play.google.com/store/apps/details?id=com.trimegah.trima,ID,id,1,0.0,0.0,Negative,Login & Autentikasi,2019-02-27 09:54:15,2019,"Aplikasi apaan ini, udah tahun 2019 masih pake pasword, pakai sidik jari dong, jadul amat sih. Hari ini tgl 27 Feb susah masuk, alesan passowrd salah...","Aplikasi apaan ini, udah tahun 2019 masih pake pasword, pakai sidik jari dong, jadul amat sih. Hari ini tgl 27 Feb susah masuk, alesan passowrd salah...",True,152,26,1.2.27,5,Tidak,,,Sampel ulasan publik Play Store
98d33fc4-c831-4f6d-ade3-961a2adea83d,2026-09-25 23:20:20,https://play.google.com/store/apps/details?id=com.trimegah.trima,ID,id,5,1.0,100.0,Positive,Apresiasi Umum & Kepuasan,2019-02-26 16:13:59,2019,good,good,True,4,1,1.2.27,0,Tidak,,,Sampel ulasan publik Play Store
fa14877a-8bc7-49d7-a916-a6d9bb2460c6,2026-09-25 23:20:20,https://play.google.com/store/apps/details?id=com.trimegah.trima,ID,id,5,1.0,100.0,Positive,Apresiasi Umum & Kepuasan,2019-02-26 09:31:53,2019,maunya ada prediksi saham yg akan naik,maunya ada prediksi saham yg akan naik,True,38,7,1.2.27,2,Tidak,,,Sampel ulasan publik Play Store
f18e1709-bcca-4b24-b03f-04687acb6d0c,2026-09-25 23:20:20,https://play.google.com/store/apps/details?id=com.trimegah.trima,ID,id,3,0.5,50.0,Neutral,Customer Service & Layanan,2019-02-26 09:18:46,2019,"waktu dibutuhkan terjadi kendala, jadi gemes","waktu dibutuhkan terjadi kendala, jadi gemes",True,44,6,1.2.27,0,Tidak,,,Sampel ulasan publik Play Store
8447cab1-e327-46c1-b343-8139e379fe35,2026-09-25 23:20:20,https://play.google.com/store/apps/details?id=com.trimegah.trima,ID,id,5,1.0,100.0,Positive,Apresiasi Umum & Kepuasan,2019-02-26 08:28:58,2019,data trading real time...👍🏼👍🏼👍🏼,data trading real time...👍🏼👍🏼👍🏼,True,31,4,1.2.27,0,Tidak,,,Sampel ulasan publik Play Store
e2e99066-1217-49fb-9c37-f32bb5358d72,2026-09-25 23:20:20,https://play.google.com/store/apps/details?id=com.trimegah.trima,ID,id,1,0.0,0.0,Negative,UI/UX & Performa (Loading/Navigasi),2019-02-25 20:40:18,2019,baru update 21/2 hari ini mesti update lagi... kenapa....??,baru update 21/2 hari ini mesti update lagi... kenapa....??,True,59,9,1.2.27,0,Tidak,,,Sampel ulasan publik Play Store
00918f59-9c7f-4066-b5c7-394d127a7dfb,2026-09-25 23:20:20,https://play.google.com/store/apps/details?id=com.trimegah.trima,ID,id,5,1.0,100.0,Positive,Apresiasi Umum & Kepuasan,2019-02-25 19:09:14,2019,Sayang belum ada Rekam Transaksinya,Sayang belum ada Rekam Transaksinya,True,35,5,1.2.27,1,Tidak,,,Sampel ulasan publik Play Store
514668dc-a38b-4326-8541-e55aac5e7f3b,2026-09-25 23:20:20,https://play.google.com/store/apps/details?id=com.trimegah.trima,ID,id,4,0.75,75.0,Positive,Apresiasi Umum & Kepuasan,2019-02-25 19:04:24,2019,bagus,bagus,True,5,1,1.2.27,0,Tidak,,,Sampel ulasan publik Play Store
1f6a4312-2b0f-4e62-a429-456d433e74f4,2026-09-25 23:20:20,https://play.google.com/store/apps/details?id=com.trimegah.trima,ID,id,5,1.0,100.0,Positive,Apresiasi Umum & Kepuasan,2019-02-25 15:09:52,2019,excellent,excellent,True,9,1,Tidak Tercatat,0,Tidak,,,Sampel ulasan publik Play Store
ea44b7d4-4a5c-4959-80aa-a314d371a63a,2026-09-25 23:20:20,https://play.google.com/store/apps/details?id=com.trimegah.trima,ID,id,4,0.75,75.0,Positive,Apresiasi Umum & Kepuasan,2019-02-25 09:55:55,2019,lumayan oke buat trading,lumayan oke buat trading,True,24,4,1.2.26,0,Tidak,,,Sampel ulasan publik Play Store
017cb97f-7126-4395-ab28-50461b2d55bc,2026-09-25 23:20:20,https://play.google.com/store/apps/details?id=com.trimegah.trima,ID,id,4,0.75,75.0,Positive,Apresiasi Umum & Kepuasan,2019-02-25 09:07:45,2019,ok,ok,True,2,1,1.2.26,0,Tidak,,,Sampel ulasan publik Play Store
ba4144ff-3b5a-48fc-8436-b72a81409f25,2026-09-25 23:20:20,https://play.google.com/store/apps/details?id=com.trimegah.trima,ID,id,4,0.75,75.0,Positive,Apresiasi Umum & Kepuasan,2019-02-23 18:12:04,2019,lumayan,lumayan,True,7,1,Tidak Tercatat,0,Tidak,,,Sampel ulasan publik Play Store
348cb20a-57bc-4de3-8afc-1812568eb29d,2026-09-25 23:20:20,https://play.google.com/store/apps/details?id=com.trimegah.trima,ID,id,5,1.0,100.0,Positive,Apresiasi Umum & Kepuasan,2019-02-22 22:21:55,2019,oke,oke,True,3,1,Tidak Tercatat,0,Tidak,,,Sampel ulasan publik Play Store
4d395fc4-75bb-422e-8d9a-f68e04a71b6b,2026-09-25 23:20:20,https://play.google.com/store/apps/details?id=com.trimegah.trima,ID,id,5,1.0,100.0,Positive,Apresiasi Umum & Kepuasan,2019-02-22 20:49:38,2019,Simple... easy to use,Simple... easy to use,True,21,4,1.2.26,0,Tidak,,,Sampel ulasan publik Play Store
3b4fbbb1-c315-454d-b986-a316eda19b3b,2026-09-25 23:20:20,https://play.google.com/store/apps/details?id=com.trimegah.trima,ID,id,5,1.0,100.0,Positive,Apresiasi Umum & Kepuasan,2019-02-22 20:18:56,2019,Aplikasi yg simple dan memudahkan. Sangat mudah tuk digunakan. mencobax bikin nagih 😁,Aplikasi yg simple dan memudahkan. Sangat mudah tuk digunakan. mencobax bikin nagih 😁,True,85,13,1.2.27,2,Tidak,,,Sampel ulasan publik Play Store
d4c95199-e119-407e-ae27-a4c67c4341d1,2026-09-25 23:20:20,https://play.google.com/store/apps/details?id=com.trimegah.trima,ID,id,5,1.0,100.0,Positive,Apresiasi Umum & Kepuasan,2019-02-22 19:36:24,2019,baik sekali,baik sekali,True,11,2,1.2.27,0,Tidak,,,Sampel ulasan publik Play Store
bae9fb93-ccca-49ff-ba2c-dc94966ddf8f,2026-09-25 23:20:20,https://play.google.com/store/apps/details?id=com.trimegah.trima,ID,id,5,1.0,100.0,Positive,Apresiasi Umum & Kepuasan,2019-02-22 19:19:21,2019,bagus,bagus,True,5,1,1.2.27,0,Tidak,,,Sampel ulasan publik Play Store
0056be32-ee48-4fbe-8b65-490b0787fe4d,2026-09-25 23:20:20,https://play.google.com/store/apps/details?id=com.trimegah.trima,ID,id,5,1.0,100.0,Positive,Apresiasi Umum & Kepuasan,2019-02-21 18:20:07,2019,"Mudah dlm pemakaian nya,kalau bisa ada tanda suara jika transaksi buy atau sale berhasil.","Mudah dlm pemakaian nya,kalau bisa ada tanda suara jika transaksi buy atau sale berhasil.",True,89,14,1.2.27,0,Tidak,,,Sampel ulasan publik Play Store
464aa417-7a84-473e-be0c-75f7777ee79e,2026-09-25 23:20:20,https://play.google.com/store/apps/details?id=com.trimegah.trima,ID,id,4,0.75,75.0,Positive,Apresiasi Umum & Kepuasan,2019-02-21 18:15:01,2019,lancar dan mudah menggunakan,lancar dan mudah menggunakan,True,28,4,1.2.26,1,Tidak,,,Sampel ulasan publik Play Store
29952135-e970-4a7d-8a1e-fb5d366e7ce2,2026-09-25 23:20:20,https://play.google.com/store/apps/details?id=com.trimegah.trima,ID,id,3,0.5,50.0,Neutral,Netral / Saran Umum,2019-02-18 11:52:40,2019,Keseringan akun suspended😁😁 sebenarnya hp ku yg salah apa sinyalnya atau aplikasinya?,Keseringan akun suspended😁😁 sebenarnya hp ku yg salah apa sinyalnya atau aplikasinya?,True,85,12,1.2.26,0,Tidak,,,Sampel ulasan publik Play Store
41486b10-72ae-49fa-8dd3-c097cdd255b4,2026-09-25 23:20:20,https://play.google.com/store/apps/details?id=com.trimegah.trima,ID,id,1,0.0,0.0,Negative,Keluhan Umum Aplikasi,2019-02-11 22:42:47,2019,"ini mah sama aja bohong, bagusan buka dari google","ini mah sama aja bohong, bagusan buka dari google",True,49,9,Tidak Tercatat,0,Tidak,,,Sampel ulasan publik Play Store
15f090f8-5e12-4aff-903d-e02730f16706,2026-09-25 23:20:20,https://play.google.com/store/apps/details?id=com.trimegah.trima,ID,id,5,1.0,100.0,Positive,Apresiasi Umum & Kepuasan,2019-02-11 12:12:20,2019,luar biasa,luar biasa,True,10,2,1.2.26,0,Tidak,,,Sampel ulasan publik Play Store
cf7cef00-131d-4d8a-b304-efb16488cec1,2026-09-25 23:20:20,https://play.google.com/store/apps/details?id=com.trimegah.trima,ID,id,2,0.25,25.0,Negative,Registrasi & Onboarding (KYC),2019-02-08 15:00:41,2019,gak bisa daftar,gak bisa daftar,True,15,3,1.2.26,0,Tidak,,,Sampel ulasan publik Play Store
71bf7bc4-026d-4cd7-b150-8671cf5348e8,2026-09-25 23:20:20,https://play.google.com/store/apps/details?id=com.trimegah.trima,ID,id,1,0.0,0.0,Negative,Registrasi & Onboarding (KYC),2019-02-06 22:07:02,2019,"Tidak bisa daftar, notifikasinya selalu FAILED TO SIGN UP !!","Tidak bisa daftar, notifikasinya selalu FAILED TO SIGN UP !!",True,60,10,1.2.26,0,Tidak,,,Sampel ulasan publik Play Store
9a4fa8bc-390b-425f-9a4c-6c304bd73c63,2026-09-25 23:20:20,https://play.google.com/store/apps/details?id=com.trimegah.trima,ID,id,4,0.75,75.0,Positive,Stabilitas Sistem & Bug (Crash/Error),2019-01-20 22:39:57,2019,daftar list dibatasi cuma 20 dan masih suka force close,daftar list dibatasi cuma 20 dan masih suka force close,True,55,10,1.2.26,2,Tidak,,,Sampel ulasan publik Play Store
ca09ab47-5351-415f-adab-ebe4b34c3c0c,2026-09-25 23:20:20,https://play.google.com/store/apps/details?id=com.trimegah.trima,ID,id,5,1.0,100.0,Positive,Apresiasi Umum & Kepuasan,2019-01-19 18:05:33,2019,"ruarr biasaaaaa.aplikatif,informatif dan fokus ke tujuan trading.Good choice","ruarr biasaaaaa.aplikatif,informatif dan fokus ke tujuan trading.Good choice",True,76,8,1.2.25,0,Tidak,,,Sampel ulasan publik Play Store
c1330a62-36f5-4d58-a02c-e09eff69c5c6,2026-09-25 23:20:20,https://play.google.com/store/apps/details?id=com.trimegah.trima,ID,id,4,0.75,75.0,Positive,UI/UX & Performa (Loading/Navigasi),2019-01-19 14:44:14,2019,"bermanfaat, tampilan menarik, mudah dipahami","bermanfaat, tampilan menarik, mudah dipahami",True,44,5,1.2.26,1,Tidak,,,Sampel ulasan publik Play Store
31e6a49f-13b0-4c49-b12e-46ee9c3d45a3,2026-09-25 23:20:20,https://play.google.com/store/apps/details?id=com.trimegah.trima,ID,id,5,1.0,100.0,Positive,Apresiasi Umum & Kepuasan,2019-01-19 14:08:06,2019,"wokeh banget untuk pemula seperti saya...kesuksesan besar dimulai dengn sebuah langkah kecil, (bersama trima)","wokeh banget untuk pemula seperti saya...kesuksesan besar dimulai dengn sebuah langkah kecil, (bersama trima)",True,109,14,1.2.26,1,Tidak,,,Sampel ulasan publik Play Store
73303535-4b5a-4419-ac11-c60ba308f6c7,2026-09-25 23:20:20,https://play.google.com/store/apps/details?id=com.trimegah.trima,ID,id,4,0.75,75.0,Positive,Apresiasi Umum & Kepuasan,2019-01-18 20:30:23,2019,ok,ok,True,2,1,1.2.25,0,Tidak,,,Sampel ulasan publik Play Store
b38378cd-41e2-4777-bf25-631291d1e3b9,2026-09-25 23:20:20,https://play.google.com/store/apps/details?id=com.trimegah.trima,ID,id,4,0.75,75.0,Positive,Login & Autentikasi,2019-01-18 20:16:34,2019,"overall bagus banget aplikasinya, mudah dipahami dan sangat membantu. hanya saja tiba-tiba saya tidak bisa login ke akun saya. tombol login nya tidak bisa dipencet sama sekali. mohon bantuannya","overall bagus banget aplikasinya, mudah dipahami dan sangat membantu. hanya saja tiba-tiba saya tidak bisa login ke akun saya. tombol login nya tidak bisa dipencet sama sekali. mohon bantuannya",True,193,29,1.2.25,0,Tidak,,,Sampel ulasan publik Play Store
c575dda0-54c6-4d82-a104-12a697815f06,2026-09-25 23:20:20,https://play.google.com/store/apps/details?id=com.trimegah.trima,ID,id,4,0.75,75.0,Positive,Customer Service & Layanan,2019-01-09 13:42:14,2019,Kenapa belum bisa dapat email buat pembagian deviden??,Kenapa belum bisa dapat email buat pembagian deviden??,True,54,8,1.2.25,4,Ya,Anda dapat melihat harga saham rata-rata yang dimiliki di menu myportfolio kemudian equity positions. Jika masih terdapat kendala dapat Anda sampaikan ke customer service kami di +62 21 2924 9000 atau email ke callcenter@trimegah.com. Terima kasih.,2017-04-17 19:52:36,Sampel ulasan publik Play Store
964691ab-44e9-466f-8511-a522c3835e48,2026-09-25 23:20:20,https://play.google.com/store/apps/details?id=com.trimegah.trima,ID,id,5,1.0,100.0,Positive,Apresiasi Umum & Kepuasan,2018-12-30 01:16:03,2018,paten bukan kaleng2,paten bukan kaleng2,True,19,3,1.2.25,0,Tidak,,,Sampel ulasan publik Play Store
e75117cb-dee4-4b1b-9f7f-f7665b063a69,2026-09-25 23:20:20,https://play.google.com/store/apps/details?id=com.trimegah.trima,ID,id,5,1.0,100.0,Positive,Apresiasi Umum & Kepuasan,2018-12-14 09:20:57,2018,Good job Trima,Good job Trima,True,14,3,1.2.25,0,Tidak,,,Sampel ulasan publik Play Store
f0776c44-065a-4a09-b8f8-74f148b84765,2026-09-25 23:20:20,https://play.google.com/store/apps/details?id=com.trimegah.trima,ID,id,5,1.0,100.0,Positive,Apresiasi Umum & Kepuasan,2018-12-14 05:59:25,2018,Terima kasih,Terima kasih,True,12,2,1.2.25,0,Tidak,,,Sampel ulasan publik Play Store
81eb57be-a579-401f-8f00-d4a7b341fde8,2026-09-25 23:20:20,https://play.google.com/store/apps/details?id=com.trimegah.trima,ID,id,1,0.0,0.0,Negative,Keluhan Umum Aplikasi,2018-12-13 15:53:59,2018,Nyusahin,Nyusahin,True,8,1,1.2.25,0,Tidak,,,Sampel ulasan publik Play Store
42b0ae31-408b-46d4-a92a-3bf6a34cfb5c,2026-09-25 23:20:20,https://play.google.com/store/apps/details?id=com.trimegah.trima,ID,id,1,0.0,0.0,Negative,Keluhan Umum Aplikasi,2018-12-13 10:55:10,2018,Sistim tidak bagus,Sistim tidak bagus,True,18,3,1.2.25,0,Tidak,,,Sampel ulasan publik Play Store
edf2c235-43b4-4b06-968f-652ef6fbf6c4,2026-09-25 23:20:20,https://play.google.com/store/apps/details?id=com.trimegah.trima,ID,id,2,0.25,25.0,Negative,Keluhan Umum Aplikasi,2018-12-13 09:22:10,2018,Kelihatan spt versi beta...banyak kekurangan nya,Kelihatan spt versi beta...banyak kekurangan nya,True,48,6,1.2.25,1,Tidak,,,Sampel ulasan publik Play Store
8cf1b719-3d55-4dd4-8f93-a1e0b132651d,2026-09-25 23:20:20,https://play.google.com/store/apps/details?id=com.trimegah.trima,ID,id,5,1.0,100.0,Positive,UI/UX & Performa (Loading/Navigasi),2018-12-12 22:39:46,2018,"Mantap, lebih bagus lg update berita terkini.., semebihnya ok..","Mantap, lebih bagus lg update berita terkini.., semebihnya ok..",True,63,9,1.2.24,0,Tidak,,,Sampel ulasan publik Play Store
92fae86f-ece0-4991-9abd-43f421eaff84,2026-09-25 23:20:20,https://play.google.com/store/apps/details?id=com.trimegah.trima,ID,id,5,1.0,100.0,Positive,Apresiasi Umum & Kepuasan,2018-12-04 15:11:16,2018,.sempurna,.sempurna,True,9,1,1.2.24,0,Tidak,,,Sampel ulasan publik Play Store
af20e8f7-bb2d-47d2-a4d0-ac538bbe9cba,2026-09-25 23:20:20,https://play.google.com/store/apps/details?id=com.trimegah.trima,ID,id,5,1.0,100.0,Positive,Apresiasi Umum & Kepuasan,2018-11-28 14:42:36,2018,sangat baik,sangat baik,True,11,2,1.2.24,0,Tidak,,,Sampel ulasan publik Play Store
f574f788-0af1-4be5-88ba-f981f8c8bd46,2026-09-25 23:20:20,https://play.google.com/store/apps/details?id=com.trimegah.trima,ID,id,5,1.0,100.0,Positive,UI/UX & Performa (Loading/Navigasi),2018-11-28 07:42:59,2018,Kami tunggu update aplikasi yg ada fitur trading stop.take profit kyk apkikasi sebelah,Kami tunggu update aplikasi yg ada fitur trading stop.take profit kyk apkikasi sebelah,True,86,13,Tidak Tercatat,1,Tidak,,,Sampel ulasan publik Play Store
e4187cde-16f4-4a10-9e9c-e2d4a2ac75ca,2026-09-25 23:20:20,https://play.google.com/store/apps/details?id=com.trimegah.trima,ID,id,4,0.75,75.0,Positive,Apresiasi Umum & Kepuasan,2018-11-27 19:36:19,2018,Boleh...,Boleh...,True,8,1,1.2.24,0,Tidak,,,Sampel ulasan publik Play Store
2b5f11af-8e03-47eb-9cdc-3790b330f51a,2026-09-25 23:20:20,https://play.google.com/store/apps/details?id=com.trimegah.trima,ID,id,5,1.0,100.0,Positive,Apresiasi Umum & Kepuasan,2018-11-26 09:03:08,2018,Prosesnya lama,Prosesnya lama,True,14,2,1.2.23,0,Tidak,,,Sampel ulasan publik Play Store
e9b97c86-87d2-4d3e-ae40-05d325b305ef,2026-09-25 23:20:20,https://play.google.com/store/apps/details?id=com.trimegah.trima,ID,id,5,1.0,100.0,Positive,Apresiasi Umum & Kepuasan,2018-11-26 08:59:42,2018,Mantap,Mantap,True,6,1,1.2.23,0,Tidak,,,Sampel ulasan publik Play Store
5d66a497-d50a-4b27-9972-ad6495c1dc9f,2026-09-25 23:20:20,https://play.google.com/store/apps/details?id=com.trimegah.trima,ID,id,4,0.75,75.0,Positive,Apresiasi Umum & Kepuasan,2018-11-26 07:35:50,2018,Baik,Baik,True,4,1,1.2.23,1,Tidak,,,Sampel ulasan publik Play Store
d882955a-2f0f-45eb-829f-5e41c293dc29,2026-09-25 23:20:20,https://play.google.com/store/apps/details?id=com.trimegah.trima,ID,id,5,1.0,100.0,Positive,Apresiasi Umum & Kepuasan,2018-11-23 10:30:05,2018,"mudah di gunakan, sangat bagus","mudah di gunakan, sangat bagus",True,30,5,1.2.23,0,Tidak,,,Sampel ulasan publik Play Store
ca2cb313-c4a3-45a8-a06b-2f55eb54c5d4,2026-09-25 23:20:20,https://play.google.com/store/apps/details?id=com.trimegah.trima,ID,id,5,1.0,100.0,Positive,Apresiasi Umum & Kepuasan,2018-11-21 20:12:51,2018,Bagus,Bagus,True,5,1,1.2.23,0,Tidak,,,Sampel ulasan publik Play Store
f88fd052-c1ae-42a5-928e-4b48df3abcc4,2026-09-25 23:20:20,https://play.google.com/store/apps/details?id=com.trimegah.trima,ID,id,3,0.5,50.0,Neutral,Netral / Saran Umum,2018-11-15 11:38:35,2018,Cukup,Cukup,True,5,1,1.2.22,0,Tidak,,,Sampel ulasan publik Play Store
4e55e176-9fbb-4e76-9a27-7092aa67a667,2026-09-25 23:20:20,https://play.google.com/store/apps/details?id=com.trimegah.trima,ID,id,2,0.25,25.0,Negative,Keluhan Umum Aplikasi,2018-11-12 09:54:22,2018,History transaction is not available,History transaction is not available,True,36,5,1.2.23,0,Tidak,,,Sampel ulasan publik Play Store
5ed1c8be-98c6-4550-a240-828b3a926b55,2026-09-25 23:20:20,https://play.google.com/store/apps/details?id=com.trimegah.trima,ID,id,4,0.75,75.0,Positive,Apresiasi Umum & Kepuasan,2018-11-12 09:41:14,2018,agak membingungkan,agak membingungkan,True,18,2,1.2.21,0,Tidak,,,Sampel ulasan publik Play Store
dbcdd2b8-c54f-445e-a1e3-ad1c8981b0f4,2026-09-25 23:20:20,https://play.google.com/store/apps/details?id=com.trimegah.trima,ID,id,5,1.0,100.0,Positive,Apresiasi Umum & Kepuasan,2018-11-12 09:11:21,2018,Bagus,Bagus,True,5,1,1.2.21,0,Tidak,,,Sampel ulasan publik Play Store
a7c00c59-338c-4657-a804-f38f5ad43de5,2026-09-25 23:20:20,https://play.google.com/store/apps/details?id=com.trimegah.trima,ID,id,5,1.0,100.0,Positive,Apresiasi Umum & Kepuasan,2018-11-12 09:09:09,2018,bagus,bagus,True,5,1,1.2.22,0,Tidak,,,Sampel ulasan publik Play Store
8ee1afd0-0ad1-4291-8e8f-cf02bdfab57b,2026-09-25 23:20:20,https://play.google.com/store/apps/details?id=com.trimegah.trima,ID,id,4,0.75,75.0,Positive,Apresiasi Umum & Kepuasan,2018-11-11 14:59:37,2018,Ok,Ok,True,2,1,1.2.23,0,Tidak,,,Sampel ulasan publik Play Store
9467c00a-e717-4998-aebc-f55add76103f,2026-09-25 23:20:20,https://play.google.com/store/apps/details?id=com.trimegah.trima,ID,id,3,0.5,50.0,Neutral,UI/UX & Performa (Loading/Navigasi),2018-11-11 13:17:22,2018,Kenapa akhir2 ini sering update aplikasi,Kenapa akhir2 ini sering update aplikasi,True,40,6,1.2.21,0,Tidak,,,Sampel ulasan publik Play Store
0c6a0ccc-9872-48b1-9ed9-cb41903991bb,2026-09-25 23:20:20,https://play.google.com/store/apps/details?id=com.trimegah.trima,ID,id,5,1.0,100.0,Positive,Apresiasi Umum & Kepuasan,2018-11-11 10:27:44,2018,Pas,Pas,True,3,1,1.2.22,0,Tidak,,,Sampel ulasan publik Play Store
3b3ca5d1-41a7-430c-817a-058513c13b8d,2026-09-25 23:20:20,https://play.google.com/store/apps/details?id=com.trimegah.trima,ID,id,3,0.5,50.0,Neutral,Netral / Saran Umum,2018-11-10 21:01:14,2018,perlu di tingkat kan lagi,perlu di tingkat kan lagi,True,25,5,1.2.23,0,Tidak,,,Sampel ulasan publik Play Store
15930d72-5909-43f8-b1cc-a3dcb9f08933,2026-09-25 23:20:20,https://play.google.com/store/apps/details?id=com.trimegah.trima,ID,id,5,1.0,100.0,Positive,Apresiasi Umum & Kepuasan,2018-11-09 18:47:16,2018,Pertahankan,Pertahankan,True,11,1,1.2.22,0,Tidak,,,Sampel ulasan publik Play Store
998afc97-6333-4506-bbc9-4cb7a694d121,2026-09-25 23:20:20,https://play.google.com/store/apps/details?id=com.trimegah.trima,ID,id,3,0.5,50.0,Neutral,Login & Autentikasi,2018-11-03 05:43:57,2018,"Saya Mau login, tapi pada pendaftaran tidak diminta buat username dan pasword. Bagaimana cara nya login ??","Saya Mau login, tapi pada pendaftaran tidak diminta buat username dan pasword. Bagaimana cara nya login ??",True,106,17,1.2.22,2,Tidak,,,Sampel ulasan publik Play Store
827b34bf-27c0-485e-a68b-88ebc0a7684d,2026-09-25 23:20:20,https://play.google.com/store/apps/details?id=com.trimegah.trima,ID,id,5,1.0,100.0,Positive,Apresiasi Umum & Kepuasan,2018-10-24 10:19:53,2018,Sukses selalu trma,Sukses selalu trma,True,18,3,1.2.7.0,0,Tidak,,,Sampel ulasan publik Play Store
dc6e31b6-4646-4fcd-9a17-f4531fc4c963,2026-09-25 23:20:20,https://play.google.com/store/apps/details?id=com.trimegah.trima,ID,id,5,1.0,100.0,Positive,Apresiasi Umum & Kepuasan,2018-10-21 21:48:46,2018,Mantap,Mantap,True,6,1,1.2.7.0,0,Tidak,,,Sampel ulasan publik Play Store
c87f302c-0bb7-4939-b718-f2e8acc51764,2026-09-25 23:20:20,https://play.google.com/store/apps/details?id=com.trimegah.trima,ID,id,4,0.75,75.0,Positive,Apresiasi Umum & Kepuasan,2018-10-21 15:49:59,2018,Tambahin info indeks bursa negara lain,Tambahin info indeks bursa negara lain,True,38,6,1.2.21,2,Tidak,,,Sampel ulasan publik Play Store
25f021e7-25f7-49e1-b6e3-8ac5f92961ef,2026-09-25 23:20:20,https://play.google.com/store/apps/details?id=com.trimegah.trima,ID,id,5,1.0,100.0,Positive,Transaksi & Portofolio Saham,2018-10-20 16:33:39,2018,"Data transaksi jual beli by time, broker tdk tdk tersedia","Data transaksi jual beli by time, broker tdk tdk tersedia",True,57,10,1.2.21,0,Tidak,,,Sampel ulasan publik Play Store
9cd11a5a-bf88-440c-afd4-4501882404ad,2026-09-25 23:20:20,https://play.google.com/store/apps/details?id=com.trimegah.trima,ID,id,5,1.0,100.0,Positive,UI/UX & Performa (Loading/Navigasi),2018-10-09 00:52:57,2018,"Aplikasi super cepat, UI bagus, komisi terjangkau.","Aplikasi super cepat, UI bagus, komisi terjangkau.",True,50,7,1.2.20,0,Tidak,,,Sampel ulasan publik Play Store
9ae6124a-a579-4830-bc50-ce79a97e5bb4,2026-09-25 23:20:20,https://play.google.com/store/apps/details?id=com.trimegah.trima,ID,id,5,1.0,100.0,Positive,UI/UX & Performa (Loading/Navigasi),2018-10-06 23:34:32,2018,Aplikasi mudah tetapi lemot,Aplikasi mudah tetapi lemot,True,27,4,1.2.20,0,Tidak,,,Sampel ulasan publik Play Store
21ad1164-2012-4c44-8a31-9c58cb84b800,2026-09-25 23:20:20,https://play.google.com/store/apps/details?id=com.trimegah.trima,ID,id,5,1.0,100.0,Positive,Apresiasi Umum & Kepuasan,2018-09-26 10:33:45,2018,Ok,Ok,True,2,1,1.2.20,0,Tidak,,,Sampel ulasan publik Play Store
835fe5e4-97e3-4f29-bad5-dcc07c5284ad,2026-09-25 23:20:20,https://play.google.com/store/apps/details?id=com.trimegah.trima,ID,id,2,0.25,25.0,Negative,Login & Autentikasi,2018-09-19 08:18:52,2018,Maaf aplikasinya sungguh sangat rumit ketika akan login selalu gagal terhubung ke server,Maaf aplikasinya sungguh sangat rumit ketika akan login selalu gagal terhubung ke server,True,88,13,1.2.20,1,Tidak,,,Sampel ulasan publik Play Store
cd61a192-3b96-444f-a2c0-11e9cee8712b,2026-09-25 23:20:20,https://play.google.com/store/apps/details?id=com.trimegah.trima,ID,id,5,1.0,100.0,Positive,Apresiasi Umum & Kepuasan,2018-08-27 09:40:30,2018,Ok,Ok,True,2,1,1.2.20,0,Tidak,,,Sampel ulasan publik Play Store
3e329b78-8a56-4350-ae90-baa477c44174,2026-09-25 23:20:20,https://play.google.com/store/apps/details?id=com.trimegah.trima,ID,id,5,1.0,100.0,Positive,Apresiasi Umum & Kepuasan,2018-06-27 10:34:20,2018,Mantap josss👍👍👍,Mantap josss👍👍👍,True,15,2,Tidak Tercatat,0,Tidak,,,Sampel ulasan publik Play Store
f0d326a1-4893-4d96-9291-8ae3fd5d31df,2026-09-25 23:20:20,https://play.google.com/store/apps/details?id=com.trimegah.trima,ID,id,5,1.0,100.0,Positive,Login & Autentikasi,2018-06-04 10:32:18,2018,"Saya heran lho, kenapa setiap aplikasi ulasan-ulasan saya baca banyak yang 
negatif. Dan kalau saya pahami, kebanyakan problemnya sepele misal aplikasi 
lemot, kalau lemot ya di cek jangan-jangan kuota YBS dikit. Trus gak bisa 
login. Ampun dah, sepele dan terkesan gak mau usaha pas ada problem dikit2 
komplen.","Saya heran lho, kenapa setiap aplikasi ulasan-ulasan saya baca banyak yang negatif. Dan kalau saya pahami, kebanyakan problemnya sepele misal aplikasi lemot, kalau lemot ya di cek jangan-jangan kuota YBS dikit. Trus gak bisa login. Ampun dah, sepele dan terkesan gak mau usaha pas ada problem dikit2 komplen.",True,308,48,Tidak Tercatat,0,Tidak,,,Sampel ulasan publik Play Store
6754f59c-d708-49b2-8fcc-5423505fa67f,2026-09-25 23:20:20,https://play.google.com/store/apps/details?id=com.trimegah.trima,ID,id,3,0.5,50.0,Neutral,Transaksi & Portofolio Saham,2018-05-12 23:51:17,2018,ga bisa cash withdrawal lwt aplikasi ini ya?,ga bisa cash withdrawal lwt aplikasi ini ya?,True,44,8,1.2.10,1,Tidak,,,Sampel ulasan publik Play Store
0db087a9-3848-47e6-91a3-0e3db52a1c39,2026-09-25 23:20:20,https://play.google.com/store/apps/details?id=com.trimegah.trima,ID,id,5,1.0,100.0,Positive,Apresiasi Umum & Kepuasan,2018-04-26 10:48:00,2018,Best application,Best application,True,16,2,Tidak Tercatat,0,Tidak,,,Sampel ulasan publik Play Store
0ad1d60e-3e2c-4173-abb2-9080e8ff4f33,2026-09-25 23:20:20,https://play.google.com/store/apps/details?id=com.trimegah.trima,ID,id,5,1.0,100.0,Positive,Apresiasi Umum & Kepuasan,2018-04-16 08:34:08,2018,Jakal,Jakal,True,5,1,1.2.10,1,Tidak,,,Sampel ulasan publik Play Store
17446d92-bbf8-4f85-9825-4cedabcd9657,2026-09-25 23:20:20,https://play.google.com/store/apps/details?id=com.trimegah.trima,ID,id,5,1.0,100.0,Positive,Apresiasi Umum & Kepuasan,2018-03-04 10:46:13,2018,Goods aps,Goods aps,True,9,2,Tidak Tercatat,0,Tidak,,,Sampel ulasan publik Play Store
29d4e212-8660-4fed-9886-de36e4f0e3aa,2026-09-25 23:20:20,https://play.google.com/store/apps/details?id=com.trimegah.trima,ID,id,5,1.0,100.0,Positive,Apresiasi Umum & Kepuasan,2018-02-28 13:46:30,2018,Sangat Bagus,Sangat Bagus,True,12,2,Tidak Tercatat,0,Tidak,,,Sampel ulasan publik Play Store
0afe8bc0-9073-47fe-8d57-a3fae7273280,2026-09-25 23:20:20,https://play.google.com/store/apps/details?id=com.trimegah.trima,ID,id,5,1.0,100.0,Positive,Apresiasi Umum & Kepuasan,2018-02-28 11:38:42,2018,mantap aplikasi nyaa,mantap aplikasi nyaa,True,20,3,Tidak Tercatat,0,Tidak,,,Sampel ulasan publik Play Store
55d5ae1f-3207-4e0d-aece-0a14c3c0fce9,2026-09-25 23:20:20,https://play.google.com/store/apps/details?id=com.trimegah.trima,ID,id,5,1.0,100.0,Positive,Apresiasi Umum & Kepuasan,2018-02-28 11:34:29,2018,mantapp sangat,mantapp sangat,True,14,2,Tidak Tercatat,0,Tidak,,,Sampel ulasan publik Play Store
f8076853-0898-489d-acaa-0e33784052e6,2026-09-25 23:20:20,https://play.google.com/store/apps/details?id=com.trimegah.trima,ID,id,5,1.0,100.0,Positive,Apresiasi Umum & Kepuasan,2018-02-28 10:39:45,2018,Sangat memuaskan,Sangat memuaskan,True,16,2,Tidak Tercatat,0,Tidak,,,Sampel ulasan publik Play Store
99797268-8006-462d-9cfa-b4ac6e7c5a22,2026-09-25 23:20:20,https://play.google.com/store/apps/details?id=com.trimegah.trima,ID,id,5,1.0,100.0,Positive,Apresiasi Umum & Kepuasan,2018-02-28 00:17:33,2018,Bagus banget ya...  Gak nyesel aku mah,Bagus banget ya... Gak nyesel aku mah,True,37,7,Tidak Tercatat,0,Tidak,,,Sampel ulasan publik Play Store
fce22cd2-aac6-4573-933a-12cdaf342f56,2026-09-25 23:20:20,https://play.google.com/store/apps/details?id=com.trimegah.trima,ID,id,5,1.0,100.0,Positive,Apresiasi Umum & Kepuasan,2018-02-27 21:23:28,2018,Good,Good,True,4,1,Tidak Tercatat,0,Tidak,,,Sampel ulasan publik Play Store
a6add71d-8149-4005-9015-cf52116a1ec3,2026-09-25 23:20:20,https://play.google.com/store/apps/details?id=com.trimegah.trima,ID,id,5,1.0,100.0,Positive,Apresiasi Umum & Kepuasan,2018-02-27 21:14:28,2018,Gileee..keren banget aplikasi nyaa,Gileee..keren banget aplikasi nyaa,True,34,4,Tidak Tercatat,0,Tidak,,,Sampel ulasan publik Play Store
af7887a5-24f5-4a4e-ad27-8b1b6fb21624,2026-09-25 23:20:20,https://play.google.com/store/apps/details?id=com.trimegah.trima,ID,id,5,1.0,100.0,Positive,Apresiasi Umum & Kepuasan,2018-02-27 20:40:24,2018,Good apps,Good apps,True,9,2,Tidak Tercatat,0,Tidak,,,Sampel ulasan publik Play Store
2d964940-875a-4ec3-acaa-f2ed2a1d3ac8,2026-09-25 23:20:20,https://play.google.com/store/apps/details?id=com.trimegah.trima,ID,id,5,1.0,100.0,Positive,Apresiasi Umum & Kepuasan,2018-02-27 20:32:11,2018,Mantap,Mantap,True,6,1,Tidak Tercatat,0,Tidak,,,Sampel ulasan publik Play Store
a3be75e7-5be3-4d0f-b83b-d6360b9e3b48,2026-09-25 23:20:20,https://play.google.com/store/apps/details?id=com.trimegah.trima,ID,id,5,1.0,100.0,Positive,Apresiasi Umum & Kepuasan,2018-02-27 11:34:35,2018,Good aps lah pokok e,Good aps lah pokok e,True,20,5,Tidak Tercatat,0,Tidak,,,Sampel ulasan publik Play Store
1c75dd56-1946-4fa4-9f1c-67a7ba9a08ce,2026-09-25 23:20:20,https://play.google.com/store/apps/details?id=com.trimegah.trima,ID,id,5,1.0,100.0,Positive,Apresiasi Umum & Kepuasan,2018-02-27 09:31:56,2018,Mantap sekali,Mantap sekali,True,13,2,Tidak Tercatat,0,Tidak,,,Sampel ulasan publik Play Store
ba56b9f5-c7dd-4c1a-bb0e-8b0870f9d8b9,2026-09-25 23:20:20,https://play.google.com/store/apps/details?id=com.trimegah.trima,ID,id,5,1.0,100.0,Positive,Apresiasi Umum & Kepuasan,2018-02-27 09:27:39,2018,Baguss,Baguss,True,6,1,Tidak Tercatat,0,Tidak,,,Sampel ulasan publik Play Store
42ff6878-9ab1-42f0-bd75-3888d7b7b26b,2026-09-25 23:20:20,https://play.google.com/store/apps/details?id=com.trimegah.trima,ID,id,5,1.0,100.0,Positive,Apresiasi Umum & Kepuasan,2018-02-27 09:13:24,2018,Aplikasi nya bermanfaat,Aplikasi nya bermanfaat,True,23,3,Tidak Tercatat,0,Tidak,,,Sampel ulasan publik Play Store
c1823fc8-b39a-489e-aedf-9b1c47fa45b4,2026-09-25 23:20:20,https://play.google.com/store/apps/details?id=com.trimegah.trima,ID,id,5,1.0,100.0,Positive,Apresiasi Umum & Kepuasan,2018-02-27 09:08:24,2018,suka sekali,suka sekali,True,11,2,Tidak Tercatat,0,Tidak,,,Sampel ulasan publik Play Store
0dc89b42-3a50-45a6-aa80-3879a7bd8c0d,2026-09-25 23:20:20,https://play.google.com/store/apps/details?id=com.trimegah.trima,ID,id,5,1.0,100.0,Positive,Apresiasi Umum & Kepuasan,2018-02-27 09:04:43,2018,Sangat memuaskan,Sangat memuaskan,True,16,2,Tidak Tercatat,0,Tidak,,,Sampel ulasan publik Play Store
5266fd71-ae0b-41a6-a989-2247bb6a207a,2026-09-25 23:20:20,https://play.google.com/store/apps/details?id=com.trimegah.trima,ID,id,5,1.0,100.0,Positive,Apresiasi Umum & Kepuasan,2018-02-27 08:59:33,2018,Good app,Good app,True,8,2,Tidak Tercatat,0,Tidak,,,Sampel ulasan publik Play Store
ce89f35a-c36c-4ce2-8f28-be8ab9099117,2026-09-25 23:20:20,https://play.google.com/store/apps/details?id=com.trimegah.trima,ID,id,5,1.0,100.0,Positive,Apresiasi Umum & Kepuasan,2018-02-27 08:58:18,2018,Sangat bagus sekali,Sangat bagus sekali,True,19,3,Tidak Tercatat,0,Tidak,,,Sampel ulasan publik Play Store
872ad7ab-14b8-437c-901c-36d8dab9ee83,2026-09-25 23:20:20,https://play.google.com/store/apps/details?id=com.trimegah.trima,ID,id,5,1.0,100.0,Positive,Apresiasi Umum & Kepuasan,2018-02-26 23:52:56,2018,Sangat memuaskan,Sangat memuaskan,True,16,2,Tidak Tercatat,0,Tidak,,,Sampel ulasan publik Play Store
10903bd7-86dd-47ff-9281-9b6b1f77a138,2026-09-25 23:20:20,https://play.google.com/store/apps/details?id=com.trimegah.trima,ID,id,5,1.0,100.0,Positive,Apresiasi Umum & Kepuasan,2018-02-26 23:44:19,2018,Good apps,Good apps,True,9,2,Tidak Tercatat,0,Tidak,,,Sampel ulasan publik Play Store
87f5fe8d-709e-4680-9a47-6e7ff02524f8,2026-09-25 23:20:20,https://play.google.com/store/apps/details?id=com.trimegah.trima,ID,id,5,1.0,100.0,Positive,Apresiasi Umum & Kepuasan,2018-02-26 21:34:52,2018,Mantap apps,Mantap apps,True,11,2,Tidak Tercatat,0,Tidak,,,Sampel ulasan publik Play Store
79473d01-f801-4db0-9995-ebd6d8100f2d,2026-09-25 23:20:20,https://play.google.com/store/apps/details?id=com.trimegah.trima,ID,id,5,1.0,100.0,Positive,Apresiasi Umum & Kepuasan,2018-02-26 11:30:58,2018,Good apps,Good apps,True,9,2,Tidak Tercatat,0,Tidak,,,Sampel ulasan publik Play Store
d30c849e-7e3f-4ce0-a678-caade77c18b7,2026-09-25 23:20:20,https://play.google.com/store/apps/details?id=com.trimegah.trima,ID,id,4,0.75,75.0,Positive,Apresiasi Umum & Kepuasan,2018-02-21 06:31:11,2018,Ok bagus cepat nyaman,Ok bagus cepat nyaman,True,21,4,Tidak Tercatat,0,Tidak,,,Sampel ulasan publik Play Store
cc4abf63-5364-4ac6-8e96-c6b95d1d79fd,2026-09-25 23:20:20,https://play.google.com/store/apps/details?id=com.trimegah.trima,ID,id,5,1.0,100.0,Positive,Apresiasi Umum & Kepuasan,2018-02-20 17:57:51,2018,Aplikasi keren banget... Cepat dan efisien,Aplikasi keren banget... Cepat dan efisien,True,42,6,1.2.9,3,Tidak,,,Sampel ulasan publik Play Store
21d04bf9-0404-4393-8d18-2d82e3319e82,2026-09-25 23:20:20,https://play.google.com/store/apps/details?id=com.trimegah.trima,ID,id,1,0.0,0.0,Negative,Login & Autentikasi,2018-02-10 12:03:21,2018,Kenapa ya ga bisa login.  Padahal kalau pake web bisa,Kenapa ya ga bisa login. Padahal kalau pake web bisa,True,52,10,1.2.9,3,Ya,"Jika terdapat kendala dalam menggunakan aplikasi Trima, dapat Anda sampaikan ke customer service kami di +62 21 2924 9000 atau email ke callcenter@trimegah.com. Terima kasih.",2020-03-09 13:39:31,Sampel ulasan publik Play Store
c045035d-ea7d-4b0a-85b4-f6d174163945,2026-09-25 23:20:20,https://play.google.com/store/apps/details?id=com.trimegah.trima,ID,id,3,0.5,50.0,Neutral,UI/UX & Performa (Loading/Navigasi),2018-01-31 13:47:24,2018,"semenjak diperbarui, watchlist nya suka ilang :( jadi harus nambahin tiap hari :(","semenjak diperbarui, watchlist nya suka ilang :( jadi harus nambahin tiap hari :(",True,81,13,1.2.8,3,Tidak,,,Sampel ulasan publik Play Store
68e47e9d-2176-4f78-a91c-ea9f7d923d74,2026-09-25 23:20:20,https://play.google.com/store/apps/details?id=com.trimegah.trima,ID,id,5,1.0,100.0,Positive,Apresiasi Umum & Kepuasan,2017-10-28 08:50:51,2017,Aplikasinya cepat dan membantu,Aplikasinya cepat dan membantu,True,30,4,Tidak Tercatat,0,Tidak,,,Sampel ulasan publik Play Store
068ef412-3565-4dd8-b71b-f9de9cccb011,2026-09-25 23:20:20,https://play.google.com/store/apps/details?id=com.trimegah.trima,ID,id,3,0.5,50.0,Neutral,UI/UX & Performa (Loading/Navigasi),2017-07-06 04:37:49,2017,Kenapa mau daptar susah sekali?. jangan di persulit gitu lah.. untuk sementara app ini belum aku hapus siapa tau ada pembaruan biar bisa daptar akun :),Kenapa mau daptar susah sekali?. jangan di persulit gitu lah.. untuk sementara app ini belum aku hapus siapa tau ada pembaruan biar bisa daptar akun :),True,151,26,1.2.6.0,3,Tidak,,,Sampel ulasan publik Play Store
def11e42-5249-4f41-a8bd-9dd2a303a8d5,2026-09-25 23:20:20,https://play.google.com/store/apps/details?id=com.trimegah.trima,ID,id,1,0.0,0.0,Negative,Login & Autentikasi,2017-07-04 20:15:18,2017,HAPUS SAJA LAH BIKIN EMOSI SAJA PASWORD TIDAK BISA DI GUNAKAN GK BISA LOGIN RUWET BANGAT,HAPUS SAJA LAH BIKIN EMOSI SAJA PASWORD TIDAK BISA DI GUNAKAN GK BISA LOGIN RUWET BANGAT,True,88,16,1.2.6.0,0,Tidak,,,Sampel ulasan publik Play Store
14503493-0845-45f7-8c8f-731264fcf9b2,2026-09-25 23:20:20,https://play.google.com/store/apps/details?id=com.trimegah.trima,ID,id,5,1.0,100.0,Positive,Apresiasi Umum & Kepuasan,2017-06-22 12:56:01,2017,Menguntungkan,Menguntungkan,True,13,1,Tidak Tercatat,0,Ya,"Terima kasih telah menginstall Aplikasi Trima, untuk kritik dan saran dapat Anda sampaikan ke customer service kami di +62 21 2924 9000.",2017-03-17 11:28:26,Sampel ulasan publik Play Store
98b9be59-3987-4b98-a3e6-ba209edb355b,2026-09-25 23:20:20,https://play.google.com/store/apps/details?id=com.trimegah.trima,ID,id,5,1.0,100.0,Positive,Apresiasi Umum & Kepuasan,2017-06-21 09:23:54,2017,Oke,Oke,True,3,1,Tidak Tercatat,0,Tidak,,,Sampel ulasan publik Play Store
aac337b8-cac0-468d-bfb6-cab396c4b01a,2026-09-25 23:20:20,https://play.google.com/store/apps/details?id=com.trimegah.trima,ID,id,5,1.0,100.0,Positive,Customer Service & Layanan,2017-06-15 03:27:42,2017,Pelayanannya bagus,Pelayanannya bagus,True,18,2,1.2.6.0,10,Ya,"Dear Nasabah, Terimakasih atas input Anda. Mohon maaf atas ketidak nyamanannya. Untuk menindaklanjuti permasalahan Anda, bolehkah mengabari kami kontak Anda melalui CallCenter@trimegah.com untuk kami hubungi? Terimakasih",2017-03-15 17:06:59,Sampel ulasan publik Play Store
6fe9fd0f-c9f1-4993-a0dd-fa6ac3f77a35,2026-09-25 23:20:20,https://play.google.com/store/apps/details?id=com.trimegah.trima,ID,id,3,0.5,50.0,Neutral,Customer Service & Layanan,2017-06-14 20:52:26,2017,untuk versi yg lawas,untuk versi yg lawas,True,20,4,Tidak Tercatat,0,Ya,"Ada yang bisa kami bantu? Jika terdapat kendala dalam menggunakan aplikasi Trima, dapat Anda sampaikan ke customer service kami di +62 21 2924 9000 atau email ke callcenter@trimegah.com. Terima kasih.",2017-06-15 12:36:56,Sampel ulasan publik Play Store
37d12eed-156b-4058-b1fe-3ad79e8a1b96,2026-09-25 23:20:20,https://play.google.com/store/apps/details?id=com.trimegah.trima,ID,id,5,1.0,100.0,Positive,Apresiasi Umum & Kepuasan,2017-06-09 20:00:32,2017,"Masih kurang sebetulnya pada data seperti EPS per tiap semester, dan komisi terlalu besar, dll.","Masih kurang sebetulnya pada data seperti EPS per tiap semester, dan komisi terlalu besar, dll.",True,95,15,Tidak Tercatat,0,Ya,"Dear Yogi, Terima kasih untuk kritik dan sarannya. Input Anda akan bermanfaat bagi pengembangan produk kami. Jika terdapat kendala lebih lanjut dalam menggunakan aplikasi Trima, dapat Anda sampaikan langung ke customer service kami di +62 21 2924 9000 atau email ke callcenter@trimegah.com. Terima kasih.",2017-06-12 08:59:31,Sampel ulasan publik Play Store
12c37296-e69a-48ec-88a5-e8415ffd9e20,2026-09-25 23:20:20,https://play.google.com/store/apps/details?id=com.trimegah.trima,ID,id,3,0.5,50.0,Neutral,Login & Autentikasi,2017-06-09 16:00:12,2017,Cara masukny gmna kok sush bngt sih min admin ..,Cara masukny gmna kok sush bngt sih min admin ..,True,48,10,1.2.6.0,16,Ya,"Jika terdapat kendala dalam menggunakan aplikasi Trima, dapat Anda sampaikan ke customer service kami di +62 21 2924 9000 atau email ke callcenter@trimegah.com. Terima kasih.",2017-06-09 16:06:26,Sampel ulasan publik Play Store
dd952734-683b-47ae-8e55-461981cc3312,2026-09-25 23:20:20,https://play.google.com/store/apps/details?id=com.trimegah.trima,ID,id,1,0.0,0.0,Negative,Keluhan Umum Aplikasi,2017-06-09 09:51:10,2017,Gak bisa log in,Gak bisa log in,True,15,4,1.2.6.0,2,Ya,"Jika terdapat kendala dalam menggunakan aplikasi Trima, dapat Anda sampaikan ke customer service kami di +62 21 2924 9000 atau email ke callcenter@trimegah.com. Terima kasih.",2017-06-09 12:46:55,Sampel ulasan publik Play Store
1154755c-9dc0-4b59-bc4c-ee99ab15bdf2,2026-09-25 23:20:20,https://play.google.com/store/apps/details?id=com.trimegah.trima,ID,id,1,0.0,0.0,Negative,Keluhan Umum Aplikasi,2017-06-08 19:46:55,2017,Gak bisa sign up,Gak bisa sign up,True,16,4,1.2.6.0,5,Ya,"Jika terdapat kendala dalam menggunakan aplikasi Trima, dapat Anda sampaikan ke customer service kami di +62 21 2924 9000 atau email ke callcenter@trimegah.com. Terima kasih.",2017-06-09 12:46:59,Sampel ulasan publik Play Store
c492496b-da72-470c-8c0d-9adf49fa1dbb,2026-09-25 23:20:20,https://play.google.com/store/apps/details?id=com.trimegah.trima,ID,id,2,0.25,25.0,Negative,Keluhan Umum Aplikasi,2017-06-08 11:46:47,2017,Kenapa tidak bisa perbaruhi data? Edit profil  Data pribadi  No rekening,Kenapa tidak bisa perbaruhi data? Edit profil Data pribadi No rekening,True,70,11,1.2.6.0,15,Ya,"Jika terdapat kendala dalam menggunakan aplikasi Trima, dapat Anda sampaikan ke customer service kami di +62 21 2924 9000 atau email ke callcenter@trimegah.com. Terima kasih.",2017-06-08 12:07:04,Sampel ulasan publik Play Store
27ba509c-ffe3-456a-93ca-e13606303574,2026-09-25 23:20:20,https://play.google.com/store/apps/details?id=com.trimegah.trima,ID,id,5,1.0,100.0,Positive,Apresiasi Umum & Kepuasan,2017-06-07 22:56:58,2017,Mantap,Mantap,True,6,1,Tidak Tercatat,0,Ya,"Terima kasih telah menginstall Aplikasi Trima, untuk kritik dan saran dapat Anda sampaikan ke customer service kami di +62 21 2924 9000 atau email ke callcenter@trimegah.com.",2017-06-08 12:06:53,Sampel ulasan publik Play Store
d43fe32f-ef40-4680-9a4c-f1a6476dc39f,2026-09-25 23:20:20,https://play.google.com/store/apps/details?id=com.trimegah.trima,ID,id,5,1.0,100.0,Positive,Apresiasi Umum & Kepuasan,2017-06-07 14:07:31,2017,Untuk mu indonesia,Untuk mu indonesia,True,18,3,1.2.6,0,Ya,"Terima kasih telah menginstall Aplikasi Trima, untuk kritik dan saran dapat Anda sampaikan ke customer service kami di +62 21 2924 9000 atau email ke callcenter@trimegah.com.",2017-06-07 14:31:59,Sampel ulasan publik Play Store
679a1eb1-b977-40af-ab39-c2645c1ea429,2026-09-25 23:20:20,https://play.google.com/store/apps/details?id=com.trimegah.trima,ID,id,3,0.5,50.0,Neutral,Netral / Saran Umum,2017-06-07 04:26:32,2017,Nie IDR NYA REAL GAK  KOK GK BISA PKE REKENING PRIBADI,Nie IDR NYA REAL GAK KOK GK BISA PKE REKENING PRIBADI,True,53,11,1.2.6,0,Ya,"Jika terdapat kendala dalam menggunakan aplikasi Trima, dapat Anda sampaikan ke customer service kami di +62 21 2924 9000 atau email ke callcenter@trimegah.com. Terima kasih.",2017-06-07 11:05:56,Sampel ulasan publik Play Store
75e2cfc8-88e9-44cc-bfa2-010beae8eab1,2026-09-25 23:20:20,https://play.google.com/store/apps/details?id=com.trimegah.trima,ID,id,5,1.0,100.0,Positive,Apresiasi Umum & Kepuasan,2017-06-05 23:48:21,2017,kayanya bagus...sy tunggu hasil stl beberapa hari,kayanya bagus...sy tunggu hasil stl beberapa hari,True,49,7,1.2.6,0,Ya,"Terima kasih telah menginstall Aplikasi Trima, untuk kritik dan saran dapat Anda sampaikan ke customer service kami di +62 21 2924 9000 atau email ke callcenter@trimegah.com.",2017-06-06 11:55:12,Sampel ulasan publik Play Store
3aae72fa-aaa6-4e62-bc75-e2d39c884be2,2026-09-25 23:20:20,https://play.google.com/store/apps/details?id=com.trimegah.trima,ID,id,1,0.0,0.0,Negative,Login & Autentikasi,2017-06-05 19:10:58,2017,Tidak bisa login,Tidak bisa login,True,16,3,1.2.6,0,Ya,"Jika terdapat kendala dalam menggunakan aplikasi Trima, dapat Anda sampaikan ke customer service kami di +62 21 2924 9000 atau email ke callcenter@trimegah.com. Terima kasih.",2017-06-06 11:54:53,Sampel ulasan publik Play Store
c8625fed-a6a2-4674-9779-c005e0a25c56,2026-09-25 23:20:20,https://play.google.com/store/apps/details?id=com.trimegah.trima,ID,id,1,0.0,0.0,Negative,Login & Autentikasi,2017-06-05 10:16:55,2017,"Aneh d instal tapi g bisa masuk,  alsn y sistem elorr aj muluuu,","Aneh d instal tapi g bisa masuk, alsn y sistem elorr aj muluuu,",True,63,13,1.2.6,2,Ya,"Jika terdapat kendala dalam menggunakan aplikasi Trima, dapat Anda sampaikan ke customer service kami di +62 21 2924 9000 atau email ke callcenter@trimegah.com. Terima kasih.",2017-06-05 12:07:20,Sampel ulasan publik Play Store
a901ce29-4e3c-43d3-bf06-7426925a1972,2026-09-25 23:20:20,https://play.google.com/store/apps/details?id=com.trimegah.trima,ID,id,2,0.25,25.0,Negative,Registrasi & Onboarding (KYC),2017-06-04 22:00:42,2017,Kaya ap sih daftar paswod trima ini.,Kaya ap sih daftar paswod trima ini.,True,36,7,1.2.6,1,Ya,"Jika terdapat kendala dalam menggunakan aplikasi Trima, dapat Anda sampaikan ke customer service kami di +62 21 2924 9000 atau email ke callcenter@trimegah.com. Terima kasih.",2017-06-05 12:07:14,Sampel ulasan publik Play Store
a033776f-417f-4665-9a1a-6867832403e3,2026-09-25 23:20:20,https://play.google.com/store/apps/details?id=com.trimegah.trima,ID,id,5,1.0,100.0,Positive,Transaksi & Portofolio Saham,2017-06-03 17:09:42,2017,"Dasarnya saya tau ni untuk forex, jadi mau coba.  dana minum untuk gabung di trimega berapa ??","Dasarnya saya tau ni untuk forex, jadi mau coba. dana minum untuk gabung di trimega berapa ??",True,93,17,1.2.6,1,Ya,"Untuk pembukaan akun dana yang dibutuhkan minimum 100 ribu. Jika terdapat kendala dan pertanyaan dalam menggunakan aplikasi Trima, dapat Anda sampaikan ke customer service kami di +62 21 2924 9000 atau email ke callcenter@trimegah.com. Terima kasih.",2017-06-05 11:59:46,Sampel ulasan publik Play Store
3bc9eaf0-8abf-4fc2-bc4e-015aef705d0b,2026-09-25 23:20:20,https://play.google.com/store/apps/details?id=com.trimegah.trima,ID,id,1,0.0,0.0,Negative,Keluhan Umum Aplikasi,2017-06-03 06:43:14,2017,Sya coba dlu klo bgus bru sya tambah bintangnya,Sya coba dlu klo bgus bru sya tambah bintangnya,True,47,9,Tidak Tercatat,0,Ya,"Terima kasih telah menginstall Aplikasi Trima, untuk kritik dan saran dapat Anda sampaikan ke customer service kami di +62 21 2924 9000 atau email ke callcenter@trimegah.com.",2017-06-05 11:46:41,Sampel ulasan publik Play Store
4da1df15-bc72-4ded-ac7b-bca5217da02d,2026-09-25 23:20:20,https://play.google.com/store/apps/details?id=com.trimegah.trima,ID,id,4,0.75,75.0,Positive,Apresiasi Umum & Kepuasan,2017-06-02 09:55:49,2017,Gimana ini,Gimana ini,True,10,2,Tidak Tercatat,0,Ya,"Jika terdapat kendala dalam menggunakan aplikasi Trima, dapat Anda sampaikan ke customer service kami di +62 21 2924 9000 atau email ke callcenter@trimegah.com. Terima kasih.",2017-06-02 12:59:03,Sampel ulasan publik Play Store
7ccd89be-539f-48c4-b14d-509741e52534,2026-09-25 23:20:20,https://play.google.com/store/apps/details?id=com.trimegah.trima,ID,id,3,0.5,50.0,Neutral,Netral / Saran Umum,2017-05-31 19:46:25,2017,Maaf sblmnya.. Knpa saat di log in nd bsa msuk. Tlong d jwb lngsung  Trima kasih...,Maaf sblmnya.. Knpa saat di log in nd bsa msuk. Tlong d jwb lngsung Trima kasih...,True,82,16,1.2.6,1,Ya,"Jika terdapat kendala dalam menggunakan aplikasi Trima, dapat Anda sampaikan ke customer service kami di +62 21 2924 9000 atau email ke callcenter@trimegah.com. Terima kasih.",2017-06-02 12:56:52,Sampel ulasan publik Play Store
d6421238-7617-4526-ba98-5fd478267ffb,2026-09-25 23:20:20,https://play.google.com/store/apps/details?id=com.trimegah.trima,ID,id,5,1.0,100.0,Positive,Apresiasi Umum & Kepuasan,2017-05-31 19:43:29,2017,"Bisa bantu gak,bagaimana cara buat akun nya","Bisa bantu gak,bagaimana cara buat akun nya",True,43,7,Tidak Tercatat,0,Ya,Anda bisa langsung download aplikasi Trima atau register melalui trima.co.id.,2017-06-02 12:56:45,Sampel ulasan publik Play Store
71a2e4f4-7e45-45c2-b0d4-5c9e40bdfcab,2026-09-25 23:20:20,https://play.google.com/store/apps/details?id=com.trimegah.trima,ID,id,2,0.25,25.0,Negative,Keluhan Umum Aplikasi,2017-05-31 16:32:52,2017,Bingung,Bingung,True,7,1,1.2.6,0,Ya,"Jika terdapat kendala dalam menggunakan aplikasi Trima, dapat Anda sampaikan ke customer service kami di +62 21 2924 9000 atau email ke callcenter@trimegah.com. Terima kasih.",2017-06-02 12:54:34,Sampel ulasan publik Play Store
e0ce1350-089c-4145-8796-70d4fb19da7e,2026-09-25 23:20:20,https://play.google.com/store/apps/details?id=com.trimegah.trima,ID,id,1,0.0,0.0,Negative,Transaksi & Portofolio Saham,2017-05-31 14:34:01,2017,saya sudah donlot ini tpi sya tidak bisa donlot tolong bagaimana cara donlot ini ?,saya sudah donlot ini tpi sya tidak bisa donlot tolong bagaimana cara donlot ini ?,True,82,15,Tidak Tercatat,0,Ya,"Jika terdapat kendala dalam menggunakan aplikasi Trima, dapat Anda sampaikan ke customer service kami di +62 21 2924 9000 atau email ke callcenter@trimegah.com. Terima kasih.",2017-05-31 16:29:32,Sampel ulasan publik Play Store
f1bfa967-b26c-4552-8e86-a3cc015a2017,2026-09-25 23:20:20,https://play.google.com/store/apps/details?id=com.trimegah.trima,ID,id,3,0.5,50.0,Neutral,Netral / Saran Umum,2017-05-31 13:10:28,2017,"Ksh 3 dulu baru mau coba, kl bagus nanti saya tanbahin","Ksh 3 dulu baru mau coba, kl bagus nanti saya tanbahin",True,54,11,Tidak Tercatat,0,Ya,"Terima kasih telah menginstall Aplikasi Trima, untuk kritik dan saran dapat Anda sampaikan ke customer service kami di +62 21 2924 9000 atau email ke callcenter@trimegah.com.",2017-05-31 15:11:56,Sampel ulasan publik Play Store
357c040c-3920-43bd-ace4-306001ac90a2,2026-09-25 23:20:20,https://play.google.com/store/apps/details?id=com.trimegah.trima,ID,id,2,0.25,25.0,Negative,Keluhan Umum Aplikasi,2017-05-31 10:52:06,2017,Udah sig up tp g bisa log in...  Mau log in pake pasword padahal pas sig up g ad nulis paswor..,Udah sig up tp g bisa log in... Mau log in pake pasword padahal pas sig up g ad nulis paswor..,True,94,21,1.2.6,0,Ya,"Jika terdapat kendala dalam menggunakan aplikasi Trima, dapat Anda sampaikan ke customer service kami di +62 21 2924 9000 atau email ke callcenter@trimegah.com. Terima kasih.",2017-05-31 15:11:44,Sampel ulasan publik Play Store
8bfed030-dc63-4fd6-8524-f9c8120da689,2026-09-25 23:20:20,https://play.google.com/store/apps/details?id=com.trimegah.trima,ID,id,5,1.0,100.0,Positive,Apresiasi Umum & Kepuasan,2017-05-31 01:45:37,2017,Ok...,Ok...,True,5,1,Tidak Tercatat,0,Ya,"Terima kasih telah menginstall Aplikasi Trima, untuk kritik dan saran dapat Anda sampaikan ke customer service kami di +62 21 2924 9000 atau email ke callcenter@trimegah.com.",2017-05-16 11:49:16,Sampel ulasan publik Play Store
9c0a5ed3-42fb-4659-b474-8ab520401484,2026-09-25 23:20:20,https://play.google.com/store/apps/details?id=com.trimegah.trima,ID,id,3,0.5,50.0,Neutral,Netral / Saran Umum,2017-05-31 01:15:30,2017,Saya sudah sig up tapi log in nya kok gak bisa ya... Gimana cara nya ya..?,Saya sudah sig up tapi log in nya kok gak bisa ya... Gimana cara nya ya..?,True,74,16,1.2.6,10,Ya,"Jika terdapat kendala dalam menggunakan aplikasi Trima, dapat Anda sampaikan ke customer service kami di +62 21 2924 9000 atau email ke callcenter@trimegah.com. Terima kasih.",2017-05-31 10:32:05,Sampel ulasan publik Play Store
728c3436-d4e9-4c17-8731-878c73e88697,2026-09-25 23:20:20,https://play.google.com/store/apps/details?id=com.trimegah.trima,ID,id,5,1.0,100.0,Positive,Apresiasi Umum & Kepuasan,2017-05-31 00:36:08,2017,Ngeselin,Ngeselin,True,8,1,Tidak Tercatat,0,Ya,"Jika terdapat kendala atau pertanyaan dalam menggunakan aplikasi Trima, dapat Anda sampaikan ke customer service kami di +62 21 2924 9000 atau email ke callcenter@trimegah.com. Terima kasih.",2017-05-31 10:29:43,Sampel ulasan publik Play Store
a32cc1bf-5484-4d86-bc28-fbf435a842ea,2026-09-25 23:20:20,https://play.google.com/store/apps/details?id=com.trimegah.trima,ID,id,5,1.0,100.0,Positive,Apresiasi Umum & Kepuasan,2017-05-30 20:38:38,2017,"Saya di kasih tahu oleh teman saya , kata teman saya aplikasi ini bisa cheat , apakah aplikasi ini bisa cheat clash of clan dan bagaimana caranya....?","Saya di kasih tahu oleh teman saya , kata teman saya aplikasi ini bisa cheat , apakah aplikasi ini bisa cheat clash of clan dan bagaimana caranya....?",True,150,27,Tidak Tercatat,0,Ya,"Aplikasi Trima berguna untuk Anda yang ingin berinvestasi di Trimegah. Jika terdapat pertanyaan lain dalam menggunakan aplikasi Trima, dapat Anda sampaikan ke customer service kami di +62 21 2924 9000 atau email ke callcenter@trimegah.com. Terima kasih.",2017-05-31 10:28:58,Sampel ulasan publik Play Store
8a9cdcd8-928f-4b55-9815-00b71d8c8a80,2026-09-25 23:20:20,https://play.google.com/store/apps/details?id=com.trimegah.trima,ID,id,5,1.0,100.0,Positive,Apresiasi Umum & Kepuasan,2017-05-30 05:16:27,2017,Celeng dapusi otok,Celeng dapusi otok,True,18,3,1.2.6,0,Ya,"Maaf, ada yang bisa kami bantu?",2017-05-30 13:42:28,Sampel ulasan publik Play Store
2efa5563-9346-4ef3-9e5b-96da73c25704,2026-09-25 23:20:20,https://play.google.com/store/apps/details?id=com.trimegah.trima,ID,id,5,1.0,100.0,Positive,Apresiasi Umum & Kepuasan,2017-05-29 18:05:30,2017,Mancaapppp oyyu,Mancaapppp oyyu,True,15,2,Tidak Tercatat,0,Ya,"Terima kasih telah menginstall Aplikasi Trima, untuk kritik dan saran dapat Anda sampaikan ke customer service kami di +62 21 2924 9000 atau email ke callcenter@trimegah.com.",2017-05-29 18:39:30,Sampel ulasan publik Play Store
ff184a83-5e93-4b7e-822e-5948a5efde4b,2026-09-25 23:20:20,https://play.google.com/store/apps/details?id=com.trimegah.trima,ID,id,3,0.5,50.0,Neutral,Customer Service & Layanan,2017-05-28 01:13:02,2017,Kok saya udah sign up tapi kok gak bisa bisa iyahh.itu pakee emaill apahh .min tolong di jelasinnn,Kok saya udah sign up tapi kok gak bisa bisa iyahh.itu pakee emaill apahh .min tolong di jelasinnn,True,98,18,1.2.6,14,Ya,"Jika terdapat kendala dalam menggunakan aplikasi Trima, dapat Anda sampaikan ke customer service kami di +62 21 2924 9000 atau email ke callcenter@trimegah.com. Terima kasih.",2017-05-29 13:36:40,Sampel ulasan publik Play Store
f6ab6413-764f-49c7-9147-26ee2ff81c5b,2026-09-25 23:20:20,https://play.google.com/store/apps/details?id=com.trimegah.trima,ID,id,5,1.0,100.0,Positive,Apresiasi Umum & Kepuasan,2017-05-26 06:46:14,2017,Untuk penginvestasian bisa selain di perbankan kan?,Untuk penginvestasian bisa selain di perbankan kan?,True,51,7,1.2.6,1,Ya,"Iya Anda benar, untuk selengkapnya anda bisa lihat di trimegah.com di sana Anda bisa melihat lokasi lokasi cabang Trimegah. Jika terdapat kendala atau kritik dan saran dapat Anda sampaikan ke customer service kami di +62 21 2924 9000 atau email ke callcenter@trimegah.com. Terima kasih.",2017-05-26 17:40:21,Sampel ulasan publik Play Store
47dfefb4-cb4b-43a1-bba3-072f9b209d99,2026-09-25 23:20:20,https://play.google.com/store/apps/details?id=com.trimegah.trima,ID,id,4,0.75,75.0,Positive,Apresiasi Umum & Kepuasan,2017-05-26 01:23:31,2017,Very good,Very good,True,9,2,Tidak Tercatat,0,Ya,"Terima kasih telah menginstall Aplikasi Trima, untuk kritik dan saran dapat Anda sampaikan ke customer service kami di +62 21 2924 9000 atau email ke callcenter@trimegah.com.",2017-05-26 17:08:22,Sampel ulasan publik Play Store
2b5b14ff-374b-4b2d-b026-0dc7c62780e0,2026-09-25 23:20:20,https://play.google.com/store/apps/details?id=com.trimegah.trima,ID,id,5,1.0,100.0,Positive,Apresiasi Umum & Kepuasan,2017-05-24 13:15:24,2017,caranya,caranya,True,7,1,Tidak Tercatat,0,Ya,Untuk informasi lengkap mengenai Trimegah Sekuritas dapat Anda lihat di trimegah.com. Jika terdapat kendala atau kritik dan saran dapat Anda sampaikan ke customer service kami di +62 21 2924 9000 atau email ke callcenter@trimegah.com. Terima kasih.,2017-05-24 14:43:48,Sampel ulasan publik Play Store
02c5109c-b602-4588-874d-485ddbbfed94,2026-09-25 23:20:20,https://play.google.com/store/apps/details?id=com.trimegah.trima,ID,id,3,0.5,50.0,Neutral,Customer Service & Layanan,2017-05-24 00:01:28,2017,Aku dapat email dari trimega.. dpt hadiah 100rb benar ap eggak..,Aku dapat email dari trimega.. dpt hadiah 100rb benar ap eggak..,True,64,11,Tidak Tercatat,0,Ya,"Iya Anda benar, Anda mendapatkan bonus awal modal 100 ribu rupiah setelah membuka akun di Trimegah. Untuk informasi lengkap mengenai Trimegah Sekuritas dapat Anda lihat di trimegah.com. Jika terdapat kendala atau kritik dan saran dapat Anda sampaikan ke customer service kami di +62 21 2924 9000 atau email ke callcenter@trimegah.com. Terima kasih.",2017-05-24 15:27:12,Sampel ulasan publik Play Store
026fd5b0-b30e-4f62-8b8d-5c2b6662f395,2026-09-25 23:20:20,https://play.google.com/store/apps/details?id=com.trimegah.trima,ID,id,2,0.25,25.0,Negative,Login & Autentikasi,2017-05-23 12:40:06,2017,Tidak bisa login,Tidak bisa login,True,16,3,1.2.6,1,Ya,"Jika terdapat kendala dalam menggunakan aplikasi Trima, dapat Anda sampaikan ke customer service kami di +62 21 2924 9000 atau email ke callcenter@trimegah.com. Terima kasih.",2017-05-23 13:55:38,Sampel ulasan publik Play Store
c50c1ffe-ee3d-44bd-905c-28e3275bcba2,2026-09-25 23:20:20,https://play.google.com/store/apps/details?id=com.trimegah.trima,ID,id,5,1.0,100.0,Positive,Apresiasi Umum & Kepuasan,2017-05-23 11:18:06,2017,Coba dlu,Coba dlu,True,8,2,Tidak Tercatat,0,Ya,"Terima kasih telah menginstall Aplikasi Trima, untuk kritik dan saran dapat Anda sampaikan ke customer service kami di +62 21 2924 9000 atau email ke callcenter@trimegah.com.",2017-05-23 13:54:58,Sampel ulasan publik Play Store
ed19721e-5bb9-46ba-85e2-6fb411fb0363,2026-09-25 23:20:20,https://play.google.com/store/apps/details?id=com.trimegah.trima,ID,id,4,0.75,75.0,Positive,Apresiasi Umum & Kepuasan,2017-05-22 19:45:38,2017,Trimegah ini punya nya Bank Mega bukan?,Trimegah ini punya nya Bank Mega bukan?,True,39,7,1.2.6,15,Ya,Untuk informasi lengkap mengenai Trimegah Sekuritas dapat Anda lihat di trimegah.com. Jika terdapat kendala atau kritik dan saran dapat Anda sampaikan ke customer service kami di +62 21 2924 9000 atau email ke callcenter@trimegah.com. Terima kasih.,2017-05-23 13:57:23,Sampel ulasan publik Play Store
3b92089b-889a-4c48-93ce-dafbfd58ee77,2026-09-25 23:20:20,https://play.google.com/store/apps/details?id=com.trimegah.trima,ID,id,5,1.0,100.0,Positive,Apresiasi Umum & Kepuasan,2017-05-22 19:33:34,2017,Bagus tapi belum dicoba 😕😕😕😕,Bagus tapi belum dicoba 😕😕😕😕,True,28,5,Tidak Tercatat,0,Ya,"Terima kasih telah menginstall Aplikasi Trima, untuk kritik dan saran dapat Anda sampaikan ke customer service kami di +62 21 2924 9000 atau email ke callcenter@trimegah.com.",2017-05-23 13:54:01,Sampel ulasan publik Play Store
81c3c377-d0cf-48c1-9ad0-e302b30228bb,2026-09-25 23:20:20,https://play.google.com/store/apps/details?id=com.trimegah.trima,ID,id,4,0.75,75.0,Positive,Apresiasi Umum & Kepuasan,2017-05-22 16:39:42,2017,Baru mau instal,Baru mau instal,True,15,3,Tidak Tercatat,0,Ya,Jika terdapat kendala atau kritik dan saran dapat Anda sampaikan ke customer service kami di +62 21 2924 9000 atau email ke callcenter@trimegah.com. Terima kasih.,2017-05-23 13:53:51,Sampel ulasan publik Play Store
aafcc95f-c076-4d3d-9bbb-8451feffe2f9,2026-09-25 23:20:20,https://play.google.com/store/apps/details?id=com.trimegah.trima,ID,id,5,1.0,100.0,Positive,Apresiasi Umum & Kepuasan,2017-05-20 04:40:36,2017,Belum faham,Belum faham,True,11,2,Tidak Tercatat,0,Ya,"Informasi lengkap mengenai Trima bisa Anda lihat di trima.co.id. Jika terdapat kendala, Anda dapat sampaikan ke customer service kami di +62 21 2924 9000 atau email ke callcenter@trimegah.com. Terima kasih.",2017-05-23 13:51:36,Sampel ulasan publik Play Store
4f524595-f45a-4dcd-a6df-a37ee6b30bbe,2026-09-25 23:20:20,https://play.google.com/store/apps/details?id=com.trimegah.trima,ID,id,3,0.5,50.0,Neutral,Netral / Saran Umum,2017-05-19 20:39:25,2017,Ga ngerti,Ga ngerti,True,9,2,1.2.6,12,Ya,"Informasi lengkap mengenai Trima bisa Anda lihat di trima.co.id. Jika terdapat kendala, Anda dapat sampaikan ke customer service kami di +62 21 2924 9000 atau email ke callcenter@trimegah.com. Terima kasih.",2017-05-23 13:51:25,Sampel ulasan publik Play Store
3dc248ef-f30b-44cb-b736-d8e6a7b7b080,2026-09-25 23:20:20,https://play.google.com/store/apps/details?id=com.trimegah.trima,ID,id,5,1.0,100.0,Positive,Apresiasi Umum & Kepuasan,2017-05-19 12:28:14,2017,Keren,Keren,True,5,1,Tidak Tercatat,0,Ya,"Terima kasih telah menginstall Aplikasi Trima, untuk kritik dan saran dapat Anda sampaikan ke customer service kami di +62 21 2924 9000 atau email ke callcenter@trimegah.com.",2017-05-19 16:42:24,Sampel ulasan publik Play Store
a2d45934-e14d-40e7-9595-a049f88abd6e,2026-09-25 23:20:20,https://play.google.com/store/apps/details?id=com.trimegah.trima,ID,id,1,0.0,0.0,Negative,Keluhan Umum Aplikasi,2017-05-18 13:07:14,2017,Lelet,Lelet,True,5,1,Tidak Tercatat,0,Ya,Jika terdapat kendala dapat Anda sampaikan ke customer service kami di +62 21 2924 9000 atau email ke callcenter@trimegah.com.,2017-05-19 11:30:52,Sampel ulasan publik Play Store
2d8f78be-568e-4311-a933-a1d6875a6441,2026-09-25 23:20:20,https://play.google.com/store/apps/details?id=com.trimegah.trima,ID,id,5,1.0,100.0,Positive,Login & Autentikasi,2017-05-17 15:29:43,2017,Mohon ma. Af password nya apa yaa,Mohon ma. Af password nya apa yaa,True,33,7,1.2.5,0,Ya,Jika terdapat kendala dapat Anda sampaikan ke customer service kami di +62 21 2924 9000 atau email ke callcenter@trimegah.com.,2017-05-18 12:40:50,Sampel ulasan publik Play Store
a731ceb3-5552-48f2-9b02-8ef85c65188e,2026-09-25 23:20:20,https://play.google.com/store/apps/details?id=com.trimegah.trima,ID,id,5,1.0,100.0,Positive,Customer Service & Layanan,2017-05-17 04:04:02,2017,Moon maaf gimana Cara pendaftaran akun nya Mohon Di jawab,Moon maaf gimana Cara pendaftaran akun nya Mohon Di jawab,True,57,10,1.2.5,0,Ya,"Informasi lebih lengkap mengenai Aplikasi Trima Anda bisa lihat di trima.co.id. Namun jika ada kendala, Anda bisa sampaikan ke customer service kami di +62 21 2924 9000 atau email ke callcenter@trimegah.com.",2017-05-17 12:49:40,Sampel ulasan publik Play Store
ad649ebe-67e7-4ac7-a2e7-40e0198c7dbf,2026-09-25 23:20:20,https://play.google.com/store/apps/details?id=com.trimegah.trima,ID,id,3,0.5,50.0,Neutral,Login & Autentikasi,2017-05-16 19:53:04,2017,"Ketika mau update profile TIME OUT, dan saya mau nanya untuk untuk saldo dana kas itu pinjaman atau memang dari prima","Ketika mau update profile TIME OUT, dan saya mau nanya untuk untuk saldo dana kas itu pinjaman atau memang dari prima",True,117,21,Tidak Tercatat,0,Ya,"Informasi lebih lengkap mengenai Aplikasi Trima Anda bisa lihat di trima.co.id. Namun jika ada kendala, Anda bisa sampaikan ke customer service kami di +62 21 2924 9000 atau email ke callcenter@trimegah.com.",2017-05-17 12:48:59,Sampel ulasan publik Play Store
043b8764-37c2-421f-8c84-1663d00ef5af,2026-09-25 23:20:20,https://play.google.com/store/apps/details?id=com.trimegah.trima,ID,id,1,0.0,0.0,Negative,Keluhan Umum Aplikasi,2017-05-16 11:56:53,2017,apk nggak jelas ....,apk nggak jelas ....,True,20,4,Tidak Tercatat,0,Ya,"Informasi lebih lengkap mengenai Aplikasi Trima Anda bisa lihat di trima.co.id. Namun jika ada kendala, Anda bisa sampaikan ke customer service kami di +62 21 2924 9000 atau email ke callcenter@trimegah.com.",2017-05-17 12:44:53,Sampel ulasan publik Play Store
0ffa60ed-3442-423b-a827-8037f933c749,2026-09-25 23:20:20,https://play.google.com/store/apps/details?id=com.trimegah.trima,ID,id,4,0.75,75.0,Positive,Apresiasi Umum & Kepuasan,2017-05-16 09:02:58,2017,Mantap,Mantap,True,6,1,Tidak Tercatat,0,Ya,"Terima kasih telah menginstall Aplikasi Trima, untuk kritik dan saran dapat Anda sampaikan ke customer service kami di +62 21 2924 9000 atau email ke callcenter@trimegah.com.",2017-05-16 11:49:21,Sampel ulasan publik Play Store
05cc6e64-15dd-4936-af1c-0716057278f9,2026-09-25 23:20:20,https://play.google.com/store/apps/details?id=com.trimegah.trima,ID,id,5,1.0,100.0,Positive,Apresiasi Umum & Kepuasan,2017-05-16 03:48:40,2017,Bagus,Bagus,True,5,1,1.2.5,0,Ya,"Terima kasih telah menginstall Aplikasi Trima, untuk kritik dan saran dapat Anda sampaikan ke customer service kami di +62 21 2924 9000 atau email ke callcenter@trimegah.com.",2017-05-16 11:49:10,Sampel ulasan publik Play Store
8c630634-3ac9-4b85-977b-207578ac9735,2026-09-25 23:20:20,https://play.google.com/store/apps/details?id=com.trimegah.trima,ID,id,3,0.5,50.0,Neutral,UI/UX & Performa (Loading/Navigasi),2017-05-15 16:43:29,2017,Melalui aplikasi ini bisa daftar buka rekening online kha?,Melalui aplikasi ini bisa daftar buka rekening online kha?,True,58,9,1.1.2,0,Ya,"Anda bisa membuka rekening di aplikasi Trima dan untuk informasi lebih lengkap mengenai Aplikasi Trima Anda bisa lihat di trima.co.id. Namun jika ada kendala, Anda bisa sampaikan ke customer service kami di +62 21 2924 9000 atau email ke callcenter@trimegah.com.",2017-05-16 11:47:27,Sampel ulasan publik Play Store
dd878020-f005-4903-837e-18e9c4378550,2026-09-25 23:20:20,https://play.google.com/store/apps/details?id=com.trimegah.trima,ID,id,3,0.5,50.0,Neutral,Netral / Saran Umum,2017-05-15 11:36:02,2017,"3 bintang dulu ea , krn msh mncoba","3 bintang dulu ea , krn msh mncoba",True,34,8,Tidak Tercatat,0,Ya,"Terima kasih telah menginstall Aplikasi Trima, untuk kritik dan saran dapat Anda sampaikan ke customer service kami di +62 21 2924 9000 atau email ke callcenter@trimegah.com.",2017-05-15 16:22:05,Sampel ulasan publik Play Store
2831f948-ce9d-406b-9a92-09cc7d3d8ee5,2026-09-25 23:20:20,https://play.google.com/store/apps/details?id=com.trimegah.trima,ID,id,3,0.5,50.0,Neutral,Netral / Saran Umum,2017-05-14 08:43:37,2017,Mohon infonya bagaimana cara log in ketika sudah melakuka sing up,Mohon infonya bagaimana cara log in ketika sudah melakuka sing up,True,65,11,1.2.5,3,Ya,Jika terdapat kendala dapat Anda sampaikan ke customer service kami di +62 21 2924 9000 atau email ke callcenter@trimegah.com.,2017-05-15 11:44:07,Sampel ulasan publik Play Store
537819d1-1b00-4203-a39b-b83b17e14a3b,2026-09-25 23:20:20,https://play.google.com/store/apps/details?id=com.trimegah.trima,ID,id,4,0.75,75.0,Positive,Apresiasi Umum & Kepuasan,2017-05-12 23:04:52,2017,Aplikasi ini adalah untuk tidak menayangkan iklan,Aplikasi ini adalah untuk tidak menayangkan iklan,True,49,7,Tidak Tercatat,0,Ya,"Terima kasih telah menginstall Aplikasi Trima, untuk kritik dan saran dapat Anda sampaikan ke customer service kami di +62 21 2924 9000 atau email ke callcenter@trimegah.com.",2017-05-15 16:21:33,Sampel ulasan publik Play Store
78c624d9-dff5-40bf-b54f-3a04c9b75d12,2026-09-25 23:20:20,https://play.google.com/store/apps/details?id=com.trimegah.trima,ID,id,5,1.0,100.0,Positive,Apresiasi Umum & Kepuasan,2017-05-12 19:13:53,2017,Tapi bagaimana caranya ya,Tapi bagaimana caranya ya,True,25,4,Tidak Tercatat,0,Ya,"Informasi lebih lengkap mengenai Aplikasi Trima Anda bisa lihat di trima.co.id. Namun jika ada kendala, Anda bisa sampaikan ke customer service kami di +62 21 2924 9000 atau email ke callcenter@trimegah.com.",2017-05-15 11:41:05,Sampel ulasan publik Play Store
df139a5b-6098-46dc-acac-8e06cd1ae9d7,2026-09-25 23:20:20,https://play.google.com/store/apps/details?id=com.trimegah.trima,ID,id,5,1.0,100.0,Positive,Apresiasi Umum & Kepuasan,2017-05-11 15:49:40,2017,"Apakah yg   di  luar   indonesia  dpat  memakai   aplikasi  ini,,?","Apakah yg di luar indonesia dpat memakai aplikasi ini,,?",True,56,9,1.2.5,0,Ya,"Trima bisa Anda gunakan di Indonesia maupun di luar Indonesia. Namun jika masih ada pertanyaan, Anda bisa sampaikan ke customer service kami di +62 21 2924 9000 atau email ke callcenter@trimegah.com.",2017-05-12 17:06:41,Sampel ulasan publik Play Store
4f5c08f6-3ad8-49a7-96a6-a1badd5f8785,2026-09-25 23:20:20,https://play.google.com/store/apps/details?id=com.trimegah.trima,ID,id,3,0.5,50.0,Neutral,Netral / Saran Umum,2017-05-11 00:49:56,2017,Gunanya apps ini untuk apa aja mohon di perjelas,Gunanya apps ini untuk apa aja mohon di perjelas,True,48,9,Tidak Tercatat,0,Ya,"Trima adalah aplikasi yang dapat mempermudah Anda dalam berkegitan investasi secara online. Informasi lebih lengkap mengenai Aplikasi Trima Anda bisa lihat di trima.co.id. Namun jika ada kendala, Anda bisa sampaikan ke customer service kami di +62 21 2924 9000 atau email ke callcenter@trimegah.com.",2017-05-12 16:49:15,Sampel ulasan publik Play Store
6ad29a6c-259b-4686-a552-0e44914fae61,2026-09-25 23:20:20,https://play.google.com/store/apps/details?id=com.trimegah.trima,ID,id,1,0.0,0.0,Negative,Keluhan Umum Aplikasi,2017-05-10 16:13:02,2017,No,No,True,2,1,1.2.5,1,Ya,"Terima kasih telah menginstall Aplikasi Trima, untuk kritik dan saran dapat Anda sampaikan ke customer service kami di +62 21 2924 9000 atau email ke callcenter@trimegah.com.",2017-05-12 10:57:38,Sampel ulasan publik Play Store
1444272e-ad99-470e-855e-677d6bf553f0,2026-09-25 23:20:20,https://play.google.com/store/apps/details?id=com.trimegah.trima,ID,id,4,0.75,75.0,Positive,Apresiasi Umum & Kepuasan,2017-05-08 15:00:12,2017,Good,Good,True,4,1,Tidak Tercatat,0,Ya,"Terima kasih Onx telah menginstall Aplikasi Trima, untuk kritik dan saran dapat Anda sampaikan ke customer service kami di +62 21 2924 9000 atau email ke callcenter@trimegah.com.",2017-05-09 12:06:47,Sampel ulasan publik Play Store
b0956a0c-dbfe-4f65-93c6-219fca2676ce,2026-09-25 23:20:20,https://play.google.com/store/apps/details?id=com.trimegah.trima,ID,id,5,1.0,100.0,Positive,Login & Autentikasi,2017-05-08 14:57:02,2017,"Saya sudah bisa Login, tetapi apa kegunaannya apk ini, dan fungsinya utk apa? Mohon penjelasannya","Saya sudah bisa Login, tetapi apa kegunaannya apk ini, dan fungsinya utk apa? Mohon penjelasannya",True,97,15,1.2.5,21,Ya,"Informasi lebih lengkap mengenai Aplikasi Trima Anda bisa lihat di trima.co.id. Namun jika masih ada kendala, Anda bisa sampaikan ke customer service kami di +62 21 2924 9000 atau email ke callcenter@trimegah.com.",2017-05-09 12:06:25,Sampel ulasan publik Play Store
0e6406a8-db3c-42b9-b726-13ff3335f12d,2026-09-25 23:20:20,https://play.google.com/store/apps/details?id=com.trimegah.trima,ID,id,5,1.0,100.0,Positive,Apresiasi Umum & Kepuasan,2017-05-08 12:03:56,2017,"Coba me install. Sambil belajar  berinvestasi,","Coba me install. Sambil belajar berinvestasi,",True,45,6,1.2.5,12,Ya,"Terima kasih Asli telah menginstall Aplikasi Trima, untuk kritik dan saran dapat Anda sampaikan ke customer service kami di +62 21 2924 9000 atau email ke callcenter@trimegah.com.",2017-05-09 12:06:03,Sampel ulasan publik Play Store
a36c0121-8c32-4ae2-9234-e501f212d48f,2026-09-25 23:20:20,https://play.google.com/store/apps/details?id=com.trimegah.trima,ID,id,4,0.75,75.0,Positive,Apresiasi Umum & Kepuasan,2017-05-08 00:53:29,2017,Tdk mngerti,Tdk mngerti,True,11,2,1.2.5,1,Ya,"Informasi lebih lengkap mengenai Aplikasi Trima Anda bisa lihat di trima.co.id. Namun jika masih ada kendala, Anda bisa sampaikan ke customer service kami di +62 21 2924 9000 atau email ke callcenter@trimegah.com.",2017-05-08 11:48:38,Sampel ulasan publik Play Store
b6a5c929-35fd-4f3c-8e18-a3581d1b599f,2026-09-25 23:20:20,https://play.google.com/store/apps/details?id=com.trimegah.trima,ID,id,5,1.0,100.0,Positive,Apresiasi Umum & Kepuasan,2017-05-07 18:12:56,2017,Good Job,Good Job,True,8,2,Tidak Tercatat,0,Ya,"Terima kasih Faris telah menginstall Aplikasi Trima, untuk kritik dan saran dapat Anda sampaikan ke customer service kami di +62 21 2924 9000 atau email ke callcenter@trimegah.com.",2017-05-08 11:46:59,Sampel ulasan publik Play Store
6134e403-34ba-4063-ab5a-3845fa91916f,2026-09-25 23:20:20,https://play.google.com/store/apps/details?id=com.trimegah.trima,ID,id,5,1.0,100.0,Positive,Apresiasi Umum & Kepuasan,2017-05-06 14:13:22,2017,Knpbtdk bisa log in.. gmn caranya...,Knpbtdk bisa log in.. gmn caranya...,True,36,6,1.2.5,7,Ya,Jika terdapat kendala dapat Anda sampaikan ke customer service kami di +62 21 2924 9000 atau email ke callcenter@trimegah.com.,2017-05-08 11:46:25,Sampel ulasan publik Play Store
d357c40c-31a2-4b56-8ffa-3667a6f181f2,2026-09-25 23:20:20,https://play.google.com/store/apps/details?id=com.trimegah.trima,ID,id,4,0.75,75.0,Positive,Apresiasi Umum & Kepuasan,2017-05-05 11:21:12,2017,Mantap,Mantap,True,6,1,1.2.4,2,Ya,"Terima kasih Muchlisin telah menginstall Aplikasi Trima, untuk kritik dan saran dapat Anda sampaikan ke customer service kami di +62 21 2924 9000 atau email ke callcenter@trimegah.com.",2017-05-05 11:49:46,Sampel ulasan publik Play Store
bd55db12-eec1-4dbd-822d-0caa997d3d44,2026-09-25 23:20:20,https://play.google.com/store/apps/details?id=com.trimegah.trima,ID,id,1,0.0,0.0,Negative,Keluhan Umum Aplikasi,2017-05-03 17:09:12,2017,Sampaikan,Sampaikan,True,9,1,Tidak Tercatat,0,Ya,"Terima kasih telah menginstall Aplikasi Trima, untuk kritik dan saran dapat Anda sampaikan ke customer service kami di +62 21 2924 9000 atau email ke callcenter@trimegah.com.",2017-05-04 12:00:33,Sampel ulasan publik Play Store
cc972a3f-ad89-41d3-84a6-6676534931d7,2026-09-25 23:20:20,https://play.google.com/store/apps/details?id=com.trimegah.trima,ID,id,5,1.0,100.0,Positive,Apresiasi Umum & Kepuasan,2017-05-03 05:21:00,2017,Aplikasi yang bagus,Aplikasi yang bagus,True,19,3,Tidak Tercatat,0,Ya,"Terima kasih Tri telah menginstall Aplikasi Trima, untuk kritik dan saran dapat Anda sampaikan ke customer service kami di +62 21 2924 9000 atau email ke callcenter@trimegah.com.",2017-05-03 13:24:04,Sampel ulasan publik Play Store
007c9cf2-9a65-4573-91fb-f53fdd2064a8,2026-09-25 23:20:20,https://play.google.com/store/apps/details?id=com.trimegah.trima,ID,id,5,1.0,100.0,Positive,Apresiasi Umum & Kepuasan,2017-05-03 05:16:30,2017,Bagus nih aplikasi,Bagus nih aplikasi,True,18,3,Tidak Tercatat,0,Ya,"Terima kasih telah menginstall Aplikasi Trima, untuk kritik dan saran dapat Anda sampaikan ke customer service kami di +62 21 2924 9000 atau email ke callcenter@trimegah.com.",2017-05-03 13:23:57,Sampel ulasan publik Play Store
cfd2c740-f5da-488d-9ba2-3a60510fc1c5,2026-09-25 23:20:20,https://play.google.com/store/apps/details?id=com.trimegah.trima,ID,id,5,1.0,100.0,Positive,Login & Autentikasi,2017-05-03 03:00:55,2017,"Aplikasinya bagus,  tolong saya biar saya bisa masuk bagai mana caranya?  Terimakasih. Tolong bantuanya.","Aplikasinya bagus, tolong saya biar saya bisa masuk bagai mana caranya? Terimakasih. Tolong bantuanya.",True,102,14,1.2.4,10,Ya,"Terima kasih telah menginstall Aplikasi Trima, jika terdapat kendala Anda bisa sampaikan ke customer service kami di +62 21 2924 9000 atau email ke callcenter@trimegah.com.",2017-05-03 13:23:48,Sampel ulasan publik Play Store
012d5e28-4520-48ea-970f-afaa60aebf85,2026-09-25 23:20:20,https://play.google.com/store/apps/details?id=com.trimegah.trima,ID,id,5,1.0,100.0,Positive,Apresiasi Umum & Kepuasan,2017-05-02 22:16:18,2017,Sangat mmbantu,Sangat mmbantu,True,14,2,Tidak Tercatat,0,Ya,"Terima kasih Arcko telah menginstall Aplikasi Trima, untuk kritik dan saran dapat Anda sampaikan ke customer service kami di +62 21 2924 9000 atau email ke callcenter@trimegah.com.",2017-05-03 13:22:12,Sampel ulasan publik Play Store
d0268153-d786-47f9-8322-38cffaf413a1,2026-09-25 23:20:20,https://play.google.com/store/apps/details?id=com.trimegah.trima,ID,id,5,1.0,100.0,Positive,Apresiasi Umum & Kepuasan,2017-05-02 13:31:53,2017,Bgai mna mainya nih,Bgai mna mainya nih,True,19,4,Tidak Tercatat,0,Ya,"Informasi lebih lengkap mengenai Aplikasi Trima Anda bisa lihat di trima.co.id. Namun jika masih ada kendala, Anda bisa sampaikan ke customer service kami di +62 21 2924 9000 atau email ke callcenter@trimegah.com.",2017-05-02 14:11:19,Sampel ulasan publik Play Store
b4a1fe57-489e-4507-9d8c-0506a4043910,2026-09-25 23:20:20,https://play.google.com/store/apps/details?id=com.trimegah.trima,ID,id,5,1.0,100.0,Positive,Apresiasi Umum & Kepuasan,2017-05-02 09:28:06,2017,Mantav gan aplikasinya,Mantav gan aplikasinya,True,22,3,1.2.3,1,Ya,"Terima kasih telah menginstall Aplikasi Trima, untuk kritik dan saran dapat Anda sampaikan ke customer service kami di +62 21 2924 9000 atau email ke callcenter@trimegah.com.",2017-05-02 12:48:50,Sampel ulasan publik Play Store
055a12db-1eea-4665-8643-97fa9193a20c,2026-09-25 23:20:20,https://play.google.com/store/apps/details?id=com.trimegah.trima,ID,id,5,1.0,100.0,Positive,Apresiasi Umum & Kepuasan,2017-05-02 09:22:31,2017,Mantap jiwo,Mantap jiwo,True,11,2,Tidak Tercatat,0,Ya,"Terima kasih telah menginstall Aplikasi Trima, untuk kritik dan saran dapat Anda sampaikan ke customer service kami di +62 21 2924 9000 atau email ke callcenter@trimegah.com.",2017-05-02 12:48:33,Sampel ulasan publik Play Store
12ba653e-c5f9-4bbd-9b0a-afe14dccc8a9,2026-09-25 23:20:20,https://play.google.com/store/apps/details?id=com.trimegah.trima,ID,id,5,1.0,100.0,Positive,Apresiasi Umum & Kepuasan,2017-05-02 02:52:56,2017,Oke,Oke,True,3,1,Tidak Tercatat,0,Ya,"Terima kasih Asrizal telah menginstall Aplikasi Trima, untuk kritik dan saran dapat Anda sampaikan ke customer service kami di +62 21 2924 9000 atau email ke callcenter@trimegah.com.",2017-05-02 12:47:49,Sampel ulasan publik Play Store
2a509f6b-93c4-4777-bde1-c6fe54fb6974,2026-09-25 23:20:20,https://play.google.com/store/apps/details?id=com.trimegah.trima,ID,id,5,1.0,100.0,Positive,Apresiasi Umum & Kepuasan,2017-05-01 23:22:10,2017,Bagus appsnya sangat membantu ..,Bagus appsnya sangat membantu ..,True,32,5,1.2.3,4,Ya,"Terima kasihYulius telah menginstall Aplikasi Trima, untuk kritik dan saran dapat Anda sampaikan ke customer service kami di +62 21 2924 9000 atau email ke callcenter@trimegah.com.",2017-05-02 12:47:36,Sampel ulasan publik Play Store
5997a86a-1777-4f34-b8a0-669eb95e5311,2026-09-25 23:20:20,https://play.google.com/store/apps/details?id=com.trimegah.trima,ID,id,5,1.0,100.0,Positive,Apresiasi Umum & Kepuasan,2017-05-01 23:19:41,2017,Good,Good,True,4,1,Tidak Tercatat,0,Ya,"Terima kasih telah menginstall Aplikasi Trima, untuk kritik dan saran dapat Anda sampaikan ke customer service kami di +62 21 2924 9000 atau email ke callcenter@trimegah.com.",2017-05-02 12:47:27,Sampel ulasan publik Play Store
77e60a0c-55ae-4b2a-b062-3cd0d0e0eed7,2026-09-25 23:20:20,https://play.google.com/store/apps/details?id=com.trimegah.trima,ID,id,2,0.25,25.0,Negative,Login & Autentikasi,2017-05-01 10:11:54,2017,Bgmana caranya gak bisa masuk passwornya 😣,Bgmana caranya gak bisa masuk passwornya 😣,True,42,7,1.2.3,5,Ya,"Jika terdapat kendala, Anda bisa sampaikan ke customer service kami di +62 21 2924 9000 atau email ke callcenter@trimegah.com.",2017-05-02 12:47:20,Sampel ulasan publik Play Store
01a371f4-fc7c-4d62-91db-8d8b33910076,2026-09-25 23:20:20,https://play.google.com/store/apps/details?id=com.trimegah.trima,ID,id,4,0.75,75.0,Positive,Apresiasi Umum & Kepuasan,2017-04-29 23:20:37,2017,Sangat membantu,Sangat membantu,True,15,2,1.2.3,4,Ya,"Terima kasih telah menginstall Aplikasi Trima, untuk kritik dan saran dapat Anda sampaikan ke customer service kami di +62 21 2924 9000 atau email ke callcenter@trimegah.com.",2017-05-02 12:46:36,Sampel ulasan publik Play Store
c83fb988-d553-4e1a-b53b-7339ab61b7a7,2026-09-25 23:20:20,https://play.google.com/store/apps/details?id=com.trimegah.trima,ID,id,5,1.0,100.0,Positive,Transaksi & Portofolio Saham,2017-04-29 22:41:32,2017,Aplikasi paling mudah untuk pertimbangan reksa dana,Aplikasi paling mudah untuk pertimbangan reksa dana,True,51,7,Tidak Tercatat,0,Ya,"Terima kasih Ras telah menginstall Aplikasi Trima, untuk kritik dan saran dapat Anda sampaikan ke customer service kami di +62 21 2924 9000 atau email ke callcenter@trimegah.com.",2017-05-02 12:46:08,Sampel ulasan publik Play Store
1e1b1fd9-fded-4f74-a969-e8eca803fb9b,2026-09-25 23:20:20,https://play.google.com/store/apps/details?id=com.trimegah.trima,ID,id,5,1.0,100.0,Positive,Transaksi & Portofolio Saham,2017-04-29 22:25:13,2017,Aplikasi yang mempermudah saya dalam investasi juga reksa dana,Aplikasi yang mempermudah saya dalam investasi juga reksa dana,True,62,9,Tidak Tercatat,0,Ya,"Terima kasih Kafrien telah menginstall Aplikasi Trima, untuk kritik dan saran dapat Anda sampaikan ke customer service kami di +62 21 2924 9000 atau email ke callcenter@trimegah.com.",2017-05-02 12:45:51,Sampel ulasan publik Play Store
8eb6741f-07eb-4a9b-969f-915b0c706b14,2026-09-25 23:20:20,https://play.google.com/store/apps/details?id=com.trimegah.trima,ID,id,5,1.0,100.0,Positive,Apresiasi Umum & Kepuasan,2017-04-29 11:23:15,2017,Wow,Wow,True,3,1,Tidak Tercatat,0,Ya,"Terima kasih Testimoni Solo telah menginstall Aplikasi Trima, untuk kritik dan saran dapat Anda sampaikan ke customer service kami di +62 21 2924 9000 atau email ke callcenter@trimegah.com.",2017-05-02 12:43:44,Sampel ulasan publik Play Store
12d20f57-5bff-462d-bb4b-ddbf5e06816d,2026-09-25 23:20:20,https://play.google.com/store/apps/details?id=com.trimegah.trima,ID,id,5,1.0,100.0,Positive,Apresiasi Umum & Kepuasan,2017-04-29 11:20:53,2017,Aplikasi ini sangat membantu,Aplikasi ini sangat membantu,True,28,4,Tidak Tercatat,0,Ya,"Terima kasih Saleh telah menginstall Aplikasi Trima, untuk kritik dan saran dapat Anda sampaikan ke customer service kami di +62 21 2924 9000 atau email ke callcenter@trimegah.com.",2017-05-02 12:43:14,Sampel ulasan publik Play Store
166f7c95-f516-4bf7-99d4-e8a261697b86,2026-09-25 23:20:20,https://play.google.com/store/apps/details?id=com.trimegah.trima,ID,id,5,1.0,100.0,Positive,Apresiasi Umum & Kepuasan,2017-04-29 10:46:36,2017,Amazing application!!!fast n easy...,Amazing application!!!fast n easy...,True,36,4,Tidak Tercatat,0,Ya,"Terima kasih telah menginstall Aplikasi Trima, untuk kritik dan saran dapat Anda sampaikan ke customer service kami di +62 21 2924 9000 atau email ke callcenter@trimegah.com.",2017-05-02 12:42:54,Sampel ulasan publik Play Store
bc35767f-e16a-4c11-9e6d-35a4a1e0aeff,2026-09-25 23:20:20,https://play.google.com/store/apps/details?id=com.trimegah.trima,ID,id,5,1.0,100.0,Positive,Customer Service & Layanan,2017-04-29 10:08:31,2017,Wah bermanfaat sekali ya aplikasi ini . Wow banget . Recommended,Wah bermanfaat sekali ya aplikasi ini . Wow banget . Recommended,True,64,11,Tidak Tercatat,0,Ya,"Terima kasih Crestoper telah menginstall Aplikasi Trima, untuk kritik dan saran dapat Anda sampaikan ke customer service kami di +62 21 2924 9000 atau email ke callcenter@trimegah.com.",2017-05-02 12:42:03,Sampel ulasan publik Play Store
a08377b9-20aa-4e94-9381-6949f8c14e5d,2026-09-25 23:20:20,https://play.google.com/store/apps/details?id=com.trimegah.trima,ID,id,4,0.75,75.0,Positive,Apresiasi Umum & Kepuasan,2017-04-29 09:26:29,2017,Aplikasi Bermanfaat,Aplikasi Bermanfaat,True,19,2,Tidak Tercatat,0,Ya,"Terima kasih Hendrik telah menginstall Aplikasi Trima, untuk kritik dan saran dapat Anda sampaikan ke customer service kami di +62 21 2924 9000 atau email ke callcenter@trimegah.com.",2017-05-02 12:41:16,Sampel ulasan publik Play Store
31e27551-bcf7-468c-a167-1d0e2897b913,2026-09-25 23:20:20,https://play.google.com/store/apps/details?id=com.trimegah.trima,ID,id,5,1.0,100.0,Positive,Apresiasi Umum & Kepuasan,2017-04-28 21:15:45,2017,Aplikasi ini membuat saya dapat melakukan transaksi dengan mudah. Terimah kasih...,Aplikasi ini membuat saya dapat melakukan transaksi dengan mudah. Terimah kasih...,True,82,11,Tidak Tercatat,0,Ya,"Terima kasih telah menginstall Aplikasi Trima, untuk kritik dan saran dapat Anda sampaikan ke customer service kami di +62 21 2924 9000 atau email ke callcenter@trimegah.com",2017-05-02 12:41:00,Sampel ulasan publik Play Store
b46fb007-df26-41e6-8a9e-0600384c4e59,2026-09-25 23:20:20,https://play.google.com/store/apps/details?id=com.trimegah.trima,ID,id,5,1.0,100.0,Positive,Apresiasi Umum & Kepuasan,2017-04-27 16:54:31,2017,Memudahkan untuk para investor yang ada.. 🖒,Memudahkan untuk para investor yang ada.. 🖒,True,43,7,Tidak Tercatat,0,Ya,"Terima kasih telah menginstall Aplikasi Trima, untuk kritik dan saran dapat Anda sampaikan ke customer service kami di +62 21 2924 9000 atau email ke callcenter@trimegah.com.",2017-04-28 11:00:29,Sampel ulasan publik Play Store
c9c319cc-eb5b-494b-bfee-00e1ec226d75,2026-09-25 23:20:20,https://play.google.com/store/apps/details?id=com.trimegah.trima,ID,id,5,1.0,100.0,Positive,Apresiasi Umum & Kepuasan,2017-04-27 16:50:23,2017,Good aplikasi to investor..,Good aplikasi to investor..,True,27,4,Tidak Tercatat,0,Ya,"Terima kasih telah menginstall Aplikasi Trima, untuk kritik dan saran dapat Anda sampaikan ke customer service kami di +62 21 2924 9000 atau email ke callcenter@trimegah.com.",2017-04-28 11:00:25,Sampel ulasan publik Play Store
58fb1f87-6ce4-4174-b0eb-465d170edf21,2026-09-25 23:20:20,https://play.google.com/store/apps/details?id=com.trimegah.trima,ID,id,5,1.0,100.0,Positive,Apresiasi Umum & Kepuasan,2017-04-27 14:08:48,2017,Great aplikasi.. 😊,Great aplikasi.. 😊,True,18,3,Tidak Tercatat,0,Ya,"Terima kasih Erawan telah menginstall Aplikasi Trima, untuk kritik dan saran dapat Anda sampaikan ke customer service kami di +62 21 2924 9000 atau email ke callcenter@trimegah.com.",2017-04-27 16:08:53,Sampel ulasan publik Play Store
49b1d424-996b-4c21-867a-7cada48831be,2026-09-25 23:20:20,https://play.google.com/store/apps/details?id=com.trimegah.trima,ID,id,5,1.0,100.0,Positive,Apresiasi Umum & Kepuasan,2017-04-26 16:57:00,2017,"Mantap bisa doeble bisnis, property dan saham 🖒","Mantap bisa doeble bisnis, property dan saham 🖒",True,47,8,Tidak Tercatat,0,Ya,"Terima kasih telah menginstall Aplikasi Trima, untuk kritik dan saran dapat Anda sampaikan ke customer service kami di +62 21 2924 9000 atau email ke callcenter@trimegah.com.",2017-04-27 10:46:29,Sampel ulasan publik Play Store
3f530870-79da-4635-a1ce-a0f5d7053276,2026-09-25 23:20:20,https://play.google.com/store/apps/details?id=com.trimegah.trima,ID,id,5,1.0,100.0,Positive,Apresiasi Umum & Kepuasan,2017-04-26 16:47:44,2017,Membantu memudahkan para investor..,Membantu memudahkan para investor..,True,35,4,Tidak Tercatat,0,Ya,"Terima kasih telah menginstall Aplikasi Trima, untuk kritik dan saran dapat Anda sampaikan ke customer service kami di +62 21 2924 9000 atau email ke callcenter@trimegah.com.",2017-04-26 19:12:22,Sampel ulasan publik Play Store
748f7173-5fe6-47b8-95b1-e1cf35cc7de4,2026-09-25 23:20:20,https://play.google.com/store/apps/details?id=com.trimegah.trima,ID,id,5,1.0,100.0,Positive,Apresiasi Umum & Kepuasan,2017-04-26 16:08:12,2017,Bagus buat penelitian ini..  😊,Bagus buat penelitian ini.. 😊,True,29,5,1.2.3,6,Ya,"Terima kasih telah menginstall Aplikasi Trima, untuk kritik dan saran dapat Anda sampaikan ke customer service kami di +62 21 2924 9000 atau email ke callcenter@trimegah.com.",2017-04-26 19:12:10,Sampel ulasan publik Play Store
61676249-ae47-4b48-bc3e-c4132e9d7d57,2026-09-25 23:20:20,https://play.google.com/store/apps/details?id=com.trimegah.trima,ID,id,5,1.0,100.0,Positive,Apresiasi Umum & Kepuasan,2017-04-26 15:37:02,2017,Easy and easy for this aplication sir... 😊,Easy and easy for this aplication sir... 😊,True,42,8,Tidak Tercatat,0,Ya,"Terima kasih telah menginstall Aplikasi Trima, untuk kritik dan saran dapat Anda sampaikan ke customer service kami di +62 21 2924 9000 atau email ke callcenter@trimegah.com.",2017-04-26 19:11:49,Sampel ulasan publik Play Store
2e55ead2-2096-4335-ac0a-485a0d099007,2026-09-25 23:20:20,https://play.google.com/store/apps/details?id=com.trimegah.trima,ID,id,5,1.0,100.0,Positive,Apresiasi Umum & Kepuasan,2017-04-26 14:54:00,2017,Aplikasinya kok keren gini ya.. 😃😃,Aplikasinya kok keren gini ya.. 😃😃,True,34,6,Tidak Tercatat,0,Ya,"Terima kasih telah menginstall Aplikasi Trima, untuk kritik dan saran dapat Anda sampaikan ke customer service kami di +62 21 2924 9000 atau email ke callcenter@trimegah.com.",2017-04-26 15:15:14,Sampel ulasan publik Play Store
7a0e5926-3f31-477a-b46f-7407c6cb127c,2026-09-25 23:20:20,https://play.google.com/store/apps/details?id=com.trimegah.trima,ID,id,5,1.0,100.0,Positive,Apresiasi Umum & Kepuasan,2017-04-26 14:46:32,2017,Terima kasih atas aplikasinya yaa... 😁😁,Terima kasih atas aplikasinya yaa... 😁😁,True,39,6,Tidak Tercatat,0,Ya,"Terima kasih telah menginstall Aplikasi Trima, untuk kritik dan saran dapat Anda sampaikan ke customer service kami di +62 21 2924 9000 atau email ke callcenter@trimegah.com.",2017-04-26 15:15:07,Sampel ulasan publik Play Store
d08afd81-9c03-48e6-af7b-626caac268d9,2026-09-25 23:20:20,https://play.google.com/store/apps/details?id=com.trimegah.trima,ID,id,5,1.0,100.0,Positive,Apresiasi Umum & Kepuasan,2017-04-26 14:40:32,2017,Very easy 👍,Very easy 👍,True,11,3,Tidak Tercatat,0,Ya,"Terima kasih telah menginstall Aplikasi Trima, untuk kritik dan saran dapat Anda sampaikan ke customer service kami di +62 21 2924 9000 atau email ke callcenter@trimegah.com.",2017-04-26 15:14:57,Sampel ulasan publik Play Store
503bfd7b-21ad-4002-ace5-3b2d1414c33e,2026-09-25 23:20:20,https://play.google.com/store/apps/details?id=com.trimegah.trima,ID,id,5,1.0,100.0,Positive,Apresiasi Umum & Kepuasan,2017-04-26 09:17:32,2017,I like this aplication.. 😉,I like this aplication.. 😉,True,26,5,Tidak Tercatat,0,Ya,"Terima kasih telah menginstall Aplikasi Trima, untuk kritik dan saran dapat Anda sampaikan ke customer service kami di +62 21 2924 9000 atau email ke callcenter@trimegah.com.",2017-04-26 12:38:14,Sampel ulasan publik Play Store
4e9755cb-577f-4cb8-872f-3bcbe6db54a1,2026-09-25 23:20:20,https://play.google.com/store/apps/details?id=com.trimegah.trima,ID,id,5,1.0,100.0,Positive,Apresiasi Umum & Kepuasan,2017-04-25 16:30:02,2017,membantu,membantu,True,8,1,1.2.3,4,Ya,"Jika terdapat kendala, Anda bisa sampaikan ke customer service kami di +62 21 2924 9000 atau email ke callcenter@trimegah.com. Terima kasih.",2017-04-25 17:46:51,Sampel ulasan publik Play Store
9e085482-2a6d-43d7-a8e5-be361af85589,2026-09-25 23:20:20,https://play.google.com/store/apps/details?id=com.trimegah.trima,ID,id,5,1.0,100.0,Positive,Apresiasi Umum & Kepuasan,2017-04-25 16:00:13,2017,"Aplikasi sangat baik, lanjutkan","Aplikasi sangat baik, lanjutkan",True,31,4,Tidak Tercatat,0,Ya,"Terima kasih Tirsa telah menginstall Aplikasi Trima, untuk kritik dan saran dapat Anda sampaikan ke customer service kami di +62 21 2924 9000 atau email ke callcenter@trimegah.com.",2017-04-25 17:54:18,Sampel ulasan publik Play Store
0b7b3971-c457-43c4-828f-8d2520b91768,2026-09-25 23:20:20,https://play.google.com/store/apps/details?id=com.trimegah.trima,ID,id,5,1.0,100.0,Positive,Apresiasi Umum & Kepuasan,2017-04-25 15:52:19,2017,Aplikasi sangat bagus dan membantu 😍,Aplikasi sangat bagus dan membantu 😍,True,36,6,Tidak Tercatat,0,Ya,"Terima kasih telah menginstall Aplikasi Trima, untuk kritik dan saran dapat Anda sampaikan ke customer service kami di +62 21 2924 9000 atau email ke callcenter@trimegah.com.",2017-04-25 17:53:16,Sampel ulasan publik Play Store
8003b932-50b8-4137-ad6d-28435cb65d57,2026-09-25 23:20:20,https://play.google.com/store/apps/details?id=com.trimegah.trima,ID,id,5,1.0,100.0,Positive,Apresiasi Umum & Kepuasan,2017-04-24 20:06:30,2017,Aplikasinya sangat bermanfaat dan simple digunakan,Aplikasinya sangat bermanfaat dan simple digunakan,True,50,6,Tidak Tercatat,0,Ya,"Terima kasih telah menginstall Aplikasi Trima, untuk kritik dan saran dapat Anda sampaikan ke customer service kami di +62 21 2924 9000 atau email ke callcenter@trimegah.com.",2017-04-25 11:56:12,Sampel ulasan publik Play Store
e0f0edb3-016d-44a3-a8ee-c85b7313fab0,2026-09-25 23:20:20,https://play.google.com/store/apps/details?id=com.trimegah.trima,ID,id,5,1.0,100.0,Positive,Apresiasi Umum & Kepuasan,2017-04-23 17:32:15,2017,Applikasinya Ok juga,Applikasinya Ok juga,True,20,3,Tidak Tercatat,0,Ya,"Terima kasih telah menginstall Aplikasi Trima, untuk kritik dan saran dapat Anda sampaikan ke customer service kami di +62 21 2924 9000 atau email ke callcenter@trimegah.com.",2017-04-25 11:55:14,Sampel ulasan publik Play Store
871a9763-241f-4213-9f1e-53c40f7a8c93,2026-09-25 23:20:20,https://play.google.com/store/apps/details?id=com.trimegah.trima,ID,id,5,1.0,100.0,Positive,Apresiasi Umum & Kepuasan,2017-04-22 11:11:21,2017,Mudah dimengerti & sangat membantu,Mudah dimengerti & sangat membantu,True,34,5,1.2.1,0,Ya,"Terima kasih telah menginstall Aplikasi Trima, untuk kritik dan saran dapat Anda sampaikan ke customer service kami di +62 21 2924 9000 atau email ke callcenter@trimegah.com.",2017-04-25 11:55:06,Sampel ulasan publik Play Store
40d9c1c0-2b00-43ce-90b6-222ac7f84e69,2026-09-25 23:20:20,https://play.google.com/store/apps/details?id=com.trimegah.trima,ID,id,5,1.0,100.0,Positive,Apresiasi Umum & Kepuasan,2017-04-20 19:05:37,2017,"Aplikasi bagus, sangat simpel dan membantu sekali","Aplikasi bagus, sangat simpel dan membantu sekali",True,49,7,1.2.1,2,Ya,"Terima kasih telah menginstall Aplikasi Trima, untuk kritik dan saran dapat Anda sampaikan ke customer service kami di +62 21 2924 9000 atau email ke callcenter@trimegah.com.",2017-04-21 11:41:19,Sampel ulasan publik Play Store
5611079d-8c45-4785-823c-b3ba5857b0ad,2026-09-25 23:20:20,https://play.google.com/store/apps/details?id=com.trimegah.trima,ID,id,5,1.0,100.0,Positive,Apresiasi Umum & Kepuasan,2017-04-20 15:43:26,2017,Good Riview,Good Riview,True,11,2,1.2.1,2,Ya,"Terima kasih telah menginstall Aplikasi Trima, untuk kritik dan saran dapat Anda sampaikan ke customer service kami di +62 21 2924 9000 atau email ke callcenter@trimegah.com.",2017-04-21 11:40:53,Sampel ulasan publik Play Store
51808f33-c1c2-4ab1-a36e-eb1e2f132a9f,2026-09-25 23:20:20,https://play.google.com/store/apps/details?id=com.trimegah.trima,ID,id,5,1.0,100.0,Positive,Apresiasi Umum & Kepuasan,2017-04-20 15:38:16,2017,Good apk. Thank you,Good apk. Thank you,True,19,4,1.2.1,2,Ya,"Terima kasih telah menginstall Aplikasi Trima, untuk kritik dan saran dapat Anda sampaikan ke customer service kami di +62 21 2924 9000 atau email ke callcenter@trimegah.com.",2017-04-21 11:40:41,Sampel ulasan publik Play Store
87d7a7a2-465c-43fe-a061-4435abc9ba59,2026-09-25 23:20:20,https://play.google.com/store/apps/details?id=com.trimegah.trima,ID,id,5,1.0,100.0,Positive,Apresiasi Umum & Kepuasan,2017-04-20 15:11:19,2017,Good apk. Thankyouuu ^^,Good apk. Thankyouuu ^^,True,23,4,1.2.1,1,Ya,"Terima kasih telah menginstall Aplikasi Trima, untuk kritik dan saran dapat Anda sampaikan ke customer service kami di +62 21 2924 9000 atau email ke callcenter@trimegah.com.",2017-04-21 11:40:07,Sampel ulasan publik Play Store
cafd8c99-cd66-4758-a8a5-33cc45ec1190,2026-09-25 23:20:20,https://play.google.com/store/apps/details?id=com.trimegah.trima,ID,id,5,1.0,100.0,Positive,Apresiasi Umum & Kepuasan,2017-04-20 14:43:37,2017,Good review,Good review,True,11,2,1.2.1,1,Ya,"Terima kasih telah menginstall Aplikasi Trima, untuk kritik dan saran dapat Anda sampaikan ke customer service kami di +62 21 2924 9000 atau email ke callcenter@trimegah.com.",2017-04-21 11:39:28,Sampel ulasan publik Play Store
dd9e612a-7ec0-4d43-ad92-7326b7990764,2026-09-25 23:20:20,https://play.google.com/store/apps/details?id=com.trimegah.trima,ID,id,5,1.0,100.0,Positive,Apresiasi Umum & Kepuasan,2017-04-19 17:30:32,2017,Nice and fast.good job!,Nice and fast.good job!,True,23,4,Tidak Tercatat,0,Ya,"Terima kasih telah menginstall Aplikasi Trima, untuk kritik dan saran dapat Anda sampaikan ke customer service kami di +62 21 2924 9000 atau email ke callcenter@trimegah.com.",2017-04-20 08:52:13,Sampel ulasan publik Play Store
74be66c0-b978-4e10-8163-ec54f62c4746,2026-09-25 23:20:20,https://play.google.com/store/apps/details?id=com.trimegah.trima,ID,id,5,1.0,100.0,Positive,Apresiasi Umum & Kepuasan,2017-04-19 16:59:01,2017,Aplikasi ini sangat membantu saya dlm bertransaksi.Thanks trimegah!,Aplikasi ini sangat membantu saya dlm bertransaksi.Thanks trimegah!,True,67,8,Tidak Tercatat,0,Ya,"Terima kasih telah menginstall Aplikasi Trima, untuk kritik dan saran dapat Anda sampaikan ke customer service kami di +62 21 2924 9000 atau email ke callcenter@trimegah.com.",2017-04-20 08:52:06,Sampel ulasan publik Play Store
64ab47a8-5def-46c5-9090-5da14656874c,2026-09-25 23:20:20,https://play.google.com/store/apps/details?id=com.trimegah.trima,ID,id,5,1.0,100.0,Positive,Apresiasi Umum & Kepuasan,2017-04-19 16:11:42,2017,Terimakasih saya dapat bertransaksi dengan cepat,Terimakasih saya dapat bertransaksi dengan cepat,True,48,6,Tidak Tercatat,0,Ya,"Terima kasih telah menginstall Aplikasi Trima, untuk kritik dan saran dapat Anda sampaikan ke customer service kami di +62 21 2924 9000 atau email ke callcenter@trimegah.com.",2017-04-20 08:51:58,Sampel ulasan publik Play Store
c89d4e90-c50f-460a-aef2-7d49aee6278f,2026-09-25 23:20:20,https://play.google.com/store/apps/details?id=com.trimegah.trima,ID,id,5,1.0,100.0,Positive,UI/UX & Performa (Loading/Navigasi),2017-04-18 08:03:03,2017,Aplikasinya lumayan bagus sih. Dan gak pake ribet 👍,Aplikasinya lumayan bagus sih. Dan gak pake ribet 👍,True,51,9,Tidak Tercatat,0,Ya,"Terima kasih telah menginstall Aplikasi Trima, untuk kritik dan saran dapat Anda sampaikan ke customer service kami di +62 21 2924 9000 atau email ke callcenter@trimegah.com.",2017-04-18 12:15:02,Sampel ulasan publik Play Store
2a3c46c8-77b3-48d0-9b71-4ae1940285be,2026-09-25 23:20:20,https://play.google.com/store/apps/details?id=com.trimegah.trima,ID,id,5,1.0,100.0,Positive,Apresiasi Umum & Kepuasan,2017-04-17 23:53:10,2017,I like.. I like..I like.. Oke bgt,I like.. I like..I like.. Oke bgt,True,33,7,1.2.1,1,Ya,"Terima kasih telah menginstall Aplikasi Trima, untuk kritik dan saran dapat Anda sampaikan ke customer service kami di +62 21 2924 9000 atau email ke callcenter@trimegah.com.",2017-04-18 12:14:59,Sampel ulasan publik Play Store
5b668c1d-33b3-482d-8d6c-3c1e3ea4415b,2026-09-25 23:20:20,https://play.google.com/store/apps/details?id=com.trimegah.trima,ID,id,5,1.0,100.0,Positive,Apresiasi Umum & Kepuasan,2017-04-17 20:26:55,2017,"Aplikasi yg sangat membantu,  bermutu dan simpel.  Wow banget..  Amazing","Aplikasi yg sangat membantu, bermutu dan simpel. Wow banget.. Amazing",True,69,10,1.2.1,3,Ya,"Terima kasih telah menginstall Aplikasi Trima, untuk kritik dan saran dapat Anda sampaikan ke customer service kami di +62 21 2924 9000 atau email ke callcenter@trimegah.com.",2017-04-18 12:14:56,Sampel ulasan publik Play Store
99df8151-5d50-4278-93dd-75ba08712f66,2026-09-25 23:20:20,https://play.google.com/store/apps/details?id=com.trimegah.trima,ID,id,5,1.0,100.0,Positive,Apresiasi Umum & Kepuasan,2017-04-17 17:07:34,2017,Bagus bagus ini aplikasi nya sangat membantu sekali,Bagus bagus ini aplikasi nya sangat membantu sekali,True,51,8,1.2.1,6,Ya,"Terima kasih telah menginstall Aplikasi Trima, untuk kritik dan saran dapat Anda sampaikan ke customer service kami di +62 21 2924 9000 atau email ke callcenter@trimegah.com.",2017-04-18 12:14:51,Sampel ulasan publik Play Store
2f841da8-17e5-4a57-91c7-775a0c502b53,2026-09-25 23:20:20,https://play.google.com/store/apps/details?id=com.trimegah.trima,ID,id,3,0.5,50.0,Neutral,Netral / Saran Umum,2017-04-15 07:48:55,2017,Good,Good,True,4,1,Tidak Tercatat,0,Ya,"Terima kasih telah menginstall Aplikasi Trima, untuk kritik dan saran dapat Anda sampaikan ke customer service kami di +62 21 2924 9000 atau email ke callcenter@trimegah.com.",2017-04-17 15:45:54,Sampel ulasan publik Play Store
b85b9037-362e-4341-900f-956112888749,2026-09-25 23:20:20,https://play.google.com/store/apps/details?id=com.trimegah.trima,ID,id,1,0.0,0.0,Negative,Customer Service & Layanan,2017-04-14 08:39:11,2017,Aplikasi ini..  Ternyata indah khabar dari rupa!.. Saya sudah xoba down loade dan mendaftar dan.. Pendaftaran saya tdak di acc..  Kerna banyak kekurangan nya mengenai NPWP dan akaun bank.. Nah saya kan gak punya syarat2 itu.. Admin dan pengembang harus tahu bahwa dari sekian juta penduduk negeri ini kan gak semua nya memiliki semua syarat2 yg admin dan pengembang wajib kan bg pengguna applikasi anda.. Oleh karna nya saya menyatakan kekecewaan...,Aplikasi ini.. Ternyata indah khabar dari rupa!.. Saya sudah xoba down loade dan mendaftar dan.. Pendaftaran saya tdak di acc.. Kerna banyak kekurangan nya mengenai NPWP dan akaun bank.. Nah saya kan gak punya syarat2 itu.. Admin dan pengembang harus tahu bahwa dari sekian juta penduduk negeri ini kan gak semua nya memiliki semua syarat2 yg admin dan pengembang wajib kan bg pengguna applikasi anda.. Oleh karna nya saya menyatakan kekecewaan...,True,447,71,Tidak Tercatat,0,Ya,"Dear Pak Muhammad, mohon maaf ketentuan dasar memang harus menyertakan dokumen-dokumen tsb. Kami ucapkan terima kasih untuk saran serta masukannya. Jika masih ada kendala Anda dapat sampaikan ke customer service kami di +62 21 2924 9000 atau email ke callcenter@trimegah.com.",2017-04-17 19:50:26,Sampel ulasan publik Play Store
eb3b01b4-376c-451c-b6e2-875beabcd518,2026-09-25 23:20:20,https://play.google.com/store/apps/details?id=com.trimegah.trima,ID,id,2,0.25,25.0,Negative,Customer Service & Layanan,2017-04-13 16:04:15,2017,Cara buat emailnya gimana saya binggung tolong beritau caranya di gambar biar bisa tampah paham,Cara buat emailnya gimana saya binggung tolong beritau caranya di gambar biar bisa tampah paham,True,95,15,1.1.6,0,Ya,"Info lengkap mengenai aplikasi Trima dapat Anda lihat di trima.co.id. Namun, jika masih ada kendala, Anda dapat sampaikan ke customer service kami di +62 21 2924 9000 atau email ke callcenter@trimegah.com.",2017-04-03 15:17:21,Sampel ulasan publik Play Store
5bf193e4-b35d-4d63-8119-a61ed1a398b1,2026-09-25 23:20:20,https://play.google.com/store/apps/details?id=com.trimegah.trima,ID,id,5,1.0,100.0,Positive,UI/UX & Performa (Loading/Navigasi),2017-04-13 13:08:32,2017,"Aplikasi nya lumayan sih, gak ribet.pokoknya bagus deh","Aplikasi nya lumayan sih, gak ribet.pokoknya bagus deh",True,54,8,1.2.0,1,Ya,"Terima kasih telah menginstall Aplikasi Trima, untuk kritik dan saran dapat Anda sampaikan ke customer service kami di +62 21 2924 9000 atau email ke callcenter@trimegah.com.",2017-04-13 15:25:47,Sampel ulasan publik Play Store
618781d5-1def-4cab-9a04-e77dddebd51d,2026-09-25 23:20:20,https://play.google.com/store/apps/details?id=com.trimegah.trima,ID,id,5,1.0,100.0,Positive,Apresiasi Umum & Kepuasan,2017-04-13 10:44:51,2017,"bagus , semoga bermanfaat bagi masyrakat luas","bagus , semoga bermanfaat bagi masyrakat luas",True,45,7,1.2.0,2,Ya,"Terima kasih telah menginstall Aplikasi Trima, untuk kritik dan saran dapat Anda sampaikan ke customer service kami di +62 21 2924 9000 atau email ke callcenter@trimegah.com.",2017-04-13 15:25:35,Sampel ulasan publik Play Store
c2caa396-e9b1-459a-800d-25e7782580ca,2026-09-25 23:20:20,https://play.google.com/store/apps/details?id=com.trimegah.trima,ID,id,5,1.0,100.0,Positive,Apresiasi Umum & Kepuasan,2017-04-12 16:28:28,2017,"Aplikasi ini sangat membantu transaksi saya,trima kasih.","Aplikasi ini sangat membantu transaksi saya,trima kasih.",True,56,7,Tidak Tercatat,0,Ya,"Terima kasih telah menginstall Aplikasi Trima, untuk kritik dan saran dapat Anda sampaikan ke customer service kami di +62 21 2924 9000 atau email ke callcenter@trimegah.com.",2017-04-13 15:24:56,Sampel ulasan publik Play Store
1fd6c479-06bc-48b9-9f91-6a5f2bafd030,2026-09-25 23:20:20,https://play.google.com/store/apps/details?id=com.trimegah.trima,ID,id,5,1.0,100.0,Positive,Apresiasi Umum & Kepuasan,2017-04-12 16:02:02,2017,Semoga bisa bermanfaat buat penggunannya ya,Semoga bisa bermanfaat buat penggunannya ya,True,43,6,Tidak Tercatat,0,Ya,"Terima kasih telah menginstall Aplikasi Trima, untuk kritik dan saran dapat Anda sampaikan ke customer service kami di +62 21 2924 9000 atau email ke callcenter@trimegah.com.",2017-04-13 15:24:31,Sampel ulasan publik Play Store
642a8550-1182-40d7-b85f-01de34e5d877,2026-09-25 23:20:20,https://play.google.com/store/apps/details?id=com.trimegah.trima,ID,id,5,1.0,100.0,Positive,Apresiasi Umum & Kepuasan,2017-04-12 07:04:13,2017,This aplikasi is very easy..,This aplikasi is very easy..,True,28,5,Tidak Tercatat,0,Ya,"Terima kasih telah menginstall Aplikasi Trima, untuk kritik dan saran dapat Anda sampaikan ke customer service kami di +62 21 2924 9000 atau email ke callcenter@trimegah.com.",2017-04-13 15:24:23,Sampel ulasan publik Play Store
7af998b6-41db-45fa-9e3f-7eeb5c1f62f2,2026-09-25 23:20:20,https://play.google.com/store/apps/details?id=com.trimegah.trima,ID,id,5,1.0,100.0,Positive,Apresiasi Umum & Kepuasan,2017-04-08 20:04:33,2017,"Aplikasinya mantap euy, sederhana dan mudah digunakan..👍","Aplikasinya mantap euy, sederhana dan mudah digunakan..👍",True,56,7,1.1.7,0,Ya,"Terima kasih telah menginstall Aplikasi Trima, untuk kritik dan saran dapat Anda sampaikan ke customer service kami di +62 21 2924 9000 atau email ke callcenter@trimegah.com.",2017-04-10 13:38:48,Sampel ulasan publik Play Store
1d6e310d-2aff-46e4-bede-35e141c58f81,2026-09-25 23:20:20,https://play.google.com/store/apps/details?id=com.trimegah.trima,ID,id,5,1.0,100.0,Positive,Apresiasi Umum & Kepuasan,2017-04-07 20:57:58,2017,Bagus banget apk,Bagus banget apk,True,16,3,Tidak Tercatat,0,Ya,"Terima kasih telah menginstall Aplikasi Trima, untuk kritik dan saran dapat Anda sampaikan ke customer service kami di +62 21 2924 9000 atau email ke callcenter@trimegah.com.",2017-04-08 09:21:58,Sampel ulasan publik Play Store
d6f423bb-a414-4bb2-bc7a-8a6320a4e8e4,2026-09-25 23:20:20,https://play.google.com/store/apps/details?id=com.trimegah.trima,ID,id,5,1.0,100.0,Positive,Apresiasi Umum & Kepuasan,2017-04-07 20:52:49,2017,Ok banget apk,Ok banget apk,True,13,3,Tidak Tercatat,0,Ya,"Terima kasih telah menginstall Aplikasi Trima, untuk kritik dan saran dapat Anda sampaikan ke customer service kami di +62 21 2924 9000 atau email ke callcenter@trimegah.com.",2017-04-08 09:21:51,Sampel ulasan publik Play Store
766da33d-85d6-4ee1-b658-8b0c3a5b31cf,2026-09-25 23:20:20,https://play.google.com/store/apps/details?id=com.trimegah.trima,ID,id,5,1.0,100.0,Positive,Apresiasi Umum & Kepuasan,2017-04-07 18:04:15,2017,Ok bngt,Ok bngt,True,7,2,Tidak Tercatat,0,Ya,"Terima kasih telah menginstall Aplikasi Trima, untuk kritik dan saran dapat Anda sampaikan ke customer service kami di +62 21 2924 9000 atau email ke callcenter@trimegah.com.",2017-04-08 09:21:43,Sampel ulasan publik Play Store
8e72d4a1-25eb-4602-8372-b8ed4c49089c,2026-09-25 23:20:20,https://play.google.com/store/apps/details?id=com.trimegah.trima,ID,id,5,1.0,100.0,Positive,Apresiasi Umum & Kepuasan,2017-04-07 17:54:14,2017,Two thumbs up for this application coz very fast.,Two thumbs up for this application coz very fast.,True,49,9,Tidak Tercatat,0,Ya,"Terima kasih telah menginstall Aplikasi Trima, untuk kritik dan saran dapat Anda sampaikan ke customer service kami di +62 21 2924 9000 atau email ke callcenter@trimegah.com.",2017-04-08 09:21:36,Sampel ulasan publik Play Store
21d2566d-6b43-48a7-b2f6-035be62a08dc,2026-09-25 23:20:20,https://play.google.com/store/apps/details?id=com.trimegah.trima,ID,id,5,1.0,100.0,Positive,Apresiasi Umum & Kepuasan,2017-04-07 17:45:37,2017,Aplikasinya sangat bermanfaat. Very fast n easy.!!,Aplikasinya sangat bermanfaat. Very fast n easy.!!,True,50,7,1.1.8,0,Ya,"Terima kasih telah menginstall Aplikasi Trima, untuk kritik dan saran dapat Anda sampaikan ke customer service kami di +62 21 2924 9000 atau email ke callcenter@trimegah.com.",2017-04-08 09:21:30,Sampel ulasan publik Play Store
250b6acc-f5d1-4c26-8f04-733a07cb5b88,2026-09-25 23:20:20,https://play.google.com/store/apps/details?id=com.trimegah.trima,ID,id,5,1.0,100.0,Positive,Apresiasi Umum & Kepuasan,2017-04-07 16:43:11,2017,I like this application cause very easy&fast..mantab!thnks,I like this application cause very easy&fast..mantab!thnks,True,58,7,1.1.8,0,Ya,"Terima kasih telah menginstall Aplikasi Trima, untuk kritik dan saran dapat Anda sampaikan ke customer service kami di +62 21 2924 9000 atau email ke callcenter@trimegah.com.",2017-04-08 09:21:21,Sampel ulasan publik Play Store
5338eb32-6281-4538-a1cf-69a2dfda680c,2026-09-25 23:20:20,https://play.google.com/store/apps/details?id=com.trimegah.trima,ID,id,4,0.75,75.0,Positive,Apresiasi Umum & Kepuasan,2017-04-07 12:19:54,2017,bagus,bagus,True,5,1,1.1.6,0,Ya,"Terima kasih telah menginstall Aplikasi Trima, untuk kritik dan saran dapat Anda sampaikan ke customer service kami di +62 21 2924 9000 atau email ke callcenter@trimegah.com.",2017-04-07 16:19:33,Sampel ulasan publik Play Store
58c11503-1af0-412c-af0e-844b32abf897,2026-09-25 23:20:20,https://play.google.com/store/apps/details?id=com.trimegah.trima,ID,id,5,1.0,100.0,Positive,Apresiasi Umum & Kepuasan,2017-04-07 11:37:21,2017,"Aplikasi ini menyediakan reksa yg cepat,mudah dan juga nyaman.Semoga dapat bermanfaat bagi kita masyarakat Indonesia.","Aplikasi ini menyediakan reksa yg cepat,mudah dan juga nyaman.Semoga dapat bermanfaat bagi kita masyarakat Indonesia.",True,117,15,1.1.8,0,Ya,"Terima kasih telah menginstall Aplikasi Trima, untuk kritik dan saran dapat Anda sampaikan ke customer service kami di +62 21 2924 9000 atau email ke callcenter@trimegah.com.",2017-04-07 11:50:06,Sampel ulasan publik Play Store
2a61e731-7aa2-44e3-8ae8-a7c74860f1d0,2026-09-25 23:20:20,https://play.google.com/store/apps/details?id=com.trimegah.trima,ID,id,5,1.0,100.0,Positive,Apresiasi Umum & Kepuasan,2017-04-07 07:00:04,2017,sebuah aplikasi yg sangat bagus dan sangat bermanfaat bagi masyarakat..,sebuah aplikasi yg sangat bagus dan sangat bermanfaat bagi masyarakat..,True,71,10,1.1.8,0,Ya,"Terima kasih telah menginstall Aplikasi Trima, untuk kritik dan saran dapat Anda sampaikan ke customer service kami di +62 21 2924 9000 atau email ke callcenter@trimegah.com.",2017-04-07 11:49:52,Sampel ulasan publik Play Store
63f5f13e-775a-44fe-8636-f79183fb30b1,2026-09-25 23:20:20,https://play.google.com/store/apps/details?id=com.trimegah.trima,ID,id,5,1.0,100.0,Positive,Apresiasi Umum & Kepuasan,2017-04-06 20:21:47,2017,Top banget,Top banget,True,10,2,Tidak Tercatat,0,Ya,"Terima kasih telah menginstall Aplikasi Trima, untuk kritik dan saran dapat Anda sampaikan ke customer service kami di +62 21 2924 9000 atau email ke callcenter@trimegah.com.",2017-04-07 11:49:37,Sampel ulasan publik Play Store
787bf346-0c19-44b8-b8be-e59a2f50285d,2026-09-25 23:20:20,https://play.google.com/store/apps/details?id=com.trimegah.trima,ID,id,5,1.0,100.0,Positive,Apresiasi Umum & Kepuasan,2017-04-06 14:35:11,2017,Aplikasinya keren pokoknya nggk nyesel,Aplikasinya keren pokoknya nggk nyesel,True,38,5,Tidak Tercatat,0,Ya,"Terima kasih telah menginstall Aplikasi Trima, untuk kritik dan saran dapat Anda sampaikan ke customer service kami di +62 21 2924 9000 atau email ke callcenter@trimegah.com.",2017-04-07 11:48:57,Sampel ulasan publik Play Store
be6a998d-7891-49e9-9bb2-18e42c396141,2026-09-25 23:20:20,https://play.google.com/store/apps/details?id=com.trimegah.trima,ID,id,5,1.0,100.0,Positive,Apresiasi Umum & Kepuasan,2017-04-06 14:19:03,2017,Keren bermanfaat sekali,Keren bermanfaat sekali,True,23,3,1.1.8,0,Ya,"Terima kasih telah menginstall Aplikasi Trima, untuk kritik dan saran dapat Anda sampaikan ke customer service kami di +62 21 2924 9000 atau email ke callcenter@trimegah.com.",2017-04-07 11:48:46,Sampel ulasan publik Play Store
48e1e105-5fcf-4110-b415-876e0b733945,2026-09-25 23:20:20,https://play.google.com/store/apps/details?id=com.trimegah.trima,ID,id,5,1.0,100.0,Positive,Apresiasi Umum & Kepuasan,2017-04-06 14:01:35,2017,Sangat bermanfaat😊😊,Sangat bermanfaat😊😊,True,19,2,Tidak Tercatat,0,Ya,"Terima kasih telah menginstall Aplikasi Trima, untuk kritik dan saran dapat Anda sampaikan ke customer service kami di +62 21 2924 9000 atau email ke callcenter@trimegah.com.",2017-04-07 11:48:42,Sampel ulasan publik Play Store
9fd17588-14d4-454d-9a08-695ba06b0a79,2026-09-25 23:20:20,https://play.google.com/store/apps/details?id=com.trimegah.trima,ID,id,5,1.0,100.0,Positive,Apresiasi Umum & Kepuasan,2017-04-06 13:58:11,2017,Sangat bermanfaat👍,Sangat bermanfaat👍,True,18,2,Tidak Tercatat,0,Ya,"Terima kasih telah menginstall Aplikasi Trima, untuk kritik dan saran dapat Anda sampaikan ke customer service kami di +62 21 2924 9000 atau email ke callcenter@trimegah.com.",2017-04-07 11:48:37,Sampel ulasan publik Play Store
180e75bc-f8ef-4224-8985-0b71a3f1e0b0,2026-09-25 23:20:20,https://play.google.com/store/apps/details?id=com.trimegah.trima,ID,id,5,1.0,100.0,Positive,Apresiasi Umum & Kepuasan,2017-04-06 13:57:19,2017,Keren sekali😍 sangat bermanfaat,Keren sekali😍 sangat bermanfaat,True,31,4,Tidak Tercatat,0,Ya,"Terima kasih telah menginstall Aplikasi Trima, untuk kritik dan saran dapat Anda sampaikan ke customer service kami di +62 21 2924 9000 atau email ke callcenter@trimegah.com.",2017-04-07 11:48:33,Sampel ulasan publik Play Store
df88e8d6-ac5b-4ae3-b858-11f18d22346f,2026-09-25 23:20:20,https://play.google.com/store/apps/details?id=com.trimegah.trima,ID,id,5,1.0,100.0,Positive,Apresiasi Umum & Kepuasan,2017-04-06 13:55:06,2017,Bermanfaat sekali!,Bermanfaat sekali!,True,18,2,Tidak Tercatat,0,Ya,"Terima kasih telah menginstall Aplikasi Trima, untuk kritik dan saran dapat Anda sampaikan ke customer service kami di +62 21 2924 9000 atau email ke callcenter@trimegah.com.",2017-04-07 11:48:28,Sampel ulasan publik Play Store
25e1d0af-ef86-48d0-bdba-9111731b5200,2026-09-25 23:20:20,https://play.google.com/store/apps/details?id=com.trimegah.trima,ID,id,5,1.0,100.0,Positive,Apresiasi Umum & Kepuasan,2017-04-06 13:54:27,2017,Bermanfaat sekali😍,Bermanfaat sekali😍,True,18,2,Tidak Tercatat,0,Ya,"Terima kasih telah menginstall Aplikasi Trima, untuk kritik dan saran dapat Anda sampaikan ke customer service kami di +62 21 2924 9000 atau email ke callcenter@trimegah.com.",2017-04-07 11:48:23,Sampel ulasan publik Play Store
c325e867-5ca8-4cfd-b935-32044db1c292,2026-09-25 23:20:20,https://play.google.com/store/apps/details?id=com.trimegah.trima,ID,id,5,1.0,100.0,Positive,Apresiasi Umum & Kepuasan,2017-04-06 13:53:52,2017,Bagus sekali😘,Bagus sekali😘,True,13,2,Tidak Tercatat,0,Ya,"Terima kasih telah menginstall Aplikasi Trima, untuk kritik dan saran dapat Anda sampaikan ke customer service kami di +62 21 2924 9000 atau email ke callcenter@trimegah.com.",2017-04-07 11:48:19,Sampel ulasan publik Play Store
d9ef7952-e62f-4b42-bff1-27f23edd9caf,2026-09-25 23:20:20,https://play.google.com/store/apps/details?id=com.trimegah.trima,ID,id,5,1.0,100.0,Positive,Apresiasi Umum & Kepuasan,2017-04-06 13:50:27,2017,Aplikasi ini sangat bermanfaat.  Terimakasihh,Aplikasi ini sangat bermanfaat. Terimakasihh,True,44,5,Tidak Tercatat,0,Ya,"Terima kasih telah menginstall Aplikasi Trima, untuk kritik dan saran dapat Anda sampaikan ke customer service kami di +62 21 2924 9000 atau email ke callcenter@trimegah.com.",2017-04-07 11:48:15,Sampel ulasan publik Play Store
674da716-a180-498c-b7f5-cb2050ea6fae,2026-09-25 23:20:20,https://play.google.com/store/apps/details?id=com.trimegah.trima,ID,id,5,1.0,100.0,Positive,Apresiasi Umum & Kepuasan,2017-04-06 13:47:07,2017,Bagus sekali hehe😊,Bagus sekali hehe😊,True,18,3,Tidak Tercatat,0,Ya,"Terima kasih telah menginstall Aplikasi Trima, untuk kritik dan saran dapat Anda sampaikan ke customer service kami di +62 21 2924 9000 atau email ke callcenter@trimegah.com.",2017-04-07 11:48:11,Sampel ulasan publik Play Store
b470dbee-b1a8-486b-9427-09875b8e48e3,2026-09-25 23:20:20,https://play.google.com/store/apps/details?id=com.trimegah.trima,ID,id,5,1.0,100.0,Positive,Apresiasi Umum & Kepuasan,2017-04-06 13:19:50,2017,Sangat membantu😍,Sangat membantu😍,True,16,2,Tidak Tercatat,0,Ya,"Terima kasih telah menginstall Aplikasi Trima, untuk kritik dan saran dapat Anda sampaikan ke customer service kami di +62 21 2924 9000 atau email ke callcenter@trimegah.com.",2017-04-07 11:47:50,Sampel ulasan publik Play Store
d5a12ad1-29ae-4bf5-8192-55e0af9c7e8d,2026-09-25 23:20:20,https://play.google.com/store/apps/details?id=com.trimegah.trima,ID,id,5,1.0,100.0,Positive,Apresiasi Umum & Kepuasan,2017-04-06 13:16:32,2017,Aplikasi yg bermanfaat👍,Aplikasi yg bermanfaat👍,True,23,3,Tidak Tercatat,0,Ya,"Terima kasih telah menginstall Aplikasi Trima, untuk kritik dan saran dapat Anda sampaikan ke customer service kami di +62 21 2924 9000 atau email ke callcenter@trimegah.com.",2017-04-07 11:47:36,Sampel ulasan publik Play Store
5511c7a8-bd59-47be-a67c-298a01fc890f,2026-09-25 23:20:20,https://play.google.com/store/apps/details?id=com.trimegah.trima,ID,id,5,1.0,100.0,Positive,Apresiasi Umum & Kepuasan,2017-04-06 13:10:49,2017,"Aplikasi sangat membantu, Good Job","Aplikasi sangat membantu, Good Job",True,34,5,Tidak Tercatat,0,Ya,"Terima kasih telah menginstall Aplikasi Trima, untuk kritik dan saran dapat Anda sampaikan ke customer service kami di +62 21 2924 9000 atau email ke callcenter@trimegah.com.",2017-04-07 11:47:32,Sampel ulasan publik Play Store
d8d8a2cb-c7e9-43fc-a398-31d98d98ef15,2026-09-25 23:20:20,https://play.google.com/store/apps/details?id=com.trimegah.trima,ID,id,5,1.0,100.0,Positive,Apresiasi Umum & Kepuasan,2017-04-05 23:45:15,2017,Aplikasinya mantaaab nih.. Dpt pulsa terus... Tingkatkan lg ya biar nambah keren terus..,Aplikasinya mantaaab nih.. Dpt pulsa terus... Tingkatkan lg ya biar nambah keren terus..,True,88,13,1.1.7,2,Ya,"Terima kasih telah menginstall Aplikasi Trima, untuk kritik dan saran dapat Anda sampaikan ke customer service kami di +62 21 2924 9000 atau email ke callcenter@trimegah.com.",2017-04-06 13:09:19,Sampel ulasan publik Play Store
5348fe2a-6d04-4474-a9c5-baf33478f27b,2026-09-25 23:20:20,https://play.google.com/store/apps/details?id=com.trimegah.trima,ID,id,5,1.0,100.0,Positive,Apresiasi Umum & Kepuasan,2017-04-05 23:29:38,2017,Top banget,Top banget,True,10,2,Tidak Tercatat,0,Ya,"Terima kasih telah menginstall Aplikasi Trima, untuk kritik dan saran dapat Anda sampaikan ke customer service kami di +62 21 2924 9000 atau email ke callcenter@trimegah.com.",2017-04-06 13:09:09,Sampel ulasan publik Play Store
0841f3c9-f2e6-4160-b90e-f4c5ec1df0ae,2026-09-25 23:20:20,https://play.google.com/store/apps/details?id=com.trimegah.trima,ID,id,5,1.0,100.0,Positive,Apresiasi Umum & Kepuasan,2017-04-05 20:43:08,2017,Aplikasi ini sangat bagus sangat membantu saya terima kasih,Aplikasi ini sangat bagus sangat membantu saya terima kasih,True,59,9,Tidak Tercatat,0,Ya,"Terima kasih telah menginstall Aplikasi Trima, untuk kritik dan saran dapat Anda sampaikan ke customer service kami di +62 21 2924 9000 atau email ke callcenter@trimegah.com.",2017-04-06 13:09:03,Sampel ulasan publik Play Store
5871db99-3f29-4d4e-b0f3-49947946f7bb,2026-09-25 23:20:20,https://play.google.com/store/apps/details?id=com.trimegah.trima,ID,id,5,1.0,100.0,Positive,Customer Service & Layanan,2017-04-05 19:36:34,2017,Wah aplikasinya sangat bangus sangat memuaskan,Wah aplikasinya sangat bangus sangat memuaskan,True,46,6,1.1.7,0,Ya,"Terima kasih telah menginstall Aplikasi Trima, untuk kritik dan saran dapat Anda sampaikan ke customer service kami di +62 21 2924 9000 atau email ke callcenter@trimegah.com.",2017-04-06 13:08:51,Sampel ulasan publik Play Store
3162a49b-f272-420f-b809-0b9632b71251,2026-09-25 23:20:20,https://play.google.com/store/apps/details?id=com.trimegah.trima,ID,id,5,1.0,100.0,Positive,Apresiasi Umum & Kepuasan,2017-04-05 19:31:48,2017,"salah satu app terbaik, sangat membantu 😍","salah satu app terbaik, sangat membantu 😍",True,41,7,1.1.7,1,Ya,"Terima kasih telah menginstall Aplikasi Trima, untuk kritik dan saran dapat Anda sampaikan ke customer service kami di +62 21 2924 9000 atau email ke callcenter@trimegah.com.",2017-04-06 13:08:41,Sampel ulasan publik Play Store
3e54243c-f65c-4f7c-83ae-ed7a48ecbdeb,2026-09-25 23:20:20,https://play.google.com/store/apps/details?id=com.trimegah.trima,ID,id,5,1.0,100.0,Positive,Apresiasi Umum & Kepuasan,2017-04-05 18:32:08,2017,luarbiasa,luarbiasa,True,9,1,Tidak Tercatat,0,Ya,"Terima kasih telah menginstall Aplikasi Trima, untuk kritik dan saran dapat Anda sampaikan ke customer service kami di +62 21 2924 9000 atau email ke callcenter@trimegah.com.",2017-04-06 13:08:27,Sampel ulasan publik Play Store
c6c5ae69-37b7-4d31-88d7-1e20ae1eb904,2026-09-25 23:20:20,https://play.google.com/store/apps/details?id=com.trimegah.trima,ID,id,5,1.0,100.0,Positive,Apresiasi Umum & Kepuasan,2017-04-05 18:29:50,2017,Wih mantap,Wih mantap,True,10,2,Tidak Tercatat,0,Ya,"Terima kasih telah menginstall Aplikasi Trima, untuk kritik dan saran dapat Anda sampaikan ke customer service kami di +62 21 2924 9000 atau email ke callcenter@trimegah.com.",2017-04-06 13:08:21,Sampel ulasan publik Play Store
b268ddf8-3d9f-409d-a636-864968d26cbe,2026-09-25 23:20:20,https://play.google.com/store/apps/details?id=com.trimegah.trima,ID,id,5,1.0,100.0,Positive,Apresiasi Umum & Kepuasan,2017-04-05 16:45:57,2017,Bagus sekali,Bagus sekali,True,12,2,Tidak Tercatat,0,Ya,"Terima kasih telah menginstall Aplikasi Trima, untuk kritik dan saran dapat Anda sampaikan ke customer service kami di +62 21 2924 9000 atau email ke callcenter@trimegah.com.",2017-04-06 13:08:18,Sampel ulasan publik Play Store
d4d48804-09b5-4cc5-8967-5a81ba083f35,2026-09-25 23:20:20,https://play.google.com/store/apps/details?id=com.trimegah.trima,ID,id,5,1.0,100.0,Positive,Apresiasi Umum & Kepuasan,2017-04-05 16:34:26,2017,Suka sekali dgn aplikasiny,Suka sekali dgn aplikasiny,True,26,4,Tidak Tercatat,0,Ya,"Terima kasih telah menginstall Aplikasi Trima, untuk kritik dan saran dapat Anda sampaikan ke customer service kami di +62 21 2924 9000 atau email ke callcenter@trimegah.com.",2017-04-06 13:08:11,Sampel ulasan publik Play Store
cb5327d0-a1be-44b0-8d5e-afef0afee974,2026-09-25 23:20:20,https://play.google.com/store/apps/details?id=com.trimegah.trima,ID,id,5,1.0,100.0,Positive,Apresiasi Umum & Kepuasan,2017-04-05 14:46:12,2017,Nice app,Nice app,True,8,2,Tidak Tercatat,0,Ya,"Terima kasih telah menginstall Aplikasi Trima, untuk kritik dan saran dapat Anda sampaikan ke customer service kami di +62 21 2924 9000 atau email ke callcenter@trimegah.com.",2017-04-05 16:06:48,Sampel ulasan publik Play Store
a11eb25f-2eda-4369-bf97-2b5d49411cf5,2026-09-25 23:20:20,https://play.google.com/store/apps/details?id=com.trimegah.trima,ID,id,5,1.0,100.0,Positive,Apresiasi Umum & Kepuasan,2017-04-05 14:36:04,2017,Good,Good,True,4,1,Tidak Tercatat,0,Ya,"Terima kasih telah menginstall Aplikasi Trima, untuk kritik dan saran dapat Anda sampaikan ke customer service kami di +62 21 2924 9000 atau email ke callcenter@trimegah.com.",2017-04-05 16:06:45,Sampel ulasan publik Play Store
96b3b856-d54f-4e58-8960-47576140f0f5,2026-09-25 23:20:20,https://play.google.com/store/apps/details?id=com.trimegah.trima,ID,id,5,1.0,100.0,Positive,Apresiasi Umum & Kepuasan,2017-04-04 21:16:40,2017,Mohon ditingkatkan,Mohon ditingkatkan,True,18,2,1.1.5,0,Ya,"Terima kasih telah menginstall Aplikasi Trima, untuk kritik dan saran dapat Anda sampaikan ke customer service kami di +62 21 2924 9000 atau email ke callcenter@trimegah.com.",2017-04-05 12:01:45,Sampel ulasan publik Play Store
41dd5cc0-0fa9-4f34-9508-4aac27ad808c,2026-09-25 23:20:20,https://play.google.com/store/apps/details?id=com.trimegah.trima,ID,id,5,1.0,100.0,Positive,Apresiasi Umum & Kepuasan,2017-04-04 08:29:53,2017,Ok,Ok,True,2,1,1.1.6,0,Ya,"Terima kasih telah menginstall Aplikasi Trima, untuk kritik dan saran dapat Anda sampaikan ke customer service kami di +62 21 2924 9000 atau email ke callcenter@trimegah.com.",2017-04-04 13:20:22,Sampel ulasan publik Play Store
080e8b44-bd47-49b5-a261-c19cba96d3f3,2026-09-25 23:20:20,https://play.google.com/store/apps/details?id=com.trimegah.trima,ID,id,4,0.75,75.0,Positive,Apresiasi Umum & Kepuasan,2017-04-04 02:29:56,2017,Like,Like,True,4,1,1.1.6,0,Ya,"Terima kasih telah menginstall Aplikasi Trima, untuk kritik dan saran dapat Anda sampaikan ke customer service kami di +62 21 2924 9000 atau email ke callcenter@trimegah.com.",2017-04-04 13:20:15,Sampel ulasan publik Play Store
9785cf39-596c-4444-9586-9bb5fe777f42,2026-09-25 23:20:20,https://play.google.com/store/apps/details?id=com.trimegah.trima,ID,id,5,1.0,100.0,Positive,Apresiasi Umum & Kepuasan,2017-04-03 22:53:27,2017,Aplikasi yg sangant membantu,Aplikasi yg sangant membantu,True,28,4,1.1.7,2,Ya,"Terima kasih telah menginstall Aplikasi Trima, untuk kritik dan saran dapat Anda sampaikan ke customer service kami di +62 21 2924 9000 atau email ke callcenter@trimegah.com.",2017-04-04 13:20:10,Sampel ulasan publik Play Store
60f88322-732e-46f3-ba4a-e454228cfcfa,2026-09-25 23:20:20,https://play.google.com/store/apps/details?id=com.trimegah.trima,ID,id,5,1.0,100.0,Positive,Apresiasi Umum & Kepuasan,2017-04-03 22:08:40,2017,Useful,Useful,True,6,1,1.1.6,0,Ya,"Terima kasih telah menginstall Aplikasi Trima, untuk kritik dan saran dapat Anda sampaikan ke customer service kami di +62 21 2924 9000 atau email ke callcenter@trimegah.com.",2017-04-04 13:20:03,Sampel ulasan publik Play Store
a635a6f2-d02a-41c1-bc5a-c64f58b6a161,2026-09-25 23:20:20,https://play.google.com/store/apps/details?id=com.trimegah.trima,ID,id,5,1.0,100.0,Positive,Apresiasi Umum & Kepuasan,2017-04-03 21:01:22,2017,Aplikasi ini sangat bagus ... Terima kasih,Aplikasi ini sangat bagus ... Terima kasih,True,42,7,1.1.7,2,Ya,"Terima kasih telah menginstall Aplikasi Trima, untuk kritik dan saran dapat Anda sampaikan ke customer service kami di +62 21 2924 9000 atau email ke callcenter@trimegah.com.",2017-04-04 13:19:59,Sampel ulasan publik Play Store
140ffa48-e534-4d33-896d-2d9617536317,2026-09-25 23:20:20,https://play.google.com/store/apps/details?id=com.trimegah.trima,ID,id,5,1.0,100.0,Positive,Apresiasi Umum & Kepuasan,2017-04-03 20:23:36,2017,Hebat amazing,Hebat amazing,True,13,2,Tidak Tercatat,0,Ya,"Terima kasih telah menginstall Aplikasi Trima, untuk kritik dan saran dapat Anda sampaikan ke customer service kami di +62 21 2924 9000 atau email ke callcenter@trimegah.com.",2017-04-04 13:19:35,Sampel ulasan publik Play Store
62c6258c-f00e-49ba-a50b-2c7c2f838295,2026-09-25 23:20:20,https://play.google.com/store/apps/details?id=com.trimegah.trima,ID,id,5,1.0,100.0,Positive,Apresiasi Umum & Kepuasan,2017-04-03 19:35:13,2017,Mantap sekali aku suka aku suka,Mantap sekali aku suka aku suka,True,31,6,Tidak Tercatat,0,Ya,"Terima kasih telah menginstall Aplikasi Trima, untuk kritik dan saran dapat Anda sampaikan ke customer service kami di +62 21 2924 9000 atau email ke callcenter@trimegah.com.",2017-04-04 13:18:45,Sampel ulasan publik Play Store
e1f347b8-27e9-4e88-9337-69210ff706a0,2026-09-25 23:20:20,https://play.google.com/store/apps/details?id=com.trimegah.trima,ID,id,5,1.0,100.0,Positive,Customer Service & Layanan,2017-04-03 19:32:43,2017,Waw sangat bagus sekali aplikasi ini sangat membantu,Waw sangat bagus sekali aplikasi ini sangat membantu,True,52,8,Tidak Tercatat,0,Ya,"Terima kasih telah menginstall Aplikasi Trima, untuk kritik dan saran dapat Anda sampaikan ke customer service kami di +62 21 2924 9000 atau email ke callcenter@trimegah.com.",2017-04-04 13:18:35,Sampel ulasan publik Play Store
553ee33a-f037-4015-bc43-ec06536cfde7,2026-09-25 23:20:20,https://play.google.com/store/apps/details?id=com.trimegah.trima,ID,id,5,1.0,100.0,Positive,Apresiasi Umum & Kepuasan,2017-04-03 16:40:09,2017,Wow app nya bangus banget,Wow app nya bangus banget,True,25,5,Tidak Tercatat,0,Ya,"Terima kasih telah menginstall Aplikasi Trima, untuk kritik dan saran dapat Anda sampaikan ke customer service kami di +62 21 2924 9000 atau email ke callcenter@trimegah.com.",2017-04-03 18:09:38,Sampel ulasan publik Play Store
bdfc291c-a829-4bbc-812c-4420218a1dda,2026-09-25 23:20:20,https://play.google.com/store/apps/details?id=com.trimegah.trima,ID,id,5,1.0,100.0,Positive,Apresiasi Umum & Kepuasan,2017-04-03 16:14:41,2017,Top banget,Top banget,True,10,2,1.1.6,0,Ya,"Terima kasih telah menginstall Aplikasi Trima, untuk kritik dan saran dapat Anda sampaikan ke customer service kami di +62 21 2924 9000 atau email ke callcenter@trimegah.com.",2017-04-03 18:09:05,Sampel ulasan publik Play Store
4035a720-cd8e-426c-abcf-322abaa69e4e,2026-09-25 23:20:20,https://play.google.com/store/apps/details?id=com.trimegah.trima,ID,id,5,1.0,100.0,Positive,Apresiasi Umum & Kepuasan,2017-04-03 15:53:40,2017,Sip tempur,Sip tempur,True,10,2,1.1.6,0,Ya,"Terima kasih telah menginstall Aplikasi Trima, untuk kritik dan saran dapat Anda sampaikan ke customer service kami di +62 21 2924 9000 atau email ke callcenter@trimegah.com.",2017-04-03 18:08:04,Sampel ulasan publik Play Store
969b1d94-674e-4731-bc46-338ad6e62a84,2026-09-25 23:20:20,https://play.google.com/store/apps/details?id=com.trimegah.trima,ID,id,1,0.0,0.0,Negative,Keluhan Umum Aplikasi,2017-04-02 21:25:38,2017,Padahal perangkat tidak di root. Tp di sangka root. Gmn sih? Jlek app nya,Padahal perangkat tidak di root. Tp di sangka root. Gmn sih? Jlek app nya,True,73,14,1.1.6,0,Ya,"Jika terdapat kendala dalam menggunakan aplikasi Trima, dapat Anda sampaikan ke customer service kami di +62 21 2924 9000 atau email ke callcenter@trimegah.com. Terima kasih.",2017-04-03 15:19:52,Sampel ulasan publik Play Store
b764fec0-fb76-47cd-b4cb-e0c91b0acb4b,2026-09-25 23:20:20,https://play.google.com/store/apps/details?id=com.trimegah.trima,ID,id,3,0.5,50.0,Neutral,Transaksi & Portofolio Saham,2017-04-02 12:50:07,2017,Bisa isi deposit menggunakan Bank lokal GK bos...dan bagaimana cara dapat menghasilkan uang...,Bisa isi deposit menggunakan Bank lokal GK bos...dan bagaimana cara dapat menghasilkan uang...,True,94,13,1.1.6,0,Ya,"Jika terdapat kendala dalam menggunakan aplikasi Trima, dapat Anda sampaikan ke customer service kami di +62 21 2924 9000 atau email ke callcenter@trimegah.com. Terima kasih.",2017-04-03 15:19:45,Sampel ulasan publik Play Store
c8730792-0089-4ba0-a2ca-a93361a4e2fb,2026-09-25 23:20:20,https://play.google.com/store/apps/details?id=com.trimegah.trima,ID,id,4,0.75,75.0,Positive,Apresiasi Umum & Kepuasan,2017-04-02 06:45:47,2017,Saya binggung,Saya binggung,True,13,2,1.1.6,0,Ya,"Jika terdapat kendala dalam menggunakan aplikasi Trima, dapat Anda sampaikan ke customer service kami di +62 21 2924 9000 atau email ke callcenter@trimegah.com. Terima kasih.",2017-04-03 15:19:33,Sampel ulasan publik Play Store
47654911-e5c1-40b7-bea1-3e3b60578d44,2026-09-25 23:20:20,https://play.google.com/store/apps/details?id=com.trimegah.trima,ID,id,3,0.5,50.0,Neutral,Netral / Saran Umum,2017-04-01 13:30:08,2017,kok gk bsa dwondlod,kok gk bsa dwondlod,True,19,4,Tidak Tercatat,0,Ya,"Jika terdapat kendala dalam menggunakan aplikasi Trima, dapat Anda sampaikan ke customer service kami di +62 21 2924 9000 atau email ke callcenter@trimegah.com. Terima kasih.",2017-04-03 15:18:59,Sampel ulasan publik Play Store
43e919cd-a069-4daf-9e76-f3b9926cc6fb,2026-09-25 23:20:20,https://play.google.com/store/apps/details?id=com.trimegah.trima,ID,id,1,0.0,0.0,Negative,Keluhan Umum Aplikasi,2017-04-01 09:51:30,2017,Mau mencoba dlu .. klo bgs baru kasi bintang lebih,Mau mencoba dlu .. klo bgs baru kasi bintang lebih,True,50,10,Tidak Tercatat,0,Ya,"Terima kasih telah menginstall Aplikasi Trima, untuk kritik dan saran dapat Anda sampaikan ke customer service kami di +62 21 2924 9000 atau email ke callcenter@trimegah.com.",2017-04-03 15:18:30,Sampel ulasan publik Play Store
3b5e0f08-d030-41ff-87e2-8e45906fbe59,2026-09-25 23:20:20,https://play.google.com/store/apps/details?id=com.trimegah.trima,ID,id,5,1.0,100.0,Positive,Apresiasi Umum & Kepuasan,2017-03-31 21:24:43,2017,Joz,Joz,True,3,1,Tidak Tercatat,0,Ya,"Terima kasih telah menginstall Aplikasi Trima, untuk kritik dan saran dapat Anda sampaikan ke customer service kami di +62 21 2924 9000 atau email ke callcenter@trimegah.com.",2017-04-03 15:18:17,Sampel ulasan publik Play Store
1f6d59b0-0287-4116-b18b-55ffb7607d81,2026-09-25 23:20:20,https://play.google.com/store/apps/details?id=com.trimegah.trima,ID,id,5,1.0,100.0,Positive,Apresiasi Umum & Kepuasan,2017-03-31 20:23:49,2017,Apk top banget dan berguna,Apk top banget dan berguna,True,26,5,Tidak Tercatat,0,Ya,"Terima kasih telah menginstall Aplikasi Trima, untuk kritik dan saran dapat Anda sampaikan ke customer service kami di +62 21 2924 9000 atau email ke callcenter@trimegah.com.",2017-04-03 15:18:03,Sampel ulasan publik Play Store
f196905c-75ab-4ef5-94e6-ca40174ad977,2026-09-25 23:20:20,https://play.google.com/store/apps/details?id=com.trimegah.trima,ID,id,1,0.0,0.0,Negative,Login & Autentikasi,2017-03-31 16:54:24,2017,"capek banget diriku udah berkali"" login tapi gak bisa"" uda dibuat pun otp,pass,pin dgn benar melalui email tpi gk masuk"". gak jelas banget ni aplikasi. minta no simpati perusahaan dong biar aku bisa puas hubungi sampek aku bisa login account ku. bohongan x ni app ya??!! ntar perusahaan bodongan.","capek banget diriku udah berkali"" login tapi gak bisa"" uda dibuat pun otp,pass,pin dgn benar melalui email tpi gk masuk"". gak jelas banget ni aplikasi. minta no simpati perusahaan dong biar aku bisa puas hubungi sampek aku bisa login account ku. bohongan x ni app ya??!! ntar perusahaan bodongan.",True,296,49,1.1.6,0,Ya,"Jika terdapat kendala dalam menggunakan aplikasi Trima, dapat Anda sampaikan ke customer service kami di +62 21 2924 9000 atau email ke callcenter@trimegah.com. Terima kasih.",2017-03-29 12:20:02,Sampel ulasan publik Play Store
3b34b4fc-8f3d-4b1f-ae22-e305ebf8f246,2026-09-25 23:20:20,https://play.google.com/store/apps/details?id=com.trimegah.trima,ID,id,5,1.0,100.0,Positive,Apresiasi Umum & Kepuasan,2017-03-31 15:12:59,2017,Ini apk yang sangat baik dan bermanfaat.,Ini apk yang sangat baik dan bermanfaat.,True,40,7,Tidak Tercatat,0,Ya,"Terima kasih telah menginstall Aplikasi Trima, untuk kritik dan saran dapat Anda sampaikan ke customer service kami di +62 21 2924 9000 atau email ke callcenter@trimegah.com.",2017-04-03 15:16:14,Sampel ulasan publik Play Store
0106ff2a-72b5-4c17-873f-1fae9e43be5a,2026-09-25 23:20:20,https://play.google.com/store/apps/details?id=com.trimegah.trima,ID,id,5,1.0,100.0,Positive,Customer Service & Layanan,2017-03-30 20:07:23,2017,"Aplikasi semacam Trima ini, walaupun sederhana tapi lumayan membantu..","Aplikasi semacam Trima ini, walaupun sederhana tapi lumayan membantu..",True,70,9,1.1.6,0,Ya,"Terima kasih telah menginstall Aplikasi Trima, untuk kritik dan saran dapat Anda sampaikan ke customer service kami di +62 21 2924 9000 atau email ke callcenter@trimegah.com.",2017-03-31 11:37:34,Sampel ulasan publik Play Store
d6e2df6f-e557-4f90-9db7-88d8965c1994,2026-09-25 23:20:20,https://play.google.com/store/apps/details?id=com.trimegah.trima,ID,id,5,1.0,100.0,Positive,Apresiasi Umum & Kepuasan,2017-03-30 18:10:41,2017,Saya tidak menyesal karena mendownloadnnya! Sangat bermanfaat!!!👍,Saya tidak menyesal karena mendownloadnnya! Sangat bermanfaat!!!👍,True,65,7,Tidak Tercatat,0,Ya,"Terima kasih telah menginstall Aplikasi Trima, untuk kritik dan saran dapat Anda sampaikan ke customer service kami di +62 21 2924 9000 atau email ke callcenter@trimegah.com.",2017-03-31 11:37:16,Sampel ulasan publik Play Store
7252f045-5354-4c99-a21f-d0db0dba210c,2026-09-25 23:20:20,https://play.google.com/store/apps/details?id=com.trimegah.trima,ID,id,5,1.0,100.0,Positive,Apresiasi Umum & Kepuasan,2017-03-30 17:13:02,2017,Invest yg bagus untuk masa depan yang cerah,Invest yg bagus untuk masa depan yang cerah,True,43,8,Tidak Tercatat,0,Ya,"Terima kasih telah menginstall Aplikasi Trima, untuk kritik dan saran dapat Anda sampaikan ke customer service kami di +62 21 2924 9000 atau email ke callcenter@trimegah.com.",2017-03-31 11:34:40,Sampel ulasan publik Play Store
82c62f04-3f51-42e4-8e10-50984f49e186,2026-09-25 23:20:20,https://play.google.com/store/apps/details?id=com.trimegah.trima,ID,id,3,0.5,50.0,Neutral,Netral / Saran Umum,2017-03-30 08:40:39,2017,Bos gimana cara menjalankannya aplikasi ni bisa?,Bos gimana cara menjalankannya aplikasi ni bisa?,True,48,7,Tidak Tercatat,0,Ya,"Apakah yang Anda maksud untuk pendaftaran awal? Anda bisa lakukann di trima.co.id. Jika terdapat kendala dalam menggunakan aplikasi Trima, dapat Anda sampaikan ke customer service kami di +62 21 2924 9000 atau email ke callcenter@trimegah.com. Terima kasih.",2017-03-30 14:12:24,Sampel ulasan publik Play Store
48bb181e-d9f9-44d4-be51-200b9cb7e4b1,2026-09-25 23:20:20,https://play.google.com/store/apps/details?id=com.trimegah.trima,ID,id,5,1.0,100.0,Positive,Apresiasi Umum & Kepuasan,2017-03-29 02:39:47,2017,Nunggu bsa gk ya,Nunggu bsa gk ya,True,16,4,Tidak Tercatat,0,Ya,"Terima kasih telah menginstall Aplikasi Trima, untuk kritik dan saran dapat Anda sampaikan ke customer service kami di +62 21 2924 9000 atau email ke callcenter@trimegah.com",2017-03-29 12:19:12,Sampel ulasan publik Play Store
af660107-be6d-46bb-8542-4d4f7f129853,2026-09-25 23:20:20,https://play.google.com/store/apps/details?id=com.trimegah.trima,ID,id,1,0.0,0.0,Negative,Keluhan Umum Aplikasi,2017-03-29 00:22:23,2017,Bad,Bad,True,3,1,Tidak Tercatat,0,Ya,"Jika terdapat kendala dalam menggunakan aplikasi Trima, dapat Anda sampaikan ke customer service kami di +62 21 2924 9000 atau email ke callcenter@trimegah.com. Terima kasih.",2017-03-29 12:19:51,Sampel ulasan publik Play Store
c3784527-c41d-4635-9774-9d269c6c8c82,2026-09-25 23:20:20,https://play.google.com/store/apps/details?id=com.trimegah.trima,ID,id,5,1.0,100.0,Positive,Apresiasi Umum & Kepuasan,2017-03-28 23:26:53,2017,good app..top banget dah,good app..top banget dah,True,24,4,Tidak Tercatat,0,Ya,"Terima kasih telah menginstall Aplikasi Trima, untuk kritik dan saran dapat Anda sampaikan ke customer service kami di +62 21 2924 9000 atau email ke callcenter@trimegah.com",2017-03-29 12:19:00,Sampel ulasan publik Play Store
d1f231cb-4727-4cf8-8920-8e1cc14f43af,2026-09-25 23:20:20,https://play.google.com/store/apps/details?id=com.trimegah.trima,ID,id,4,0.75,75.0,Positive,Apresiasi Umum & Kepuasan,2017-03-28 14:32:26,2017,"kurang mengerti ,, ini aplikasi untuk nanam saham atau gimana...","kurang mengerti ,, ini aplikasi untuk nanam saham atau gimana...",True,64,10,1.1.6,0,Ya,Informasi lengkap mengenai aplikasi Trima dapat Anda lihat di www.trima.co.id. Untuk kritik dan saran dapat Anda sampaikan ke customer service kami di +62 21 2924 9000 atau email ke callcenter@trimegah.com. Terima kasih :),2017-03-29 12:18:31,Sampel ulasan publik Play Store
6521d9d9-e945-4e52-8009-cfefd9a7f049,2026-09-25 23:20:20,https://play.google.com/store/apps/details?id=com.trimegah.trima,ID,id,5,1.0,100.0,Positive,Apresiasi Umum & Kepuasan,2017-03-28 08:23:41,2017,Good application,Good application,True,16,2,Tidak Tercatat,0,Ya,"Terima kasih telah menginstall Aplikasi Trima, untuk kritik dan saran dapat Anda sampaikan ke customer service kami di +62 21 2924 9000 atau email ke callcenter@trimegah.com",2017-03-28 09:03:34,Sampel ulasan publik Play Store
c46358fb-0775-4450-b5d9-114ac4c73c40,2026-09-25 23:20:20,https://play.google.com/store/apps/details?id=com.trimegah.trima,ID,id,5,1.0,100.0,Positive,Apresiasi Umum & Kepuasan,2017-03-28 06:21:35,2017,Bagus bgt nih aplikasi...mantaaab dh,Bagus bgt nih aplikasi...mantaaab dh,True,36,5,1.1.6,0,Ya,"Terima kasih telah menginstall Aplikasi Trima, untuk kritik dan saran dapat Anda sampaikan ke customer service kami di +62 21 2924 9000 atau email ke callcenter@trimegah.com",2017-03-28 09:03:18,Sampel ulasan publik Play Store
d3a91e9a-036b-49f8-9dee-79c3d7b96074,2026-09-25 23:20:20,https://play.google.com/store/apps/details?id=com.trimegah.trima,ID,id,5,1.0,100.0,Positive,Apresiasi Umum & Kepuasan,2017-03-28 04:08:08,2017,Egk banysk komentar aq lasi bintang5,Egk banysk komentar aq lasi bintang5,True,36,6,1.1.6,0,Ya,"Terima kasih telah menginstall Aplikasi Trima, untuk kritik dan saran dapat Anda sampaikan ke customer service kami di +62 21 2924 9000 atau email ke callcenter@trimegah.com",2017-03-28 09:03:11,Sampel ulasan publik Play Store
a7f7abda-f89b-43b6-90d4-4ef87f76cb34,2026-09-25 23:20:20,https://play.google.com/store/apps/details?id=com.trimegah.trima,ID,id,5,1.0,100.0,Positive,Apresiasi Umum & Kepuasan,2017-03-27 19:47:06,2017,Verry good,Verry good,True,10,2,Tidak Tercatat,0,Ya,"Terima kasih telah menginstall Aplikasi Trima, untuk kritik dan saran dapat Anda sampaikan ke customer service kami di +62 21 2924 9000 atau email ke callcenter@trimegah.com",2017-03-28 09:03:03,Sampel ulasan publik Play Store
207bb6c7-78c6-4a3c-a209-0d3a143c5be4,2026-09-25 23:20:20,https://play.google.com/store/apps/details?id=com.trimegah.trima,ID,id,5,1.0,100.0,Positive,Apresiasi Umum & Kepuasan,2017-03-27 18:48:52,2017,Very good,Very good,True,9,2,1.1.6,0,Ya,"Terima kasih telah menginstall Aplikasi Trima, untuk kritik dan saran dapat Anda sampaikan ke customer service kami di +62 21 2924 9000 atau email ke callcenter@trimegah.com",2017-03-28 09:02:52,Sampel ulasan publik Play Store
967fed04-c46a-4162-8f36-0510c4e5a766,2026-09-25 23:20:20,https://play.google.com/store/apps/details?id=com.trimegah.trima,ID,id,5,1.0,100.0,Positive,Apresiasi Umum & Kepuasan,2017-03-27 18:28:55,2017,Sangat bagus,Sangat bagus,True,12,2,Tidak Tercatat,0,Ya,"Terima kasih telah menginstall Aplikasi Trima, untuk kritik dan saran dapat Anda sampaikan ke customer service kami di +62 21 2924 9000 atau email ke callcenter@trimegah.com",2017-03-28 09:02:45,Sampel ulasan publik Play Store
7236bbae-bef8-4acb-92ef-e89a55cd939e,2026-09-25 23:20:20,https://play.google.com/store/apps/details?id=com.trimegah.trima,ID,id,5,1.0,100.0,Positive,Apresiasi Umum & Kepuasan,2017-03-27 17:06:09,2017,Mantaap deh,Mantaap deh,True,11,2,Tidak Tercatat,0,Ya,"Terima kasih telah menginstall Aplikasi Trima, untuk kritik dan saran dapat Anda sampaikan ke customer service kami di +62 21 2924 9000 atau email ke callcenter@trimegah.com",2017-03-28 09:02:40,Sampel ulasan publik Play Store
ec8579b5-f191-450c-b0d5-1d9c58613c86,2026-09-25 23:20:20,https://play.google.com/store/apps/details?id=com.trimegah.trima,ID,id,5,1.0,100.0,Positive,Apresiasi Umum & Kepuasan,2017-03-27 15:31:02,2017,YESS GOOD.,YESS GOOD.,True,10,2,Tidak Tercatat,0,Ya,"Terima kasih telah menginstall Aplikasi Trima, untuk kritik dan saran dapat Anda sampaikan ke customer service kami di +62 21 2924 9000 atau email ke callcenter@trimegah.com",2017-03-28 09:02:33,Sampel ulasan publik Play Store
133777c8-7921-416c-af8d-83c880be296c,2026-09-25 23:20:20,https://play.google.com/store/apps/details?id=com.trimegah.trima,ID,id,5,1.0,100.0,Positive,Apresiasi Umum & Kepuasan,2017-03-27 15:19:32,2017,Good aplk,Good aplk,True,9,2,Tidak Tercatat,0,Ya,"Terima kasih telah menginstall Aplikasi Trima, untuk kritik dan saran dapat Anda sampaikan ke customer service kami di +62 21 2924 9000 atau email ke callcenter@trimegah.com",2017-03-28 09:02:27,Sampel ulasan publik Play Store
f30cda89-4133-411a-a5c7-03f418525acb,2026-09-25 23:20:20,https://play.google.com/store/apps/details?id=com.trimegah.trima,ID,id,5,1.0,100.0,Positive,Apresiasi Umum & Kepuasan,2017-03-27 14:44:00,2017,"Buat yang mau blajar investasi,aplikasi ini recommended bnget","Buat yang mau blajar investasi,aplikasi ini recommended bnget",True,61,8,Tidak Tercatat,0,Ya,"Terima kasih telah menginstall Aplikasi Trima, untuk kritik dan saran dapat Anda sampaikan ke customer service kami di +62 21 2924 9000 atau email ke callcenter@trimegah.com",2017-03-28 09:02:19,Sampel ulasan publik Play Store
b0b10d7e-8be7-4e0a-b3c2-591d843a1a83,2026-09-25 23:20:20,https://play.google.com/store/apps/details?id=com.trimegah.trima,ID,id,5,1.0,100.0,Positive,Apresiasi Umum & Kepuasan,2017-03-27 13:49:06,2017,Nice app for investment desicion,Nice app for investment desicion,True,32,5,1.1.6,0,Ya,"Terima kasih telah menginstall Aplikasi Trima, untuk kritik dan saran dapat Anda sampaikan ke customer service kami di +62 21 2924 9000 atau email ke callcenter@trimegah.com",2017-03-28 09:01:54,Sampel ulasan publik Play Store
8ae6b95d-d01e-44ac-8409-f000f28a4e0d,2026-09-25 23:20:20,https://play.google.com/store/apps/details?id=com.trimegah.trima,ID,id,5,1.0,100.0,Positive,Apresiasi Umum & Kepuasan,2017-03-27 13:30:04,2017,Aplikasinya mantap,Aplikasinya mantap,True,18,2,Tidak Tercatat,0,Ya,"Terima kasih telah menginstall Aplikasi Trima, untuk kritik dan saran dapat Anda sampaikan ke customer service kami di +62 21 2924 9000 atau email ke callcenter@trimegah.com",2017-03-28 09:01:50,Sampel ulasan publik Play Store
5a235bc1-66e8-45fa-b653-73203de931d4,2026-09-25 23:20:20,https://play.google.com/store/apps/details?id=com.trimegah.trima,ID,id,5,1.0,100.0,Positive,Apresiasi Umum & Kepuasan,2017-03-27 13:23:06,2017,"Good,aplikasi investasi pertama yang bantu bnget kapan pun dan dimanapun.so easy to use it","Good,aplikasi investasi pertama yang bantu bnget kapan pun dan dimanapun.so easy to use it",True,90,14,1.1.6,2,Ya,"Terima kasih telah menginstall Aplikasi Trima, untuk kritik dan saran dapat Anda sampaikan ke customer service kami di +62 21 2924 9000 atau email ke callcenter@trimegah.com",2017-03-28 09:01:31,Sampel ulasan publik Play Store
6c9ec8ac-6d3d-4233-9c49-2ec55b49682a,2026-09-25 23:20:20,https://play.google.com/store/apps/details?id=com.trimegah.trima,ID,id,5,1.0,100.0,Positive,Apresiasi Umum & Kepuasan,2017-03-27 12:57:14,2017,"Aplikasi Bagus buat yang mau blajar investasi, mudah dan cpat","Aplikasi Bagus buat yang mau blajar investasi, mudah dan cpat",True,61,10,1.1.6,0,Ya,"Terima kasih telah menginstall Aplikasi Trima, untuk kritik dan saran dapat Anda sampaikan ke customer service kami di +62 21 2924 9000 atau email ke callcenter@trimegah.com",2017-03-28 09:01:22,Sampel ulasan publik Play Store
5e4a6f49-d74d-469f-afce-9c59af9672ed,2026-09-25 23:20:20,https://play.google.com/store/apps/details?id=com.trimegah.trima,ID,id,5,1.0,100.0,Positive,Apresiasi Umum & Kepuasan,2017-03-27 12:49:20,2017,"Trima makes you be a younger investment with effort simple,fast and convidence","Trima makes you be a younger investment with effort simple,fast and convidence",True,78,12,1.1.6,0,Ya,"Terima kasih telah menginstall Aplikasi Trima, untuk kritik dan saran dapat Anda sampaikan ke customer service kami di +62 21 2924 9000 atau email ke callcenter@trimegah.com",2017-03-28 09:01:04,Sampel ulasan publik Play Store
190dfaa1-251d-4f64-adf4-acfded4b1f50,2026-09-25 23:20:20,https://play.google.com/store/apps/details?id=com.trimegah.trima,ID,id,5,1.0,100.0,Positive,Apresiasi Umum & Kepuasan,2017-03-27 12:21:15,2017,Membantu saat dalam perjalanan.,Membantu saat dalam perjalanan.,True,31,4,1.1.6,0,Ya,"Terima kasih telah menginstall Aplikasi Trima, untuk kritik dan saran dapat Anda sampaikan ke customer service kami di +62 21 2924 9000 atau email ke callcenter@trimegah.com",2017-03-28 09:00:58,Sampel ulasan publik Play Store
50178f8e-5a62-487e-98fb-80eebd85abb9,2026-09-25 23:20:20,https://play.google.com/store/apps/details?id=com.trimegah.trima,ID,id,5,1.0,100.0,Positive,Apresiasi Umum & Kepuasan,2017-03-27 11:12:11,2017,Good..,Good..,True,6,1,Tidak Tercatat,0,Ya,"Terima kasih telah menginstall Aplikasi Trima, untuk kritik dan saran dapat Anda sampaikan ke customer service kami di +62 21 2924 9000 atau email ke callcenter@trimegah.com",2017-03-27 12:14:09,Sampel ulasan publik Play Store
3a6a588e-6fd8-4b4f-86fc-eaafb9c7d25e,2026-09-25 23:20:20,https://play.google.com/store/apps/details?id=com.trimegah.trima,ID,id,5,1.0,100.0,Positive,Apresiasi Umum & Kepuasan,2017-03-27 11:10:40,2017,Good aplikasi,Good aplikasi,True,13,2,1.1.6,0,Ya,"Terima kasih telah menginstall Aplikasi Trima, untuk kritik dan saran dapat Anda sampaikan ke customer service kami di +62 21 2924 9000 atau email ke callcenter@trimegah.com",2017-03-27 12:14:07,Sampel ulasan publik Play Store
9a711ee6-2c61-4332-8067-abafc814d8b5,2026-09-25 23:20:20,https://play.google.com/store/apps/details?id=com.trimegah.trima,ID,id,1,0.0,0.0,Negative,Login & Autentikasi,2017-03-27 10:52:01,2017,"Ini aplikasinya gimana ya, saya sudah sign up untuk mendaftar, sudah saya isi tetapi gak bisa masuk","Ini aplikasinya gimana ya, saya sudah sign up untuk mendaftar, sudah saya isi tetapi gak bisa masuk",True,99,17,1.1.6,2,Ya,"Jika terdapat kendala dalam menggunakan aplikasi Trima, dapat Anda sampaikan ke customer service kami di +62 21 2924 9000 atau email ke callcenter@trimegah.com. Terima kasih.",2017-03-27 12:14:55,Sampel ulasan publik Play Store
ee9c8fba-d8df-4111-bebd-c0b2fa421c94,2026-09-25 23:20:20,https://play.google.com/store/apps/details?id=com.trimegah.trima,ID,id,5,1.0,100.0,Positive,Apresiasi Umum & Kepuasan,2017-03-27 09:54:12,2017,Aplikasinya ok banget,Aplikasinya ok banget,True,21,3,1.1.6,0,Ya,"Terima kasih telah menginstall Aplikasi Trima, untuk kritik dan saran dapat Anda sampaikan ke customer service kami di +62 21 2924 9000 atau email ke callcenter@trimegah.com",2017-03-27 12:13:59,Sampel ulasan publik Play Store
4e391960-7b41-427d-88a3-36d17412f6ea,2026-09-25 23:20:20,https://play.google.com/store/apps/details?id=com.trimegah.trima,ID,id,5,1.0,100.0,Positive,Apresiasi Umum & Kepuasan,2017-03-27 09:41:19,2017,Very good,Very good,True,9,2,Tidak Tercatat,0,Ya,"Terima kasih telah menginstall Aplikasi Trima, untuk kritik dan saran dapat Anda sampaikan ke customer service kami di +62 21 2924 9000 atau email ke callcenter@trimegah.com",2017-03-27 12:13:56,Sampel ulasan publik Play Store
2d5ceb8b-ed0b-4903-be8f-3af372bd91f6,2026-09-25 23:20:20,https://play.google.com/store/apps/details?id=com.trimegah.trima,ID,id,5,1.0,100.0,Positive,Apresiasi Umum & Kepuasan,2017-03-27 09:32:13,2017,Very good,Very good,True,9,2,1.1.6,0,Ya,"Terima kasih telah menginstall Aplikasi Trima, untuk kritik dan saran dapat Anda sampaikan ke customer service kami di +62 21 2924 9000 atau email ke callcenter@trimegah.com",2017-03-27 12:13:53,Sampel ulasan publik Play Store
87b486c3-4b98-4a41-bf59-d718064afe51,2026-09-25 23:20:20,https://play.google.com/store/apps/details?id=com.trimegah.trima,ID,id,5,1.0,100.0,Positive,Apresiasi Umum & Kepuasan,2017-03-27 09:26:43,2017,Very Good,Very Good,True,9,2,1.1.6,0,Ya,"Terima kasih telah menginstall Aplikasi Trima, untuk kritik dan saran dapat Anda sampaikan ke customer service kami di +62 21 2924 9000 atau email ke callcenter@trimegah.com",2017-03-27 12:13:49,Sampel ulasan publik Play Store
98e62ad4-2def-4316-8bd9-4c1750f666a2,2026-09-25 23:20:20,https://play.google.com/store/apps/details?id=com.trimegah.trima,ID,id,5,1.0,100.0,Positive,Apresiasi Umum & Kepuasan,2017-03-26 21:28:08,2017,BAGUS!,BAGUS!,True,6,1,Tidak Tercatat,0,Ya,"Terima kasih telah menginstall Aplikasi Trima, untuk kritik dan saran dapat Anda sampaikan ke customer service kami di +62 21 2924 9000 atau email ke callcenter@trimegah.com",2017-03-27 12:13:32,Sampel ulasan publik Play Store
fe012397-b45a-4fe2-8189-2e3c43fbd1ea,2026-09-25 23:20:20,https://play.google.com/store/apps/details?id=com.trimegah.trima,ID,id,5,1.0,100.0,Positive,Apresiasi Umum & Kepuasan,2017-03-26 21:17:19,2017,Such an awesome financial application!!!,Such an awesome financial application!!!,True,40,5,Tidak Tercatat,0,Ya,"Terima kasih telah menginstall Aplikasi Trima, untuk kritik dan saran dapat Anda sampaikan ke customer service kami di +62 21 2924 9000 atau email ke callcenter@trimegah.com",2017-03-27 12:13:27,Sampel ulasan publik Play Store
97cd1e6a-fc59-466a-a612-181e034bf4b1,2026-09-25 23:20:20,https://play.google.com/store/apps/details?id=com.trimegah.trima,ID,id,5,1.0,100.0,Positive,Apresiasi Umum & Kepuasan,2017-03-26 20:45:31,2017,Aplikasi ini bagus dan membantu dalam investasi,Aplikasi ini bagus dan membantu dalam investasi,True,47,7,Tidak Tercatat,0,Ya,"Terima kasih telah menginstall Aplikasi Trima, untuk kritik dan saran dapat Anda sampaikan ke customer service kami di +62 21 2924 9000 atau email ke callcenter@trimegah.com",2017-03-27 12:13:23,Sampel ulasan publik Play Store
7213bab9-bd51-4e1d-8b0b-4de53947682c,2026-09-25 23:20:20,https://play.google.com/store/apps/details?id=com.trimegah.trima,ID,id,5,1.0,100.0,Positive,Apresiasi Umum & Kepuasan,2017-03-26 20:35:37,2017,Top banget apk,Top banget apk,True,14,3,1.1.6,0,Ya,"Terima kasih telah menginstall Aplikasi Trima, untuk kritik dan saran dapat Anda sampaikan ke customer service kami di +62 21 2924 9000 atau email ke callcenter@trimegah.com",2017-03-27 12:13:14,Sampel ulasan publik Play Store
4f261d65-b8bc-4b64-88c6-1ca73f6c94b7,2026-09-25 23:20:20,https://play.google.com/store/apps/details?id=com.trimegah.trima,ID,id,5,1.0,100.0,Positive,Apresiasi Umum & Kepuasan,2017-03-26 20:22:14,2017,"Terimaksih,, apilikasi ini sangat membantu","Terimaksih,, apilikasi ini sangat membantu",True,42,5,Tidak Tercatat,0,Ya,"Terima kasih telah menginstall Aplikasi Trima, untuk kritik dan saran dapat Anda sampaikan ke customer service kami di +62 21 2924 9000 atau email ke callcenter@trimegah.com",2017-03-27 12:13:03,Sampel ulasan publik Play Store
f308b2db-4275-4dbf-8e2e-e9b5e8c8530f,2026-09-25 23:20:20,https://play.google.com/store/apps/details?id=com.trimegah.trima,ID,id,5,1.0,100.0,Positive,Apresiasi Umum & Kepuasan,2017-03-26 20:13:06,2017,Good app,Good app,True,8,2,Tidak Tercatat,0,Ya,"Terima kasih telah menginstall Aplikasi Trima, untuk kritik dan saran dapat Anda sampaikan ke customer service kami di +62 21 2924 9000 atau email ke callcenter@trimegah.com",2017-03-27 12:12:58,Sampel ulasan publik Play Store
53e4be9d-195a-444b-b4a2-4f2f0d85ad2a,2026-09-25 23:20:20,https://play.google.com/store/apps/details?id=com.trimegah.trima,ID,id,5,1.0,100.0,Positive,Apresiasi Umum & Kepuasan,2017-03-26 20:09:50,2017,Aplikasi ini sangat membantu dan Bagus,Aplikasi ini sangat membantu dan Bagus,True,38,6,1.1.6,0,Ya,"Terima kasih telah menginstall Aplikasi Trima, untuk kritik dan saran dapat Anda sampaikan ke customer service kami di +62 21 2924 9000 atau email ke callcenter@trimegah.com",2017-03-27 12:12:51,Sampel ulasan publik Play Store
6ac7e9e2-435d-4706-a0d0-51298b173feb,2026-09-25 23:20:20,https://play.google.com/store/apps/details?id=com.trimegah.trima,ID,id,5,1.0,100.0,Positive,Apresiasi Umum & Kepuasan,2017-03-26 20:06:55,2017,Aplikasinya bagus dan sederhana...,Aplikasinya bagus dan sederhana...,True,34,4,1.1.6,0,Ya,"Terima kasih telah menginstall Aplikasi Trima, untuk kritik dan saran dapat Anda sampaikan ke customer service kami di +62 21 2924 9000 atau email ke callcenter@trimegah.com",2017-03-27 12:12:46,Sampel ulasan publik Play Store
9a054100-1793-4789-8a99-89f195ae5168,2026-09-25 23:20:20,https://play.google.com/store/apps/details?id=com.trimegah.trima,ID,id,5,1.0,100.0,Positive,Apresiasi Umum & Kepuasan,2017-03-26 19:59:44,2017,Good,Good,True,4,1,Tidak Tercatat,0,Ya,"Terima kasih telah menginstall Aplikasi Trima, untuk kritik dan saran dapat Anda sampaikan ke customer service kami di +62 21 2924 9000 atau email ke callcenter@trimegah.com",2017-03-27 12:12:41,Sampel ulasan publik Play Store
aa0cc205-c55b-42b0-9503-7c93c1ccbf2b,2026-09-25 23:20:20,https://play.google.com/store/apps/details?id=com.trimegah.trima,ID,id,5,1.0,100.0,Positive,Apresiasi Umum & Kepuasan,2017-03-26 19:34:36,2017,Bagus dn sangat membantu,Bagus dn sangat membantu,True,24,4,1.1.6,0,Ya,"Terima kasih telah menginstall Aplikasi Trima, untuk kritik dan saran dapat Anda sampaikan ke customer service kami di +62 21 2924 9000 atau email ke callcenter@trimegah.com",2017-03-27 12:12:37,Sampel ulasan publik Play Store
e85133ef-6743-4156-8585-193d98ac6ac7,2026-09-25 23:20:20,https://play.google.com/store/apps/details?id=com.trimegah.trima,ID,id,5,1.0,100.0,Positive,Apresiasi Umum & Kepuasan,2017-03-26 18:32:00,2017,Aplikasi investasi yang good,Aplikasi investasi yang good,True,28,4,1.1.6,0,Ya,"Terima kasih telah menginstall Aplikasi Trima, untuk kritik dan saran dapat Anda sampaikan ke customer service kami di +62 21 2924 9000 atau email ke callcenter@trimegah.com",2017-03-27 12:12:33,Sampel ulasan publik Play Store
a8f2e239-9aa2-4704-a3fb-6b9dd925eb8b,2026-09-25 23:20:20,https://play.google.com/store/apps/details?id=com.trimegah.trima,ID,id,5,1.0,100.0,Positive,Apresiasi Umum & Kepuasan,2017-03-26 17:16:37,2017,"very good app, top👍","very good app, top👍",True,19,4,1.1.6,0,Ya,"Terima kasih telah menginstall Aplikasi Trima, untuk kritik dan saran dapat Anda sampaikan ke customer service kami di +62 21 2924 9000 atau email ke callcenter@trimegah.com",2017-03-27 12:12:29,Sampel ulasan publik Play Store
18791f69-32a7-44d8-aaa5-ee0c6950078a,2026-09-25 23:20:20,https://play.google.com/store/apps/details?id=com.trimegah.trima,ID,id,5,1.0,100.0,Positive,Apresiasi Umum & Kepuasan,2017-03-26 17:09:27,2017,good..👍,good..👍,True,7,1,1.1.6,0,Ya,"Terima kasih telah menginstall Aplikasi Trima, untuk kritik dan saran dapat Anda sampaikan ke customer service kami di +62 21 2924 9000 atau email ke callcenter@trimegah.com",2017-03-27 12:12:25,Sampel ulasan publik Play Store
8acff8d9-22e8-4fd5-ba6c-b8c9cb2f0050,2026-09-25 23:20:20,https://play.google.com/store/apps/details?id=com.trimegah.trima,ID,id,5,1.0,100.0,Positive,Apresiasi Umum & Kepuasan,2017-03-26 14:47:35,2017,Aplikasinya bagus dan sangat membantu saya...terima kasih buat aplikasinya,Aplikasinya bagus dan sangat membantu saya...terima kasih buat aplikasinya,True,74,9,Tidak Tercatat,0,Ya,"Terima kasih telah menginstall Aplikasi Trima, untuk kritik dan saran dapat Anda sampaikan ke customer service kami di +62 21 2924 9000 atau email ke callcenter@trimegah.com",2017-03-27 12:12:22,Sampel ulasan publik Play Store
e2abb56e-2a25-41ee-9e0e-9c491c438d38,2026-09-25 23:20:20,https://play.google.com/store/apps/details?id=com.trimegah.trima,ID,id,4,0.75,75.0,Positive,Apresiasi Umum & Kepuasan,2017-03-26 13:41:51,2017,Nice (y),Nice (y),True,8,2,1.1.6,0,Ya,"Terima kasih telah menginstall Aplikasi Trima, untuk kritik dan saran dapat Anda sampaikan ke customer service kami di +62 21 2924 9000 atau email ke callcenter@trimegah.com",2017-03-27 12:12:17,Sampel ulasan publik Play Store
245b4cfe-302b-4f72-89e4-72818e86d995,2026-09-25 23:20:20,https://play.google.com/store/apps/details?id=com.trimegah.trima,ID,id,5,1.0,100.0,Positive,Apresiasi Umum & Kepuasan,2017-03-26 04:22:33,2017,Like,Like,True,4,1,Tidak Tercatat,0,Ya,"Terima kasih telah menginstall Aplikasi Trima, untuk kritik dan saran dapat Anda sampaikan ke customer service kami di +62 21 2924 9000 atau email ke callcenter@trimegah.com",2017-03-26 10:40:57,Sampel ulasan publik Play Store
226d3cc1-7c48-4ed5-a5ff-9a668ccd2621,2026-09-25 23:20:20,https://play.google.com/store/apps/details?id=com.trimegah.trima,ID,id,5,1.0,100.0,Positive,Transaksi & Portofolio Saham,2017-03-26 02:57:49,2017,Applikasi ini sangan tepat guna untuk saya pribadi mengatur dana investasi agar menuju kesuksesan dengan tersistematis. Terimakasih trima :),Applikasi ini sangan tepat guna untuk saya pribadi mengatur dana investasi agar menuju kesuksesan dengan tersistematis. Terimakasih trima :),True,140,19,1.1.6,0,Ya,"Terima kasih telah menginstall Aplikasi Trima, untuk kritik dan saran dapat Anda sampaikan ke customer service kami di +62 21 2924 9000 atau email ke callcenter@trimegah.com",2017-03-26 10:41:06,Sampel ulasan publik Play Store
eedbc4b9-5e58-4531-a3ec-1ed40c2d74ba,2026-09-25 23:20:20,https://play.google.com/store/apps/details?id=com.trimegah.trima,ID,id,5,1.0,100.0,Positive,Apresiasi Umum & Kepuasan,2017-03-26 01:50:46,2017,Aplikasinya bagus om adimnya,Aplikasinya bagus om adimnya,True,28,4,Tidak Tercatat,0,Ya,"Terima kasih telah menginstall Aplikasi Trima, untuk kritik dan saran dapat Anda sampaikan ke customer service kami di +62 21 2924 9000 atau email ke callcenter@trimegah.com",2017-03-26 10:41:15,Sampel ulasan publik Play Store
0831b4ca-368f-41bd-a420-de27277997af,2026-09-25 23:20:20,https://play.google.com/store/apps/details?id=com.trimegah.trima,ID,id,5,1.0,100.0,Positive,Apresiasi Umum & Kepuasan,2017-03-26 00:28:32,2017,mantap 👍👍,mantap 👍👍,True,9,2,Tidak Tercatat,0,Ya,"Terima kasih telah menginstall Aplikasi Trima, untuk kritik dan saran dapat Anda sampaikan ke customer service kami di +62 21 2924 9000 atau email ke callcenter@trimegah.com",2017-03-26 10:41:21,Sampel ulasan publik Play Store
67465cd4-61c2-4957-a52b-b6e1f93c046e,2026-09-25 23:20:20,https://play.google.com/store/apps/details?id=com.trimegah.trima,ID,id,5,1.0,100.0,Positive,Apresiasi Umum & Kepuasan,2017-03-26 00:16:35,2017,Sangat membantu tugas kantor,Sangat membantu tugas kantor,True,28,4,1.1.6,0,Ya,"Terima kasih telah menginstall Aplikasi Trima, untuk kritik dan saran dapat Anda sampaikan ke customer service kami di +62 21 2924 9000 atau email ke callcenter@trimegah.com",2017-03-26 10:41:30,Sampel ulasan publik Play Store
c0cd3368-b1d9-4255-bde3-fa90ddc8af9d,2026-09-25 23:20:20,https://play.google.com/store/apps/details?id=com.trimegah.trima,ID,id,5,1.0,100.0,Positive,Apresiasi Umum & Kepuasan,2017-03-25 22:35:29,2017,"Bagus,perlu dicoba","Bagus,perlu dicoba",True,18,2,1.1.6,0,Ya,"Terima kasih telah menginstall Aplikasi Trima, untuk kritik dan saran dapat Anda sampaikan ke customer service kami di +62 21 2924 9000 atau email ke callcenter@trimegah.com",2017-03-26 10:41:46,Sampel ulasan publik Play Store
74200fe6-11e4-4d99-8e2b-a50466745e40,2026-09-25 23:20:20,https://play.google.com/store/apps/details?id=com.trimegah.trima,ID,id,5,1.0,100.0,Positive,Apresiasi Umum & Kepuasan,2017-03-25 22:14:37,2017,Semoga bisa memberikan manfaat bagi semuanya...,Semoga bisa memberikan manfaat bagi semuanya...,True,47,6,1.1.6,1,Ya,"Terima kasih telah menginstall Aplikasi Trima, untuk kritik dan saran dapat Anda sampaikan ke customer service kami di +62 21 2924 9000 atau email ke callcenter@trimegah.com",2017-03-26 10:41:54,Sampel ulasan publik Play Store
5fbea996-d9ed-494a-a22b-9821b1365444,2026-09-25 23:20:20,https://play.google.com/store/apps/details?id=com.trimegah.trima,ID,id,5,1.0,100.0,Positive,Apresiasi Umum & Kepuasan,2017-03-25 20:58:08,2017,Mantap,Mantap,True,6,1,Tidak Tercatat,0,Ya,"Terima kasih telah menginstall Aplikasi Trima, untuk kritik dan saran dapat Anda sampaikan ke customer service kami di +62 21 2924 9000 atau email ke callcenter@trimegah.com",2017-03-26 10:42:01,Sampel ulasan publik Play Store
fb7dae67-f66f-4944-9348-17a6c9389190,2026-09-25 23:20:20,https://play.google.com/store/apps/details?id=com.trimegah.trima,ID,id,5,1.0,100.0,Positive,Apresiasi Umum & Kepuasan,2017-03-25 19:48:57,2017,Good,Good,True,4,1,Tidak Tercatat,0,Ya,"Terima kasih telah menginstall Aplikasi Trima, untuk kritik dan saran dapat Anda sampaikan ke customer service kami di +62 21 2924 9000 atau email ke callcenter@trimegah.com",2017-03-26 10:42:09,Sampel ulasan publik Play Store
0a1fd7b6-acb0-4d4c-8988-e7fe98b54fd7,2026-09-25 23:20:20,https://play.google.com/store/apps/details?id=com.trimegah.trima,ID,id,5,1.0,100.0,Positive,Apresiasi Umum & Kepuasan,2017-03-25 19:38:06,2017,Bagus aplikasinya,Bagus aplikasinya,True,17,2,Tidak Tercatat,0,Ya,"Terima kasih telah menginstall Aplikasi Trima, untuk kritik dan saran dapat Anda sampaikan ke customer service kami di +62 21 2924 9000 atau email ke callcenter@trimegah.com",2017-03-26 10:42:14,Sampel ulasan publik Play Store
16755d56-08d6-488d-992a-77613f2782f2,2026-09-25 23:20:20,https://play.google.com/store/apps/details?id=com.trimegah.trima,ID,id,5,1.0,100.0,Positive,Apresiasi Umum & Kepuasan,2017-03-25 19:16:28,2017,Jadi mudah ada aplikasi ini,Jadi mudah ada aplikasi ini,True,27,5,Tidak Tercatat,0,Ya,"Terima kasih telah menginstall Aplikasi Trima, untuk kritik dan saran dapat Anda sampaikan ke customer service kami di +62 21 2924 9000 atau email ke callcenter@trimegah.com",2017-03-26 10:42:28,Sampel ulasan publik Play Store
30db60fe-d3dc-4dd0-9951-76e23b207037,2026-09-25 23:20:20,https://play.google.com/store/apps/details?id=com.trimegah.trima,ID,id,5,1.0,100.0,Positive,Apresiasi Umum & Kepuasan,2017-03-25 19:08:50,2017,Good,Good,True,4,1,Tidak Tercatat,0,Ya,"Terima kasih telah menginstall Aplikasi Trima, untuk kritik dan saran dapat Anda sampaikan ke customer service kami di +62 21 2924 9000 atau email ke callcenter@trimegah.com",2017-03-26 10:42:36,Sampel ulasan publik Play Store
b96c58cf-0786-4ae3-b8c1-95c091bff580,2026-09-25 23:20:20,https://play.google.com/store/apps/details?id=com.trimegah.trima,ID,id,5,1.0,100.0,Positive,Apresiasi Umum & Kepuasan,2017-03-25 19:03:17,2017,Jadi lebih mudah ada aplikasi ini,Jadi lebih mudah ada aplikasi ini,True,33,6,Tidak Tercatat,0,Ya,"Terima kasih telah menginstall Aplikasi Trima, untuk kritik dan saran dapat Anda sampaikan ke customer service kami di +62 21 2924 9000 atau email ke callcenter@trimegah.com",2017-03-26 10:42:45,Sampel ulasan publik Play Store
3f72c78c-4d84-4e88-92fe-c1016087aca7,2026-09-25 23:20:20,https://play.google.com/store/apps/details?id=com.trimegah.trima,ID,id,5,1.0,100.0,Positive,Apresiasi Umum & Kepuasan,2017-03-25 19:03:08,2017,Bagus,Bagus,True,5,1,Tidak Tercatat,0,Ya,"Terima kasih telah menginstall Aplikasi Trima, untuk kritik dan saran dapat Anda sampaikan ke customer service kami di +62 21 2924 9000 atau email ke callcenter@trimegah.com",2017-03-26 10:42:54,Sampel ulasan publik Play Store
95f1b9e7-0ce3-41db-961d-69ac7a3f1719,2026-09-25 23:20:20,https://play.google.com/store/apps/details?id=com.trimegah.trima,ID,id,5,1.0,100.0,Positive,Apresiasi Umum & Kepuasan,2017-03-25 18:59:10,2017,Terbaik...... By Rahel,Terbaik...... By Rahel,True,22,3,1.1.6,0,Ya,"Terima kasih telah menginstall Aplikasi Trima, untuk kritik dan saran dapat Anda sampaikan ke customer service kami di +62 21 2924 9000 atau email ke callcenter@trimegah.com",2017-03-26 10:43:02,Sampel ulasan publik Play Store
36608d1d-9b1e-45eb-abb6-c544ae5c7bd1,2026-09-25 23:20:20,https://play.google.com/store/apps/details?id=com.trimegah.trima,ID,id,5,1.0,100.0,Positive,Apresiasi Umum & Kepuasan,2017-03-25 18:57:27,2017,Bagus aplikasinya,Bagus aplikasinya,True,17,2,Tidak Tercatat,0,Ya,"Terima kasih telah menginstall Aplikasi Trima, untuk kritik dan saran dapat Anda sampaikan ke customer service kami di +62 21 2924 9000 atau email ke callcenter@trimegah.com",2017-03-26 10:43:06,Sampel ulasan publik Play Store
ebca9b5c-9eb1-4161-bddc-e349e60f7a5f,2026-09-25 23:20:20,https://play.google.com/store/apps/details?id=com.trimegah.trima,ID,id,5,1.0,100.0,Positive,Apresiasi Umum & Kepuasan,2017-03-25 18:26:10,2017,Good aplikasi nya,Good aplikasi nya,True,17,3,1.1.6,0,Ya,"Terima kasih telah menginstall Aplikasi Trima, untuk kritik dan saran dapat Anda sampaikan ke customer service kami di +62 21 2924 9000 atau email ke callcenter@trimegah.com",2017-03-26 10:43:13,Sampel ulasan publik Play Store
9c435a37-65b3-4ca3-a2db-d1c1817881ca,2026-09-25 23:20:20,https://play.google.com/store/apps/details?id=com.trimegah.trima,ID,id,1,0.0,0.0,Negative,Login & Autentikasi,2017-03-25 16:57:29,2017,"Kok gk bisa udh login,gk bisa masuk padahal saya udh download trima..","Kok gk bisa udh login,gk bisa masuk padahal saya udh download trima..",True,69,12,1.1.6,0,Ya,"Jika terdapat kendala dalam menggunakan aplikasi Trima, dapat Anda sampaikan ke customer service kami di +62 21 2924 9000 atau email ke callcenter@trimegah.com. Terima kasih.",2017-03-26 10:47:56,Sampel ulasan publik Play Store
658c916c-86f1-4c7e-9c05-e69b2c990714,2026-09-25 23:20:20,https://play.google.com/store/apps/details?id=com.trimegah.trima,ID,id,5,1.0,100.0,Positive,Apresiasi Umum & Kepuasan,2017-03-25 14:12:34,2017,Good √√,Good √√,True,7,2,Tidak Tercatat,0,Ya,"Terima kasih telah menginstall Aplikasi Trima, untuk kritik dan saran dapat Anda sampaikan ke customer service kami di +62 21 2924 9000 atau email ke callcenter@trimegah.com",2017-03-26 10:43:37,Sampel ulasan publik Play Store
3ae95292-a518-4fee-9bd5-daf8574c2231,2026-09-25 23:20:20,https://play.google.com/store/apps/details?id=com.trimegah.trima,ID,id,5,1.0,100.0,Positive,Apresiasi Umum & Kepuasan,2017-03-25 14:02:58,2017,Aplikasi nya bagus,Aplikasi nya bagus,True,18,3,1.1.6,0,Ya,"Terima kasih telah menginstall Aplikasi Trima, untuk kritik dan saran dapat Anda sampaikan ke customer service kami di +62 21 2924 9000 atau email ke callcenter@trimegah.com",2017-03-26 10:43:45,Sampel ulasan publik Play Store
a25e5661-af45-4b71-8c60-4e44bc92c97a,2026-09-25 23:20:20,https://play.google.com/store/apps/details?id=com.trimegah.trima,ID,id,5,1.0,100.0,Positive,Apresiasi Umum & Kepuasan,2017-03-25 12:32:47,2017,Good aplicatoon.. Recommended pokoknya,Good aplicatoon.. Recommended pokoknya,True,38,4,1.1.6,0,Ya,"Terima kasih telah menginstall Aplikasi Trima, untuk kritik dan saran dapat Anda sampaikan ke customer service kami di +62 21 2924 9000 atau email ke callcenter@trimegah.com",2017-03-26 10:43:58,Sampel ulasan publik Play Store
df010897-9c70-4fdf-aaef-f2b8b0e8f708,2026-09-25 23:20:20,https://play.google.com/store/apps/details?id=com.trimegah.trima,ID,id,5,1.0,100.0,Positive,Apresiasi Umum & Kepuasan,2017-03-25 12:21:44,2017,Aplikasinya bagus (Y),Aplikasinya bagus (Y),True,21,3,1.1.6,0,Ya,"Terima kasih telah menginstall Aplikasi Trima, untuk kritik dan saran dapat Anda sampaikan ke customer service kami di +62 21 2924 9000 atau email ke callcenter@trimegah.com",2017-03-26 10:44:05,Sampel ulasan publik Play Store
6962ea99-2d8c-4c7f-bcf0-6b22bd3a916d,2026-09-25 23:20:20,https://play.google.com/store/apps/details?id=com.trimegah.trima,ID,id,5,1.0,100.0,Positive,Apresiasi Umum & Kepuasan,2017-03-25 11:38:41,2017,Aplikasi ini sangat bagus untuk melakukan investasi di era digital seperti saat ini.,Aplikasi ini sangat bagus untuk melakukan investasi di era digital seperti saat ini.,True,84,13,1.1.6,1,Ya,"Terima kasih telah menginstall Aplikasi Trima, untuk kritik dan saran dapat Anda sampaikan ke customer service kami di +62 21 2924 9000 atau email ke callcenter@trimegah.com",2017-03-26 10:44:13,Sampel ulasan publik Play Store
8e777005-1177-470e-a3f9-325a7e845ded,2026-09-25 23:20:20,https://play.google.com/store/apps/details?id=com.trimegah.trima,ID,id,5,1.0,100.0,Positive,Apresiasi Umum & Kepuasan,2017-03-25 11:33:59,2017,Bagus,Bagus,True,5,1,Tidak Tercatat,0,Ya,"Terima kasih telah menginstall Aplikasi Trima, untuk kritik dan saran dapat Anda sampaikan ke customer service kami di +62 21 2924 9000 atau email ke callcenter@trimegah.com",2017-03-26 10:44:20,Sampel ulasan publik Play Store
4d3bbe51-8180-4115-90b4-c45363773554,2026-09-25 23:20:20,https://play.google.com/store/apps/details?id=com.trimegah.trima,ID,id,5,1.0,100.0,Positive,Apresiasi Umum & Kepuasan,2017-03-25 10:05:33,2017,Bagus aplikasinya,Bagus aplikasinya,True,17,2,1.1.6,0,Ya,"Terima kasih telah menginstall Aplikasi Trima, untuk kritik dan saran dapat Anda sampaikan ke customer service kami di +62 21 2924 9000 atau email ke callcenter@trimegah.com",2017-03-26 10:44:33,Sampel ulasan publik Play Store
4dd6cace-f0c7-4021-b4dc-6ff78874b1b8,2026-09-25 23:20:20,https://play.google.com/store/apps/details?id=com.trimegah.trima,ID,id,5,1.0,100.0,Positive,Apresiasi Umum & Kepuasan,2017-03-25 09:52:29,2017,Oke..oke 😊,Oke..oke 😊,True,10,2,1.1.6,0,Ya,"Terima kasih telah menginstall Aplikasi Trima, untuk kritik dan saran dapat Anda sampaikan ke customer service kami di +62 21 2924 9000 atau email ke callcenter@trimegah.com",2017-03-26 10:44:38,Sampel ulasan publik Play Store
8270f6e1-04cc-4cc1-8eec-735935d4edcd,2026-09-25 23:20:20,https://play.google.com/store/apps/details?id=com.trimegah.trima,ID,id,5,1.0,100.0,Positive,Apresiasi Umum & Kepuasan,2017-03-25 09:33:15,2017,bagus banget,bagus banget,True,12,2,1.1.6,0,Ya,"Terima kasih telah menginstall Aplikasi Trima, untuk kritik dan saran dapat Anda sampaikan ke customer service kami di +62 21 2924 9000 atau email ke callcenter@trimegah.com",2017-03-26 10:44:45,Sampel ulasan publik Play Store
ca0d8b03-4f17-42e6-98d9-b838d19729d2,2026-09-25 23:20:20,https://play.google.com/store/apps/details?id=com.trimegah.trima,ID,id,5,1.0,100.0,Positive,Apresiasi Umum & Kepuasan,2017-03-25 09:26:59,2017,Great,Great,True,5,1,Tidak Tercatat,0,Ya,"Terima kasih telah menginstall Aplikasi Trima, untuk kritik dan saran dapat Anda sampaikan ke customer service kami di +62 21 2924 9000 atau email ke callcenter@trimegah.com",2017-03-26 10:44:50,Sampel ulasan publik Play Store
44174969-0558-44e3-b0e0-af2bdaa1d51c,2026-09-25 23:20:20,https://play.google.com/store/apps/details?id=com.trimegah.trima,ID,id,5,1.0,100.0,Positive,Apresiasi Umum & Kepuasan,2017-03-25 06:41:42,2017,Good review,Good review,True,11,2,Tidak Tercatat,0,Ya,"Terima kasih telah menginstall Aplikasi Trima, untuk kritik dan saran dapat Anda sampaikan ke customer service kami di +62 21 2924 9000 atau email ke callcenter@trimegah.com",2017-03-26 10:45:15,Sampel ulasan publik Play Store
0f2a057a-d08b-406a-829e-92b783951fd2,2026-09-25 23:20:20,https://play.google.com/store/apps/details?id=com.trimegah.trima,ID,id,5,1.0,100.0,Positive,Apresiasi Umum & Kepuasan,2017-03-25 06:07:03,2017,Nice!,Nice!,True,5,1,1.1.6,0,Ya,"Terima kasih telah menginstall Aplikasi Trima, untuk kritik dan saran dapat Anda sampaikan ke customer service kami di +62 21 2924 9000 atau email ke callcenter@trimegah.com",2017-03-26 10:45:27,Sampel ulasan publik Play Store
63fceeb8-3cb9-47c6-920d-c936ba9edc13,2026-09-25 23:20:20,https://play.google.com/store/apps/details?id=com.trimegah.trima,ID,id,5,1.0,100.0,Positive,Apresiasi Umum & Kepuasan,2017-03-24 23:02:15,2017,Bagus tapi kl bs diperbaiki kekurangan🙎👍👍,Bagus tapi kl bs diperbaiki kekurangan🙎👍👍,True,41,6,1.1.6,0,Ya,"Terima kasih telah menginstall Aplikasi Trima, untuk kritik dan saran dapat Anda sampaikan ke customer service kami di +62 21 2924 9000 atau email ke callcenter@trimegah.com",2017-03-26 10:45:41,Sampel ulasan publik Play Store
57791e13-ac1d-4df9-8139-1d006da88f17,2026-09-25 23:20:20,https://play.google.com/store/apps/details?id=com.trimegah.trima,ID,id,5,1.0,100.0,Positive,Apresiasi Umum & Kepuasan,2017-03-24 22:29:13,2017,app keren.. terobosan baru pertahankan ya 😊,app keren.. terobosan baru pertahankan ya 😊,True,43,7,1.1.6,0,Ya,"Terima kasih telah menginstall Aplikasi Trima, untuk kritik dan saran dapat Anda sampaikan ke customer service kami di +62 21 2924 9000 atau email ke callcenter@trimegah.com",2017-03-26 10:45:48,Sampel ulasan publik Play Store
dba37721-e7cb-4e06-962f-b075844d8a74,2026-09-25 23:20:20,https://play.google.com/store/apps/details?id=com.trimegah.trima,ID,id,5,1.0,100.0,Positive,Apresiasi Umum & Kepuasan,2017-03-24 22:09:52,2017,Aplikasi triama bagus bangett...,Aplikasi triama bagus bangett...,True,32,4,1.1.6,0,Ya,"Terima kasih telah menginstall Aplikasi Trima, untuk kritik dan saran dapat Anda sampaikan ke customer service kami di +62 21 2924 9000 atau email ke callcenter@trimegah.com",2017-03-26 10:45:56,Sampel ulasan publik Play Store
afca1a93-bcfc-4013-96ec-3a597898c034,2026-09-25 23:20:20,https://play.google.com/store/apps/details?id=com.trimegah.trima,ID,id,5,1.0,100.0,Positive,Stabilitas Sistem & Bug (Crash/Error),2017-03-24 21:35:05,2017,"Aplikasinya lumayan bagus,  sederhana tapi bisa membantu walaupun kadang suka error.","Aplikasinya lumayan bagus, sederhana tapi bisa membantu walaupun kadang suka error.",True,83,11,1.1.6,4,Ya,"Terima kasih telah menginstall Aplikasi Trima, untuk kritik dan saran dapat Anda sampaikan ke customer service kami di +62 21 2924 9000 atau email ke callcenter@trimegah.com",2017-03-26 10:46:02,Sampel ulasan publik Play Store
dc421337-3137-4091-97b8-bea96a04bdb2,2026-09-25 23:20:20,https://play.google.com/store/apps/details?id=com.trimegah.trima,ID,id,5,1.0,100.0,Positive,Apresiasi Umum & Kepuasan,2017-03-24 21:25:49,2017,Bagusnya,Bagusnya,True,8,1,Tidak Tercatat,0,Ya,"Terima kasih telah menginstall Aplikasi Trima, untuk kritik dan saran dapat Anda sampaikan ke customer service kami di +62 21 2924 9000 atau email ke callcenter@trimegah.com",2017-03-26 10:46:10,Sampel ulasan publik Play Store
c4507b1a-4f2d-4f0a-9dee-22b92026ed71,2026-09-25 23:20:20,https://play.google.com/store/apps/details?id=com.trimegah.trima,ID,id,5,1.0,100.0,Positive,Apresiasi Umum & Kepuasan,2017-03-24 20:54:55,2017,Bagus,Bagus,True,5,1,1.1.6,0,Ya,"Terima kasih telah menginstall Aplikasi Trima, untuk kritik dan saran dapat Anda sampaikan ke customer service kami di +62 21 2924 9000 atau email ke callcenter@trimegah.com",2017-03-26 10:46:24,Sampel ulasan publik Play Store
808e76c0-a93c-4753-8ba9-799e3f225916,2026-09-25 23:20:20,https://play.google.com/store/apps/details?id=com.trimegah.trima,ID,id,5,1.0,100.0,Positive,Apresiasi Umum & Kepuasan,2017-03-24 20:31:47,2017,top,top,True,3,1,Tidak Tercatat,0,Ya,"Terima kasih telah menginstall Aplikasi Trima, untuk kritik dan saran dapat Anda sampaikan ke customer service kami di +62 21 2924 9000 atau email ke callcenter@trimegah.com",2017-03-26 10:46:30,Sampel ulasan publik Play Store
3aabeba4-d833-4a26-b57a-584300750f91,2026-09-25 23:20:20,https://play.google.com/store/apps/details?id=com.trimegah.trima,ID,id,5,1.0,100.0,Positive,Apresiasi Umum & Kepuasan,2017-03-24 20:18:21,2017,Top,Top,True,3,1,Tidak Tercatat,0,Ya,"Terima kasih telah menginstall Aplikasi Trima, untuk kritik dan saran dapat Anda sampaikan ke customer service kami di +62 21 2924 9000 atau email ke callcenter@trimegah.com",2017-03-26 10:46:33,Sampel ulasan publik Play Store
eed13197-b3f6-405a-bbbe-f78ad2e697a0,2026-09-25 23:20:20,https://play.google.com/store/apps/details?id=com.trimegah.trima,ID,id,5,1.0,100.0,Positive,Apresiasi Umum & Kepuasan,2017-03-24 20:16:44,2017,Good,Good,True,4,1,Tidak Tercatat,0,Ya,"Terima kasih telah menginstall Aplikasi Trima, untuk kritik dan saran dapat Anda sampaikan ke customer service kami di +62 21 2924 9000 atau email ke callcenter@trimegah.com",2017-03-26 10:40:23,Sampel ulasan publik Play Store
6967f0fd-b8bd-4713-853d-8be02055bf69,2026-09-25 23:20:20,https://play.google.com/store/apps/details?id=com.trimegah.trima,ID,id,5,1.0,100.0,Positive,Apresiasi Umum & Kepuasan,2017-03-24 18:04:23,2017,Mantaaaaap rek,Mantaaaaap rek,True,14,2,Tidak Tercatat,0,Ya,"Terima kasih telah menginstall Aplikasi Trima, untuk kritik dan saran dapat Anda sampaikan ke customer service kami di +62 21 2924 9000 atau email ke callcenter@trimegah.com",2017-03-26 10:39:57,Sampel ulasan publik Play Store
fbfd414b-49b7-4848-99ca-3bfeb209a612,2026-09-25 23:20:20,https://play.google.com/store/apps/details?id=com.trimegah.trima,ID,id,5,1.0,100.0,Positive,Apresiasi Umum & Kepuasan,2017-03-24 17:46:46,2017,"Bagus banget, coba deh aplikasinya","Bagus banget, coba deh aplikasinya",True,34,5,Tidak Tercatat,0,Ya,"Terima kasih telah menginstall Aplikasi Trima, untuk kritik dan saran dapat Anda sampaikan ke customer service kami di +62 21 2924 9000 atau email ke callcenter@trimegah.com",2017-03-26 10:39:40,Sampel ulasan publik Play Store
b3f3f128-ff39-4b4f-a68f-e62d11cb1b6b,2026-09-25 23:20:20,https://play.google.com/store/apps/details?id=com.trimegah.trima,ID,id,5,1.0,100.0,Positive,Apresiasi Umum & Kepuasan,2017-03-24 17:45:40,2017,Sangat membantu sekali dan mudah untuk pengaplikasian ☺,Sangat membantu sekali dan mudah untuk pengaplikasian ☺,True,55,8,1.1.6,1,Ya,"Terima kasih telah menginstall Aplikasi Trima, untuk kritik dan saran dapat Anda sampaikan ke customer service kami di +62 21 2924 9000 atau email ke callcenter@trimegah.com",2017-03-26 10:39:23,Sampel ulasan publik Play Store
5b8b1b3b-1b08-49ee-af65-ab48378b12e2,2026-09-25 23:20:20,https://play.google.com/store/apps/details?id=com.trimegah.trima,ID,id,1,0.0,0.0,Negative,Keluhan Umum Aplikasi,2017-03-24 16:59:54,2017,Tolong hapus app ni,Tolong hapus app ni,True,19,4,1.1.6,0,Ya,"Jika terdapat kendala dalam menggunakan aplikasi Trima, dapat Anda sampaikan ke customer service kami di +62 21 2924 9000 atau email ke callcenter@trimegah.com. Terima kasih.",2017-03-26 10:47:21,Sampel ulasan publik Play Store
6fb3a348-6353-489a-8772-d4fcbd057cd9,2026-09-25 23:20:20,https://play.google.com/store/apps/details?id=com.trimegah.trima,ID,id,5,1.0,100.0,Positive,Apresiasi Umum & Kepuasan,2017-03-24 16:54:03,2017,Recommended app,Recommended app,True,15,2,1.1.6,1,Ya,"Terima kasih telah menginstall Aplikasi Trima, untuk kritik dan saran dapat Anda sampaikan ke customer service kami di +62 21 2924 9000 atau email ke callcenter@trimegah.com",2017-03-26 10:39:15,Sampel ulasan publik Play Store
53964290-801d-41bd-a0b6-aa8356b96d01,2026-09-25 23:20:20,https://play.google.com/store/apps/details?id=com.trimegah.trima,ID,id,5,1.0,100.0,Positive,Apresiasi Umum & Kepuasan,2017-03-24 16:41:05,2017,"Good app,, bagus bingit","Good app,, bagus bingit",True,23,4,Tidak Tercatat,0,Ya,"Terima kasih telah menginstall Aplikasi Trima, untuk kritik dan saran dapat Anda sampaikan ke customer service kami di +62 21 2924 9000 atau email ke callcenter@trimegah.com.",2017-03-24 16:53:04,Sampel ulasan publik Play Store
32120a5e-3008-4d8c-8614-60e561e93528,2026-09-25 23:20:20,https://play.google.com/store/apps/details?id=com.trimegah.trima,ID,id,5,1.0,100.0,Positive,Apresiasi Umum & Kepuasan,2017-03-24 16:32:29,2017,Good review ni..,Good review ni..,True,16,3,1.1.6,0,Ya,"Terima kasih telah menginstall Aplikasi Trima, untuk kritik dan saran dapat Anda sampaikan ke customer service kami di +62 21 2924 9000 atau email ke callcenter@trimegah.com.",2017-03-24 16:52:29,Sampel ulasan publik Play Store
405d5e77-d043-4bbe-8d6b-587b49b5a9ac,2026-09-25 23:20:20,https://play.google.com/store/apps/details?id=com.trimegah.trima,ID,id,5,1.0,100.0,Positive,Apresiasi Umum & Kepuasan,2017-03-24 16:24:40,2017,"Bagus banget,  puas dengan aplikasinya","Bagus banget, puas dengan aplikasinya",True,37,5,Tidak Tercatat,0,Ya,"Terima kasih telah menginstall Aplikasi Trima, untuk kritik dan saran dapat Anda sampaikan ke customer service kami di +62 21 2924 9000 atau email ke callcenter@trimegah.com.",2017-03-24 16:52:24,Sampel ulasan publik Play Store
ac1dcd4a-686a-4d27-be5f-c30473844068,2026-09-25 23:20:20,https://play.google.com/store/apps/details?id=com.trimegah.trima,ID,id,5,1.0,100.0,Positive,Apresiasi Umum & Kepuasan,2017-03-24 16:12:25,2017,Bagus banget,Bagus banget,True,12,2,Tidak Tercatat,0,Ya,"Terima kasih telah menginstall Aplikasi Trima, untuk kritik dan saran dapat Anda sampaikan ke customer service kami di +62 21 2924 9000 atau email ke callcenter@trimegah.com.",2017-03-24 16:52:19,Sampel ulasan publik Play Store
d5c93346-0669-452c-95ee-88aa6b51dac7,2026-09-25 23:20:20,https://play.google.com/store/apps/details?id=com.trimegah.trima,ID,id,5,1.0,100.0,Positive,Apresiasi Umum & Kepuasan,2017-03-24 14:57:51,2017,Good 😄,Good 😄,True,6,2,Tidak Tercatat,0,Ya,"Terima kasih telah menginstall Aplikasi Trima, untuk kritik dan saran dapat Anda sampaikan ke customer service kami di +62 21 2924 9000 atau email ke callcenter@trimegah.com.",2017-03-24 15:58:22,Sampel ulasan publik Play Store
9e2c5186-d156-485d-a6ef-7bc6bb08802b,2026-09-25 23:20:20,https://play.google.com/store/apps/details?id=com.trimegah.trima,ID,id,5,1.0,100.0,Positive,Apresiasi Umum & Kepuasan,2017-03-24 14:43:33,2017,Aplikasi yg baguzzzz,Aplikasi yg baguzzzz,True,20,3,1.1.6,0,Ya,"Terima kasih telah menginstall Aplikasi Trima, untuk kritik dan saran dapat Anda sampaikan ke customer service kami di +62 21 2924 9000 atau email ke callcenter@trimegah.com.",2017-03-24 15:58:18,Sampel ulasan publik Play Store
d1d2df6f-1b73-4234-ae21-883e6aa057bd,2026-09-25 23:20:20,https://play.google.com/store/apps/details?id=com.trimegah.trima,ID,id,5,1.0,100.0,Positive,Apresiasi Umum & Kepuasan,2017-03-24 14:42:31,2017,Saya kasih bintang 5 best good,Saya kasih bintang 5 best good,True,30,6,1.1.5,5,Ya,"Terima kasih telah menginstall Aplikasi Trima, untuk kritik dan saran dapat Anda sampaikan ke customer service kami di +62 21 2924 9000.",2017-03-13 12:39:38,Sampel ulasan publik Play Store
73790572-19ff-4c50-b644-43fb3aaad99d,2026-09-25 23:20:20,https://play.google.com/store/apps/details?id=com.trimegah.trima,ID,id,5,1.0,100.0,Positive,Apresiasi Umum & Kepuasan,2017-03-24 14:11:30,2017,Lancar terus.. Semoga aplikasi ini lebih baik kedepannya.,Lancar terus.. Semoga aplikasi ini lebih baik kedepannya.,True,57,8,1.1.6,0,Ya,"Terima kasih telah menginstall Aplikasi Trima, untuk kritik dan saran dapat Anda sampaikan ke customer service kami di +62 21 2924 9000 atau email ke callcenter@trimegah.com.",2017-03-24 15:58:11,Sampel ulasan publik Play Store
b2934f7a-7986-48b4-858c-43c40f1a32a3,2026-09-25 23:20:20,https://play.google.com/store/apps/details?id=com.trimegah.trima,ID,id,5,1.0,100.0,Positive,Apresiasi Umum & Kepuasan,2017-03-24 13:52:33,2017,Bagus,Bagus,True,5,1,Tidak Tercatat,0,Ya,"Terima kasih telah menginstall Aplikasi Trima, untuk kritik dan saran dapat Anda sampaikan ke customer service kami di +62 21 2924 9000 atau email ke callcenter@trimegah.com.",2017-03-24 15:58:03,Sampel ulasan publik Play Store
720bc5a9-da1d-43da-b296-e364f5611c15,2026-09-25 23:20:20,https://play.google.com/store/apps/details?id=com.trimegah.trima,ID,id,5,1.0,100.0,Positive,Apresiasi Umum & Kepuasan,2017-03-24 13:38:26,2017,Ga nyesal deh,Ga nyesal deh,True,13,3,1.1.6,0,Ya,"Terima kasih telah menginstall Aplikasi Trima, untuk kritik dan saran dapat Anda sampaikan ke customer service kami di +62 21 2924 9000 atau email ke callcenter@trimegah.com.",2017-03-24 16:00:15,Sampel ulasan publik Play Store
54e698ef-80ba-45c8-b3d6-1377073e2ad7,2026-09-25 23:20:20,https://play.google.com/store/apps/details?id=com.trimegah.trima,ID,id,5,1.0,100.0,Positive,Apresiasi Umum & Kepuasan,2017-03-24 13:38:21,2017,Say coba dulu aplikAsi ini... kayaknya keren . Moga sukses proses modifikasinya amin,Say coba dulu aplikAsi ini... kayaknya keren . Moga sukses proses modifikasinya amin,True,84,13,Tidak Tercatat,0,Ya,"Terima kasih telah menginstall Aplikasi Trima, untuk kritik dan saran dapat Anda sampaikan ke customer service kami di +62 21 2924 9000 atau email ke callcenter@trimegah.com.",2017-03-24 15:57:50,Sampel ulasan publik Play Store
13d13ed6-77a0-42bb-bbff-8be2046a48a5,2026-09-25 23:20:20,https://play.google.com/store/apps/details?id=com.trimegah.trima,ID,id,5,1.0,100.0,Positive,Apresiasi Umum & Kepuasan,2017-03-24 13:27:43,2017,Bagus sekali,Bagus sekali,True,12,2,Tidak Tercatat,0,Ya,"Terima kasih telah menginstall Aplikasi Trima, untuk kritik dan saran dapat Anda sampaikan ke customer service kami di +62 21 2924 9000 atau email ke callcenter@trimegah.com.",2017-03-24 15:57:44,Sampel ulasan publik Play Store
0fafb24e-b40b-4fbb-831a-da6e0eea7c90,2026-09-25 23:20:20,https://play.google.com/store/apps/details?id=com.trimegah.trima,ID,id,5,1.0,100.0,Positive,Apresiasi Umum & Kepuasan,2017-03-24 13:25:29,2017,Bagus banget,Bagus banget,True,12,2,Tidak Tercatat,0,Ya,"Terima kasih telah menginstall Aplikasi Trima, untuk kritik dan saran dapat Anda sampaikan ke customer service kami di +62 21 2924 9000 atau email ke callcenter@trimegah.com.",2017-03-24 15:57:40,Sampel ulasan publik Play Store
6c9681e7-a280-40c0-be12-6fb2e49ff2bf,2026-09-25 23:20:20,https://play.google.com/store/apps/details?id=com.trimegah.trima,ID,id,5,1.0,100.0,Positive,Apresiasi Umum & Kepuasan,2017-03-24 12:52:16,2017,Bagus,Bagus,True,5,1,1.1.6,1,Ya,"Terima kasih telah menginstall Aplikasi Trima, untuk kritik dan saran dapat Anda sampaikan ke customer service kami di +62 21 2924 9000 atau email ke callcenter@trimegah.com.",2017-03-24 15:57:31,Sampel ulasan publik Play Store
98d441ba-f972-40cf-a0b2-93e293725856,2026-09-25 23:20:20,https://play.google.com/store/apps/details?id=com.trimegah.trima,ID,id,5,1.0,100.0,Positive,Apresiasi Umum & Kepuasan,2017-03-24 12:15:09,2017,Suka banget,Suka banget,True,11,2,Tidak Tercatat,0,Ya,"Terima kasih telah menginstall Aplikasi Trima, untuk kritik dan saran dapat Anda sampaikan ke customer service kami di +62 21 2924 9000 atau email ke callcenter@trimegah.com.",2017-03-24 15:57:22,Sampel ulasan publik Play Store
c5e5dd4b-2d85-4f20-94f1-c3daac9ac950,2026-09-25 23:20:20,https://play.google.com/store/apps/details?id=com.trimegah.trima,ID,id,5,1.0,100.0,Positive,Apresiasi Umum & Kepuasan,2017-03-24 12:07:29,2017,very good,very good,True,9,2,Tidak Tercatat,0,Ya,"Terima kasih telah menginstall Aplikasi Trima, untuk kritik dan saran dapat Anda sampaikan ke customer service kami di +62 21 2924 9000 atau email ke callcenter@trimegah.com.",2017-03-24 15:57:17,Sampel ulasan publik Play Store
4a369db9-6bb2-41bb-931c-3653e4a15ef7,2026-09-25 23:20:20,https://play.google.com/store/apps/details?id=com.trimegah.trima,ID,id,5,1.0,100.0,Positive,Apresiasi Umum & Kepuasan,2017-03-24 12:05:57,2017,Aplikasi Trima Bagus Banget!,Aplikasi Trima Bagus Banget!,True,28,4,1.1.6,0,Ya,"Terima kasih telah menginstall Aplikasi Trima, untuk kritik dan saran dapat Anda sampaikan ke customer service kami di +62 21 2924 9000 atau email ke callcenter@trimegah.com.",2017-03-24 15:57:12,Sampel ulasan publik Play Store
ebc22bff-e781-40e6-aee3-abc09d74358e,2026-09-25 23:20:20,https://play.google.com/store/apps/details?id=com.trimegah.trima,ID,id,5,1.0,100.0,Positive,Apresiasi Umum & Kepuasan,2017-03-24 12:04:18,2017,Good review,Good review,True,11,2,Tidak Tercatat,0,Ya,"Terima kasih telah menginstall Aplikasi Trima, untuk kritik dan saran dapat Anda sampaikan ke customer service kami di +62 21 2924 9000 atau email ke callcenter@trimegah.com.",2017-03-24 15:56:48,Sampel ulasan publik Play Store
f46415f9-c4cb-4496-845a-614078ac1a63,2026-09-25 23:20:20,https://play.google.com/store/apps/details?id=com.trimegah.trima,ID,id,5,1.0,100.0,Positive,Apresiasi Umum & Kepuasan,2017-03-24 11:54:52,2017,Kok egk bs s dowlod payah,Kok egk bs s dowlod payah,True,25,6,Tidak Tercatat,0,Ya,"Jika terdapat kendala dalam menggunakan aplikasi Trima, dapat Anda sampaikan ke customer service kami di +62 21 2924 9000 atau email ke callcenter@trimegah.com. Terima kasih.",2017-03-24 15:59:53,Sampel ulasan publik Play Store
d10424c3-7972-4dae-a298-06e040490153,2026-09-25 23:20:20,https://play.google.com/store/apps/details?id=com.trimegah.trima,ID,id,1,0.0,0.0,Negative,UI/UX & Performa (Loading/Navigasi),2017-03-24 11:31:41,2017,"Tak jaleh, ribet..","Tak jaleh, ribet..",True,18,3,1.1.6,0,Ya,"Jika terdapat kendala dalam menggunakan aplikasi Trima, dapat Anda sampaikan ke customer service kami di +62 21 2924 9000 atau email ke callcenter@trimegah.com. Terima kasih.",2017-03-24 15:59:58,Sampel ulasan publik Play Store
79d3949a-4043-47c9-80eb-b60d8578fdc6,2026-09-25 23:20:20,https://play.google.com/store/apps/details?id=com.trimegah.trima,ID,id,5,1.0,100.0,Positive,Apresiasi Umum & Kepuasan,2017-03-24 11:25:18,2017,Aplikasinya keren $ recomended bgt dhh😊😊,Aplikasinya keren $ recomended bgt dhh😊😊,True,40,6,1.1.6,0,Ya,"Terima kasih telah menginstall Aplikasi Trima, untuk kritik dan saran dapat Anda sampaikan ke customer service kami di +62 21 2924 9000 atau email ke callcenter@trimegah.com.",2017-03-24 15:56:32,Sampel ulasan publik Play Store
dc294fd1-bbef-4336-9d60-4d4b031a1341,2026-09-25 23:20:20,https://play.google.com/store/apps/details?id=com.trimegah.trima,ID,id,5,1.0,100.0,Positive,Apresiasi Umum & Kepuasan,2017-03-24 11:12:33,2017,good review,good review,True,11,2,1.1.6,0,Ya,"Terima kasih telah menginstall Aplikasi Trima, untuk kritik dan saran dapat Anda sampaikan ke customer service kami di +62 21 2924 9000 atau email ke callcenter@trimegah.com.",2017-03-24 15:55:50,Sampel ulasan publik Play Store
0533b3a0-de53-4b37-8f4b-c0beb02809fb,2026-09-25 23:20:20,https://play.google.com/store/apps/details?id=com.trimegah.trima,ID,id,5,1.0,100.0,Positive,Apresiasi Umum & Kepuasan,2017-03-24 10:54:54,2017,Aplikasi nya bagus,Aplikasi nya bagus,True,18,3,1.1.6,0,Ya,"Terima kasih telah menginstall Aplikasi Trima, untuk kritik dan saran dapat Anda sampaikan ke customer service kami di +62 21 2924 9000 atau email ke callcenter@trimegah.com.",2017-03-24 15:55:42,Sampel ulasan publik Play Store
e04d314e-4846-42fc-8afe-62d04665d7ef,2026-09-25 23:20:20,https://play.google.com/store/apps/details?id=com.trimegah.trima,ID,id,5,1.0,100.0,Positive,Apresiasi Umum & Kepuasan,2017-03-24 10:46:35,2017,Bagus deh ini aplikasinya,Bagus deh ini aplikasinya,True,25,4,Tidak Tercatat,0,Ya,"Terima kasih telah menginstall Aplikasi Trima, untuk kritik dan saran dapat Anda sampaikan ke customer service kami di +62 21 2924 9000 atau email ke callcenter@trimegah.com.",2017-03-24 15:55:36,Sampel ulasan publik Play Store
65e4397e-ea88-43c8-a3fa-d55e16a97bcd,2026-09-25 23:20:20,https://play.google.com/store/apps/details?id=com.trimegah.trima,ID,id,5,1.0,100.0,Positive,Apresiasi Umum & Kepuasan,2017-03-24 10:43:41,2017,Good,Good,True,4,1,1.1.6,0,Ya,"Terima kasih telah menginstall Aplikasi Trima, untuk kritik dan saran dapat Anda sampaikan ke customer service kami di +62 21 2924 9000 atau email ke callcenter@trimegah.com.",2017-03-24 15:55:28,Sampel ulasan publik Play Store
47157573-306d-4f24-b920-415e022b7b11,2026-09-25 23:20:20,https://play.google.com/store/apps/details?id=com.trimegah.trima,ID,id,5,1.0,100.0,Positive,Apresiasi Umum & Kepuasan,2017-03-24 10:34:13,2017,Baguss,Baguss,True,6,1,Tidak Tercatat,0,Ya,"Terima kasih telah menginstall Aplikasi Trima, untuk kritik dan saran dapat Anda sampaikan ke customer service kami di +62 21 2924 9000 atau email ke callcenter@trimegah.com.",2017-03-24 15:55:21,Sampel ulasan publik Play Store
85d0bcd5-9c2c-4d67-b885-05db816036ba,2026-09-25 23:20:20,https://play.google.com/store/apps/details?id=com.trimegah.trima,ID,id,5,1.0,100.0,Positive,Apresiasi Umum & Kepuasan,2017-03-24 10:31:20,2017,Bagus banget aplikasinya . Sangat membantu proses investasi 😀,Bagus banget aplikasinya . Sangat membantu proses investasi 😀,True,61,9,Tidak Tercatat,0,Ya,"Terima kasih telah menginstall Aplikasi Trima, untuk kritik dan saran dapat Anda sampaikan ke customer service kami di +62 21 2924 9000 atau email ke callcenter@trimegah.com.",2017-03-24 15:55:19,Sampel ulasan publik Play Store
05d1d30b-7b2f-4824-8098-741d22f5593b,2026-09-25 23:20:20,https://play.google.com/store/apps/details?id=com.trimegah.trima,ID,id,5,1.0,100.0,Positive,Apresiasi Umum & Kepuasan,2017-03-24 10:24:43,2017,Good review,Good review,True,11,2,Tidak Tercatat,0,Ya,"Terima kasih telah menginstall Aplikasi Trima, untuk kritik dan saran dapat Anda sampaikan ke customer service kami di +62 21 2924 9000 atau email ke callcenter@trimegah.com.",2017-03-24 15:55:12,Sampel ulasan publik Play Store
0d2e650e-04cf-46a2-9518-d15188b34b79,2026-09-25 23:20:20,https://play.google.com/store/apps/details?id=com.trimegah.trima,ID,id,5,1.0,100.0,Positive,Apresiasi Umum & Kepuasan,2017-03-24 10:22:14,2017,Bagus banget... Top deh,Bagus banget... Top deh,True,23,4,Tidak Tercatat,0,Ya,"Terima kasih telah menginstall Aplikasi Trima, untuk kritik dan saran dapat Anda sampaikan ke customer service kami di +62 21 2924 9000 atau email ke callcenter@trimegah.com.",2017-03-24 15:55:07,Sampel ulasan publik Play Store
4f5350f4-94d0-439d-b13d-f907d9943531,2026-09-25 23:20:20,https://play.google.com/store/apps/details?id=com.trimegah.trima,ID,id,5,1.0,100.0,Positive,Apresiasi Umum & Kepuasan,2017-03-24 10:17:50,2017,Good review,Good review,True,11,2,Tidak Tercatat,0,Ya,"Terima kasih telah menginstall Aplikasi Trima, untuk kritik dan saran dapat Anda sampaikan ke customer service kami di +62 21 2924 9000 atau email ke callcenter@trimegah.com.",2017-03-24 15:54:57,Sampel ulasan publik Play Store
484add2e-7a2e-4c46-b6fb-6edd08bd595c,2026-09-25 23:20:20,https://play.google.com/store/apps/details?id=com.trimegah.trima,ID,id,5,1.0,100.0,Positive,Apresiasi Umum & Kepuasan,2017-03-24 10:17:13,2017,"Sangat bagus,,, membantu sekali untuk saya☺","Sangat bagus,,, membantu sekali untuk saya☺",True,43,6,1.1.6,0,Ya,"Terima kasih telah menginstall Aplikasi Trima, untuk kritik dan saran dapat Anda sampaikan ke customer service kami di +62 21 2924 9000 atau email ke callcenter@trimegah.com.",2017-03-24 15:54:51,Sampel ulasan publik Play Store
fd0fa019-a22d-4768-9086-09f8f7cf59b1,2026-09-25 23:20:20,https://play.google.com/store/apps/details?id=com.trimegah.trima,ID,id,5,1.0,100.0,Positive,Apresiasi Umum & Kepuasan,2017-03-24 10:16:48,2017,Top banget aplikasinya . Sangat membantu !,Top banget aplikasinya . Sangat membantu !,True,42,7,Tidak Tercatat,0,Ya,"Terima kasih telah menginstall Aplikasi Trima, untuk kritik dan saran dapat Anda sampaikan ke customer service kami di +62 21 2924 9000 atau email ke callcenter@trimegah.com.",2017-03-24 15:54:42,Sampel ulasan publik Play Store
66335c05-2665-4f78-bd74-491b3b162c38,2026-09-25 23:20:20,https://play.google.com/store/apps/details?id=com.trimegah.trima,ID,id,5,1.0,100.0,Positive,Apresiasi Umum & Kepuasan,2017-03-24 10:15:10,2017,aplikasinya bagus banget.,aplikasinya bagus banget.,True,25,3,1.1.6,1,Ya,"Terima kasih telah menginstall Aplikasi Trima, untuk kritik dan saran dapat Anda sampaikan ke customer service kami di +62 21 2924 9000 atau email ke callcenter@trimegah.com.",2017-03-24 14:20:39,Sampel ulasan publik Play Store
9d63c0dc-abf7-4752-bc85-dce51c9ba44e,2026-09-25 23:20:20,https://play.google.com/store/apps/details?id=com.trimegah.trima,ID,id,5,1.0,100.0,Positive,Apresiasi Umum & Kepuasan,2017-03-24 10:04:34,2017,Aplikasi ini sangat bagus dan membantu ! Good job trima,Aplikasi ini sangat bagus dan membantu ! Good job trima,True,55,10,Tidak Tercatat,0,Ya,"Terima kasih telah menginstall Aplikasi Trima, untuk kritik dan saran dapat Anda sampaikan ke customer service kami di +62 21 2924 9000 atau email ke callcenter@trimegah.com.",2017-03-24 14:20:36,Sampel ulasan publik Play Store
c859de17-b026-413c-8088-7ed6037c9d34,2026-09-25 23:20:20,https://play.google.com/store/apps/details?id=com.trimegah.trima,ID,id,5,1.0,100.0,Positive,Apresiasi Umum & Kepuasan,2017-03-24 10:01:57,2017,WOW ! aplikasi ini sangat bagus dan membantu . Terima kasih trima .,WOW ! aplikasi ini sangat bagus dan membantu . Terima kasih trima .,True,67,13,Tidak Tercatat,0,Ya,"Terima kasih telah menginstall Aplikasi Trima, untuk kritik dan saran dapat Anda sampaikan ke customer service kami di +62 21 2924 9000 atau email ke callcenter@trimegah.com.",2017-03-24 14:20:30,Sampel ulasan publik Play Store
ef37d044-ee42-4fb7-bc08-62153ccea41a,2026-09-25 23:20:20,https://play.google.com/store/apps/details?id=com.trimegah.trima,ID,id,5,1.0,100.0,Positive,Apresiasi Umum & Kepuasan,2017-03-24 09:58:03,2017,Bagus sekali,Bagus sekali,True,12,2,1.1.6,0,Ya,"Terima kasih telah menginstall Aplikasi Trima, untuk kritik dan saran dapat Anda sampaikan ke customer service kami di +62 21 2924 9000 atau email ke callcenter@trimegah.com.",2017-03-24 14:20:24,Sampel ulasan publik Play Store
eb457871-63eb-418f-aa47-47dd516e55bd,2026-09-25 23:20:20,https://play.google.com/store/apps/details?id=com.trimegah.trima,ID,id,5,1.0,100.0,Positive,Apresiasi Umum & Kepuasan,2017-03-24 09:48:08,2017,Bagus,Bagus,True,5,1,Tidak Tercatat,0,Ya,"Terima kasih telah menginstall Aplikasi Trima, untuk kritik dan saran dapat Anda sampaikan ke customer service kami di +62 21 2924 9000 atau email ke callcenter@trimegah.com.",2017-03-24 14:20:15,Sampel ulasan publik Play Store
9a04a056-3086-458a-b259-282cdc07cbb3,2026-09-25 23:20:20,https://play.google.com/store/apps/details?id=com.trimegah.trima,ID,id,5,1.0,100.0,Positive,Apresiasi Umum & Kepuasan,2017-03-24 09:46:00,2017,Good aplication,Good aplication,True,15,2,1.1.6,0,Ya,"Terima kasih telah menginstall Aplikasi Trima, untuk kritik dan saran dapat Anda sampaikan ke customer service kami di +62 21 2924 9000 atau email ke callcenter@trimegah.com.",2017-03-24 14:19:57,Sampel ulasan publik Play Store
e96fa7b0-16b1-40cb-89c4-7dca7eed42dd,2026-09-25 23:20:20,https://play.google.com/store/apps/details?id=com.trimegah.trima,ID,id,5,1.0,100.0,Positive,Apresiasi Umum & Kepuasan,2017-03-24 09:42:19,2017,App yg kren..,App yg kren..,True,13,3,Tidak Tercatat,0,Ya,"Terima kasih telah menginstall Aplikasi Trima, untuk kritik dan saran dapat Anda sampaikan ke customer service kami di +62 21 2924 9000 atau email ke callcenter@trimegah.com.",2017-03-24 14:19:53,Sampel ulasan publik Play Store
5b4d0469-c15f-4b89-98b5-835b05f23bbb,2026-09-25 23:20:20,https://play.google.com/store/apps/details?id=com.trimegah.trima,ID,id,5,1.0,100.0,Positive,Apresiasi Umum & Kepuasan,2017-03-24 09:39:45,2017,Bagus,Bagus,True,5,1,Tidak Tercatat,0,Ya,"Terima kasih telah menginstall Aplikasi Trima, untuk kritik dan saran dapat Anda sampaikan ke customer service kami di +62 21 2924 9000 atau email ke callcenter@trimegah.com.",2017-03-24 14:19:47,Sampel ulasan publik Play Store
1c82b7ac-f0b1-49d7-9059-945b4d8d01fa,2026-09-25 23:20:20,https://play.google.com/store/apps/details?id=com.trimegah.trima,ID,id,5,1.0,100.0,Positive,Apresiasi Umum & Kepuasan,2017-03-24 09:38:04,2017,Good,Good,True,4,1,Tidak Tercatat,0,Ya,"Terima kasih telah menginstall Aplikasi Trima, untuk kritik dan saran dapat Anda sampaikan ke customer service kami di +62 21 2924 9000 atau email ke callcenter@trimegah.com.",2017-03-24 14:19:43,Sampel ulasan publik Play Store
9ec3b490-0af6-4f7d-903b-6a7b169366d6,2026-09-25 23:20:20,https://play.google.com/store/apps/details?id=com.trimegah.trima,ID,id,5,1.0,100.0,Positive,UI/UX & Performa (Loading/Navigasi),2017-03-24 09:37:13,2017,Aplikasi ini sangat bagus dan update . Terima kasih trima,Aplikasi ini sangat bagus dan update . Terima kasih trima,True,57,10,Tidak Tercatat,0,Ya,"Terima kasih telah menginstall Aplikasi Trima, untuk kritik dan saran dapat Anda sampaikan ke customer service kami di +62 21 2924 9000 atau email ke callcenter@trimegah.com.",2017-03-24 14:19:41,Sampel ulasan publik Play Store
131f0b5d-584e-458f-9893-835950b292c0,2026-09-25 23:20:20,https://play.google.com/store/apps/details?id=com.trimegah.trima,ID,id,5,1.0,100.0,Positive,Apresiasi Umum & Kepuasan,2017-03-24 09:36:45,2017,Bagus,Bagus,True,5,1,Tidak Tercatat,0,Ya,"Terima kasih telah menginstall Aplikasi Trima, untuk kritik dan saran dapat Anda sampaikan ke customer service kami di +62 21 2924 9000 atau email ke callcenter@trimegah.com.",2017-03-24 14:19:37,Sampel ulasan publik Play Store
51e75419-b946-4329-ad90-51572bff266c,2026-09-25 23:20:20,https://play.google.com/store/apps/details?id=com.trimegah.trima,ID,id,5,1.0,100.0,Positive,Apresiasi Umum & Kepuasan,2017-03-24 09:31:58,2017,Bagus,Bagus,True,5,1,Tidak Tercatat,0,Ya,"Terima kasih telah menginstall Aplikasi Trima, untuk kritik dan saran dapat Anda sampaikan ke customer service kami di +62 21 2924 9000 atau email ke callcenter@trimegah.com.",2017-03-24 14:19:33,Sampel ulasan publik Play Store
44660cd7-c78d-4d8a-8e09-2282c6f9e613,2026-09-25 23:20:20,https://play.google.com/store/apps/details?id=com.trimegah.trima,ID,id,5,1.0,100.0,Positive,Apresiasi Umum & Kepuasan,2017-03-24 09:26:32,2017,Good review,Good review,True,11,2,Tidak Tercatat,0,Ya,"Terima kasih telah menginstall Aplikasi Trima, untuk kritik dan saran dapat Anda sampaikan ke customer service kami di +62 21 2924 9000 atau email ke callcenter@trimegah.com.",2017-03-24 14:19:27,Sampel ulasan publik Play Store
5877cca0-4def-4e01-a223-6064ee99ad1b,2026-09-25 23:20:20,https://play.google.com/store/apps/details?id=com.trimegah.trima,ID,id,5,1.0,100.0,Positive,Apresiasi Umum & Kepuasan,2017-03-24 09:11:02,2017,Aplikasi keren.. sngat membantu.. good..,Aplikasi keren.. sngat membantu.. good..,True,40,5,1.1.6,0,Ya,"Terima kasih telah menginstall Aplikasi Trima, untuk kritik dan saran dapat Anda sampaikan ke customer service kami di +62 21 2924 9000 atau email ke callcenter@trimegah.com.",2017-03-24 14:18:04,Sampel ulasan publik Play Store
f144efda-c0b2-4e20-9f16-95b35ee0c56c,2026-09-25 23:20:20,https://play.google.com/store/apps/details?id=com.trimegah.trima,ID,id,5,1.0,100.0,Positive,Apresiasi Umum & Kepuasan,2017-03-24 09:02:02,2017,Terima kasih trima mobile . Aplikasi ini sangat memuaskan,Terima kasih trima mobile . Aplikasi ini sangat memuaskan,True,57,9,Tidak Tercatat,0,Ya,"Terima kasih telah menginstall Aplikasi Trima, untuk kritik dan saran dapat Anda sampaikan ke customer service kami di +62 21 2924 9000 atau email ke callcenter@trimegah.com.",2017-03-24 14:17:59,Sampel ulasan publik Play Store
12213520-f7fe-4383-997b-2b0e5b31a43f,2026-09-25 23:20:20,https://play.google.com/store/apps/details?id=com.trimegah.trima,ID,id,5,1.0,100.0,Positive,Apresiasi Umum & Kepuasan,2017-03-24 08:51:50,2017,Sangat berguna dan bagus,Sangat berguna dan bagus,True,24,4,1.1.6,0,Ya,"Terima kasih telah menginstall Aplikasi Trima, untuk kritik dan saran dapat Anda sampaikan ke customer service kami di +62 21 2924 9000 atau email ke callcenter@trimegah.com.",2017-03-24 14:17:53,Sampel ulasan publik Play Store
0ab1ac3e-0895-411a-8ac5-a54eb3d8c2d9,2026-09-25 23:20:20,https://play.google.com/store/apps/details?id=com.trimegah.trima,ID,id,5,1.0,100.0,Positive,Apresiasi Umum & Kepuasan,2017-03-24 07:47:48,2017,Siipp dahh..,Siipp dahh..,True,12,2,Tidak Tercatat,0,Ya,"Terima kasih telah menginstall Aplikasi Trima, untuk kritik dan saran dapat Anda sampaikan ke customer service kami di +62 21 2924 9000 atau email ke callcenter@trimegah.com.",2017-03-24 14:17:49,Sampel ulasan publik Play Store
4078b746-adcf-4597-8dac-8cbbd851ca55,2026-09-25 23:20:20,https://play.google.com/store/apps/details?id=com.trimegah.trima,ID,id,1,0.0,0.0,Negative,Keluhan Umum Aplikasi,2017-03-24 01:28:23,2017,Bosokkkk aplikasi ne,Bosokkkk aplikasi ne,True,20,3,1.1.6,0,Ya,"Jika terdapat kendala dalam menggunakan aplikasi Trima, dapat Anda sampaikan ke customer service kami di +62 21 2924 9000 atau email ke callcenter@trimegah.com. Terima kasih.",2017-03-24 15:58:56,Sampel ulasan publik Play Store
5ee3373f-1169-4ad4-8b54-c8d1cab90217,2026-09-25 23:20:20,https://play.google.com/store/apps/details?id=com.trimegah.trima,ID,id,5,1.0,100.0,Positive,Apresiasi Umum & Kepuasan,2017-03-23 16:28:35,2017,Excellent,Excellent,True,9,1,Tidak Tercatat,0,Ya,"Terima kasih telah menginstall Aplikasi Trima, untuk kritik dan saran dapat Anda sampaikan ke customer service kami di +62 21 2924 9000 atau email ke callcenter@trimegah.com.",2017-03-24 15:58:37,Sampel ulasan publik Play Store
c6eca68e-2233-46ee-8a57-aeda1f269158,2026-09-25 23:20:20,https://play.google.com/store/apps/details?id=com.trimegah.trima,ID,id,2,0.25,25.0,Negative,Login & Autentikasi,2017-03-23 10:51:36,2017,Ini buat apa saya tidak faham. Coba jelaskan saya sudah masuk malah bingung. Nanti jika faham bintang fitambah,Ini buat apa saya tidak faham. Coba jelaskan saya sudah masuk malah bingung. Nanti jika faham bintang fitambah,True,110,18,1.1.6,4,Ya,Anda bisa mengunjungi web Trima di www.trima.co.id. Info lebih lanjut bisa Anda sampaikan ke customer service kami di +62 21 2924 9000 atau email ke callcenter@trimegah.com. Terima kasih.,2017-03-23 13:55:37,Sampel ulasan publik Play Store
37be6677-d41c-4f1a-9701-656b2e38e4a8,2026-09-25 23:20:20,https://play.google.com/store/apps/details?id=com.trimegah.trima,ID,id,3,0.5,50.0,Neutral,Login & Autentikasi,2017-03-23 00:33:02,2017,Kok gk bisa login y ...,Kok gk bisa login y ...,True,23,6,1.1.6,0,Ya,"Jika terdapat kendala dalam menggunakan aplikasi Trima, dapat Anda sampaikan ke customer service kami di +62 21 2924 9000 atau email ke callcenter@trimegah.com. Terima kasih.",2017-03-23 13:54:14,Sampel ulasan publik Play Store
1e92fd99-fd2d-42de-a828-61ff3a89b536,2026-09-25 23:20:20,https://play.google.com/store/apps/details?id=com.trimegah.trima,ID,id,5,1.0,100.0,Positive,Apresiasi Umum & Kepuasan,2017-03-22 21:45:39,2017,Mantap,Mantap,True,6,1,Tidak Tercatat,0,Ya,"Terima kasih telah menginstall Aplikasi Trima, untuk kritik dan saran dapat Anda sampaikan ke customer service kami di +62 21 2924 9000 atau email ke callcenter@trimegah.com.",2017-03-23 13:53:40,Sampel ulasan publik Play Store
1d9fcb27-cb99-4f0b-9f13-7e19f2de8e73,2026-09-25 23:20:20,https://play.google.com/store/apps/details?id=com.trimegah.trima,ID,id,1,0.0,0.0,Negative,Login & Autentikasi,2017-03-22 21:04:40,2017,Saya gk bisa masuk dan no hp saya benar. trus gk dapat sms atau apa gitu aneh banget...  paswor saya salahulu,Saya gk bisa masuk dan no hp saya benar. trus gk dapat sms atau apa gitu aneh banget... paswor saya salahulu,True,108,21,1.1.6,54,Ya,"Jika terdapat kendala dalam menggunakan aplikasi Trima, dapat Anda sampaikan ke customer service kami di +62 21 2924 9000 atau email ke callcenter@trimegah.com. Terima kasih.",2017-03-23 13:53:18,Sampel ulasan publik Play Store
88b981bf-4ba6-434d-9548-d2eeda428ece,2026-09-25 23:20:20,https://play.google.com/store/apps/details?id=com.trimegah.trima,ID,id,5,1.0,100.0,Positive,Apresiasi Umum & Kepuasan,2017-03-22 16:49:54,2017,Mantap,Mantap,True,6,1,Tidak Tercatat,0,Ya,"Terima kasih telah menginstall Aplikasi Trima, untuk kritik dan saran dapat Anda sampaikan ke customer service kami di +62 21 2924 9000 atau email ke callcenter@trimegah.com.",2017-03-23 13:53:01,Sampel ulasan publik Play Store
8910b65d-fd5d-47f6-a2f6-12c7f1be436c,2026-09-25 23:20:20,https://play.google.com/store/apps/details?id=com.trimegah.trima,ID,id,2,0.25,25.0,Negative,Keluhan Umum Aplikasi,2017-03-22 16:06:07,2017,"Aplikasinya tidak suport, padahal udah sesuai prosedur yang di tulis.","Aplikasinya tidak suport, padahal udah sesuai prosedur yang di tulis.",True,69,10,1.1.6,8,Ya,"Jika terdapat kendala dalam menggunakan aplikasi Trima, dapat Anda sampaikan ke customer service kami di +62 21 2924 9000 atau email ke callcenter@trimegah.com. Terima kasih.",2017-03-23 13:52:49,Sampel ulasan publik Play Store
68d72cf3-06c8-4fd7-8129-606babb319a6,2026-09-25 23:20:20,https://play.google.com/store/apps/details?id=com.trimegah.trima,ID,id,5,1.0,100.0,Positive,Apresiasi Umum & Kepuasan,2017-03-22 15:03:59,2017,Terus tingkat lagi,Terus tingkat lagi,True,18,3,1.1.6,0,Ya,"Terima kasih telah menginstall Aplikasi Trima, untuk kritik dan saran dapat Anda sampaikan ke customer service kami di +62 21 2924 9000 atau email ke callcenter@trimegah.com.",2017-03-23 13:52:31,Sampel ulasan publik Play Store
5c7ec99a-bf22-493c-a683-d11461e5cc73,2026-09-25 23:20:20,https://play.google.com/store/apps/details?id=com.trimegah.trima,ID,id,5,1.0,100.0,Positive,Apresiasi Umum & Kepuasan,2017-03-22 13:42:15,2017,Bismilah aja,Bismilah aja,True,12,2,Tidak Tercatat,0,Ya,"Terima kasih telah menginstall Aplikasi Trima, untuk kritik dan saran dapat Anda sampaikan ke customer service kami di +62 21 2924 9000 atau email ke callcenter@trimegah.com.",2017-03-23 13:52:26,Sampel ulasan publik Play Store
3fdc84fb-e236-4cc0-987e-75c20ba7789f,2026-09-25 23:20:20,https://play.google.com/store/apps/details?id=com.trimegah.trima,ID,id,3,0.5,50.0,Neutral,Netral / Saran Umum,2017-03-22 09:59:28,2017,Gimana sih cara pemakaian nya...dan fungsinya apa??,Gimana sih cara pemakaian nya...dan fungsinya apa??,True,51,7,1.1.6,0,Ya,Anda bisa mengunjungi web Trima di www.trima.co.id. Info lebih lanjut bisa Anda sampaikan ke customer service kami di +62 21 2924 9000 atau email ke callcenter@trimegah.com. Terima kasih.,2017-03-22 10:41:46,Sampel ulasan publik Play Store
ab69fb3c-1129-4d2c-81c4-e47c5d3ca2a9,2026-09-25 23:20:20,https://play.google.com/store/apps/details?id=com.trimegah.trima,ID,id,5,1.0,100.0,Positive,Apresiasi Umum & Kepuasan,2017-03-22 09:50:29,2017,Good review,Good review,True,11,2,1.1.6,0,Ya,"Terima kasih telah menginstall Aplikasi Trima, untuk kritik dan saran dapat Anda sampaikan ke customer service kami di +62 21 2924 9000 atau email ke callcenter@trimegah.com.",2017-03-22 10:21:10,Sampel ulasan publik Play Store
39c11e25-34c0-40f3-a266-250e6e800215,2026-09-25 23:20:20,https://play.google.com/store/apps/details?id=com.trimegah.trima,ID,id,2,0.25,25.0,Negative,Keluhan Umum Aplikasi,2017-03-21 17:02:30,2017,Kog gak bisa log in.. Eror trus.. Tolong dong penjelasanx..,Kog gak bisa log in.. Eror trus.. Tolong dong penjelasanx..,True,59,10,1.1.6,8,Ya,"Jika terdapat kendala dalam menggunakan aplikasi Trima, dapat Anda sampaikan ke customer service kami di +62 21 2924 9000 atau email ke callcenter@trimegah.com. Terima kasih.",2017-03-22 10:21:58,Sampel ulasan publik Play Store
f5042a52-34f4-4628-ba83-f1983a45219b,2026-09-25 23:20:20,https://play.google.com/store/apps/details?id=com.trimegah.trima,ID,id,3,0.5,50.0,Neutral,Netral / Saran Umum,2017-03-21 13:37:42,2017,Cb dlu ...,Cb dlu ...,True,10,3,Tidak Tercatat,1,Ya,"Terima kasih telah menginstall Aplikasi Trima, untuk kritik dan saran dapat Anda sampaikan ke customer service kami di +62 21 2924 9000 atau email ke callcenter@trimegah.com.",2017-03-22 10:20:54,Sampel ulasan publik Play Store
8c9b428a-f6ec-4855-8505-3212b5ff71bc,2026-09-25 23:20:20,https://play.google.com/store/apps/details?id=com.trimegah.trima,ID,id,5,1.0,100.0,Positive,Apresiasi Umum & Kepuasan,2017-03-21 12:37:02,2017,Mantap dah aplikasinya,Mantap dah aplikasinya,True,22,3,1.1.6,0,Ya,"Terima kasih telah menginstall Aplikasi Trima, untuk kritik dan saran dapat Anda sampaikan ke customer service kami di +62 21 2924 9000 atau email ke callcenter@trimegah.com.",2017-03-22 10:20:42,Sampel ulasan publik Play Store
54c2e5d1-d94b-474c-a977-ff8f0044cc72,2026-09-25 23:20:20,https://play.google.com/store/apps/details?id=com.trimegah.trima,ID,id,5,1.0,100.0,Positive,Apresiasi Umum & Kepuasan,2017-03-21 09:43:31,2017,Good,Good,True,4,1,Tidak Tercatat,0,Ya,"Terima kasih telah menginstall Aplikasi Trima, untuk kritik dan saran dapat Anda sampaikan ke customer service kami di +62 21 2924 9000 atau email ke callcenter@trimegah.com.",2017-03-22 10:20:35,Sampel ulasan publik Play Store
5b1c5480-33db-4cc6-b614-4e4ece5d2859,2026-09-25 23:20:20,https://play.google.com/store/apps/details?id=com.trimegah.trima,ID,id,1,0.0,0.0,Negative,Keluhan Umum Aplikasi,2017-03-21 06:55:18,2017,Aplikasi apaan nh nggak bermutu,Aplikasi apaan nh nggak bermutu,True,31,5,Tidak Tercatat,0,Ya,Jika mendapati kendala dalam menggunakan aplikasi Trima mohon sampaikan ke customer service kami di +62 21 2924 9000 atau email ke callcenter@trimegah.com. Terima kasih.,2017-03-22 10:40:12,Sampel ulasan publik Play Store
84e734d4-fc7d-49dc-b52b-6da22e963976,2026-09-25 23:20:20,https://play.google.com/store/apps/details?id=com.trimegah.trima,ID,id,1,0.0,0.0,Negative,Customer Service & Layanan,2017-03-21 00:16:55,2017,"Knapa kok daptarnya di persulit, hmm gmna daptarnya padahal saya sudah kunjungi wapnya tdi","Knapa kok daptarnya di persulit, hmm gmna daptarnya padahal saya sudah kunjungi wapnya tdi",True,90,14,1.1.6,41,Ya,"Jika terdapat kendala dalam menggunakan aplikasi Trima, dapat Anda sampaikan ke customer service kami di +62 21 2924 9000 atau email ke callcenter@trimegah.com. Terima kasih.",2017-03-22 10:25:45,Sampel ulasan publik Play Store
fbea4eaf-5a51-49ba-9bcb-4f83cef02311,2026-09-25 23:20:20,https://play.google.com/store/apps/details?id=com.trimegah.trima,ID,id,5,1.0,100.0,Positive,Apresiasi Umum & Kepuasan,2017-03-20 23:29:16,2017,Membantu bingit,Membantu bingit,True,15,2,Tidak Tercatat,0,Ya,"Terima kasih telah menginstall Aplikasi Trima, untuk kritik dan saran dapat Anda sampaikan ke customer service kami di +62 21 2924 9000 atau email ke callcenter@trimegah.com.",2017-03-22 10:20:09,Sampel ulasan publik Play Store
6b810acd-5ea3-4200-a3de-c68bfa522167,2026-09-25 23:20:20,https://play.google.com/store/apps/details?id=com.trimegah.trima,ID,id,5,1.0,100.0,Positive,Apresiasi Umum & Kepuasan,2017-03-20 22:31:17,2017,Ok,Ok,True,2,1,Tidak Tercatat,0,Ya,"Terima kasih telah menginstall Aplikasi Trima, untuk kritik dan saran dapat Anda sampaikan ke customer service kami di +62 21 2924 9000 atau email ke callcenter@trimegah.com.",2017-03-22 10:20:01,Sampel ulasan publik Play Store
84b93f4a-571c-4ce4-83a4-a94ef5cbc2b9,2026-09-25 23:20:20,https://play.google.com/store/apps/details?id=com.trimegah.trima,ID,id,5,1.0,100.0,Positive,Apresiasi Umum & Kepuasan,2017-03-20 17:54:02,2017,"Aplikasinya bagus, informatif, keren","Aplikasinya bagus, informatif, keren",True,36,4,Tidak Tercatat,0,Ya,"Terima kasih telah menginstall Aplikasi Trima, untuk kritik dan saran dapat Anda sampaikan ke customer service kami di +62 21 2924 9000 atau email ke callcenter@trimegah.com.",2017-03-22 10:19:12,Sampel ulasan publik Play Store
b8e4f4f6-569f-408d-a0ca-9c252108cce7,2026-09-25 23:20:20,https://play.google.com/store/apps/details?id=com.trimegah.trima,ID,id,5,1.0,100.0,Positive,Apresiasi Umum & Kepuasan,2017-03-20 17:53:40,2017,"Aplikasinya bagus, informatif, keren banget","Aplikasinya bagus, informatif, keren banget",True,43,5,Tidak Tercatat,1,Ya,"Terima kasih telah menginstall Aplikasi Trima, untuk kritik dan saran dapat Anda sampaikan ke customer service kami di +62 21 2924 9000 atau email ke callcenter@trimegah.com",2017-03-22 10:18:49,Sampel ulasan publik Play Store
214e20bf-45ed-47a9-a8b5-2c520aeab662,2026-09-25 23:20:20,https://play.google.com/store/apps/details?id=com.trimegah.trima,ID,id,3,0.5,50.0,Neutral,Customer Service & Layanan,2017-03-20 14:53:43,2017,"Saya masih orang awam,gimana jalanin aplikasinya ya?","Saya masih orang awam,gimana jalanin aplikasinya ya?",True,52,7,Tidak Tercatat,0,Ya,Anda bisa mengunjungi web Trima di www.trima.co.id. Info lebih lanjut bisa Anda sampaikan ke customer service kami di +62 21 2924 9000 atau email ke callcenter@trimegah.com. Terima kasih.,2017-03-22 10:34:45,Sampel ulasan publik Play Store
cc38782e-5f42-4920-8fad-80d655821d59,2026-09-25 23:20:20,https://play.google.com/store/apps/details?id=com.trimegah.trima,ID,id,5,1.0,100.0,Positive,Apresiasi Umum & Kepuasan,2017-03-20 12:59:07,2017,"Good app,, must be try...😉","Good app,, must be try...😉",True,26,5,1.1.6,0,Ya,"Terima kasih telah menginstall Aplikasi Trima, untuk kritik dan saran dapat Anda sampaikan ke customer service kami di +62 21 2924 9000 atau email ke callcenter@trimegah.com.",2017-03-20 14:33:19,Sampel ulasan publik Play Store
18d1e5ed-86fd-4096-a397-9eeab69aff73,2026-09-25 23:20:20,https://play.google.com/store/apps/details?id=com.trimegah.trima,ID,id,5,1.0,100.0,Positive,Apresiasi Umum & Kepuasan,2017-03-20 12:32:07,2017,Good,Good,True,4,1,Tidak Tercatat,0,Ya,"Terima kasih telah menginstall Aplikasi Trima, untuk kritik dan saran dapat Anda sampaikan ke customer service kami di +62 21 2924 9000 atau email ke callcenter@trimegah.com.",2017-03-20 14:33:16,Sampel ulasan publik Play Store
558766b1-8e00-4795-82e2-8fb35c9478cf,2026-09-25 23:20:20,https://play.google.com/store/apps/details?id=com.trimegah.trima,ID,id,4,0.75,75.0,Positive,Apresiasi Umum & Kepuasan,2017-03-20 10:52:38,2017,"Coba dulu , dilihat dari review sepertinya bagus. Semoga lancar.","Coba dulu , dilihat dari review sepertinya bagus. Semoga lancar.",True,64,10,Tidak Tercatat,0,Ya,"Terima kasih telah menginstall Aplikasi Trima, untuk kritik dan saran dapat Anda sampaikan ke customer service kami di +62 21 2924 9000.",2017-03-20 11:10:18,Sampel ulasan publik Play Store
1a26dda6-827b-4b4d-bcad-400d4e40a413,2026-09-25 23:20:20,https://play.google.com/store/apps/details?id=com.trimegah.trima,ID,id,5,1.0,100.0,Positive,Apresiasi Umum & Kepuasan,2017-03-20 10:14:46,2017,tingkatkan Amplikasinya,tingkatkan Amplikasinya,True,23,2,Tidak Tercatat,0,Ya,"Terima kasih telah menginstall Aplikasi Trima, untuk kritik dan saran dapat Anda sampaikan ke customer service kami di +62 21 2924 9000.",2017-03-20 11:10:09,Sampel ulasan publik Play Store
a2f23211-0a83-445c-a4d8-a92a9bceca23,2026-09-25 23:20:20,https://play.google.com/store/apps/details?id=com.trimegah.trima,ID,id,3,0.5,50.0,Neutral,Netral / Saran Umum,2017-03-20 07:19:37,2017,Minta petunjuknya,Minta petunjuknya,True,17,2,Tidak Tercatat,1,Ya,"Halo, apakah yang dimaksud mendaftar Trima? Anda bisa mendaftar langsung di website www.trima.co.id ya. Terima kasih :)",2017-03-20 11:09:20,Sampel ulasan publik Play Store
83a72ba7-3917-4f12-95cd-fe63f5fa2bdc,2026-09-25 23:20:20,https://play.google.com/store/apps/details?id=com.trimegah.trima,ID,id,5,1.0,100.0,Positive,Apresiasi Umum & Kepuasan,2017-03-20 05:23:38,2017,Suka sekali,Suka sekali,True,11,2,Tidak Tercatat,0,Ya,"Terima kasih telah menginstall Aplikasi Trima, untuk kritik dan saran dapat Anda sampaikan ke customer service kami di +62 21 2924 9000.",2017-03-20 11:08:44,Sampel ulasan publik Play Store
b3a20aa0-ff1c-4ab2-8185-4a070254dbc3,2026-09-25 23:20:20,https://play.google.com/store/apps/details?id=com.trimegah.trima,ID,id,3,0.5,50.0,Neutral,Netral / Saran Umum,2017-03-19 23:35:31,2017,Kalau bisa nnt saya buat full bintang ny.,Kalau bisa nnt saya buat full bintang ny.,True,41,8,1.1.6,0,Ya,"Terima kasih telah menginstall Aplikasi Trima, untuk kritik dan saran dapat Anda sampaikan ke customer service kami di +62 21 2924 9000.",2017-03-20 11:08:27,Sampel ulasan publik Play Store
dacfb526-38c7-47fa-99af-79cd181ece1c,2026-09-25 23:20:20,https://play.google.com/store/apps/details?id=com.trimegah.trima,ID,id,5,1.0,100.0,Positive,Login & Autentikasi,2017-03-19 22:44:29,2017,Caranya masuk gmna boss,Caranya masuk gmna boss,True,23,4,1.1.6,2,Ya,"Halo Dikin, apakah yang dimaksud mendaftar Trima? Anda bisa mendaftar langsung di website www.trima.co.id ya. Terima kasih :)",2017-03-20 11:08:16,Sampel ulasan publik Play Store
537a75d6-2e76-4c9d-af25-5ab7987479bc,2026-09-25 23:20:20,https://play.google.com/store/apps/details?id=com.trimegah.trima,ID,id,5,1.0,100.0,Positive,Apresiasi Umum & Kepuasan,2017-03-19 20:56:07,2017,Terbaik,Terbaik,True,7,1,Tidak Tercatat,0,Ya,"Terima kasih telah menginstall Aplikasi Trima, untuk kritik dan saran dapat Anda sampaikan ke customer service kami di +62 21 2924 9000.",2017-03-20 11:07:45,Sampel ulasan publik Play Store
e0a9f6ef-2dba-4e92-a777-13f255cade3c,2026-09-25 23:20:20,https://play.google.com/store/apps/details?id=com.trimegah.trima,ID,id,5,1.0,100.0,Positive,Apresiasi Umum & Kepuasan,2017-03-19 15:07:01,2017,mAntap,mAntap,True,6,1,Tidak Tercatat,0,Ya,"Terima kasih telah menginstall Aplikasi Trima, untuk kritik dan saran dapat Anda sampaikan ke customer service kami di +62 21 2924 9000.",2017-03-20 11:07:33,Sampel ulasan publik Play Store
f787f458-9a31-4481-ad27-1bd22f4997a5,2026-09-25 23:20:20,https://play.google.com/store/apps/details?id=com.trimegah.trima,ID,id,5,1.0,100.0,Positive,Apresiasi Umum & Kepuasan,2017-03-19 09:20:11,2017,Good review,Good review,True,11,2,Tidak Tercatat,0,Ya,"Terima kasih telah menginstall Aplikasi Trima, untuk kritik dan saran dapat Anda sampaikan ke customer service kami di +62 21 2924 9000.",2017-03-20 11:06:23,Sampel ulasan publik Play Store
540b0345-e8f4-4ca6-a0e8-4df0afae0e2d,2026-09-25 23:20:20,https://play.google.com/store/apps/details?id=com.trimegah.trima,ID,id,5,1.0,100.0,Positive,Apresiasi Umum & Kepuasan,2017-03-19 08:12:30,2017,Good review,Good review,True,11,2,Tidak Tercatat,0,Ya,"Terima kasih telah menginstall Aplikasi Trima, untuk kritik dan saran dapat Anda sampaikan ke customer service kami di +62 21 2924 9000.",2017-03-20 11:06:19,Sampel ulasan publik Play Store
01637259-3ea4-46e9-b15e-23c7323a405e,2026-09-25 23:20:20,https://play.google.com/store/apps/details?id=com.trimegah.trima,ID,id,5,1.0,100.0,Positive,Apresiasi Umum & Kepuasan,2017-03-19 08:03:05,2017,good review,good review,True,11,2,Tidak Tercatat,0,Ya,"Terima kasih telah menginstall Aplikasi Trima, untuk kritik dan saran dapat Anda sampaikan ke customer service kami di +62 21 2924 9000.",2017-03-20 11:06:15,Sampel ulasan publik Play Store
38bd6ddb-2fb0-4c7d-88cf-266830df63aa,2026-09-25 23:20:20,https://play.google.com/store/apps/details?id=com.trimegah.trima,ID,id,5,1.0,100.0,Positive,Apresiasi Umum & Kepuasan,2017-03-19 07:06:17,2017,good,good,True,4,1,Tidak Tercatat,0,Ya,"Terima kasih telah menginstall Aplikasi Trima, untuk kritik dan saran dapat Anda sampaikan ke customer service kami di +62 21 2924 9000.",2017-03-20 11:05:34,Sampel ulasan publik Play Store
6201593e-edde-42c9-b1a1-4c6a603f6b1b,2026-09-25 23:20:20,https://play.google.com/store/apps/details?id=com.trimegah.trima,ID,id,5,1.0,100.0,Positive,Apresiasi Umum & Kepuasan,2017-03-18 20:54:57,2017,Nice,Nice,True,4,1,Tidak Tercatat,0,Ya,"Terima kasih telah menginstall Aplikasi Trima, untuk kritik dan saran dapat Anda sampaikan ke customer service kami di +62 21 2924 9000.",2017-03-20 11:05:23,Sampel ulasan publik Play Store
78be4617-97d3-431b-b847-47cb2bfe0e0a,2026-09-25 23:20:20,https://play.google.com/store/apps/details?id=com.trimegah.trima,ID,id,5,1.0,100.0,Positive,Login & Autentikasi,2017-03-18 17:28:25,2017,Cara masuknya gimana sih,Cara masuknya gimana sih,True,24,4,1.1.6,23,Ya,"Halo Muh Juwandi, apakah yang dimaksud mendaftar Trima? Anda bisa mendaftar langsung di website www.trima.co.id ya. Terima kasih :)",2017-03-20 11:05:19,Sampel ulasan publik Play Store
94b7dac2-7d3d-4251-9973-d2cad133dbcd,2026-09-25 23:20:20,https://play.google.com/store/apps/details?id=com.trimegah.trima,ID,id,5,1.0,100.0,Positive,Apresiasi Umum & Kepuasan,2017-03-18 11:27:44,2017,Bagus sekali aplikasinya.,Bagus sekali aplikasinya.,True,25,3,Tidak Tercatat,0,Ya,"Terima kasih telah menginstall Aplikasi Trima, untuk kritik dan saran dapat Anda sampaikan ke customer service kami di +62 21 2924 9000.",2017-03-20 11:03:36,Sampel ulasan publik Play Store
666a6778-7726-417a-b352-75533c0b1dc3,2026-09-25 23:20:20,https://play.google.com/store/apps/details?id=com.trimegah.trima,ID,id,5,1.0,100.0,Positive,Customer Service & Layanan,2017-03-18 09:59:39,2017,Saya orang awam.... Mohon bantuannya D?,Saya orang awam.... Mohon bantuannya D?,True,39,6,1.1.6,34,Ya,"Halo Gidean, ada yang bisa kami bantu?",2017-03-20 11:03:26,Sampel ulasan publik Play Store
828e7db4-6378-4e0e-b930-7ba14712c973,2026-09-25 23:20:20,https://play.google.com/store/apps/details?id=com.trimegah.trima,ID,id,5,1.0,100.0,Positive,Apresiasi Umum & Kepuasan,2017-03-18 06:30:26,2017,keren Gooooood aplikasi,keren Gooooood aplikasi,True,23,3,1.1.5,1,Ya,"Terima kasih telah menginstall Aplikasi Trima, untuk kritik dan saran dapat Anda sampaikan ke customer service kami di +62 21 2924 9000.",2017-03-13 12:41:45,Sampel ulasan publik Play Store
36109b90-ae62-4687-a67a-ae54cc26ff3f,2026-09-25 23:20:20,https://play.google.com/store/apps/details?id=com.trimegah.trima,ID,id,4,0.75,75.0,Positive,Registrasi & Onboarding (KYC),2017-03-18 01:15:34,2017,cara pendaftaran gemana...tolong dibantu,cara pendaftaran gemana...tolong dibantu,True,40,4,1.1.6,10,Ya,"Terima kasih telah menginstall Aplikasi Trima, untuk kritik dan saran dapat Anda sampaikan ke customer service kami di +62 21 2924 9000.",2017-03-20 11:03:04,Sampel ulasan publik Play Store
9126aa52-3d92-4542-9fab-1b40401116be,2026-09-25 23:20:20,https://play.google.com/store/apps/details?id=com.trimegah.trima,ID,id,5,1.0,100.0,Positive,Apresiasi Umum & Kepuasan,2017-03-17 22:11:39,2017,Dicoba dulu,Dicoba dulu,True,11,2,Tidak Tercatat,0,Ya,"Terima kasih telah menginstall Aplikasi Trima, untuk kritik dan saran dapat Anda sampaikan ke customer service kami di +62 21 2924 9000.",2017-03-20 11:02:40,Sampel ulasan publik Play Store
e51a7361-7370-4c8f-be85-3ff447dd2ab7,2026-09-25 23:20:20,https://play.google.com/store/apps/details?id=com.trimegah.trima,ID,id,5,1.0,100.0,Positive,Apresiasi Umum & Kepuasan,2017-03-17 18:16:59,2017,Semoga bermanfaat dan bisa membantu saya terimakasih Sukses selalu,Semoga bermanfaat dan bisa membantu saya terimakasih Sukses selalu,True,66,9,Tidak Tercatat,0,Ya,"Terima kasih telah menginstall Aplikasi Trima, untuk kritik dan saran dapat Anda sampaikan ke customer service kami di +62 21 2924 9000.",2017-03-20 11:02:12,Sampel ulasan publik Play Store
c06bc882-cef7-4516-a56c-54c7511293e8,2026-09-25 23:20:20,https://play.google.com/store/apps/details?id=com.trimegah.trima,ID,id,5,1.0,100.0,Positive,Apresiasi Umum & Kepuasan,2017-03-17 17:58:42,2017,Very good,Very good,True,9,2,1.1.6,10,Ya,"Terima kasih telah menginstall Aplikasi Trima, untuk kritik dan saran dapat Anda sampaikan ke customer service kami di +62 21 2924 9000.",2017-03-20 11:01:26,Sampel ulasan publik Play Store
22228bac-c5ba-4166-bbb5-7df244846448,2026-09-25 23:20:20,https://play.google.com/store/apps/details?id=com.trimegah.trima,ID,id,5,1.0,100.0,Positive,Apresiasi Umum & Kepuasan,2017-03-17 15:35:21,2017,Apllikasi yg bagus..,Apllikasi yg bagus..,True,20,3,Tidak Tercatat,0,Ya,"Terima kasih telah menginstall Aplikasi Trima, untuk kritik dan saran dapat Anda sampaikan ke customer service kami di +62 21 2924 9000.",2017-03-20 11:00:24,Sampel ulasan publik Play Store
06635934-fb3e-48c7-91b4-095d67cbd0b5,2026-09-25 23:20:20,https://play.google.com/store/apps/details?id=com.trimegah.trima,ID,id,5,1.0,100.0,Positive,Apresiasi Umum & Kepuasan,2017-03-17 15:26:08,2017,"Mantap aplikasinya, mudah di pahami lagi.","Mantap aplikasinya, mudah di pahami lagi.",True,41,6,1.1.5,0,Ya,"Terima kasih telah menginstall Aplikasi Trima, untuk kritik dan saran dapat Anda sampaikan ke customer service kami di +62 21 2924 9000.",2017-03-20 10:59:57,Sampel ulasan publik Play Store
dd7fbe82-4184-4935-b34f-38bbe4770c37,2026-09-25 23:20:20,https://play.google.com/store/apps/details?id=com.trimegah.trima,ID,id,5,1.0,100.0,Positive,Customer Service & Layanan,2017-03-17 11:41:01,2017,Teknologi yang sangat bagus dan mempermudah segalanya. Good banget lah pokonya gak kecewa sudah download 👍,Teknologi yang sangat bagus dan mempermudah segalanya. Good banget lah pokonya gak kecewa sudah download 👍,True,106,16,1.1.5,0,Ya,"Terima kasih telah menginstall Aplikasi Trima, untuk kritik dan saran dapat Anda sampaikan ke customer service kami di +62 21 2924 9000.",2017-03-17 11:52:30,Sampel ulasan publik Play Store
15ca82b8-c63b-4a1d-8775-d6379b61aaa5,2026-09-25 23:20:20,https://play.google.com/store/apps/details?id=com.trimegah.trima,ID,id,5,1.0,100.0,Positive,Apresiasi Umum & Kepuasan,2017-03-17 10:03:19,2017,Good aplikasi,Good aplikasi,True,13,2,Tidak Tercatat,0,Ya,"Terima kasih telah menginstall Aplikasi Trima, untuk kritik dan saran dapat Anda sampaikan ke customer service kami di +62 21 2924 9000.",2017-03-17 11:29:09,Sampel ulasan publik Play Store
0ff5d433-f4db-4ee2-91b1-2353b342bfe1,2026-09-25 23:20:20,https://play.google.com/store/apps/details?id=com.trimegah.trima,ID,id,5,1.0,100.0,Positive,Apresiasi Umum & Kepuasan,2017-03-17 09:21:59,2017,Good👍,Good👍,True,5,1,1.1.5,0,Ya,"Terima kasih telah menginstall Aplikasi Trima, untuk kritik dan saran dapat Anda sampaikan ke customer service kami di +62 21 2924 9000.",2017-03-17 11:29:02,Sampel ulasan publik Play Store
ce19f6fd-59a4-457d-8eb5-f2037680a337,2026-09-25 23:20:20,https://play.google.com/store/apps/details?id=com.trimegah.trima,ID,id,4,0.75,75.0,Positive,Apresiasi Umum & Kepuasan,2017-03-17 08:45:04,2017,Coba dulu yah,Coba dulu yah,True,13,3,Tidak Tercatat,1,Ya,"Terima kasih telah menginstall Aplikasi Trima, untuk kritik dan saran dapat Anda sampaikan ke customer service kami di +62 21 2924 9000.",2017-03-17 12:08:33,Sampel ulasan publik Play Store
c7099c83-b220-43d4-9752-829cbf371de2,2026-09-25 23:20:20,https://play.google.com/store/apps/details?id=com.trimegah.trima,ID,id,5,1.0,100.0,Positive,Fitur Analisis & Data Pasar,2017-03-17 02:30:03,2017,Perlu ditambahkan fitur Automatic Trade Machine (ATM) sehingga lebih powerfull untuk para trader ...,Perlu ditambahkan fitur Automatic Trade Machine (ATM) sehingga lebih powerfull untuk para trader ...,True,100,14,1.1.5,0,Ya,"Terima kasih telah menginstall Aplikasi Trima, untuk kritik dan saran dapat Anda sampaikan ke customer service kami di +62 21 2924 9000.",2017-03-17 12:08:42,Sampel ulasan publik Play Store
9df768dd-0964-4927-8702-10af6c8d6c23,2026-09-25 23:20:20,https://play.google.com/store/apps/details?id=com.trimegah.trima,ID,id,3,0.5,50.0,Neutral,Netral / Saran Umum,2017-03-17 01:10:30,2017,Saya tidak ada npwp gimana pak??,Saya tidak ada npwp gimana pak??,True,32,6,Tidak Tercatat,0,Ya,NPWP tidak diwajibkan. Namun jika masih ada kendala dan informasi yang Anda butuhkan dapat Anda sampaikan ke customer service kami di +62 21 2924 9000.,2017-03-17 12:07:53,Sampel ulasan publik Play Store
fa1d295a-64f0-4ade-936b-b0fef3023414,2026-09-25 23:20:20,https://play.google.com/store/apps/details?id=com.trimegah.trima,ID,id,5,1.0,100.0,Positive,Apresiasi Umum & Kepuasan,2017-03-17 00:01:22,2017,Coba dulu siapa tau bermanfaat,Coba dulu siapa tau bermanfaat,True,30,5,Tidak Tercatat,0,Ya,"Terima kasih telah menginstall Aplikasi Trima, untuk kritik dan saran dapat Anda sampaikan ke customer service kami di +62 21 2924 9000.",2017-03-17 11:28:39,Sampel ulasan publik Play Store
7b2f6fd1-fcea-47af-81c3-84637d64fcb4,2026-09-25 23:20:20,https://play.google.com/store/apps/details?id=com.trimegah.trima,ID,id,5,1.0,100.0,Positive,Apresiasi Umum & Kepuasan,2017-03-16 14:46:10,2017,Menarik,Menarik,True,7,1,Tidak Tercatat,0,Ya,"Terima kasih telah menginstall Aplikasi Trima, untuk kritik dan saran dapat Anda sampaikan ke customer service kami di +62 21 2924 9000.",2017-03-17 11:28:19,Sampel ulasan publik Play Store
4ca6ce30-4300-4e4f-8bcf-a0da4f724129,2026-09-25 23:20:20,https://play.google.com/store/apps/details?id=com.trimegah.trima,ID,id,5,1.0,100.0,Positive,Apresiasi Umum & Kepuasan,2017-03-16 11:29:51,2017,Sangat luar biasaa,Sangat luar biasaa,True,18,3,1.1.5,0,Ya,"Terima kasih telah menginstall Aplikasi Trima, untuk kritik dan saran dapat Anda sampaikan ke customer service kami di +62 21 2924 9000.",2017-03-16 13:52:25,Sampel ulasan publik Play Store
66f4bbed-929a-4eb2-8409-98083736136c,2026-09-25 23:20:20,https://play.google.com/store/apps/details?id=com.trimegah.trima,ID,id,5,1.0,100.0,Positive,Apresiasi Umum & Kepuasan,2017-03-16 09:33:23,2017,Mantap dah aplikasinya bisa belajar main saham dulu selama 1 bln dg dikasi buying power 50 jt! Top dah...,Mantap dah aplikasinya bisa belajar main saham dulu selama 1 bln dg dikasi buying power 50 jt! Top dah...,True,105,19,1.1.5,1,Ya,"Terima kasih telah menginstall Aplikasi Trima, untuk kritik dan saran dapat Anda sampaikan ke customer service kami di +62 21 2924 9000.",2017-03-16 13:52:20,Sampel ulasan publik Play Store
78e817e0-b864-487c-9e8a-64b47ce84433,2026-09-25 23:20:20,https://play.google.com/store/apps/details?id=com.trimegah.trima,ID,id,5,1.0,100.0,Positive,Fitur Analisis & Data Pasar,2017-03-16 07:10:30,2017,Aplikasi ini bagus banget dan saya rekomendasikan pada temen dan sahabat yang mau bisnis sekuritas. Mudah murah enjoy,Aplikasi ini bagus banget dan saya rekomendasikan pada temen dan sahabat yang mau bisnis sekuritas. Mudah murah enjoy,True,117,18,1.1.5,0,Ya,"Terima kasih telah menginstall Aplikasi Trima, untuk kritik dan saran dapat Anda sampaikan ke customer service kami di +62 21 2924 9000.",2017-03-16 13:52:05,Sampel ulasan publik Play Store
9b817e6f-cf21-4964-9f15-86c4131c0609,2026-09-25 23:20:20,https://play.google.com/store/apps/details?id=com.trimegah.trima,ID,id,3,0.5,50.0,Neutral,Netral / Saran Umum,2017-03-16 04:18:38,2017,Coba dulu kalau bagus bintangnta jadi 5,Coba dulu kalau bagus bintangnta jadi 5,True,39,7,Tidak Tercatat,0,Ya,"Terima kasih telah menginstall Aplikasi Trima, untuk kritik dan saran dapat Anda sampaikan ke customer service kami di +62 21 2924 9000.",2017-03-16 13:51:59,Sampel ulasan publik Play Store
f3696894-a0b7-4eaa-8eb5-982c384ebd13,2026-09-25 23:20:20,https://play.google.com/store/apps/details?id=com.trimegah.trima,ID,id,3,0.5,50.0,Neutral,Netral / Saran Umum,2017-03-16 00:39:16,2017,maaf sya lupa username sya trs sya harus bagaimana mohon segera di replay..thanks for Pt trimegah sekuritas indonesia.,maaf sya lupa username sya trs sya harus bagaimana mohon segera di replay..thanks for Pt trimegah sekuritas indonesia.,True,118,18,1.1.5,1,Ya,"Hi Pak Suryo, Terima kasih telah menginstall Aplikasi Trima. Mohon maaf untuk kendala yang Bapak alami. Terkait dengan kendala tersebut, Bapak bisa mendapatkan bantuan melalui 29249000 dengan menginfokan alamat email dan no hp yang Bapak gunakan untuk melakukan pendaftaran di Trima, untuk selanjutnya kami infokan username Bapak.",2017-03-16 13:46:32,Sampel ulasan publik Play Store
f5adc1ec-ec6c-4bcb-944d-d50d7a484efd,2026-09-25 23:20:20,https://play.google.com/store/apps/details?id=com.trimegah.trima,ID,id,4,0.75,75.0,Positive,Apresiasi Umum & Kepuasan,2017-03-15 21:39:05,2017,coba dlu 4 bintang,coba dlu 4 bintang,True,18,4,Tidak Tercatat,0,Ya,"Terima kasih telah menginstall Aplikasi Trima, untuk kritik dan saran dapat Anda sampaikan ke customer service kami di +62 21 2924 9000.",2017-03-16 13:51:50,Sampel ulasan publik Play Store
11cab082-a007-4016-997f-4be8b1ce38b5,2026-09-25 23:20:20,https://play.google.com/store/apps/details?id=com.trimegah.trima,ID,id,5,1.0,100.0,Positive,Apresiasi Umum & Kepuasan,2017-03-15 20:56:18,2017,Aplikasinya menarik,Aplikasinya menarik,True,19,2,1.1.5,0,Ya,"Terima kasih telah menginstall Aplikasi Trima, untuk kritik dan saran dapat Anda sampaikan ke customer service kami di +62 21 2924 9000.",2017-03-16 13:51:46,Sampel ulasan publik Play Store
c1dc71a2-d49a-4247-95ae-73d178fc0c30,2026-09-25 23:20:20,https://play.google.com/store/apps/details?id=com.trimegah.trima,ID,id,5,1.0,100.0,Positive,Apresiasi Umum & Kepuasan,2017-03-15 19:09:15,2017,Aplikasinya bagus,Aplikasinya bagus,True,17,2,Tidak Tercatat,0,Ya,"Terima kasih telah menginstall Aplikasi Trima, untuk kritik dan saran dapat Anda sampaikan ke customer service kami di +62 21 2924 9000.",2017-03-16 13:51:41,Sampel ulasan publik Play Store
be0158a9-b654-41d0-ac53-d2b0a7cbc1ad,2026-09-25 23:20:20,https://play.google.com/store/apps/details?id=com.trimegah.trima,ID,id,5,1.0,100.0,Positive,Apresiasi Umum & Kepuasan,2017-03-15 18:59:01,2017,Aplikasi untuk bisnis investasi top dan keren.. yg ngga download bakalan nyesel.,Aplikasi untuk bisnis investasi top dan keren.. yg ngga download bakalan nyesel.,True,80,12,1.1.5,0,Ya,"Terima kasih telah menginstall Aplikasi Trima, untuk kritik dan saran dapat Anda sampaikan ke customer service kami di +62 21 2924 9000.",2017-03-16 13:51:36,Sampel ulasan publik Play Store
0ce5a5e1-ee19-4817-bf9c-540ccfce45dc,2026-09-25 23:20:20,https://play.google.com/store/apps/details?id=com.trimegah.trima,ID,id,5,1.0,100.0,Positive,Apresiasi Umum & Kepuasan,2017-03-15 18:20:11,2017,teknologi yang segalanya membuat lebih cepat keren dan bagus,teknologi yang segalanya membuat lebih cepat keren dan bagus,True,60,9,1.1.5,0,Ya,"Terima kasih telah menginstall Aplikasi Trima, untuk kritik dan saran dapat Anda sampaikan ke customer service kami di +62 21 2924 9000.",2017-03-16 13:51:25,Sampel ulasan publik Play Store
7cd95782-8f65-4b52-a6c4-48cf3a32f5c5,2026-09-25 23:20:20,https://play.google.com/store/apps/details?id=com.trimegah.trima,ID,id,5,1.0,100.0,Positive,Apresiasi Umum & Kepuasan,2017-03-15 17:49:14,2017,This is very good application,This is very good application,True,29,5,1.1.5,0,Ya,"Terima kasih telah menginstall Aplikasi Trima, untuk kritik dan saran dapat Anda sampaikan ke customer service kami di +62 21 2924 9000.",2017-03-16 13:51:14,Sampel ulasan publik Play Store
32c25fcd-449c-44bf-8a5c-ac1ea43230fe,2026-09-25 23:20:20,https://play.google.com/store/apps/details?id=com.trimegah.trima,ID,id,5,1.0,100.0,Positive,Apresiasi Umum & Kepuasan,2017-03-15 17:31:34,2017,Aplikasi yg memudahkan segalanya . Lanjutkan,Aplikasi yg memudahkan segalanya . Lanjutkan,True,44,6,Tidak Tercatat,0,Ya,"Terima kasih telah menginstall Aplikasi Trima, untuk kritik dan saran dapat Anda sampaikan ke customer service kami di +62 21 2924 9000.",2017-03-16 13:51:11,Sampel ulasan publik Play Store
d584c0e1-1d08-477e-8b58-8b2bbe00dbea,2026-09-25 23:20:20,https://play.google.com/store/apps/details?id=com.trimegah.trima,ID,id,5,1.0,100.0,Positive,Apresiasi Umum & Kepuasan,2017-03-15 17:30:22,2017,Jadi mempermuda ada palikasi ini,Jadi mempermuda ada palikasi ini,True,32,5,Tidak Tercatat,0,Ya,"Terima kasih telah menginstall Aplikasi Trima, untuk kritik dan saran dapat Anda sampaikan ke customer service kami di +62 21 2924 9000.",2017-03-16 13:51:05,Sampel ulasan publik Play Store
82c812ff-fa18-4e5d-bea3-fbcb4e2af1dd,2026-09-25 23:20:20,https://play.google.com/store/apps/details?id=com.trimegah.trima,ID,id,5,1.0,100.0,Positive,Apresiasi Umum & Kepuasan,2017-03-15 17:25:19,2017,Segala apapun menjadi lebih mudah,Segala apapun menjadi lebih mudah,True,33,5,Tidak Tercatat,0,Ya,"Terima kasih telah menginstall Aplikasi Trima, untuk kritik dan saran dapat Anda sampaikan ke customer service kami di +62 21 2924 9000.",2017-03-16 13:51:00,Sampel ulasan publik Play Store
268008ff-db46-4271-8739-6a78db0429c8,2026-09-25 23:20:20,https://play.google.com/store/apps/details?id=com.trimegah.trima,ID,id,5,1.0,100.0,Positive,Apresiasi Umum & Kepuasan,2017-03-15 17:24:16,2017,Keren sekali,Keren sekali,True,12,2,Tidak Tercatat,0,Ya,"Terima kasih telah menginstall Aplikasi Trima, untuk kritik dan saran dapat Anda sampaikan ke customer service kami di +62 21 2924 9000.",2017-03-16 13:50:54,Sampel ulasan publik Play Store
dc2aaebf-8e97-4280-98b4-7bbd0dc07b60,2026-09-25 23:20:20,https://play.google.com/store/apps/details?id=com.trimegah.trima,ID,id,5,1.0,100.0,Positive,Apresiasi Umum & Kepuasan,2017-03-15 17:17:46,2017,Kereeeeen,Kereeeeen,True,9,1,Tidak Tercatat,0,Ya,"Terima kasih telah menginstall Aplikasi Trima, untuk kritik dan saran dapat Anda sampaikan ke customer service kami di +62 21 2924 9000.",2017-03-16 13:50:47,Sampel ulasan publik Play Store
81bafcb0-9787-45da-8fa9-5fbc95add2af,2026-09-25 23:20:20,https://play.google.com/store/apps/details?id=com.trimegah.trima,ID,id,5,1.0,100.0,Positive,Apresiasi Umum & Kepuasan,2017-03-15 17:13:59,2017,Teknologi yg segalanya membuat lebih cepat dan aplikasi yg sangat bagus dan keren yg nggx dowload bakal nyesel😎,Teknologi yg segalanya membuat lebih cepat dan aplikasi yg sangat bagus dan keren yg nggx dowload bakal nyesel😎,True,111,18,1.1.5,2,Ya,"Terima kasih telah menginstall Aplikasi Trima, untuk kritik dan saran dapat Anda sampaikan ke customer service kami di +62 21 2924 9000.",2017-03-16 13:50:41,Sampel ulasan publik Play Store
a5579b9b-0f9a-422b-84a3-5249da09a3c9,2026-09-25 23:20:20,https://play.google.com/store/apps/details?id=com.trimegah.trima,ID,id,5,1.0,100.0,Positive,Apresiasi Umum & Kepuasan,2017-03-15 17:05:04,2017,Bagus aplikasi nya,Bagus aplikasi nya,True,18,3,1.1.5,0,Ya,"Terima kasih telah menginstall Aplikasi Trima, untuk kritik dan saran dapat Anda sampaikan ke customer service kami di +62 21 2924 9000.",2017-03-16 13:50:32,Sampel ulasan publik Play Store
e33b89fc-ac4b-40f7-9192-4eea87dabb49,2026-09-25 23:20:20,https://play.google.com/store/apps/details?id=com.trimegah.trima,ID,id,5,1.0,100.0,Positive,Apresiasi Umum & Kepuasan,2017-03-15 13:06:29,2017,Goods,Goods,True,5,1,Tidak Tercatat,0,Ya,"Terima kasih telah menginstall Aplikasi Trima, untuk kritik dan saran dapat Anda sampaikan ke customer service kami di +62 21 2924 9000.",2017-03-15 13:51:06,Sampel ulasan publik Play Store
6c5098ef-53d8-478b-a6f0-2d1d6008911d,2026-09-25 23:20:20,https://play.google.com/store/apps/details?id=com.trimegah.trima,ID,id,5,1.0,100.0,Positive,Apresiasi Umum & Kepuasan,2017-03-15 12:48:21,2017,good review,good review,True,11,2,1.1.5,0,Ya,"Terima kasih telah menginstall Aplikasi Trima, untuk kritik dan saran dapat Anda sampaikan ke customer service kami di +62 21 2924 9000.",2017-03-15 13:51:03,Sampel ulasan publik Play Store
22587968-bf8e-4bde-bff1-c8ba10bcf282,2026-09-25 23:20:20,https://play.google.com/store/apps/details?id=com.trimegah.trima,ID,id,5,1.0,100.0,Positive,Apresiasi Umum & Kepuasan,2017-03-15 07:53:15,2017,Aplikasi yg bagus buat kami pemula yg ingin berinvestasi👍👍👍,Aplikasi yg bagus buat kami pemula yg ingin berinvestasi👍👍👍,True,59,9,1.1.5,0,Ya,"Terima kasih telah menginstall Aplikasi Trima, untuk kritik dan saran dapat Anda sampaikan ke customer service kami di +62 21 2924 9000.",2017-03-15 13:50:32,Sampel ulasan publik Play Store
66fb20d6-9427-47ce-ad3f-498652fc6f73,2026-09-25 23:20:20,https://play.google.com/store/apps/details?id=com.trimegah.trima,ID,id,5,1.0,100.0,Positive,Apresiasi Umum & Kepuasan,2017-03-15 04:47:29,2017,Keren ..gua suka,Keren ..gua suka,True,16,3,Tidak Tercatat,0,Ya,"Terima kasih telah menginstall Aplikasi Trima, untuk kritik dan saran dapat Anda sampaikan ke customer service kami di +62 21 2924 9000.",2017-03-15 13:50:23,Sampel ulasan publik Play Store
c733745a-a080-4d8c-8f45-70a3901b1510,2026-09-25 23:20:20,https://play.google.com/store/apps/details?id=com.trimegah.trima,ID,id,5,1.0,100.0,Positive,Apresiasi Umum & Kepuasan,2017-03-14 20:40:35,2017,Aplikasinya saya suka top banget,Aplikasinya saya suka top banget,True,32,5,Tidak Tercatat,1,Ya,"Terima kasih telah menginstall Aplikasi Trima, untuk kritik dan saran dapat Anda sampaikan ke customer service kami di +62 21 2924 9000.",2017-03-14 21:25:52,Sampel ulasan publik Play Store
dd7cbf91-8104-4080-8bde-237137fed235,2026-09-25 23:20:20,https://play.google.com/store/apps/details?id=com.trimegah.trima,ID,id,5,1.0,100.0,Positive,Apresiasi Umum & Kepuasan,2017-03-14 19:56:19,2017,Good apk,Good apk,True,8,2,Tidak Tercatat,0,Ya,"Terima kasih telah menginstall Aplikasi Trima, untuk kritik dan saran dapat Anda sampaikan ke customer service kami di +62 21 2924 9000.",2017-03-14 21:25:48,Sampel ulasan publik Play Store
2d88925b-ba69-4770-80e6-cf0cbc2a72ee,2026-09-25 23:20:20,https://play.google.com/store/apps/details?id=com.trimegah.trima,ID,id,5,1.0,100.0,Positive,Apresiasi Umum & Kepuasan,2017-03-14 18:59:18,2017,Aplikasinya bagus.,Aplikasinya bagus.,True,18,2,Tidak Tercatat,0,Ya,"Terima kasih telah menginstall Aplikasi Trima, untuk kritik dan saran dapat Anda sampaikan ke customer service kami di +62 21 2924 9000.",2017-03-14 21:25:44,Sampel ulasan publik Play Store
a3adc7e2-3990-4c33-bd6b-4a5d41a26167,2026-09-25 23:20:20,https://play.google.com/store/apps/details?id=com.trimegah.trima,ID,id,5,1.0,100.0,Positive,Apresiasi Umum & Kepuasan,2017-03-14 16:43:06,2017,Bgus,Bgus,True,4,1,1.1.5,0,Ya,"Terima kasih telah menginstall Aplikasi Trima, untuk kritik dan saran dapat Anda sampaikan ke customer service kami di +62 21 2924 9000.",2017-03-14 21:25:33,Sampel ulasan publik Play Store
0c662cec-166f-4a5d-83c6-61fb0afc86b7,2026-09-25 23:20:20,https://play.google.com/store/apps/details?id=com.trimegah.trima,ID,id,5,1.0,100.0,Positive,Apresiasi Umum & Kepuasan,2017-03-14 13:50:01,2017,Bagus,Bagus,True,5,1,Tidak Tercatat,0,Ya,"Terima kasih telah menginstall Aplikasi Trima, untuk kritik dan saran dapat Anda sampaikan ke customer service kami di +62 21 2924 9000.",2017-03-14 21:23:29,Sampel ulasan publik Play Store
b59ea940-d110-41f8-b84b-3a76ee859a78,2026-09-25 23:20:20,https://play.google.com/store/apps/details?id=com.trimegah.trima,ID,id,3,0.5,50.0,Neutral,Login & Autentikasi,2017-03-14 08:47:22,2017,Saya kan udah sign up. Tapi pas mau log in saya bingung soalnya saya belum dapet passwordnya. Gimana?,Saya kan udah sign up. Tapi pas mau log in saya bingung soalnya saya belum dapet passwordnya. Gimana?,True,101,18,1.1.5,0,Ya,"Dear Nasabah, Terimakasih atas input Anda. Setelah sign up, user name dan password akan dikirimkan pada email Anda. Jika email tidak didapatkan, dapat menghubungi customer service kami di CallCenter@trimegah.com. Terima kasih.",2017-03-15 17:02:31,Sampel ulasan publik Play Store
f62ded8c-df66-4191-9f31-90451997be9b,2026-09-25 23:20:20,https://play.google.com/store/apps/details?id=com.trimegah.trima,ID,id,4,0.75,75.0,Positive,Apresiasi Umum & Kepuasan,2017-03-14 05:10:30,2017,"Blm bsa dbka, tp ulasanx smuax bgs2..","Blm bsa dbka, tp ulasanx smuax bgs2..",True,37,7,Tidak Tercatat,0,Ya,"Terima kasih telah menginstall Aplikasi Trima, untuk kritik dan saran dapat Anda sampaikan ke customer service kami di +62 21 2924 9000.",2017-03-14 11:15:37,Sampel ulasan publik Play Store
2b843fb3-dfd9-40e7-beb6-f538bd7e0bdb,2026-09-25 23:20:20,https://play.google.com/store/apps/details?id=com.trimegah.trima,ID,id,5,1.0,100.0,Positive,Apresiasi Umum & Kepuasan,2017-03-13 22:03:50,2017,Bagus sekali.,Bagus sekali.,True,13,2,1.1.5,0,Ya,"Terima kasih telah menginstall Aplikasi Trima, untuk kritik dan saran dapat Anda sampaikan ke customer service kami di +62 21 2924 9000.",2017-03-14 11:15:29,Sampel ulasan publik Play Store
d57f7292-03b1-4d46-87b1-029ca62e48bc,2026-09-25 23:20:20,https://play.google.com/store/apps/details?id=com.trimegah.trima,ID,id,5,1.0,100.0,Positive,Apresiasi Umum & Kepuasan,2017-03-13 21:44:09,2017,Sangat bagus sekali dan sangat membantu dengan menggunakan aplikasi ini,Sangat bagus sekali dan sangat membantu dengan menggunakan aplikasi ini,True,71,10,1.1.5,0,Ya,"Terima kasih telah menginstall Aplikasi Trima, untuk kritik dan saran dapat Anda sampaikan ke customer service kami di +62 21 2924 9000.",2017-03-14 11:15:24,Sampel ulasan publik Play Store
4601fbf1-d09e-4131-a7af-ba468eaa7960,2026-09-25 23:20:20,https://play.google.com/store/apps/details?id=com.trimegah.trima,ID,id,5,1.0,100.0,Positive,Apresiasi Umum & Kepuasan,2017-03-13 21:40:12,2017,Good,Good,True,4,1,1.1.5,0,Ya,"Terima kasih telah menginstall Aplikasi Trima, untuk kritik dan saran dapat Anda sampaikan ke customer service kami di +62 21 2924 9000.",2017-03-14 11:15:14,Sampel ulasan publik Play Store
8a00ab69-9cbe-4f7f-a260-67b544f8cb60,2026-09-25 23:20:20,https://play.google.com/store/apps/details?id=com.trimegah.trima,ID,id,5,1.0,100.0,Positive,Apresiasi Umum & Kepuasan,2017-03-13 21:27:09,2017,Good,Good,True,4,1,1.1.5,0,Ya,"Terima kasih telah menginstall Aplikasi Trima, untuk kritik dan saran dapat Anda sampaikan ke customer service kami di +62 21 2924 9000.",2017-03-14 11:15:11,Sampel ulasan publik Play Store
df6fb2fc-a1ca-4d16-bf3b-26a5635e6de4,2026-09-25 23:20:20,https://play.google.com/store/apps/details?id=com.trimegah.trima,ID,id,5,1.0,100.0,Positive,Apresiasi Umum & Kepuasan,2017-03-13 20:55:09,2017,Bagus banget!,Bagus banget!,True,13,2,1.1.5,0,Ya,"Terima kasih telah menginstall Aplikasi Trima, untuk kritik dan saran dapat Anda sampaikan ke customer service kami di +62 21 2924 9000.",2017-03-14 11:15:07,Sampel ulasan publik Play Store
8436e53f-7bd7-413b-975d-588f504a6ef6,2026-09-25 23:20:20,https://play.google.com/store/apps/details?id=com.trimegah.trima,ID,id,5,1.0,100.0,Positive,Apresiasi Umum & Kepuasan,2017-03-13 20:51:26,2017,"Ini baru yg namanya aplikasi ,good 👍","Ini baru yg namanya aplikasi ,good 👍",True,36,7,1.1.5,0,Ya,"Terima kasih telah menginstall Aplikasi Trima, untuk kritik dan saran dapat Anda sampaikan ke customer service kami di +62 21 2924 9000.",2017-03-14 11:15:02,Sampel ulasan publik Play Store
9faece73-5c91-404d-aa63-0fae88cdb372,2026-09-25 23:20:20,https://play.google.com/store/apps/details?id=com.trimegah.trima,ID,id,5,1.0,100.0,Positive,Apresiasi Umum & Kepuasan,2017-03-13 20:51:19,2017,Sangat bagus aplikasinya,Sangat bagus aplikasinya,True,24,3,1.1.5,0,Ya,"Terima kasih telah menginstall Aplikasi Trima, untuk kritik dan saran dapat Anda sampaikan ke customer service kami di +62 21 2924 9000.",2017-03-14 11:14:53,Sampel ulasan publik Play Store
b4141f73-56c9-4289-8436-0b9d65529c4d,2026-09-25 23:20:20,https://play.google.com/store/apps/details?id=com.trimegah.trima,ID,id,5,1.0,100.0,Positive,Apresiasi Umum & Kepuasan,2017-03-13 20:49:56,2017,Aplikasi ini sangat bagus untuk melakukan investasi di era digital seperti saat ini.,Aplikasi ini sangat bagus untuk melakukan investasi di era digital seperti saat ini.,True,84,13,1.1.5,0,Ya,"Terima kasih telah menginstall Aplikasi Trima, untuk kritik dan saran dapat Anda sampaikan ke customer service kami di +62 21 2924 9000.",2017-03-14 11:14:46,Sampel ulasan publik Play Store
76ec1a3a-039b-40c1-9fca-4ebb97c478a3,2026-09-25 23:20:20,https://play.google.com/store/apps/details?id=com.trimegah.trima,ID,id,5,1.0,100.0,Positive,Apresiasi Umum & Kepuasan,2017-03-13 20:36:20,2017,Keren aplikasinya,Keren aplikasinya,True,17,2,1.1.5,0,Ya,"Terima kasih telah menginstall Aplikasi Trima, untuk kritik dan saran dapat Anda sampaikan ke customer service kami di +62 21 2924 9000.",2017-03-14 11:14:39,Sampel ulasan publik Play Store
a998d807-d095-4fd7-a1d3-16dcd12be0fa,2026-09-25 23:20:20,https://play.google.com/store/apps/details?id=com.trimegah.trima,ID,id,5,1.0,100.0,Positive,Apresiasi Umum & Kepuasan,2017-03-13 20:12:02,2017,Good apk ..,Good apk ..,True,11,3,Tidak Tercatat,0,Ya,"Terima kasih telah menginstall Aplikasi Trima, untuk kritik dan saran dapat Anda sampaikan ke customer service kami di +62 21 2924 9000.",2017-03-14 11:14:28,Sampel ulasan publik Play Store
6c95a7c2-c1bc-4878-80c9-a888dbd12b42,2026-09-25 23:20:20,https://play.google.com/store/apps/details?id=com.trimegah.trima,ID,id,5,1.0,100.0,Positive,Apresiasi Umum & Kepuasan,2017-03-13 20:07:33,2017,Aplikasi yang recomended bgt nih,Aplikasi yang recomended bgt nih,True,32,5,1.1.5,1,Ya,"Terima kasih telah menginstall Aplikasi Trima, untuk kritik dan saran dapat Anda sampaikan ke customer service kami di +62 21 2924 9000.",2017-03-14 11:14:23,Sampel ulasan publik Play Store
cefb792c-4a60-4803-b84b-e88a9181009e,2026-09-25 23:20:20,https://play.google.com/store/apps/details?id=com.trimegah.trima,ID,id,5,1.0,100.0,Positive,Apresiasi Umum & Kepuasan,2017-03-13 19:46:39,2017,Good job,Good job,True,8,2,Tidak Tercatat,0,Ya,"Terima kasih telah menginstall Aplikasi Trima, untuk kritik dan saran dapat Anda sampaikan ke customer service kami di +62 21 2924 9000.",2017-03-14 11:14:06,Sampel ulasan publik Play Store
ea19f642-28e2-4630-9003-3aaec28d2e7d,2026-09-25 23:20:20,https://play.google.com/store/apps/details?id=com.trimegah.trima,ID,id,5,1.0,100.0,Positive,Apresiasi Umum & Kepuasan,2017-03-13 19:29:32,2017,"Teknologi yang membuat segalanya menjadi lebih mudah dan cepat,  Aplikasi yang sangat bagus untuk investasi kedepannya..  Semoga bisa berkembang terus  Dan saya beri bintang 5.  Good 👌👌👌👌","Teknologi yang membuat segalanya menjadi lebih mudah dan cepat, Aplikasi yang sangat bagus untuk investasi kedepannya.. Semoga bisa berkembang terus Dan saya beri bintang 5. Good 👌👌👌👌",True,183,27,1.1.5,10,Ya,"Terima kasih telah menginstall Aplikasi Trima, untuk kritik dan saran dapat Anda sampaikan ke customer service kami di +62 21 2924 9000.",2017-03-14 11:14:01,Sampel ulasan publik Play Store
ab26d8b1-cb17-40cc-8fb7-4e4f337813bf,2026-09-25 23:20:20,https://play.google.com/store/apps/details?id=com.trimegah.trima,ID,id,5,1.0,100.0,Positive,Apresiasi Umum & Kepuasan,2017-03-13 16:03:58,2017,Keren aplikasi modern,Keren aplikasi modern,True,21,3,Tidak Tercatat,0,Ya,"Terima kasih telah menginstall Aplikasi Trima, untuk kritik dan saran dapat anda sampaikan ke customer service kami di +62 21 2924 9000.",2017-03-13 17:38:22,Sampel ulasan publik Play Store
6e13ae04-7392-4e89-9520-19ab85769fe6,2026-09-25 23:20:20,https://play.google.com/store/apps/details?id=com.trimegah.trima,ID,id,5,1.0,100.0,Positive,Apresiasi Umum & Kepuasan,2017-03-13 15:25:19,2017,Bagus banget,Bagus banget,True,12,2,Tidak Tercatat,1,Ya,"Terima kasih telah menginstall Aplikasi Trima, untuk kritik dan saran dapat anda sampaikan ke customer service kami di +62 21 2924 9000.",2017-03-13 17:38:26,Sampel ulasan publik Play Store
16374465-119e-4a8a-8d29-addb1651a040,2026-09-25 23:20:20,https://play.google.com/store/apps/details?id=com.trimegah.trima,ID,id,5,1.0,100.0,Positive,Apresiasi Umum & Kepuasan,2017-03-13 15:19:38,2017,ancuriok,ancuriok,True,8,1,Tidak Tercatat,1,Ya,"Terima kasih telah menginstall Aplikasi Trima, jika terdapat kendala dalam menggunakan aplikasi Trima mohon sampaikan ke customer service kami di +62 21 2924 9000. Terima kasih.",2017-03-13 17:47:17,Sampel ulasan publik Play Store
6452fc81-e542-4722-9b2d-1d048d7df945,2026-09-25 23:20:20,https://play.google.com/store/apps/details?id=com.trimegah.trima,ID,id,5,1.0,100.0,Positive,Apresiasi Umum & Kepuasan,2017-03-13 14:48:35,2017,Good apk,Good apk,True,8,2,Tidak Tercatat,0,Ya,"Terima kasih telah menginstall Aplikasi Trima, untuk kritik dan saran dapat anda sampaikan ke customer service kami di +62 21 2924 9000.",2017-03-13 17:38:54,Sampel ulasan publik Play Store
d185f65e-c55e-429a-b718-cea2e834813f,2026-09-25 23:20:20,https://play.google.com/store/apps/details?id=com.trimegah.trima,ID,id,5,1.0,100.0,Positive,Apresiasi Umum & Kepuasan,2017-03-13 14:48:11,2017,aplikasi yang bagus untuk pemula yang mau memulau belajar investasi,aplikasi yang bagus untuk pemula yang mau memulau belajar investasi,True,67,10,1.1.5,3,Ya,"Terima kasih telah menginstall Aplikasi Trima, untuk kritik dan saran dapat Anda sampaikan ke customer service kami di +62 21 2924 9000.",2017-03-13 17:39:05,Sampel ulasan publik Play Store
29094c18-5b2d-438f-9354-7ac1d9ee584c,2026-09-25 23:20:20,https://play.google.com/store/apps/details?id=com.trimegah.trima,ID,id,5,1.0,100.0,Positive,Apresiasi Umum & Kepuasan,2017-03-13 14:45:27,2017,Aplikasi bagus,Aplikasi bagus,True,14,2,1.1.5,0,Ya,"Terima kasih telah menginstall Aplikasi Trima, untuk kritik dan saran dapat Anda sampaikan ke customer service kami di +62 21 2924 9000.",2017-03-13 17:39:11,Sampel ulasan publik Play Store
b4e91991-0cd0-4d5d-a320-a9a09a140e1d,2026-09-25 23:20:20,https://play.google.com/store/apps/details?id=com.trimegah.trima,ID,id,5,1.0,100.0,Positive,Apresiasi Umum & Kepuasan,2017-03-13 14:32:54,2017,Mudah2an betulan nih...,Mudah2an betulan nih...,True,23,3,Tidak Tercatat,0,Ya,"Terima kasih telah menginstall Aplikasi Trima, untuk kritik dan saran dapat Anda sampaikan ke customer service kami di +62 21 2924 9000.",2017-03-13 17:39:24,Sampel ulasan publik Play Store
c8d4c0be-3579-4b8c-870b-8dd1d3592ea5,2026-09-25 23:20:20,https://play.google.com/store/apps/details?id=com.trimegah.trima,ID,id,5,1.0,100.0,Positive,Apresiasi Umum & Kepuasan,2017-03-13 14:32:36,2017,Good review,Good review,True,11,2,1.1.5,0,Ya,"Terima kasih telah menginstall Aplikasi Trima, untuk kritik dan saran dapat Anda sampaikan ke customer service kami di +62 21 2924 9000.",2017-03-13 17:39:29,Sampel ulasan publik Play Store
88e8edbd-f949-4875-a0a2-cf09acf5d4b9,2026-09-25 23:20:20,https://play.google.com/store/apps/details?id=com.trimegah.trima,ID,id,5,1.0,100.0,Positive,Apresiasi Umum & Kepuasan,2017-03-13 14:07:28,2017,Keren banget good aplikasi,Keren banget good aplikasi,True,26,4,Tidak Tercatat,0,Ya,"Terima kasih telah menginstall Aplikasi Trima, untuk kritik dan saran dapat Anda sampaikan ke customer service kami di +62 21 2924 9000.",2017-03-13 17:39:36,Sampel ulasan publik Play Store
25791824-2b27-498d-bd34-a03c21c10b63,2026-09-25 23:20:20,https://play.google.com/store/apps/details?id=com.trimegah.trima,ID,id,5,1.0,100.0,Positive,Apresiasi Umum & Kepuasan,2017-03-13 12:05:43,2017,Good,Good,True,4,1,1.1.5,0,Ya,"Terima kasih telah menginstall Aplikasi Trima, untuk kritik dan saran dapat anda sampaikan ke customer service kami di +62 21 2924 9000.",2017-03-13 12:19:51,Sampel ulasan publik Play Store
57110df5-c8c4-4200-974e-0c3cee74756b,2026-09-25 23:20:20,https://play.google.com/store/apps/details?id=com.trimegah.trima,ID,id,5,1.0,100.0,Positive,Apresiasi Umum & Kepuasan,2017-03-13 10:47:15,2017,Sangat bagus,Sangat bagus,True,12,2,Tidak Tercatat,0,Ya,"Terima kasih telah menginstall Aplikasi Trima, untuk kritik dan saran dapat anda sampaikan ke customer service kami di +62 21 2924 9000.",2017-03-13 12:22:35,Sampel ulasan publik Play Store
6e2e7a8e-da0f-43cc-af81-18f15e3a4fee,2026-09-25 23:20:20,https://play.google.com/store/apps/details?id=com.trimegah.trima,ID,id,5,1.0,100.0,Positive,Apresiasi Umum & Kepuasan,2017-03-13 10:28:19,2017,Good Review,Good Review,True,11,2,Tidak Tercatat,0,Ya,"Terima kasih telah menginstall Aplikasi Trima, untuk kritik dan saran dapat anda sampaikan ke customer service kami di +62 21 2924 9000.",2017-03-13 12:23:36,Sampel ulasan publik Play Store
ecc5f5ab-ee3e-4eda-b914-b5fe818b1b17,2026-09-25 23:20:20,https://play.google.com/store/apps/details?id=com.trimegah.trima,ID,id,5,1.0,100.0,Positive,Apresiasi Umum & Kepuasan,2017-03-13 10:23:10,2017,Good Review,Good Review,True,11,2,1.1.5,0,Ya,"Terima kasih telah menginstall Aplikasi Trima, untuk kritik dan saran dapat Anda sampaikan ke customer service kami di +62 21 2924 9000.",2017-03-13 12:25:22,Sampel ulasan publik Play Store
cec1fb07-c560-4ada-9220-19e86a3c9efa,2026-09-25 23:20:20,https://play.google.com/store/apps/details?id=com.trimegah.trima,ID,id,5,1.0,100.0,Positive,Apresiasi Umum & Kepuasan,2017-03-13 08:05:32,2017,Good aplication👍,Good aplication👍,True,16,2,1.1.5,0,Ya,"Terima kasih telah menginstall Aplikasi Trima, untuk kritik dan saran dapat Anda sampaikan ke customer service kami di +62 21 2924 9000.",2017-03-13 12:25:40,Sampel ulasan publik Play Store
8ececce6-4af6-4ca2-8dc4-3283650a31cc,2026-09-25 23:20:20,https://play.google.com/store/apps/details?id=com.trimegah.trima,ID,id,5,1.0,100.0,Positive,Apresiasi Umum & Kepuasan,2017-03-12 21:12:46,2017,Help...Friends ??? 😉,Help...Friends ??? 😉,True,20,3,Tidak Tercatat,0,Ya,Jika terdapat kendala dalam menggunakan aplikasi Trima mohon sampaikan ke customer service kami di +62 21 2924 9000. Terima kasih.,2017-03-13 17:47:38,Sampel ulasan publik Play Store
44d0888a-739b-4c75-979e-251d17720f9f,2026-09-25 23:20:20,https://play.google.com/store/apps/details?id=com.trimegah.trima,ID,id,1,0.0,0.0,Negative,Registrasi & Onboarding (KYC),2017-03-12 19:15:01,2017,Kok ngak bisa didaftar padahal data sdh lengkap,Kok ngak bisa didaftar padahal data sdh lengkap,True,47,8,1.1.5,0,Ya,"Dear Nasabah, Terimakasih telah mencoba aplikasi TRIMA. Untuk kendala tersebut, apakah dapat menagabari lebih lanjut mengenai permasalahan yang dihadapi? Kami siap membantu permasalahan Anda, mohon kabari nomor kontak via CallCenter@trimegah.com untuk kami hubungi. Terima kasih",2017-03-15 17:04:22,Sampel ulasan publik Play Store
2220e7c0-c7cd-4ef5-8cf0-5879072d9b03,2026-09-25 23:20:20,https://play.google.com/store/apps/details?id=com.trimegah.trima,ID,id,4,0.75,75.0,Positive,Apresiasi Umum & Kepuasan,2017-03-12 17:43:18,2017,Ok gue kasih ni langsung,Ok gue kasih ni langsung,True,24,5,1.1.5,0,Ya,"Terima kasih telah menginstall Aplikasi Trima, untuk kritik dan saran dapat Anda sampaikan ke customer service kami di +62 21 2924 9000.",2017-03-13 17:39:56,Sampel ulasan publik Play Store
5290b9a4-f11a-4101-b12e-d76760a6db58,2026-09-25 23:20:20,https://play.google.com/store/apps/details?id=com.trimegah.trima,ID,id,5,1.0,100.0,Positive,Apresiasi Umum & Kepuasan,2017-03-12 13:26:47,2017,SETIA HINGGA Akhir,SETIA HINGGA Akhir,True,18,3,1.1.5,0,Ya,"Terima kasih telah menginstall Aplikasi Trima, untuk kritik dan saran dapat Anda sampaikan ke customer service kami di +62 21 2924 9000.",2017-03-13 17:40:02,Sampel ulasan publik Play Store
0ae9fcf4-faf7-4529-8435-e3ae332698de,2026-09-25 23:20:20,https://play.google.com/store/apps/details?id=com.trimegah.trima,ID,id,5,1.0,100.0,Positive,Apresiasi Umum & Kepuasan,2017-03-12 08:54:49,2017,Smg berkah,Smg berkah,True,10,2,Tidak Tercatat,0,Ya,"Terima kasih telah menginstall Aplikasi Trima, untuk kritik dan saran dapat Anda sampaikan ke customer service kami di +62 21 2924 9000.",2017-03-13 17:40:09,Sampel ulasan publik Play Store
a4a9d0eb-9e2c-4df8-8eab-c90adb20f466,2026-09-25 23:20:20,https://play.google.com/store/apps/details?id=com.trimegah.trima,ID,id,1,0.0,0.0,Negative,Transaksi & Portofolio Saham,2017-03-11 19:30:44,2017,"Ajaib ni APP baruku buka muncul ket ""This device is rooted"" trus langsung FC padahal semenjak beli perangkat ga pernah saya root.","Ajaib ni APP baruku buka muncul ket ""This device is rooted"" trus langsung FC padahal semenjak beli perangkat ga pernah saya root.",True,129,22,1.1.5,29,Ya,Jika mendapati kendala dalam menggunakan aplikasi Trima mohon sampaikan ke customer service kami di +62 21 2924 9000. Terima kasih.,2017-03-13 17:48:24,Sampel ulasan publik Play Store
174b2f0b-9787-4bdc-9c1f-35837f5f4b7f,2026-09-25 23:20:20,https://play.google.com/store/apps/details?id=com.trimegah.trima,ID,id,5,1.0,100.0,Positive,Apresiasi Umum & Kepuasan,2017-03-11 16:58:53,2017,Nice... 👍,Nice... 👍,True,9,2,1.1.5,0,Ya,"Terima kasih telah menginstall Aplikasi Trima, untuk kritik dan saran dapat Anda sampaikan ke customer service kami di +62 21 2924 9000.",2017-03-13 12:33:10,Sampel ulasan publik Play Store
fcd7ab6f-f6c0-422e-b37e-d9400f7b52a3,2026-09-25 23:20:20,https://play.google.com/store/apps/details?id=com.trimegah.trima,ID,id,1,0.0,0.0,Negative,UI/UX & Performa (Loading/Navigasi),2017-03-11 15:18:29,2017,Daftarnya ribet,Daftarnya ribet,True,15,2,1.1.5,0,Ya,Jika mendapati kendala dalam menggunakan aplikasi Trima mohon sampaikan ke customer service kami di +62 21 2924 9000. Terima kasih.,2017-03-13 17:48:31,Sampel ulasan publik Play Store
39ad5728-0818-4f87-8ca5-0d6b8c63b4e2,2026-09-25 23:20:20,https://play.google.com/store/apps/details?id=com.trimegah.trima,ID,id,5,1.0,100.0,Positive,Customer Service & Layanan,2017-03-11 14:13:19,2017,Untuk aplikasi yg lebih lawas lebih mudah berinventasi dgn aplikasi ini,Untuk aplikasi yg lebih lawas lebih mudah berinventasi dgn aplikasi ini,True,71,11,1.1.5,3,Ya,"Terima kasih telah menginstall Aplikasi Trima, untuk kritik dan saran dapat Anda sampaikan ke customer service kami di +62 21 2924 9000.",2017-03-13 17:40:27,Sampel ulasan publik Play Store
061a7121-f0f7-4972-99b6-729e34c3f3e1,2026-09-25 23:20:20,https://play.google.com/store/apps/details?id=com.trimegah.trima,ID,id,5,1.0,100.0,Positive,Apresiasi Umum & Kepuasan,2017-03-11 12:08:01,2017,Top,Top,True,3,1,Tidak Tercatat,0,Ya,"Terima kasih telah menginstall Aplikasi Trima, untuk kritik dan saran dapat Anda sampaikan ke customer service kami di +62 21 2924 9000.",2017-03-13 12:33:37,Sampel ulasan publik Play Store
0f2040e2-1ffa-46f0-a6e6-d24a5f65367c,2026-09-25 23:20:20,https://play.google.com/store/apps/details?id=com.trimegah.trima,ID,id,3,0.5,50.0,Neutral,Netral / Saran Umum,2017-03-11 08:00:15,2017,Sayang penjelasannya ga bisa bhs indonesia.,Sayang penjelasannya ga bisa bhs indonesia.,True,43,6,1.1.5,1,Ya,"Terimakasih atas input Anda, Untuk tutorial dalam bahasa Indonesia dapat diakses via https://trima.trimegah.com/kenali-trima/ Terimakasih",2017-03-15 17:05:04,Sampel ulasan publik Play Store
c10277d3-5a11-4159-bcb8-8eb9392c31f9,2026-09-25 23:20:20,https://play.google.com/store/apps/details?id=com.trimegah.trima,ID,id,3,0.5,50.0,Neutral,Login & Autentikasi,2017-03-11 00:17:01,2017,kok nggak ada email masuk ya padahal udah sigup,kok nggak ada email masuk ya padahal udah sigup,True,47,9,1.1.5,0,Ya,"Dear Nasabah, Terimakasih atas input Anda. Setelah sign up, user name dan password akan dikirimkan pada email Anda. Jika email tidak didapatkan, dapat menghubungi customer service kami di CallCenter@trimegah.com. Terima kasih.",2017-03-15 17:08:10,Sampel ulasan publik Play Store
a9c2563d-41bc-4b72-9b6c-a4f332d4fc6b,2026-09-25 23:20:20,https://play.google.com/store/apps/details?id=com.trimegah.trima,ID,id,5,1.0,100.0,Positive,Apresiasi Umum & Kepuasan,2017-03-10 20:12:27,2017,Teknologi membuat segalanya jadi mudah dan cepat,Teknologi membuat segalanya jadi mudah dan cepat,True,48,7,1.1.5,2,Ya,"Terima kasih telah menginstall Aplikasi Trima, untuk kritik dan saran dapat Anda sampaikan ke customer service kami di +62 21 2924 9000.",2017-03-13 17:40:42,Sampel ulasan publik Play Store
2fe49a54-c6d5-48f4-835f-5c2f886937f4,2026-09-25 23:20:20,https://play.google.com/store/apps/details?id=com.trimegah.trima,ID,id,5,1.0,100.0,Positive,Apresiasi Umum & Kepuasan,2017-03-10 19:28:36,2017,Terima kasik,Terima kasik,True,12,2,1.1.5,2,Ya,"Terima kasih telah menginstall Aplikasi Trima, untuk kritik dan saran dapat Anda sampaikan ke customer service kami di +62 21 2924 9000.",2017-03-13 17:40:47,Sampel ulasan publik Play Store
b9e69516-9af3-4848-8db9-952a052c3b17,2026-09-25 23:20:20,https://play.google.com/store/apps/details?id=com.trimegah.trima,ID,id,1,0.0,0.0,Negative,Keluhan Umum Aplikasi,2017-03-10 17:54:06,2017,"Apa lah ini,modal 100rbu bsa gk","Apa lah ini,modal 100rbu bsa gk",True,31,6,Tidak Tercatat,0,Ya,Hanya dengan 100 ribu Anda dapat membuka rekening Trimegah :),2017-03-13 17:41:49,Sampel ulasan publik Play Store
41ba78cc-fa24-41f4-9bca-919f43be40f3,2026-09-25 23:20:20,https://play.google.com/store/apps/details?id=com.trimegah.trima,ID,id,5,1.0,100.0,Positive,Apresiasi Umum & Kepuasan,2017-03-10 17:53:17,2017,Sekuritas yg terbaik.ok punya,Sekuritas yg terbaik.ok punya,True,29,4,1.1.5,0,Ya,"Terima kasih telah menginstall Aplikasi Trima, untuk kritik dan saran dapat Anda sampaikan ke customer service kami di +62 21 2924 9000.",2017-03-13 17:41:00,Sampel ulasan publik Play Store
a45af41a-b363-43b0-9928-985783576bb0,2026-09-25 23:20:20,https://play.google.com/store/apps/details?id=com.trimegah.trima,ID,id,5,1.0,100.0,Positive,Apresiasi Umum & Kepuasan,2017-03-10 17:40:17,2017,Good bngt,Good bngt,True,9,2,Tidak Tercatat,0,Ya,"Terima kasih telah menginstall Aplikasi Trima, untuk kritik dan saran dapat Anda sampaikan ke customer service kami di +62 21 2924 9000.",2017-03-13 12:35:20,Sampel ulasan publik Play Store
82eba6b2-7278-48e0-88a1-b9c51604a157,2026-09-25 23:20:20,https://play.google.com/store/apps/details?id=com.trimegah.trima,ID,id,5,1.0,100.0,Positive,Apresiasi Umum & Kepuasan,2017-03-10 16:44:44,2017,D coba dlu app ini...soal nya msh blm faham cara krjnya,D coba dlu app ini...soal nya msh blm faham cara krjnya,True,55,11,Tidak Tercatat,0,Ya,"Terima kasih telah menginstall Aplikasi Trima, untuk kritik dan saran dapat Anda sampaikan ke customer service kami di +62 21 2924 9000.",2017-03-13 17:42:00,Sampel ulasan publik Play Store
8ce5fc61-148f-4b97-a4ab-7ac8fda488c0,2026-09-25 23:20:20,https://play.google.com/store/apps/details?id=com.trimegah.trima,ID,id,5,1.0,100.0,Positive,Apresiasi Umum & Kepuasan,2017-03-10 16:19:28,2017,"Aplikasinya bagus, semoga bisa berkembang terusss.","Aplikasinya bagus, semoga bisa berkembang terusss.",True,50,6,1.1.5,0,Ya,"Terima kasih telah menginstall Aplikasi Trima, untuk kritik dan saran dapat Anda sampaikan ke customer service kami di +62 21 2924 9000.",2017-03-13 17:42:06,Sampel ulasan publik Play Store
ddcfcc60-b248-4564-8d1a-f7db43666f13,2026-09-25 23:20:20,https://play.google.com/store/apps/details?id=com.trimegah.trima,ID,id,5,1.0,100.0,Positive,Apresiasi Umum & Kepuasan,2017-03-10 16:17:22,2017,Sangat bagus,Sangat bagus,True,12,2,1.1.5,2,Ya,"Terima kasih telah menginstall Aplikasi Trima, untuk kritik dan saran dapat Anda sampaikan ke customer service kami di +62 21 2924 9000.",2017-03-13 12:35:43,Sampel ulasan publik Play Store
7c6969a3-9ce2-4693-a24a-7518f6b2dfcd,2026-09-25 23:20:20,https://play.google.com/store/apps/details?id=com.trimegah.trima,ID,id,5,1.0,100.0,Positive,UI/UX & Performa (Loading/Navigasi),2017-03-10 16:07:34,2017,Inventasi di sini gampang dan mudah tidak ribet,Inventasi di sini gampang dan mudah tidak ribet,True,47,8,1.1.5,1,Ya,"Terima kasih telah menginstall Aplikasi Trima, untuk kritik dan saran dapat Anda sampaikan ke customer service kami di +62 21 2924 9000.",2017-03-13 17:42:12,Sampel ulasan publik Play Store
5d34e8ff-91f4-4815-9ea7-43834ae05c9e,2026-09-25 23:20:20,https://play.google.com/store/apps/details?id=com.trimegah.trima,ID,id,5,1.0,100.0,Positive,Apresiasi Umum & Kepuasan,2017-03-10 15:33:59,2017,Wow aplikasinya Bagus skali,Wow aplikasinya Bagus skali,True,27,4,Tidak Tercatat,1,Ya,"Terima kasih telah menginstall Aplikasi Trima, untuk kritik dan saran dapat Anda sampaikan ke customer service kami di +62 21 2924 9000.",2017-03-13 12:36:01,Sampel ulasan publik Play Store
084860ae-cf80-4102-a2a7-9309d71e68c8,2026-09-25 23:20:20,https://play.google.com/store/apps/details?id=com.trimegah.trima,ID,id,5,1.0,100.0,Positive,Apresiasi Umum & Kepuasan,2017-03-10 15:22:49,2017,Keren bingits ni aplikasi,Keren bingits ni aplikasi,True,25,4,Tidak Tercatat,0,Ya,"Terima kasih telah menginstall Aplikasi Trima, untuk kritik dan saran dapat Anda sampaikan ke customer service kami di +62 21 2924 9000.",2017-03-13 12:36:06,Sampel ulasan publik Play Store
51430ce3-61a8-4942-b538-1ba7047ae641,2026-09-25 23:20:20,https://play.google.com/store/apps/details?id=com.trimegah.trima,ID,id,5,1.0,100.0,Positive,Apresiasi Umum & Kepuasan,2017-03-10 14:54:25,2017,Keren banget,Keren banget,True,12,2,Tidak Tercatat,0,Ya,"Terima kasih telah menginstall Aplikasi Trima, untuk kritik dan saran dapat Anda sampaikan ke customer service kami di +62 21 2924 9000.",2017-03-13 12:36:20,Sampel ulasan publik Play Store
7c144b5d-2076-442c-aa22-a6c45fd1bded,2026-09-25 23:20:20,https://play.google.com/store/apps/details?id=com.trimegah.trima,ID,id,5,1.0,100.0,Positive,Apresiasi Umum & Kepuasan,2017-03-10 14:53:09,2017,Trima for mobile adalah aplikasi investasi teranyar saat ini dibandingkan dengan aplikasi investasi lainnya.. saya sudah mencobanya dan hasilnya sangat memuaskan... Top deh pokoknya,Trima for mobile adalah aplikasi investasi teranyar saat ini dibandingkan dengan aplikasi investasi lainnya.. saya sudah mencobanya dan hasilnya sangat memuaskan... Top deh pokoknya,True,181,24,1.1.5,5,Ya,"Terima kasih telah menginstall Aplikasi Trima, untuk kritik dan saran dapat Anda sampaikan ke customer service kami di +62 21 2924 9000.",2017-03-13 12:36:45,Sampel ulasan publik Play Store
4f6070c2-6efc-4e5f-b5e5-210107487240,2026-09-25 23:20:20,https://play.google.com/store/apps/details?id=com.trimegah.trima,ID,id,5,1.0,100.0,Positive,Apresiasi Umum & Kepuasan,2017-03-10 14:47:59,2017,Luar biasa aplikasi yg terbaik,Luar biasa aplikasi yg terbaik,True,30,5,1.1.5,1,Ya,"Terima kasih telah menginstall Aplikasi Trima, untuk kritik dan saran dapat Anda sampaikan ke customer service kami di +62 21 2924 9000.",2017-03-13 17:42:22,Sampel ulasan publik Play Store
96605f93-fe95-445a-baff-228b7680eafd,2026-09-25 23:20:20,https://play.google.com/store/apps/details?id=com.trimegah.trima,ID,id,5,1.0,100.0,Positive,Apresiasi Umum & Kepuasan,2017-03-10 14:44:30,2017,Bagus,Bagus,True,5,1,1.1.5,0,Ya,"Terima kasih telah menginstall Aplikasi Trima, untuk kritik dan saran dapat Anda sampaikan ke customer service kami di +62 21 2924 9000.",2017-03-13 12:36:52,Sampel ulasan publik Play Store
764ebe25-f334-44eb-9410-5f42db5fb888,2026-09-25 23:20:20,https://play.google.com/store/apps/details?id=com.trimegah.trima,ID,id,5,1.0,100.0,Positive,Apresiasi Umum & Kepuasan,2017-03-09 14:22:52,2017,Luar biasa mudah,Luar biasa mudah,True,16,3,1.1.5,1,Ya,"Terima kasih telah menginstall Aplikasi Trima, untuk kritik dan saran dapat Anda sampaikan ke customer service kami di +62 21 2924 9000.",2017-03-13 17:42:40,Sampel ulasan publik Play Store
828b2e64-e262-4b04-b8f5-99ad33090d08,2026-09-25 23:20:20,https://play.google.com/store/apps/details?id=com.trimegah.trima,ID,id,5,1.0,100.0,Positive,Apresiasi Umum & Kepuasan,2017-03-09 14:14:09,2017,Good,Good,True,4,1,1.1.5,0,Ya,"Terima kasih telah menginstall Aplikasi Trima, untuk kritik dan saran dapat Anda sampaikan ke customer service kami di +62 21 2924 9000.",2017-03-13 12:37:11,Sampel ulasan publik Play Store
29e25d7b-3d53-48d2-90e7-48f7cf8b90b7,2026-09-25 23:20:20,https://play.google.com/store/apps/details?id=com.trimegah.trima,ID,id,5,1.0,100.0,Positive,Apresiasi Umum & Kepuasan,2017-03-09 13:45:37,2017,Ulasannya lengkap dan sangant membantu.good apk,Ulasannya lengkap dan sangant membantu.good apk,True,47,6,1.1.5,2,Ya,"Terima kasih telah menginstall Aplikasi Trima, untuk kritik dan saran dapat Anda sampaikan ke customer service kami di +62 21 2924 9000.",2017-03-13 12:37:30,Sampel ulasan publik Play Store
4e42b2f9-6e6e-4701-8dd8-f81f1a5f89f3,2026-09-25 23:20:20,https://play.google.com/store/apps/details?id=com.trimegah.trima,ID,id,5,1.0,100.0,Positive,Apresiasi Umum & Kepuasan,2017-03-09 13:10:10,2017,Nice Apk,Nice Apk,True,8,2,1.1.5,2,Ya,"Terima kasih telah menginstall Aplikasi Trima, untuk kritik dan saran dapat Anda sampaikan ke customer service kami di +62 21 2924 9000.",2017-03-13 12:37:27,Sampel ulasan publik Play Store
a8519a54-10df-450d-8f73-eaccbfc0d4d1,2026-09-25 23:20:20,https://play.google.com/store/apps/details?id=com.trimegah.trima,ID,id,5,1.0,100.0,Positive,Apresiasi Umum & Kepuasan,2017-03-09 13:08:04,2017,"Bagus,","Bagus,",True,6,1,1.1.5,2,Ya,"Terima kasih telah menginstall Aplikasi Trima, untuk kritik dan saran dapat Anda sampaikan ke customer service kami di +62 21 2924 9000.",2017-03-13 12:37:42,Sampel ulasan publik Play Store
682dfdf5-4271-4187-aaf2-90d4d4168687,2026-09-25 23:20:20,https://play.google.com/store/apps/details?id=com.trimegah.trima,ID,id,5,1.0,100.0,Positive,Apresiasi Umum & Kepuasan,2017-03-09 12:06:50,2017,"Good,job","Good,job",True,8,1,Tidak Tercatat,0,Ya,"Terima kasih telah menginstall Aplikasi Trima, untuk kritik dan saran dapat Anda sampaikan ke customer service kami di +62 21 2924 9000.",2017-03-13 12:37:59,Sampel ulasan publik Play Store
220719cc-588e-4fd1-85b2-9cd82a6af0cc,2026-09-25 23:20:20,https://play.google.com/store/apps/details?id=com.trimegah.trima,ID,id,1,0.0,0.0,Negative,Login & Autentikasi,2017-03-09 10:33:00,2017,Gk bisa masuk aplikasih bego,Gk bisa masuk aplikasih bego,True,28,5,1.1.5,3,Ya,"Dear Nasabah, Terimakasih atas input Anda. Setelah sign up, user name dan password akan dikirimkan pada email Anda. Jika email tidak didapatkan, dapatkah menghubungi customer service mengenai nomor kontak Anda via CallCenter@trimegah.com untuk kami bantu? Terima kasih.",2017-03-15 17:09:10,Sampel ulasan publik Play Store
1f1f8b71-8883-4979-b760-8501d6e5c6dc,2026-09-25 23:20:20,https://play.google.com/store/apps/details?id=com.trimegah.trima,ID,id,5,1.0,100.0,Positive,Apresiasi Umum & Kepuasan,2017-03-09 07:40:11,2017,Good .. sangat membantu..,Good .. sangat membantu..,True,25,4,1.1.5,1,Ya,"Terima kasih telah menginstall Aplikasi Trima, untuk kritik dan saran dapat Anda sampaikan ke customer service kami di +62 21 2924 9000.",2017-03-13 12:38:16,Sampel ulasan publik Play Store
b829b277-4399-4698-a464-7b4f3bf52793,2026-09-25 23:20:20,https://play.google.com/store/apps/details?id=com.trimegah.trima,ID,id,5,1.0,100.0,Positive,Apresiasi Umum & Kepuasan,2017-03-09 07:35:15,2017,"sesuatu yg baru, cakep","sesuatu yg baru, cakep",True,22,4,1.1.5,1,Ya,"Terima kasih telah menginstall Aplikasi Trima, untuk kritik dan saran dapat Anda sampaikan ke customer service kami di +62 21 2924 9000.",2017-03-13 17:43:03,Sampel ulasan publik Play Store
1a4452d1-6715-4532-8dfe-b7cb7093d4fc,2026-09-25 23:20:20,https://play.google.com/store/apps/details?id=com.trimegah.trima,ID,id,5,1.0,100.0,Positive,Apresiasi Umum & Kepuasan,2017-03-09 06:33:04,2017,Teknologi memudahkan segalanya good aplikasi,Teknologi memudahkan segalanya good aplikasi,True,44,5,Tidak Tercatat,0,Ya,"Terima kasih telah menginstall Aplikasi Trima, untuk kritik dan saran dapat Anda sampaikan ke customer service kami di +62 21 2924 9000.",2017-03-13 17:43:10,Sampel ulasan publik Play Store
276c2b0d-af4b-4e98-a81e-d0100d0382c2,2026-09-25 23:20:20,https://play.google.com/store/apps/details?id=com.trimegah.trima,ID,id,5,1.0,100.0,Positive,Login & Autentikasi,2017-03-09 00:49:35,2017,"Saat ini, teknologi membuat segalanya menjadi lebih mudah dari sebelumnya termasuk saat ingin memulai investasi. Berkat aplikasi investasi ""trima for mobile"", anda dapat menghasilkan sebagian besar pendapatan dan anda dapat memulainya sesegera mungkin","Saat ini, teknologi membuat segalanya menjadi lebih mudah dari sebelumnya termasuk saat ingin memulai investasi. Berkat aplikasi investasi ""trima for mobile"", anda dapat menghasilkan sebagian besar pendapatan dan anda dapat memulainya sesegera mungkin",True,251,33,1.1.5,69,Ya,"Terima kasih telah menginstall Aplikasi Trima, untuk kritik dan saran dapat Anda sampaikan ke customer service kami di +62 21 2924 9000.",2017-03-13 17:43:19,Sampel ulasan publik Play Store
bce771a2-aae8-4fc2-b3fe-f85e405c639e,2026-09-25 23:20:20,https://play.google.com/store/apps/details?id=com.trimegah.trima,ID,id,5,1.0,100.0,Positive,Apresiasi Umum & Kepuasan,2017-03-08 22:12:53,2017,Luar biasa,Luar biasa,True,10,2,Tidak Tercatat,0,Ya,"Terima kasih telah menginstall Aplikasi Trima, untuk kritik dan saran dapat Anda sampaikan ke customer service kami di +62 21 2924 9000.",2017-03-13 12:38:48,Sampel ulasan publik Play Store
11ce2763-3b13-4179-b7d8-af4915e8e5fe,2026-09-25 23:20:20,https://play.google.com/store/apps/details?id=com.trimegah.trima,ID,id,5,1.0,100.0,Positive,Apresiasi Umum & Kepuasan,2017-03-08 21:56:58,2017,Good Review,Good Review,True,11,2,1.1.5,0,Ya,"Terima kasih telah menginstall Aplikasi Trima, untuk kritik dan saran dapat Anda sampaikan ke customer service kami di +62 21 2924 9000.",2017-03-13 12:39:02,Sampel ulasan publik Play Store
4ac07222-1f4d-4515-9e86-692105281926,2026-09-25 23:20:20,https://play.google.com/store/apps/details?id=com.trimegah.trima,ID,id,5,1.0,100.0,Positive,Apresiasi Umum & Kepuasan,2017-03-08 20:48:23,2017,Good apk 😊,Good apk 😊,True,10,3,1.1.5,1,Ya,"Terima kasih telah menginstall Aplikasi Trima, untuk kritik dan saran dapat Anda sampaikan ke customer service kami di +62 21 2924 9000.",2017-03-13 12:39:08,Sampel ulasan publik Play Store
1cb514b7-11be-46da-97bf-a5f16688b27f,2026-09-25 23:20:20,https://play.google.com/store/apps/details?id=com.trimegah.trima,ID,id,5,1.0,100.0,Positive,Apresiasi Umum & Kepuasan,2017-03-08 19:56:15,2017,Terima For Mobile,Terima For Mobile,True,17,3,1.1.5,2,Ya,"Terima kasih telah menginstall Aplikasi Trima, untuk kritik dan saran dapat Anda sampaikan ke customer service kami di +62 21 2924 9000.",2017-03-13 17:43:31,Sampel ulasan publik Play Store
9e436c9e-3695-4d49-9d23-67414fc29e6f,2026-09-25 23:20:20,https://play.google.com/store/apps/details?id=com.trimegah.trima,ID,id,5,1.0,100.0,Positive,Apresiasi Umum & Kepuasan,2017-03-08 19:05:50,2017,Good Review,Good Review,True,11,2,1.1.5,0,Ya,"Terima kasih telah menginstall Aplikasi Trima, untuk kritik dan saran dapat Anda sampaikan ke customer service kami di +62 21 2924 9000.",2017-03-13 12:39:20,Sampel ulasan publik Play Store
1a45bb7c-634a-4c8d-b85a-6f322fa04c72,2026-09-25 23:20:20,https://play.google.com/store/apps/details?id=com.trimegah.trima,ID,id,5,1.0,100.0,Positive,Apresiasi Umum & Kepuasan,2017-03-08 18:31:48,2017,Good Review,Good Review,True,11,2,1.1.5,1,Ya,"Terima kasih telah menginstall Aplikasi Trima, untuk kritik dan saran dapat Anda sampaikan ke customer service kami di +62 21 2924 9000.",2017-03-13 12:39:24,Sampel ulasan publik Play Store
34734d1a-eecb-401a-92f8-6e712f2a32c8,2026-09-25 23:20:20,https://play.google.com/store/apps/details?id=com.trimegah.trima,ID,id,5,1.0,100.0,Positive,Apresiasi Umum & Kepuasan,2017-03-08 17:34:51,2017,Good aplication,Good aplication,True,15,2,1.1.5,1,Ya,"Terima kasih telah menginstall Aplikasi Trima, untuk kritik dan saran dapat Anda sampaikan ke customer service kami di +62 21 2924 9000.",2017-03-13 12:39:30,Sampel ulasan publik Play Store
eba35118-f88f-41de-aa53-c33523ea0dce,2026-09-25 23:20:20,https://play.google.com/store/apps/details?id=com.trimegah.trima,ID,id,5,1.0,100.0,Positive,Apresiasi Umum & Kepuasan,2017-03-08 17:13:28,2017,Good review,Good review,True,11,2,1.1.5,2,Ya,"Terima kasih telah menginstall Aplikasi Trima, untuk kritik dan saran dapat Anda sampaikan ke customer service kami di +62 21 2924 9000.",2017-03-13 12:39:46,Sampel ulasan publik Play Store
9a9557ff-e8d6-41da-9041-ac2ba4704d42,2026-09-25 23:20:20,https://play.google.com/store/apps/details?id=com.trimegah.trima,ID,id,5,1.0,100.0,Positive,Apresiasi Umum & Kepuasan,2017-03-08 17:08:32,2017,Good review,Good review,True,11,2,Tidak Tercatat,0,Ya,"Terima kasih telah menginstall Aplikasi Trima, untuk kritik dan saran dapat Anda sampaikan ke customer service kami di +62 21 2924 9000.",2017-03-13 12:40:07,Sampel ulasan publik Play Store
47644f86-707b-41ad-9645-7a5ff3975316,2026-09-25 23:20:20,https://play.google.com/store/apps/details?id=com.trimegah.trima,ID,id,5,1.0,100.0,Positive,Apresiasi Umum & Kepuasan,2017-03-08 16:58:35,2017,Good Review,Good Review,True,11,2,1.1.5,0,Ya,"Terima kasih telah menginstall Aplikasi Trima, untuk kritik dan saran dapat Anda sampaikan ke customer service kami di +62 21 2924 9000.",2017-03-13 12:40:30,Sampel ulasan publik Play Store
6d23e10c-f83f-4c22-978c-e7b3d94cec14,2026-09-25 23:20:20,https://play.google.com/store/apps/details?id=com.trimegah.trima,ID,id,5,1.0,100.0,Positive,Apresiasi Umum & Kepuasan,2017-03-08 16:35:45,2017,Good aplikasi,Good aplikasi,True,13,2,1.1.5,2,Ya,"Terima kasih telah menginstall Aplikasi Trima, untuk kritik dan saran dapat Anda sampaikan ke customer service kami di +62 21 2924 9000.",2017-03-13 12:40:41,Sampel ulasan publik Play Store
33de53ab-4bd6-4d47-a229-1da8863ce1ba,2026-09-25 23:20:20,https://play.google.com/store/apps/details?id=com.trimegah.trima,ID,id,5,1.0,100.0,Positive,Apresiasi Umum & Kepuasan,2017-03-08 16:28:07,2017,Bagusss,Bagusss,True,7,1,Tidak Tercatat,0,Ya,"Terima kasih telah menginstall Aplikasi Trima, untuk kritik dan saran dapat Anda sampaikan ke customer service kami di +62 21 2924 9000.",2017-03-13 12:40:51,Sampel ulasan publik Play Store
d575cc0b-9460-422b-b2fa-43cd49eb6549,2026-09-25 23:20:20,https://play.google.com/store/apps/details?id=com.trimegah.trima,ID,id,5,1.0,100.0,Positive,Apresiasi Umum & Kepuasan,2017-03-08 16:18:56,2017,Aplikasi yang baik utk infest,Aplikasi yang baik utk infest,True,29,5,Tidak Tercatat,0,Ya,"Terima kasih telah menginstall Aplikasi Trima, untuk kritik dan saran dapat Anda sampaikan ke customer service kami di +62 21 2924 9000.",2017-03-13 12:41:02,Sampel ulasan publik Play Store
62f64fac-5287-476b-8825-e1a8564c40ff,2026-09-25 23:20:20,https://play.google.com/store/apps/details?id=com.trimegah.trima,ID,id,5,1.0,100.0,Positive,Apresiasi Umum & Kepuasan,2017-03-08 16:14:55,2017,Good,Good,True,4,1,1.1.5,0,Ya,"Terima kasih telah menginstall Aplikasi Trima, untuk kritik dan saran dapat Anda sampaikan ke customer service kami di +62 21 2924 9000.",2017-03-13 12:41:05,Sampel ulasan publik Play Store
a3c55544-a342-49cb-90d7-189c266ab968,2026-09-25 23:20:20,https://play.google.com/store/apps/details?id=com.trimegah.trima,ID,id,5,1.0,100.0,Positive,Apresiasi Umum & Kepuasan,2017-03-08 16:10:08,2017,Good apps,Good apps,True,9,2,1.1.5,4,Ya,"Terima kasih telah menginstall Aplikasi Trima, untuk kritik dan saran dapat Anda sampaikan ke customer service kami di +62 21 2924 9000.",2017-03-13 12:41:16,Sampel ulasan publik Play Store
9839cf29-753f-4603-a90e-5aa62d7d803b,2026-09-25 23:20:20,https://play.google.com/store/apps/details?id=com.trimegah.trima,ID,id,5,1.0,100.0,Positive,Apresiasi Umum & Kepuasan,2017-03-08 16:03:15,2017,Sangat membantu sekali,Sangat membantu sekali,True,22,3,Tidak Tercatat,0,Ya,"Terima kasih telah menginstall Aplikasi Trima, untuk kritik dan saran dapat Anda sampaikan ke customer service kami di +62 21 2924 9000.",2017-03-13 12:41:20,Sampel ulasan publik Play Store
2c3ad033-39f8-4d00-83cf-61a71fdbd7d3,2026-09-25 23:20:20,https://play.google.com/store/apps/details?id=com.trimegah.trima,ID,id,5,1.0,100.0,Positive,Apresiasi Umum & Kepuasan,2017-03-08 16:02:41,2017,Good :),Good :),True,7,2,1.1.5,0,Ya,"Terima kasih telah menginstall Aplikasi Trima, untuk kritik dan saran dapat Anda sampaikan ke customer service kami di +62 21 2924 9000.",2017-03-13 12:41:31,Sampel ulasan publik Play Store
b9c4b7cb-1917-423e-840c-70a5761b5180,2026-09-25 23:20:20,https://play.google.com/store/apps/details?id=com.trimegah.trima,ID,id,5,1.0,100.0,Positive,Apresiasi Umum & Kepuasan,2017-03-08 15:50:48,2017,Aplikasi yg sangat bagus buat inventasi di sini,Aplikasi yg sangat bagus buat inventasi di sini,True,47,8,1.1.5,4,Ya,"Terima kasih telah menginstall Aplikasi Trima, untuk kritik dan saran dapat Anda sampaikan ke customer service kami di +62 21 2924 9000.",2017-03-13 12:41:53,Sampel ulasan publik Play Store
db3cde63-e41d-4f5b-94d4-419263354ca6,2026-09-25 23:20:20,https://play.google.com/store/apps/details?id=com.trimegah.trima,ID,id,5,1.0,100.0,Positive,Apresiasi Umum & Kepuasan,2017-03-08 15:45:37,2017,Aplikasi oke... Bagus banget,Aplikasi oke... Bagus banget,True,28,4,1.1.5,1,Ya,"Terima kasih telah menginstall Aplikasi Trima, untuk kritik dan saran dapat Anda sampaikan ke customer service kami di +62 21 2924 9000.",2017-03-13 12:42:10,Sampel ulasan publik Play Store
45decc79-0ae1-4a7a-bdd5-5e9d38c9a78b,2026-09-25 23:20:20,https://play.google.com/store/apps/details?id=com.trimegah.trima,ID,id,2,0.25,25.0,Negative,UI/UX & Performa (Loading/Navigasi),2017-03-08 10:31:27,2017,Susah,Susah,True,5,1,1.1.5,1,Ya,"Dear Pengguna, Terimakasih atas input-nya. Untuk peningkatan pengalaman dan pengembangan lebih lanjut, bolehkah memberikan informasi lebih detail mengenai bagian yang sulit? Input Anda sangat berarti bagi kami :)",2017-03-08 16:00:34,Sampel ulasan publik Play Store
d704d237-144c-4540-8ef9-049cb6cbd1a5,2026-09-25 23:20:20,https://play.google.com/store/apps/details?id=com.trimegah.trima,ID,id,5,1.0,100.0,Positive,Apresiasi Umum & Kepuasan,2017-03-07 13:32:00,2017,Keren,Keren,True,5,1,Tidak Tercatat,0,Ya,"Terima kasih telah menginstall Aplikasi Trima, untuk kritik dan saran dapat Anda sampaikan ke customer service kami di +62 21 2924 9000.",2017-03-13 12:42:29,Sampel ulasan publik Play Store
c1fb795a-32cf-4685-bc89-7de824bdd45f,2026-09-25 23:20:20,https://play.google.com/store/apps/details?id=com.trimegah.trima,ID,id,3,0.5,50.0,Neutral,Netral / Saran Umum,2017-03-07 02:15:41,2017,"Apa sich ini? Lgi iseng2 googling kok di seret kesini, tanpa ada tutorial pula lgi.. :'(","Apa sich ini? Lgi iseng2 googling kok di seret kesini, tanpa ada tutorial pula lgi.. :'(",True,88,16,Tidak Tercatat,0,Ya,"Dear Pak Ali, Terimakasih telah mencoba aplikasi TRIMA. TRIMA adalah aplikasi investasi untuk memudahkan nasabah Trimegah Sekuritas mendapatkan akses mudah dan cepat ke pasar modal. Untuk informasi lebih lanjut dapat dilihat melalui link berikut http://trima.trimegah.com/kenali-trima/",2017-03-08 15:59:02,Sampel ulasan publik Play Store
072f8a9b-d129-4d77-ae59-3cf60d26cb0b,2026-09-25 23:20:20,https://play.google.com/store/apps/details?id=com.trimegah.trima,ID,id,3,0.5,50.0,Neutral,Netral / Saran Umum,2017-03-06 22:55:05,2017,Coba dulu untuk bisa,Coba dulu untuk bisa,True,20,4,1.1.5,4,Ya,"Dear Pak Cahyo, Terimakasih telah mencoba aplikasi TRIMA. Kami harap anda menikmati fasilitas TRIMA. Untuk informasi lebih lanjut, dapat dilihat pada link http://trima.trimegah.com/kenali-trima/ . Dan jika ada input lebih lanjut dapat dikirimkan via CallCenter@trimegah.com",2017-03-08 15:57:52,Sampel ulasan publik Play Store
628656a8-e46e-459b-b798-c94acd2677d3,2026-09-25 23:20:20,https://play.google.com/store/apps/details?id=com.trimegah.trima,ID,id,3,0.5,50.0,Neutral,Netral / Saran Umum,2017-03-06 22:20:15,2017,Cb dulu,Cb dulu,True,7,2,Tidak Tercatat,0,Ya,"Dear pengguna, Terimakasih telah mencoba aplikasi TRIMA. Kami harap anda menikmati fasilitas TRIMA. Untuk informasi lebih lanjut, dapat dilihat pada link http://trima.trimegah.com/kenali-trima/ . Dan jika ada input lebih lanjut dapat dikirimkan via CallCenter@trimegah.com",2017-03-08 15:57:43,Sampel ulasan publik Play Store
0751f1d3-dc60-491d-bb59-d4717ac6f46c,2026-09-25 23:20:20,https://play.google.com/store/apps/details?id=com.trimegah.trima,ID,id,4,0.75,75.0,Positive,Transaksi & Portofolio Saham,2017-03-06 00:43:50,2017,"Coba dulu kasih bintang 4 sisa nya bintang 7 no 16,....  Yg mau saya tanyakan ini di bidang apa, maklum pae aku nih wong deso, he,he,.... Itu aj trim,s","Coba dulu kasih bintang 4 sisa nya bintang 7 no 16,.... Yg mau saya tanyakan ini di bidang apa, maklum pae aku nih wong deso, he,he,.... Itu aj trim,s",True,150,29,1.1.5,51,Ya,"Hi Pak Abdul, Terimakasih atas input-nya. Trima adalah aplikasi investasi untuk memudahkan nasabah Trimegah Sekuritas mendapatkan akses mudah dan cepat ke pasar modal. Untuk informasi lebih lanjut dapat melihat melalui link berikut http://trima.trimegah.com/kenali-trima/",2017-03-08 15:54:46,Sampel ulasan publik Play Store
9dd97576-30ea-43b7-85f8-1fcfb98d0314,2026-09-25 23:20:20,https://play.google.com/store/apps/details?id=com.trimegah.trima,ID,id,5,1.0,100.0,Positive,Customer Service & Layanan,2017-03-05 17:17:14,2017,Mudah2an awal yg bagus buat faskes Indonesia,Mudah2an awal yg bagus buat faskes Indonesia,True,44,7,Tidak Tercatat,2,Ya,"Terima kasih telah menginstall Aplikasi Trima, untuk kritik dan saran dapat Anda sampaikan ke customer service kami di +62 21 2924 9000.",2017-03-13 17:44:42,Sampel ulasan publik Play Store
2a451a74-ff46-420a-8923-8d2afaddf982,2026-09-25 23:20:20,https://play.google.com/store/apps/details?id=com.trimegah.trima,ID,id,5,1.0,100.0,Positive,Apresiasi Umum & Kepuasan,2017-03-04 07:24:09,2017,Saya bersyukur dengan adanya aplikasi ini semua kami dapatkan yang bisa kami pelajari  dengan baik,Saya bersyukur dengan adanya aplikasi ini semua kami dapatkan yang bisa kami pelajari dengan baik,True,97,15,1.1.5,21,Ya,"Terima kasih telah menginstall Aplikasi Trima, untuk kritik dan saran dapat Anda sampaikan ke customer service kami di +62 21 2924 9000.",2017-03-13 17:44:48,Sampel ulasan publik Play Store
6e15c004-ba55-4165-a643-35db357805c9,2026-09-25 23:20:20,https://play.google.com/store/apps/details?id=com.trimegah.trima,ID,id,5,1.0,100.0,Positive,Apresiasi Umum & Kepuasan,2017-03-03 15:08:01,2017,oke ajah dehh,oke ajah dehh,True,13,3,Tidak Tercatat,3,Ya,"Terima kasih telah menginstall Aplikasi Trima, untuk kritik dan saran dapat Anda sampaikan ke customer service kami di +62 21 2924 9000.",2017-03-13 12:43:07,Sampel ulasan publik Play Store
88c443ff-b18e-4c28-be68-7292c5dae8f9,2026-09-25 23:20:20,https://play.google.com/store/apps/details?id=com.trimegah.trima,ID,id,1,0.0,0.0,Negative,Login & Autentikasi,2017-03-03 15:04:57,2017,Parah.. Gak bisa masuk..,Parah.. Gak bisa masuk..,True,24,4,1.1.4,11,Ya,"Dear Fitrah, Terimakasih atas inputnya. Untuk mulai menggunakan, dapat dengan melakukan tombol sign up dan Anda akan mendapat akses akun virtual trading via email Anda. Selain itu, dapat juga dengan melakukan registrasi via https://trima.trimegah.id/register/ Untuk panduan lebih lanjut, dapat menghubungi Contact Center pada 021-29249000",2017-03-03 18:52:38,Sampel ulasan publik Play Store
0aae7c9c-8fcc-41c8-809d-bafa0f46bcd0,2026-09-25 23:20:20,https://play.google.com/store/apps/details?id=com.trimegah.trima,ID,id,1,0.0,0.0,Negative,Transaksi & Portofolio Saham,2017-03-02 10:59:42,2017,"Kontol-lah, baru bikin akun demo aja susah bikin paswordnya","Kontol-lah, baru bikin akun demo aja susah bikin paswordnya",True,59,9,Tidak Tercatat,0,Ya,"Dear Estri, Terimakasih atas inputnya. Mohon maaf atas ketidak nyamanan-nya. Ketentuan password tersebut dirancang untuk menjaga keamanan data nasabah. Kami percaya dengan keamanan yang terjaga, nasabah dapat bertransaksi dengan nyaman. Jika membutuhkan panduan lebih lanjut, dapat menghubungi Contact Center pada surel CallCenter@trimegah.com",2017-03-03 18:51:04,Sampel ulasan publik Play Store
e3731540-52d8-4ab0-9142-677f15d39534,2026-09-25 23:20:20,https://play.google.com/store/apps/details?id=com.trimegah.trima,ID,id,5,1.0,100.0,Positive,Login & Autentikasi,2017-03-01 13:27:57,2017,Thanks for helping my investment,Thanks for helping my investment,True,32,5,1.1.1,2,Ya,"Terima kasih telah menginstall Aplikasi Trima, untuk kritik dan saran dapat Anda sampaikan ke customer service kami di +62 21 2924 9000.",2017-03-13 12:43:37,Sampel ulasan publik Play Store
d9aab74f-394a-47e2-bad2-5ada03109ea3,2026-09-25 23:20:20,https://play.google.com/store/apps/details?id=com.trimegah.trima,ID,id,5,1.0,100.0,Positive,Apresiasi Umum & Kepuasan,2017-03-01 05:22:20,2017,Sip,Sip,True,3,1,Tidak Tercatat,1,Ya,"Terima kasih telah menginstall Aplikasi Trima, untuk kritik dan saran dapat Anda sampaikan ke customer service kami di +62 21 2924 9000.",2017-03-13 12:43:43,Sampel ulasan publik Play Store
b3301f1b-7210-457b-b3a8-60abaa7bb284,2026-09-25 23:20:20,https://play.google.com/store/apps/details?id=com.trimegah.trima,ID,id,1,0.0,0.0,Negative,Keluhan Umum Aplikasi,2017-03-01 02:56:53,2017,Klo oke gw lnjut..,Klo oke gw lnjut..,True,18,4,Tidak Tercatat,1,Ya,"Dear Fathir, Terimakasih atas inputnya. Untuk mulai menggunakan, dapat dengan melakukan sign up dan Anda akan mendapat akses akun virtual trading. Selain itu, dapat juga dengan melakukan registrasi via https://trima.trimegah.id/register/ Untuk panduan lebih lanjut, dapat menghubungi Contact Center pada surel berikut CallCenter@trimegah.com",2017-03-03 18:45:35,Sampel ulasan publik Play Store
3d146dad-254b-4982-a5ba-51b638975995,2026-09-25 23:20:20,https://play.google.com/store/apps/details?id=com.trimegah.trima,ID,id,5,1.0,100.0,Positive,Customer Service & Layanan,2017-02-28 22:20:22,2017,Applikasi ini sangat mmbantu mantap jiwa,Applikasi ini sangat mmbantu mantap jiwa,True,40,6,Tidak Tercatat,4,Ya,"Terima kasih telah menginstall Aplikasi Trima, untuk kritik dan saran dapat Anda sampaikan ke customer service kami di +62 21 2924 9000.",2017-03-13 12:43:56,Sampel ulasan publik Play Store
f1577bae-9945-4362-84b4-20caef2b7a26,2026-09-25 23:20:20,https://play.google.com/store/apps/details?id=com.trimegah.trima,ID,id,4,0.75,75.0,Positive,Apresiasi Umum & Kepuasan,2017-02-28 11:26:21,2017,"Aplikasi ini sangat membantu untuk mengakses informasi yg dibutuhkan, terimakasih","Aplikasi ini sangat membantu untuk mengakses informasi yg dibutuhkan, terimakasih",True,81,10,1.1.2,7,Ya,"Terima kasih telah menginstall Aplikasi Trima, untuk kritik dan saran dapat Anda sampaikan ke customer service kami di +62 21 2924 9000.",2017-03-13 12:44:00,Sampel ulasan publik Play Store
d66a9ef7-1aea-4241-9843-92e29cb2d693,2026-09-25 23:20:20,https://play.google.com/store/apps/details?id=com.trimegah.trima,ID,id,5,1.0,100.0,Positive,Apresiasi Umum & Kepuasan,2017-02-28 06:27:00,2017,Sangat puas,Sangat puas,True,11,2,Tidak Tercatat,1,Ya,"Terima kasih telah menginstall Aplikasi Trima, untuk kritik dan saran dapat Anda sampaikan ke customer service kami di +62 21 2924 9000.",2017-03-13 12:44:06,Sampel ulasan publik Play Store
18cc0dc8-0946-48f4-8743-fc662da80965,2026-09-25 23:20:20,https://play.google.com/store/apps/details?id=com.trimegah.trima,ID,id,1,0.0,0.0,Negative,Login & Autentikasi,2017-02-25 08:00:59,2017,"Susah masuknya,payah","Susah masuknya,payah",True,20,2,Tidak Tercatat,8,Ya,"Dear nasabah, Terimakasih atas inputnya. Untuk pengembangan dan perbaikan lebih lanjut, apakah dapat di share lebih detil seperti apa pengalaman kesulitan masuk yang dihadapi? Terimakasih",2017-02-27 19:53:37,Sampel ulasan publik Play Store
40548dc7-f076-4aa7-8a6b-52c42f0c3da3,2026-09-25 23:20:20,https://play.google.com/store/apps/details?id=com.trimegah.trima,ID,id,3,0.5,50.0,Neutral,Netral / Saran Umum,2017-02-25 00:27:39,2017,Sip lah mantap,Sip lah mantap,True,14,3,Tidak Tercatat,4,Ya,"Terima kasih telah menginstall Aplikasi Trima, untuk kritik dan saran dapat Anda sampaikan ke customer service kami di +62 21 2924 9000.",2017-03-13 17:45:30,Sampel ulasan publik Play Store
3a518ae4-0eab-4136-8b97-16a176b2e608,2026-09-25 23:20:20,https://play.google.com/store/apps/details?id=com.trimegah.trima,ID,id,5,1.0,100.0,Positive,Apresiasi Umum & Kepuasan,2017-02-24 17:55:34,2017,Coba,Coba,True,4,1,Tidak Tercatat,3,Ya,"Terima kasih telah menginstall Aplikasi Trima, untuk kritik dan saran dapat Anda sampaikan ke customer service kami di +62 21 2924 9000.",2017-03-13 17:45:37,Sampel ulasan publik Play Store
487c0991-5512-450c-a2e9-e641d0ef25c3,2026-09-25 23:20:20,https://play.google.com/store/apps/details?id=com.trimegah.trima,ID,id,5,1.0,100.0,Positive,Apresiasi Umum & Kepuasan,2017-02-24 07:21:11,2017,Persi lama,Persi lama,True,10,2,Tidak Tercatat,7,Ya,"Terima kasih telah menginstall Aplikasi Trima, untuk kritik dan saran dapat Anda sampaikan ke customer service kami di +62 21 2924 9000.",2017-03-13 17:45:46,Sampel ulasan publik Play Store
0557a61c-7955-41f2-aeab-627f8910a5b4,2026-09-25 23:20:20,https://play.google.com/store/apps/details?id=com.trimegah.trima,ID,id,5,1.0,100.0,Positive,Customer Service & Layanan,2017-02-23 18:10:16,2017,Untuk versi yg lawas,Untuk versi yg lawas,True,20,4,Tidak Tercatat,6,Ya,"Terima kasih telah menginstall Aplikasi Trima, untuk kritik dan saran dapat Anda sampaikan ke customer service kami di +62 21 2924 9000.",2017-03-13 17:45:52,Sampel ulasan publik Play Store
3381232c-107e-441c-b04c-22499c195e4b,2026-09-25 23:20:20,https://play.google.com/store/apps/details?id=com.trimegah.trima,ID,id,4,0.75,75.0,Positive,Apresiasi Umum & Kepuasan,2017-02-23 12:20:58,2017,Good,Good,True,4,1,Tidak Tercatat,8,Ya,"Terima kasih telah menginstall Aplikasi Trima, untuk kritik dan saran dapat Anda sampaikan ke customer service kami di +62 21 2924 9000.",2017-03-13 12:44:19,Sampel ulasan publik Play Store
8473941f-135c-4f3d-8abf-8d4ee40eed4e,2026-09-25 23:20:20,https://play.google.com/store/apps/details?id=com.trimegah.trima,ID,id,5,1.0,100.0,Positive,Apresiasi Umum & Kepuasan,2017-02-03 15:58:07,2017,Nice,Nice,True,4,1,1.0.130,12,Ya,"Terima kasih telah menginstall Aplikasi Trima, untuk kritik dan saran dapat Anda sampaikan ke customer service kami di +62 21 2924 9000.",2017-03-13 12:44:36,Sampel ulasan publik Play Store
96bd3457-1f15-4b0a-9b14-2e191adf999a,2026-09-25 23:20:20,https://play.google.com/store/apps/details?id=com.trimegah.trima,ID,id,5,1.0,100.0,Positive,Apresiasi Umum & Kepuasan,2016-11-25 20:55:32,2016,Specialist Investment partner,Specialist Investment partner,True,29,3,1.0.119,11,Ya,"Terima kasih telah menginstall Aplikasi Trima, untuk kritik dan saran dapat Anda sampaikan ke customer service kami di +62 21 2924 9000.",2017-03-13 12:44:51,Sampel ulasan publik Play Store
